play_id,game_pk,inning,pitch_number,n_release_frames_used,r_knee_flexion_mean,r_knee_flexion_sd,l_knee_flexion_mean,l_knee_flexion_sd,r_elbow_flexion_mean,r_elbow_flexion_sd,l_elbow_flexion_mean,l_elbow_flexion_sd,r_wrist_y_range,start_number,cumulative_pitch_number
297bfca9-6196-326d-93c7-a9e25687450b,822814,1,1,9,172.17628254889757,6.644931557224149,170.8944903352165,7.982616306362541,109.72780459944187,43.57325025024255,102.85303808184305,61.206623433645376,72.0006103515625,1,1
fb3d7c84-0c45-3c0f-b809-3857c823c9fb,822814,1,1,9,166.11221839348207,6.152528482354466,176.07230329660058,3.82669451738301,103.09703819512285,52.688229199094536,60.65306357647879,26.42175558040007,90.76272583007812,1,2
c5f4bd24-f063-35a8-8495-51bb771f664f,822814,1,1,9,170.40626689429965,6.873054413897684,169.54758057902077,5.38675632970447,95.3152572140112,37.47166079442471,114.50820060798577,41.10548268274546,60.978759765625,1,3
7f07f6e9-25d9-32a7-b8cc-dba65292431d,822814,1,1,9,167.0273028615893,7.5637843571649235,176.24588658180392,3.8405976709885086,66.5020438287122,29.707936522380397,63.265582761774176,28.849714059247233,41.442230224609375,1,4
a1a35d73-5f57-3471-8f0d-c69a982a57d9,822814,1,1,9,161.0817741025425,9.866968516348102,171.5013262747588,7.5569910343595215,68.45903058814673,31.212621409320807,60.94407176142243,28.70723087216618,60.18194580078125,1,5
97920247-931a-3d68-aa65-136b9de9b0fd,822814,1,2,9,176.2292334793801,2.6256681052164943,170.64158589974164,6.740806148833477,113.23970065619088,26.288512606944657,135.79928262783176,30.433088104891414,79.0677490234375,1,6
9ac6df57-aa9e-3760-8268-b17fec9582b7,822814,1,2,9,168.8649217248466,4.509393236635106,176.78309470675356,2.9598319665307993,81.3347182489359,55.39773162625359,51.697006542567436,22.39534204095545,94.03326416015625,1,7
02479974-e6e9-3865-94b4-0927379f4c45,822814,1,2,9,167.31852165643255,8.40168207113131,166.20623170348276,6.060801338743512,105.52334039827919,51.44912108640301,126.68581924722444,33.97090099168687,90.78250122070312,1,8
fb300904-b2e4-3315-b68f-21b38d64170c,822814,1,2,9,170.33912288671613,3.9515503351440286,176.6127856441656,2.4031755469945217,74.51731916932623,30.91166784264896,81.74170309777767,17.180684944523424,41.314483642578125,1,9
88f39614-d59f-3b80-b64d-77ba23fd6f6d,822814,1,2,9,173.12634534382354,5.82738934697364,175.0229997936159,5.200140433482528,98.73389820045492,49.10591794500554,112.41417260874488,37.96311448847853,79.2076416015625,1,10
91054d79-e9f6-378f-9270-5527b9b225c1,822814,1,3,9,122.2011408380452,1.2489878036692028,124.4935614395468,1.813722565344893,82.47228107201876,8.081788819492168,51.4121676794629,8.711402711624538,7.0843505859375,1,11
77ae98fc-3429-3ef3-bf4a-9413a8323f39,822814,1,3,9,165.57075429033478,6.502117241128751,173.77608123106205,4.085237372198632,75.73190906706012,52.59354454116531,69.4802420174848,43.580225291907155,71.27252197265625,1,12
a09550b7-97d6-3ef6-8382-6ad18098ee4f,822814,1,3,9,170.2228914319317,7.589639399105673,170.43295153469722,6.635127000901484,91.97059340272777,38.02000708951874,88.08228725994586,48.950077592904286,64.68756103515625,1,13
dd5a263b-fef7-3e44-b726-b68a383c9aeb,822814,1,3,9,173.38027889364506,4.127147550467887,175.6378375389115,3.7347764413550877,76.21993176305153,33.83657773806035,68.31647521141903,35.03598033891264,75.93359375,1,14
4b40a5b6-758f-3747-a652-46b9610ec013,822814,1,3,9,172.9895359266705,4.4193136789496705,174.06057573740412,3.0681739433925888,130.46833827202718,34.809495278826134,117.56018968936685,25.575191120088284,84.67031860351562,1,15
01bf1a09-cc1a-3191-9ca6-d4f3f981a670,822814,1,4,9,163.30392513610127,7.889789680263358,173.79317521584144,7.865782951574691,59.21492843802758,37.3734441119936,55.601757814087634,33.17286210803182,54.096160888671875,1,16
2d0ad9e5-4e49-3541-ae15-f38867adada1,822814,1,4,9,172.957284487082,6.4291836523816945,171.50729840532492,6.531495193295554,110.27452464900671,34.93296304824748,113.08453569985993,53.088543316033096,86.96368408203125,1,17
7d92cc9b-03e2-356b-9f5d-669f9998b943,822814,1,4,9,167.20671334683695,6.052688876472321,173.91841980904883,3.162728467832117,113.26699220218187,46.04474922001254,85.4148591691354,14.896660840344794,87.537109375,1,18
79401766-1c6d-3213-9102-ea926ddb8fd5,822814,1,5,9,170.48574618446514,3.7734680860746974,176.67092157140155,2.6450126649393915,121.60757974134637,40.817457097200524,94.4559323740638,24.297918695802775,73.18511962890625,1,19
8894ef54-384a-3d34-b9aa-2578f53054cc,822814,1,6,9,173.79424381967303,4.86048732221024,175.44132259272112,3.993322989286628,100.9986904855278,51.775433597219056,80.68625541507456,25.91838347063222,87.534912109375,1,20
136a13bf-7a0d-31ec-aabd-95fd501010f1,822814,1,7,9,170.06451153234335,4.422311501441814,176.2352733389638,2.7471209030783856,70.03728507620059,54.16338354856957,59.70792922763067,17.96633909546818,94.89569091796875,1,21
76cf7faa-cbb3-3517-86a8-758d8563c032,822814,2,1,9,174.8610458942077,3.7345259822932584,173.07969912173323,7.23158269605759,123.71402413252333,26.47331065865397,116.1761232334335,27.62298228073253,84.81201171875,1,22
550c4654-dc12-3aab-b121-fcfa127c3fb8,822814,2,1,9,169.98937255722296,3.6069587975545345,175.91129391277826,2.7915158032558836,97.24916034020467,46.341810162162105,75.09377651062522,25.9140001982619,81.65048217773438,1,23
9ab47477-800b-3c41-8738-e2d245e35872,822814,2,1,9,172.69167530239537,3.6986321181373394,167.11295528569303,9.822566418586145,121.18717835779177,14.172652922709826,134.74171357955342,21.669101665132192,75.23150634765625,1,24
e5871b99-2b48-3018-b4a2-b0b7c52a950c,822814,2,1,9,168.40179239427724,5.803199002466421,176.42971850047272,3.053824325042283,79.15164334416117,38.45618108821616,62.291912760994556,35.816096995701564,96.13735961914062,1,25
45a6b133-1d64-3279-9e06-3e7e6d927434,822814,2,2,9,167.96162471913806,8.854176386578732,171.3172190531786,4.443987919776246,75.245089458883,37.61027635119974,60.268138905149954,38.59657520738264,50.39697265625,1,26
0d4e9c32-fb0b-38eb-b38b-79de6763d420,822814,2,2,9,176.0506655319909,2.4146757604913542,170.61051252937344,6.339179175861499,97.80764071097244,40.1637917294885,105.21993080344625,44.31916942786052,82.3846435546875,1,27
739fc719-2b9a-3e00-a17b-874b9157837f,822814,2,2,9,168.55028023789043,6.311438327738378,176.63811347216546,3.294175663774042,72.06460606111688,38.74407723341682,64.309118906733,26.522226748180568,89.07122802734375,1,28
4637af45-d791-37ac-9440-c743d252a77e,822814,2,3,9,164.53798171325786,3.955185539571253,175.87161645977446,2.4376724753466172,103.4926247348399,49.91319424511852,62.17522005744493,15.369973575546975,93.757568359375,1,29
c61cf885-27de-3756-98fc-9b46b1dca8ee,822814,2,3,9,175.98703269126358,3.3751603400770316,174.53253944394046,5.9509335185101175,119.62277706745363,24.2008016527718,123.41951948052876,19.84763014026908,75.6500244140625,1,30
5a94d2ac-5e23-3f3a-8257-0674f0e067b5,822814,2,3,9,162.7463700801698,7.7347182492019275,170.94630735470548,8.426262599401149,78.2654367970201,32.539848382311945,52.56484768269535,12.847558158726201,50.75506591796875,1,31
d7032bb2-5a8c-3c45-bef2-2475ceff3c8a,822814,2,4,9,164.45555864113922,8.285308923815627,170.952412950651,4.404193245779829,82.39833647913278,40.4843951568823,47.05423509878606,21.224661378740194,69.95126342773438,1,32
5056e151-955d-371a-9973-2346dfa3b418,822814,2,4,9,167.0122430198593,6.78921679653224,174.3342275684729,3.5105207373746357,83.47848074765166,49.52686506797452,50.201367569679036,21.95038944451117,87.9395751953125,1,33
b0435b03-297a-341c-b5c9-447ec936fb47,822814,3,1,9,175.4023234746015,4.392138755419705,173.57376292437922,3.6489481818707565,106.73726953000067,46.62001436079066,108.5350203234308,24.176839923003218,88.59637451171875,1,34
c4ff29ce-d7fa-3775-a5ce-23f3ab85210d,822814,3,1,9,164.68062290160367,3.803119408562335,175.46351624365735,3.8132250807178587,126.55541168620896,38.278545091088105,67.75808915602892,35.76545790490565,83.5902099609375,1,35
45a6ea9c-f400-3b90-bdd9-54d5ffa2fff5,822814,3,1,9,175.5484737423431,1.7972813459804966,173.13881571534367,4.806672091581256,128.2537791283185,19.555338652265046,122.48910311620381,26.585101942475642,104.24285888671875,1,36
ce637fbf-81c5-3ac6-82ff-ac46f6e34a02,822814,3,2,9,170.6984867077065,9.934137818661721,163.6656787005159,7.967351131893614,79.67264476719461,35.55847673705689,84.39226939587235,47.411573255637194,41.781402587890625,1,37
ec7c6ec2-09c9-3e1e-9ce6-47e89310c69d,822814,3,2,9,168.92342684516078,4.102982521065946,176.37930074732748,2.96523964526202,136.17972777527348,37.45558451650176,84.72366929709032,26.673974561156218,88.06982421875,1,38
ced4e672-89bc-3ac0-9095-f3bf6aacd8f5,822814,3,2,9,175.87933765569278,3.271225828157828,168.97174041258688,7.398545041240246,105.03263461281624,38.53248239253666,135.1239001240265,30.704229362884195,81.24444580078125,1,39
c00f5223-2f4e-3d50-ad60-46af7cc2c3e6,822814,3,3,9,176.2972093534073,4.108331738974674,170.5346613333735,5.343882212445103,109.14752376029816,34.11068632743071,129.97668081845796,39.57456548198814,96.64498901367188,1,40
55d40608-726a-3110-9a13-e96bbce56500,822814,3,3,9,166.3431583392122,3.551186819898137,175.21229927633692,3.314072331172274,126.92542298057258,48.59647766125631,96.96049274140495,50.24413317025394,60.54351806640625,1,41
e6edf55e-ee65-3dcd-87e4-8360307ac1ff,822814,3,4,9,176.92870565413313,2.577106330829342,169.29651487235688,4.741505184844759,110.45216009230602,29.0539971239649,126.5721048740472,29.264756285300155,75.00473022460938,1,42
904e19a8-1934-38b9-b92a-864e23ec30f0,822814,3,4,9,166.45133372639089,9.289728339688816,172.12696839293858,6.438764075124395,89.85681568436463,29.579416042668747,67.17193338796993,39.8933910605673,67.44918823242188,1,43
28695904-cc59-361c-87c3-193084064411,822814,3,5,9,174.49882408074416,4.743068991311587,167.08097949096714,8.277259150881974,97.24522384766117,38.08434750012654,139.75337985477464,41.0416915604197,81.61309814453125,1,44
8d84edd3-39a3-3763-8af3-be557046f5cc,822814,3,6,9,173.6412247187849,6.192406468834481,165.58377585735323,4.100290631656704,100.4154926828136,33.83406490303847,98.03820549254095,45.10511740736962,54.8634033203125,1,45
b15bde12-caa1-3523-8c85-0c8c0422f4fb,822814,3,7,9,176.65902826503608,1.469144737405537,170.0017344669988,6.719283916744224,105.87780541102089,35.43226815787447,147.55933247710738,43.95506188260657,71.60861206054688,1,46
49ece6c6-52ab-3175-b1b0-ffe3eb421635,822814,4,1,9,173.95460655471857,5.364343622656759,174.82777438599385,4.201924935684578,76.58604074552497,36.47736470300859,83.17835147890656,51.05058210528648,76.30551147460938,1,47
d825d667-489d-37b5-a2b3-9a1be304badf,822814,4,1,9,171.0126292373148,6.525066117843115,175.49611418527152,4.977121122895832,88.14534272959287,42.12502044642851,104.03485297773408,54.60856032622723,84.16696166992188,1,48
b73eacd5-2787-3ea6-8c47-286f4399ea52,822814,4,1,9,163.6797151938127,13.628781062440044,161.60041529820472,8.959565306336836,63.93005907415449,46.35531680508214,75.57762388582006,50.673588998781014,51.046783447265625,1,49
694d94e8-99fc-322d-b8e9-3eba51b99361,822814,4,1,9,171.3442713203679,8.659954424108113,169.1463088944871,5.622848019413533,78.26346061542371,47.7298011583816,60.248932372803196,50.020380141169774,92.36587524414062,1,50
1a9b6df5-fbf7-3442-b3d6-f9a770a7746a,822814,4,2,9,174.00511364472445,4.019095699282176,174.8198627348308,3.6786767299649004,92.08895808124852,31.482952201980904,112.85943154026995,41.720713770358564,80.381103515625,1,51
c668e341-b2df-395f-a6cb-88d8aec2783d,822814,4,2,9,167.87323531813328,4.755510309539427,172.74474069530086,2.2869681199427165,81.10047405062556,50.02858932404651,96.42037998001587,58.916234418216604,90.74105834960938,1,52
e29e62c4-19fe-300c-9886-1340a897e7c6,822814,4,2,9,172.80027915218866,7.81444900911762,166.18876759294096,6.848409186868227,108.37566596326468,36.75672212507074,107.20373707412432,51.69558366388411,30.95184326171875,1,53
12524593-1069-3246-aba7-5b9faf40d10a,822814,4,2,9,170.17856179951767,4.007610014286166,176.12949213289755,2.4816576317378254,82.8404437409064,48.21421904648883,68.49560662319736,30.7493126371279,84.62515258789062,1,54
673199fb-43dd-3f63-907e-99aa6525f4be,822814,4,3,9,174.81028869432666,2.5555651069275416,175.89815399721465,2.5991136846058516,116.9382210351055,20.937675687441963,112.63373379797865,39.58923289628808,61.36737060546875,1,55
b8bcc696-e24e-3067-a917-c97cb8fbe22a,822814,4,3,9,165.76471653960618,2.889096003275362,172.27527647873802,6.397730944879758,86.30661079898879,32.617939292584005,76.58871043238719,39.1982335546555,65.860595703125,1,56
fa09e423-bc16-3d51-999b-e796e263f043,822814,4,3,9,176.95987322195563,2.7658332760927746,171.11830015821886,5.995926822917554,111.12378692984004,40.593271425430146,133.24393851694776,31.827176614506463,82.09274291992188,1,57
89dd1460-1c53-30d0-a7e1-ea80d3b8b0b8,822814,4,4,9,173.88379370623588,6.887094215435738,168.5445416522856,5.066088445427998,66.47771019961631,26.385435856123767,110.78452018931897,62.26973366989096,36.8731689453125,1,58
17d42576-c0fa-3d0d-b676-2c8a097f261d,822814,4,4,9,172.65577300041755,6.325074470806002,170.12375416312196,3.411214210034581,114.30631237170711,49.275625810291814,132.45822562589333,47.02214213147869,103.58462524414062,1,59
54017e8b-03f9-3649-9ac2-1895cb8c2296,822814,4,5,9,174.21831043769058,6.664034404328366,174.52185141762084,3.9479368721766153,82.03609074060923,40.419752266096744,74.52658484638981,30.51064510124831,84.39041137695312,1,60
182eee8d-a9d9-3d9f-ae18-1d0d1efabf5e,822814,4,6,9,174.64648661508568,3.9326735712952003,174.2667145847627,5.052512495213982,113.14531055980864,33.334063521785026,92.643953879452,27.95279625033019,82.52090454101562,1,61
a99f5f56-df7d-3675-95fc-fbcbb3e4a0d6,822814,5,1,9,175.87849978974177,3.301290202108104,167.72242825425212,5.434210552100447,94.46636644554907,32.66758606644654,136.27285401943797,52.12072149643667,75.9769287109375,1,62
993a6bfa-ecac-32b4-a947-eea701f2ecc4,822814,5,1,9,167.190979249558,8.094903324508662,171.07197712645518,6.749888284850337,94.86144837043929,47.95442357586904,81.46049611315621,40.10205661739909,95.404541015625,1,63
e7e89add-737c-3189-9a54-5f96cdaca3f0,822814,5,1,9,172.30278487241625,7.844437330802096,172.35536680833343,5.498705253452043,114.80513112397206,31.196961600518573,133.64076925933108,22.287050483023165,94.32476806640625,1,64
de18c5dc-b6ea-30eb-9ca8-9f2015d4dfd4,822814,5,1,9,175.36293348083484,2.9011174136005855,174.33464186543242,4.889020474855767,77.94882472322257,40.121116120844334,112.93432243462622,24.882856766508215,57.688323974609375,1,65
2c003125-5bb4-353c-a2ed-e32fb35a6d9b,822814,5,2,9,173.47796115546623,6.082952551479624,174.51080353005332,3.949622106901558,94.69038268272253,53.32257098334604,124.6793107417457,34.5727754347818,57.499908447265625,1,66
08b6df06-031c-39ec-bc6d-a75fa6ee1e24,822814,5,2,9,172.756328503397,3.700708709830995,176.5568470653746,2.5868388960120705,100.33967051088358,52.26066509805595,89.26541481501607,42.13100472340076,86.6336669921875,1,67
638b921f-0fec-3514-a7b9-173c234c42cd,822814,5,2,9,174.55171533643144,2.6601959035310463,176.36647170883538,1.4523712915064533,126.44773004819383,29.937511881863415,131.11020464611317,35.01104601472768,94.10626220703125,1,68
205dd0b0-5e9e-3a36-a30a-8a2fbd52482c,822814,5,2,9,172.45290002860276,8.56097555071405,173.32993540948578,5.115024797565731,71.17462891817175,34.85655924875175,82.03207408130487,37.39809507387425,46.03900146484375,1,69
eca78cfd-6b74-3bbe-a8bf-3d3a4e2250ef,822814,5,3,9,176.0367738757314,2.4785332459393756,173.4984075599824,4.315622389665536,110.58894998701423,34.85850556983176,129.37691122426585,20.05979272164517,74.65383911132812,1,70
48500043-c72b-3514-9d9e-87a5a8ee10b6,822814,5,3,9,176.17721971982976,3.424809968214814,176.20212351859269,2.394514077141301,104.28640226275314,42.57463938070102,105.24313985681154,28.909102447710957,85.75030517578125,1,71
7e23a387-08d6-3d3c-8301-24d0ae0a71fc,822814,5,3,9,172.64496193824215,5.323379576783895,172.65548127827284,6.52091355484533,87.28117841185718,49.05417992336356,81.41619408802725,56.55827801175102,37.15216064453125,1,72
051b1250-e558-37d5-94b6-435923fdde89,822814,5,4,9,176.36134076180215,3.25999492554773,172.61254463317917,4.619832051640302,124.88803820530478,26.36401317027401,146.24730144600704,29.610548721758924,81.91537475585938,1,73
8e7eb484-deaf-3f61-9817-8f0a6ef7575c,822814,5,4,9,170.58654312279205,4.576280574949141,176.62463516176783,2.798333031659073,81.06156804814438,33.68461505296224,63.88224348035627,28.812054906522157,86.88125610351562,1,74
822b7159-eec1-34ba-bf81-e51f42dda201,822814,5,4,9,174.19612157380956,5.794986559007075,169.445766371747,6.229270331558736,95.86097991486155,42.65008232147969,94.05201076000807,37.45298842301628,77.09378051757812,1,75
2fa46464-0223-3797-8b46-75c900a2cc5c,822814,5,5,9,173.12579331232843,4.762977943358515,171.62780791726425,6.513692676245867,133.66014110703225,21.446926155613106,158.8965989976859,25.243111925959074,85.59710693359375,1,76
210f6d4b-82f5-37d3-817d-97ee702e996e,822814,5,5,9,174.26115219716718,4.004339625606453,174.84632323280576,3.64688683392421,75.43194943637029,36.15838232676104,65.70392689909964,31.53782903816694,62.4957275390625,1,77
8175f20e-c433-35e2-8f60-b3b779effab6,822814,5,5,9,121.23737739866417,1.398727078861206,119.07308305325634,0.844061901510168,161.98726280537014,6.803509186074951,158.9956308079438,30.807512599669042,19.271575927734375,1,78
2db4b725-4c0f-391f-9c2e-723723b8ce77,822814,5,6,9,173.4690662915933,2.9184737851390596,175.50855741120796,3.29774331097855,106.25899425624714,31.343318907634725,132.87887148882587,33.73519076922891,83.28677368164062,1,79
31a4a31e-1912-37b6-88b6-16d5008b3e66,822814,5,6,9,175.9494100128016,4.373017922686981,170.336025978563,5.161769618274676,101.93580514169433,43.43637082348213,128.43273379792114,58.871168547773664,102.42474365234375,1,80
4b4d1a70-9e04-312f-82d1-e7f4f8d8446f,822814,5,7,9,176.6828912288005,2.340278157162457,171.93991543429968,5.271681612736994,133.89928732276653,35.2326726147625,129.73758859791343,30.17889074771846,84.5123291015625,1,81
fd01e01b-75e7-3d11-9c67-92d269064146,822814,6,1,9,175.3159666954217,3.1939408513401517,168.98384548270724,7.442691657912405,120.98570854924333,31.751580945709215,143.18993237898727,24.794627601845395,81.92138671875,1,82
f5f1feea-a062-3b19-964d-c65ed7dcfca5,822814,6,1,9,170.99927392046175,5.360625090454797,175.31260933566816,2.322917031090237,104.83629151492421,45.99334931163353,76.22073833072106,17.28352885716463,73.64306640625,1,83
8cacba19-8a46-33ad-9208-d37322a5a1a2,822814,6,1,9,129.01144082843837,5.130052877073475,130.44994360566363,3.561178353261591,56.84956267037366,13.55434916451986,112.44392652571294,5.6695989592842,12.429840087890625,1,84
96cdbd61-5698-322d-b7b4-520bd36d6be1,822814,6,1,9,174.11403307763584,2.444464849037592,167.2571876783908,9.432481639337547,90.69900404633658,35.05805273746655,116.18419750755159,39.47274051879503,76.67300415039062,1,85
aa16a8fb-d974-3e39-a99d-076b82711ebd,822814,6,2,9,170.49171997387128,4.320185582056357,162.95431102191074,8.067544802641915,98.161478489621,41.54403330840774,129.2950764092674,30.536703539471166,60.546630859375,1,86
5e47754e-4aef-35da-9b44-7ff8b18842bf,822814,6,2,9,164.20976516586472,13.253266045759066,168.7684476129448,10.10027671788985,93.46647951615313,43.146462275390405,135.44119000682448,31.581863453695735,57.16400146484375,1,87
a5d86671-52dd-37e1-ad48-1f77f5e9fab3,822814,6,3,9,174.75938355942782,4.820528679676632,170.35637542708255,7.519824417629502,95.24003794232415,32.06771519388237,130.58694718937303,18.49335008116464,87.02203369140625,1,88
abd5527c-c563-3fce-9356-80df43bddd38,822814,6,3,9,166.9457913236245,13.50969789869017,168.98117118930907,11.532150289903592,92.65247152022822,51.10852398443079,116.78189972209846,26.596389506931832,63.632568359375,1,89
4010925d-ac91-388e-80bc-922b5b3e895d,822814,6,4,9,174.23533264826975,4.475216800913426,176.02497521200613,2.2531128551263198,120.58952784734252,30.449396944087706,128.2165512928159,36.00821768582564,92.50344848632812,1,90
fc1a388e-0188-3e2d-a12c-33334a092f91,822814,6,4,9,160.1058093728038,14.117424376383408,163.43219954782205,11.21450254787231,77.21643698194079,40.30509289140688,137.51682841830967,41.074510675640816,57.2567138671875,1,91
ce18feb1-0cc1-3565-8505-89ad58f5580c,822814,6,5,9,164.21101882140485,8.170777932821407,159.92265013231042,11.022121637147976,67.32836074715814,32.89670078908203,74.17313485097814,51.588385710538496,62.7635498046875,1,92
a4745e2a-8743-312b-9c1a-199c20fd8dcf,822814,6,5,9,177.18213840136843,1.4212088557028537,173.00711085142765,3.632175730749157,89.66632900768215,35.507831839013285,145.078283416598,21.754165301273254,48.480072021484375,1,93
f7ae852d-caa9-3122-8cf7-199fa0e7ab09,822814,6,6,9,171.0579418317508,10.811904726466103,167.2270098904504,7.045195104418335,90.01458048393566,47.09977281562753,119.24387121384795,62.145871148115255,79.55636596679688,1,94
72543912-c363-3989-973c-455b02633ee2,822814,6,6,9,163.261080353516,7.0733268184863265,170.56085373292868,9.868604155549523,126.51509119541255,10.290579197712933,113.94092414765812,26.96340647340176,64.8780517578125,1,95
f45c3410-5bd9-3193-b5c3-cfa0e501dabf,822814,6,7,9,165.57240973644875,8.742865841438096,170.70667201419406,8.961298601175617,107.0570838350104,35.971363896858186,93.83978302200458,23.68447941627672,62.08251953125,1,96
7f410436-9eee-37f1-8bbd-1c13d8a451c6,822814,6,8,9,168.77402586495361,8.580147916153084,169.4922580575532,5.4897297471862965,113.88253188451462,22.68445725784918,86.16931023090108,17.24175747095575,59.11968994140625,1,97
abc59c30-7277-32e0-83bc-39617f1cb8e4,822814,6,9,9,166.23188651636173,9.140368189240153,166.1008364007521,6.313003239438535,123.60197499827642,32.73561175151956,131.8661519026543,28.754242851754988,59.61529541015625,1,98
710dc9e9-59fe-33fb-bdd8-6d15077a47f7,823259,1,1,9,175.6822678987269,2.7472143481936526,170.50804551487306,4.853822270989577,133.83502530634652,9.840814137990883,133.164788472102,29.395941462362856,19.407562255859375,2,99
af50ee34-8965-312e-9a8a-d0352c78a2a9,823259,1,1,9,169.43418670802396,6.077851081746104,169.42658883439785,11.108971068709385,109.71652038060654,28.84637884593002,113.68073539455317,36.20245986442738,64.48410034179688,2,100
573ff456-ab50-3187-8f27-535a0d1708d8,823259,1,1,9,175.66818923238338,3.412416041417142,164.1625217367366,6.391473337230709,126.0185721203576,32.93856874064825,118.06062869895476,43.67895815742831,90.6507568359375,2,101
1f344ee7-2b48-3b08-90cc-3a5b38368870,823259,1,1,9,172.81766904191733,6.906960510298243,165.75269797392124,7.437845823981071,124.43536349041109,30.310521708786116,76.36201889637053,28.69869370453165,103.51559448242188,2,102
774c4d28-3205-39f0-a330-e52af4b46f27,823259,1,2,9,172.1095048475512,8.301885187180913,169.6738259708007,4.9874917870349655,136.72803703186824,19.867438678922415,101.88026282502611,22.49483572918575,89.22857666015625,2,103
e1680730-2a87-3d86-b094-01bf47c62b74,823259,1,2,9,172.96308511895788,1.4879135616594903,174.77276559380738,5.363097769126597,112.91650114377765,34.95320773425269,120.14144562293703,28.670423160149863,100.59793090820312,2,104
9cc28e89-bd7f-3838-9386-bb5b21646e01,823259,1,2,9,174.13591291949416,4.907525060848911,165.06448376361476,7.269793116925225,124.78760704761784,31.913736605338332,126.53227097413252,25.018859640291332,93.34228515625,2,105
fc6aa836-6b4f-38ae-83e1-c4a6c7c4e4cd,823259,1,2,9,173.07578435506753,4.977190587469538,167.49458219884826,7.565052749336046,104.87258606863769,34.08028594635758,78.19783324621947,18.153811977695472,101.20169067382812,2,106
1b92f82d-e679-37ec-8707-431fb08322c4,823259,1,3,9,177.79789210458267,1.5352856481945607,171.3925209342449,5.09573695656845,123.30015723747307,45.76572148013692,110.64432640099704,24.3263044875388,108.85861206054688,2,107
9261df9d-84c3-319d-849c-628ed0c0182b,823259,1,3,9,170.8644974699761,7.855691910425053,174.04337692412767,3.3018027416757465,101.30375860143995,55.72000743387845,70.31611930291473,30.094525624284746,94.60260009765625,2,108
99f854fd-2de8-3655-a905-ba6d49b81700,823259,1,3,9,173.88263122202304,5.799290771623613,162.07064954419934,10.700345107639256,118.89034683717676,23.213455310878395,107.22737080207551,21.77960189817844,89.05810546875,2,109
b3bd91b0-4065-39bc-806c-c2e4a28855a9,823259,1,3,9,172.26331684871437,4.364094082885818,160.96804965135462,5.7328800455614015,137.24328057558697,11.597053246510587,107.4355649939292,44.648505364354314,111.25384521484375,2,110
a95b4527-15b7-3a5f-88fe-0414af430cc9,823259,1,4,9,167.48405863280558,5.134529749863147,174.86656051413004,4.405312051702145,106.31554809550623,25.30048864941173,112.75381587296623,28.100242992433135,94.42510986328125,2,111
6b1e0f7b-0acd-35b2-93ce-7e27a676a0ea,823259,1,4,9,,,,,146.51768736599416,4.8394347470273695,168.29460668379033,6.113840581853853,7.60162353515625,2,112
f6afab17-1d50-337c-bffd-d97854d58b7a,823259,1,5,9,165.71933615882585,4.292029222708576,175.65992885962967,3.6548551436611825,93.67830357776953,24.923586440899598,101.24186189322768,32.000514344512425,94.4072265625,2,113
b003c98a-7749-3131-8029-8d779a5e6b6a,823259,1,6,9,170.14838796668639,3.63241799458172,172.98529427811266,7.447655228995487,118.77617560247444,31.880075350097304,112.14534714440907,32.43570832089416,51.057586669921875,2,114
a3ca36d9-760d-32dc-ad51-15e602e06c04,823259,2,1,9,168.15383880048316,5.825722740064443,174.67743904698398,3.9292308356385837,117.18372321958525,32.487722859779616,90.03951640178654,23.58256787018501,92.45550537109375,2,115
43507f27-54b6-3a8e-a8ca-583a742df55c,823259,2,1,9,167.35658159874635,6.519626929421439,174.42762253034263,3.178855025314321,77.3675644997666,39.422951574987806,67.62784175786638,22.654239159042994,90.78158569335938,2,116
826da74c-6b98-31f4-b1d3-eb114ac0e015,823259,2,1,9,174.45715841296712,4.8887129792970745,167.80112547291142,6.255141940076705,124.98372848749892,31.960805614519497,124.22121601289665,50.549097838890596,103.98263549804688,2,117
2d8b1f93-c669-3489-9d2f-dd301d330f81,823259,2,2,9,171.29573837173174,3.6173160514255995,177.14027893864247,3.084583741243906,112.94304874793062,32.6380467406007,112.609334715523,17.60411889741066,102.04208374023438,2,118
1739f92b-3c53-3759-8867-692518f05ff7,823259,2,2,9,169.8456992736701,6.749463785076882,173.4035160832956,2.590243117880662,123.12878861772599,19.760210195758237,120.76158259716077,28.41464130627502,105.99935913085938,2,119
e1e7b5ef-bc63-33db-9da8-e4c00b4361a8,823259,2,2,9,170.00176987465213,9.019077945768325,162.72462762497088,12.009559221895191,114.235043140494,37.16819147464554,99.96209870767335,33.31731032246774,130.162841796875,2,120
58c3ccb5-5f07-3178-80f5-aa498caa8aef,823259,2,3,9,172.48132903692388,5.695608205420353,171.2262022562135,7.2811562178678555,116.03646033988123,35.756419169075414,122.44667713454608,34.868498852505056,43.1634521484375,2,121
515ad177-533a-3b9c-97f5-c7c969814810,823259,2,3,9,167.67071804966332,7.461207908219933,168.48811693431972,9.78230507243638,109.84960340903008,39.13453985346988,119.49838301037406,33.330944079809946,59.789031982421875,2,122
75645d60-536f-3b76-b082-41b54326c628,823259,2,3,9,172.26090303606318,5.545489087006821,170.8887348020594,5.931331116489738,117.80198926615061,28.012305574442504,95.45581349370133,22.072030246341022,114.71453857421875,2,123
e26ed4aa-2ce3-36e2-b41b-3647aabbb722,823259,2,4,9,172.43509958150776,3.971444144241679,170.77978976251023,8.060568962666892,106.90853083566788,36.60848237284885,110.94375108916655,35.58953607562088,51.98406982421875,2,124
d8cad63b-b755-30d4-900c-81c81207ce30,823259,2,4,9,169.56978971419215,4.271660044331995,169.77725685298128,7.923667285940706,122.83827344623082,10.33231898291249,115.08173010976137,36.15583043490648,42.3382568359375,2,125
7af76f3c-c67b-3c0c-8a61-9fb333169334,823259,2,4,9,172.69665638067897,3.0291897019943392,162.51462163226356,9.704241459635082,128.07764636453865,22.352503639540334,101.09281398178612,37.08220548031807,110.59176635742188,2,126
f43593be-096f-3dad-96c9-d19b1b2c965c,823259,2,5,9,168.36099547181797,6.834802485423441,174.42534698945465,3.367747988928629,105.8689249971452,41.11695057817382,84.89023363488853,23.58847414700899,99.53369140625,2,127
6de66cd4-dd61-3276-9028-7ea381f7cf72,823259,2,5,9,172.8271070741057,5.831896327130161,173.0544776521894,6.817622812077916,116.03894888703502,19.718514372304785,111.03749339190313,29.305508714341908,94.55743408203125,2,128
2f7f27e3-53b4-3d9f-aaae-8560ac97bf9e,823259,2,5,9,169.59373917856306,9.736043978926853,156.97238746983533,9.663430191476136,115.68493461421286,38.36515180552766,125.7096319338413,19.276579025666273,134.3154296875,2,129
d2692099-13a6-3c5d-8493-a58d0ca470fe,823259,2,6,9,172.42457874367432,5.023139687028826,169.96778470489608,6.815407891313932,112.74637305950355,15.987763824100153,119.05441207674416,45.12877606149757,62.47491455078125,2,130
beef183d-eac2-3a61-82c3-9901172bc5af,823259,2,6,9,107.93419280375326,7.273645676996108,106.99888305624702,9.450650795559657,84.87826546034255,8.797009601229284,113.92141920526211,13.271898723943723,34.37016296386719,2,131
9ff2feb4-54d1-3115-998e-4f60ba758cf9,823259,2,6,9,175.96829148728932,2.985124351230008,168.79052425456587,4.416930082474238,111.96757733765753,41.88307301345841,102.54959916657612,24.315836708423376,105.96920776367188,2,132
33f016bf-b0db-3113-9b9b-7d5889c0c63f,823259,2,7,9,170.64519608503483,4.872786592987538,171.918306977647,8.733221948313323,113.56785281695782,26.74153421044463,111.70612146927465,49.56633475342501,41.395782470703125,2,133
f4a6d229-92f6-39cc-b744-1253c38a6df1,823259,3,1,9,175.2782368275539,2.4557468981018697,163.42612808426168,6.5702829536753855,121.18586297297959,28.087509109630666,118.24683181667741,26.169081342609473,109.91201782226562,2,134
2d216f3e-5266-3446-a5bd-5f92661a19af,823259,3,1,9,170.97985033981826,6.451766115029911,175.6212369261956,2.971802358643931,107.06896970339498,29.4646005504228,87.84237543462199,21.140862188644725,112.87002563476562,2,135
f96c5ac5-7fa1-3e35-9580-0c4f37b04ad0,823259,3,1,9,173.34896878285218,4.849486203242228,175.55199061962023,4.112735504319884,126.29718021468238,28.913739662081994,116.31643098625445,32.260452173435596,99.65985107421875,2,136
3c54f471-cd55-3eb1-9663-912d234dadd9,823259,3,1,9,157.42987863278475,12.847575914139167,168.55176927940346,9.910065349205299,57.89668018979931,39.87980831927521,55.99623973507756,38.60479789218172,60.591522216796875,2,137
a11c0736-f460-336d-98a7-a215729c0b16,823259,3,2,9,175.57488367479107,2.055555325697074,173.4906966802021,5.027400162753847,117.05968419734738,21.220128736509224,131.03706003942423,41.54576876279088,125.664794921875,2,138
b962deb7-3f4e-3b04-b4f8-b31b07350742,823259,3,3,9,174.62460155882314,3.6843917549145915,172.74230380240016,5.56549139472855,127.0472429522241,18.235615107141783,123.5553152032125,32.25085440272278,125.08053588867188,2,139
00c23b9f-6c62-3683-8ce7-eb376e44fb3a,823259,3,4,9,173.12196149875115,3.5102883612427336,171.7157394792705,7.958072019522275,114.92972322323756,31.806478894040293,114.67749511268451,32.66439721808612,113.60299682617188,2,140
031d27b3-ad60-319e-bc9c-d3930aaa63f8,823259,3,5,9,176.08037381277393,3.162908167616254,171.4067211664519,5.008940338852426,103.22661183824124,29.72470348415855,143.2439575938661,36.515656463259035,102.1138916015625,2,141
a789640e-65cd-3e1f-94a0-d0368d33aae1,823259,4,1,9,175.96538444783022,2.572022550943968,167.55038340786456,7.443513831171305,115.57638921849126,34.33596430912774,120.61715746292576,21.564208975091418,95.67166137695312,2,142
a9d987cb-8c8a-3066-8bb9-443c72bc2781,823259,4,1,9,174.50243375931166,5.336060297430285,164.01661072696555,4.600747422319044,123.30291948200696,18.745058174082438,125.63698735724307,35.455345937230824,104.45281982421875,2,143
b792d503-2ecb-3536-9ee9-bfefbd96e896,823259,4,1,9,173.56107667031975,4.251152464022481,174.91407712927926,4.171249505790497,104.76809332510743,31.923667166509677,111.12205439630554,28.929172299926833,107.03372192382812,2,144
2be6e587-0c3f-33ad-a0f0-318b4073ac4f,823259,4,2,9,174.16127954948837,3.361074805568006,166.44066474021594,5.05397042387356,111.74555816435142,37.40284958769759,116.47719414058858,33.69075769690897,115.24151611328125,2,145
557fc298-17b7-3242-8968-a24c71663a86,823259,4,2,9,176.38798718257212,3.5189839283479296,167.02018469054394,5.10115898593829,118.8616786774048,21.43568028906305,128.17627500557546,29.009849791259278,111.49398803710938,2,146
961a9708-b3fc-3951-8dc4-eca21b8da28c,823259,4,2,9,173.71890917414322,4.193402634948976,177.73719349841383,1.5663633306474827,117.34625985988671,45.83633475835955,119.68774446156425,32.658968354364134,89.22286987304688,2,147
a7d8af68-f0bd-301a-86e7-31e27b17de34,823259,4,3,9,176.01111081981097,1.9964996856398898,168.71160402662395,5.759480255330402,124.19170545900293,36.438652588149395,122.72090760763052,28.688256079920095,90.40673828125,2,148
7dd7a76a-1c68-399d-852e-a7c2ca05d4ac,823259,4,3,9,176.0069373059073,2.725852768098438,166.8108625969092,5.0885448152797945,131.45666930285253,11.895525729045541,134.27639767724554,33.201378634434214,34.118408203125,2,149
174a1a2a-be40-3299-82b1-df2c809f0fcf,823259,4,3,9,175.85445900965385,2.1590182958872037,170.79753106132407,3.339600016719784,115.51118380692294,33.759333858237824,112.1654825427384,30.0543864773548,94.51400756835938,2,150
cfea8d44-cbf1-3bf4-abb0-98c2492ee74a,823259,4,4,9,176.86988055722543,2.3573761913077114,167.7263127155755,3.716078207389737,117.9357308330186,15.156722265709496,129.43430085341058,28.011352495646346,102.2852783203125,2,151
4e8e540c-6199-33b9-8d06-5d0344594a8f,823259,4,4,9,176.43340324263926,3.3303155653860177,166.34387638573685,4.771611239429869,134.18325777634652,9.017534832355633,135.221421606166,36.958197383173655,25.507659912109375,2,152
2dbbb326-925a-3573-970b-003dc57fc3a4,823259,4,4,9,174.93459731709902,5.094806595735019,176.0977412099953,1.95555174948775,124.48249301033327,20.652585369440594,105.94807360528374,21.313412400960473,97.40756225585938,2,153
768e0e0c-e67b-3ac4-b5de-ce562facbc46,823259,4,5,9,170.83540583705508,10.286967644021123,161.71301981755224,8.55808573252565,116.8813355802662,26.457510325515287,132.5717428762922,25.222978249209312,93.48526000976562,2,154
180929fe-8de6-3cce-938c-fc65d9f7e25b,823259,4,5,9,175.29690814197542,4.496955964447801,163.8276239574936,6.058532021052913,123.33087896300114,46.18220432567691,97.96522258785001,49.154892581480496,113.94573974609375,2,155
5f9a74e8-ef4e-36b7-b3f0-771c4251cc1e,823259,4,6,9,173.5878300250122,7.376425787982952,164.7453368055515,7.944646137071949,128.51367521844242,11.659821636035588,129.27186495528795,44.04104252359262,77.61981201171875,2,156
243058b4-b5a7-3a06-86b0-17263c5b561d,823259,5,1,9,167.2494734093923,6.477911876963991,167.05157312414946,12.282316193970711,130.60455596470922,23.961727610319304,109.565666575945,33.741228792921646,31.1685791015625,2,157
3860bb70-70c6-3a56-b4e3-79599664f86c,823259,5,1,9,173.61379490965092,7.667772814496172,165.02015553482875,8.677250687769085,112.28872148385473,42.86136172575649,123.55798460494286,27.139994183287346,98.21853637695312,2,158
5f1c6732-3d17-3402-9aca-2fcb15ae45b7,823259,5,1,9,171.63588317070037,5.350299586509342,170.79900521679122,4.314576487117999,104.30016316240658,42.50925496747825,77.71040115976295,40.7278620665515,92.84344482421875,2,159
5365ba8f-4f0f-3d60-9117-75999a967630,823259,5,2,9,175.76613217833844,2.813241322839754,170.05980189101587,6.18747337914483,108.60961769593467,41.961278905650076,125.23055014057223,31.186068939702878,83.8936767578125,2,160
bdc0261c-d3f0-33d1-b5ae-bdaaee861aac,823259,5,2,9,173.0682939597207,4.127082457456943,163.74146179255357,6.414506456919324,126.11473294831873,25.76108920356497,122.11355383976213,24.932709883965792,129.0836181640625,2,161
9be68128-d08b-344b-9106-e0135c514463,823259,5,2,9,174.56432926764015,4.598342585995565,170.48784361680788,7.284060549498716,125.39946538032788,19.040684924413398,94.86776087323916,37.87975898243165,110.1851806640625,2,162
a498c6c3-21fd-3239-8b3a-8c276b4c4f23,823259,5,3,9,175.2519996850212,4.681420559370502,167.41385213342488,5.1287031107916405,131.72855204796917,12.4249033566315,131.367187476509,35.99866275829745,31.280426025390625,2,163
65908517-3b88-3bed-84db-32ac3a42727b,823259,5,3,9,174.46976256715692,4.758474265252084,166.61277069599242,5.638461451508639,125.22529760882318,20.47827131393707,97.19244927938276,22.8305537389462,99.45184326171875,2,164
ccd44a3b-0247-383b-94b0-ecc37300ac66,823259,5,3,9,173.0923318158639,8.216682511690285,166.3738503257331,9.011301676871643,126.3272337274816,19.78228976683753,125.50927650640526,33.46292857961271,89.8243408203125,2,165
d5e8be48-8cf3-3b53-b4aa-e9ecdf959d7f,823259,5,4,9,175.36244672990713,3.852714591019065,168.27207235500074,5.732064593588832,125.03233423185569,15.858438277399648,113.41990369751285,27.619236682503036,99.94644165039062,2,166
3378c651-4f4a-3484-8356-e596edcedde5,823259,5,4,9,173.03664485111608,4.682541032336716,166.1636334506794,6.073995611452066,128.75062271294195,22.178861597743737,105.04144408076093,46.14539453443087,110.17178344726562,2,167
8ba385c5-db0f-3a0f-b088-bea2b7529003,823259,5,4,9,174.40614352946508,3.34641395110668,167.62193841399474,3.6391405148747893,120.49160994337713,20.905116148288165,89.19062794744221,16.47715475429941,113.95989990234375,2,168
c5efc5b2-c76f-34f2-bb77-eef0ccc862ac,823259,5,5,9,175.50687733283542,2.3178662510802592,172.9375499117349,2.7313258453644886,104.52449107196486,36.38193788082664,118.56329623630323,19.906035451288737,83.52508544921875,2,169
6061223c-3b4d-308b-89d6-1e053625dedf,823259,5,5,9,172.40379410556852,4.397214075434634,163.86661631488636,4.507082444173476,123.26375410038378,25.42099277999876,109.52620373663379,49.811617202370485,114.01907348632812,2,170
95bbf8c6-6ea9-3486-a7a7-b28a7121a963,823259,5,6,9,173.1659778687979,5.990415223187263,164.8028966711423,5.29438835486382,112.74519365975912,41.199224529946264,133.22290166020963,21.873405635719564,64.86956787109375,2,171
f38ec1a3-dd42-3041-81d9-a51866ac9d0d,823259,5,6,9,175.56751853498918,2.528295535097982,165.71164285093948,6.662702566859945,115.65413509364541,29.985944292350233,110.2772880321041,16.268348784180432,121.28384399414062,2,172
dadb3ae9-7463-3971-9abf-ab2ea66e1922,823259,6,1,9,174.95641656007578,4.025197939640498,177.68444222431668,1.417807121458714,97.06663138731852,38.87085050321047,103.56260425569852,13.012937946552704,91.18243408203125,2,173
58861a94-eb40-3ef6-92d8-9940cd391dce,823259,6,1,9,171.52006093754528,5.454636537164734,169.9157501231368,10.547932003794639,115.53354439665071,26.117651784312145,103.59999431691018,27.10688615748527,109.57437133789062,2,174
f7111eef-dbf5-335e-8d39-e53be6b9c31d,823259,6,1,9,173.1872851972868,4.755919067456292,175.30099943424952,2.5950257510465145,76.35574022817705,25.04133482544631,90.10178160539607,24.906329035907998,82.1927490234375,2,175
a1bb2586-1f32-36a1-a170-19236652930c,823259,6,1,9,169.41800073662984,2.9357728610126457,170.20671559492968,6.908634766695148,132.62814981972457,22.062379073417322,91.59362856496263,34.86597414671441,113.79925537109375,2,176
f4b659f9-f0c8-3adc-9fec-002877a2885e,823259,6,2,9,174.32312481181594,6.422675222847942,170.0887607107972,9.340136786069753,92.9959074554716,39.60718295827877,123.57492619633561,35.79154633494363,114.306396484375,2,177
2e4d336c-59cb-3efe-bf6e-51118ce33804,823259,6,2,9,170.91259427646634,5.9421937008578105,177.0960846930745,3.3057854958108672,102.84653306390106,39.34478834329164,106.67960125873428,29.52959948944855,94.07742309570312,2,178
f486a430-aed4-33cb-88ad-ede2867fde36,823259,6,2,9,175.6822142813575,2.356414119563455,171.1890783915819,5.803177483862083,129.5846073396857,28.76197807705355,128.0640939525547,29.15727598317146,85.83651733398438,2,179
2471e68b-4b60-3982-b3cf-5aceb496f28c,823259,6,3,9,173.0101906960167,4.552335688569956,166.04870299711834,9.503489115524456,114.9603977141933,46.71636066748628,104.1976200010777,25.93351770418562,102.214599609375,2,180
8472b104-990a-3cbb-9fec-be75d862847e,823259,6,3,9,170.96044209094282,7.341034759726142,172.46391027724638,4.999852828763705,111.61557568427753,51.33024747714294,112.51220277241934,27.654409540737323,39.875091552734375,2,181
c55401f1-d26f-3b22-863c-4745d49b75b6,823259,6,4,9,172.3442113979719,7.370768904352631,168.61399285132885,5.556350897424756,94.66167932068213,44.713386640798305,92.6437570844833,38.6074707010529,82.68130493164062,2,182
5a3f4be3-0db1-3e8a-a16c-0705a3e5ad10,823259,6,4,9,170.5990829121908,5.268181264636772,173.47674351610547,6.933073726750172,97.1742980680879,41.561493563013,116.1885336454971,23.158491756330765,63.10595703125,2,183
a9046558-f0f6-30ed-9d68-e77a4d4da538,823259,6,5,9,171.4129905427446,5.496424468200407,175.51901346791865,3.9036663141456533,100.8362848246055,46.33937704112039,121.60823683106312,16.90910501779299,54.9599609375,2,184
c161b0cd-0ba1-3d20-b5f8-61d1aa783311,823259,6,6,9,170.23354637959062,6.9726220355736865,174.3745370942803,4.49399412674727,86.4035531101658,41.3018189803685,122.86337543729213,26.997382998942914,93.62655639648438,2,185
094ed6eb-81e4-310f-ace0-5cb44f4eaea4,823326,1,1,9,169.11299527439996,7.4322953626834,171.38646388022084,4.675679204297183,79.44369765505728,38.47969283098192,99.3176700135674,71.78532480379438,65.163330078125,3,186
9a2c2e97-68de-326f-88c9-79d524a562e6,823326,1,1,9,165.5074276213614,10.117617556977779,169.77794436374592,7.68213191231151,81.3550279246108,51.35733424850908,57.79642310441396,45.75478160179021,45.874237060546875,3,187
3e55ea4c-8902-3784-be7c-b059846c49f5,823326,1,1,9,174.6664883155539,4.08307484513329,171.15110948307716,4.551503434742766,114.6333476932435,39.042256954792244,156.9037777195597,23.11284788404872,52.334075927734375,3,188
b71a670d-64b4-39ca-9636-2ef5d6707053,823326,1,1,9,175.16738258359504,3.414053089613079,174.62700857313177,4.4230551469795,111.16086738110874,37.309471042818636,140.91394232299876,35.936183684761666,85.800048828125,3,189
8f5e1c14-5eb8-3383-979e-0244a064c0d2,823326,1,2,9,121.968215474132,8.722201658181495,121.54288521334054,6.168583475271538,129.3258120554632,45.21600221048678,151.76640787153931,22.701996814614418,33.94000244140625,3,190
9949dd07-8dc1-307c-bd75-bf34ef0d7ce4,823326,1,2,9,171.01409020938215,8.238158736464975,174.45970599757013,4.523618684319166,87.61112479662216,40.861446599645575,146.21126022142542,28.60318238125861,57.83526611328125,3,191
d349bacd-f342-35d4-b950-03dc66582d30,823326,1,2,9,176.2898766769998,2.5359502121315343,170.04645461278955,4.203928481453492,107.6592413151247,38.90259640453659,128.61686231479624,34.563603669018846,59.5361328125,3,192
91a8c95c-cdbc-3eb9-bcce-36973298a1f3,823326,1,3,9,168.420474104845,8.209452006719916,169.42589330329326,4.573279036169881,103.5234954674508,33.22955332051054,115.06401340523173,64.998815497442,63.221343994140625,3,193
3ace8602-8f76-3f06-9afc-7c5a561a3fff,823326,1,3,9,175.5458560371478,3.3501981727754924,170.40544492065683,3.466750815561532,102.82562078638693,37.83593939918411,118.78075909102442,72.03495624074165,57.406341552734375,3,194
210e3c88-ef99-38f6-a7f8-dffadba5d46b,823326,1,4,9,171.37668977395367,5.851857242182914,174.32489842964617,3.4875825288577333,105.46601939403529,34.104383746534175,132.11008333513266,27.106030719902947,65.96127319335938,3,195
6d01a188-3deb-3ad8-8829-453647cbfa1a,823326,1,4,9,174.6183455329678,3.113325867152031,170.63435681089288,4.460991372606654,96.48165325011341,37.415046928848604,142.75717095555973,35.333176969714785,64.5225830078125,3,196
0876f0e2-0fc5-3bf1-b6d9-5583b2424395,823326,1,5,9,174.6916163213109,2.762147696308212,169.61749168637522,2.8772220279547325,114.46351344173371,45.591979705508706,151.22833560669582,11.899437547513829,46.164703369140625,3,197
0ee1c59f-2560-34e7-a000-d8a3c9f854fe,823326,2,1,9,166.93620305911725,10.634947811759092,174.2720642795765,6.110139270480726,110.03907280594757,34.06776560309357,125.04736372294721,35.46327790391282,70.46902465820312,3,198
668dc305-1761-3f9e-99d5-f2c0fe759859,823326,2,1,9,129.94875586409063,3.1677600951799723,131.8644123988628,3.765630175526138,125.17013467050229,22.312155011847242,110.53403735303827,16.442389694242994,16.69842529296875,3,199
57451430-50b2-3d56-ae17-4fd9459ed908,823326,2,1,9,174.83309676494676,2.681558737849704,172.50643929525083,6.88272416757928,97.42657003457563,35.42664898968996,113.67948613873574,57.23326861109243,47.627838134765625,3,200
0366582b-ab1e-3d1b-a564-b72a9232d80d,823326,2,2,9,175.35807286211912,3.223542836934576,173.3413977830019,4.503652443274614,69.48568174506069,33.76816265117197,140.49981505585495,55.45474688498134,43.46514892578125,3,201
c4c4059a-0f7a-31aa-ada1-a37a4269ae2a,823326,2,2,9,168.75485781630152,8.201062637433848,171.65996462366877,8.71640597191856,86.68606022929144,20.85960942217665,72.92314977233062,47.28233857744625,37.852569580078125,3,202
fe6063ed-adc8-3579-abae-c340f2e2a2af,823326,2,3,9,168.43948016103786,7.359268449427332,171.7174150497288,4.022953691388312,85.54204188684176,30.683113338533694,66.80295960744911,55.17446339130233,31.733184814453125,3,203
53ef20d4-7407-31a2-a4ce-4bb33678d163,823326,2,3,9,174.160915170073,4.654873687497856,175.1594849867355,4.366292357762161,71.28650320808904,44.237765447800264,97.20247224058397,61.75107158688769,69.31494140625,3,204
da740015-da07-38f1-b6b2-77be2ef218b2,823326,2,4,9,166.01315017917352,11.650133288033613,174.4848754509636,4.218585953799814,63.45779762736576,44.535542469232304,50.13353831330922,51.87139474058789,16.771209716796875,3,205
7b9c0ec4-b715-3c8e-b19e-50164ff73705,823326,2,4,9,172.04987765114566,4.215823265894865,169.98851740333163,6.1348667329004085,102.08105573433019,34.82234915163016,112.34209199975709,45.72706646098273,58.03167724609375,3,206
b9e057ec-4477-3a19-b09f-50f7a3935228,823326,2,5,9,126.95464101390267,29.393792958898793,132.49797324327312,22.670506268103424,149.82161375845988,10.291823343140171,150.15123516833017,5.824608347478051,15.5948486328125,3,207
99baf903-0544-345b-a4c8-1341848bb2d3,823326,2,5,9,172.35574871528937,6.964101099264562,171.94311815593244,6.2033346283213575,92.79222068206678,21.00220589293267,92.85835753650909,59.93489651570339,40.22637939453125,3,208
8302c70a-ee08-3e79-b5a6-e3f7b583abe4,823326,2,6,9,173.59219407966395,4.09831164766725,170.48136738538483,3.896722053813386,79.73973823770787,42.30361637154296,106.18448811754679,68.7374470083981,39.4429931640625,3,209
c5e32b6c-1a1b-3e71-8cea-a44b65a064f8,823326,2,6,9,173.36041144838438,3.2837984304694774,169.08814662974228,3.4512496708114035,106.3769814308206,20.880887904786565,153.07928025391524,17.35543880130118,58.561492919921875,3,210
093e64a7-f95a-3b6b-b2a5-99bb881bd706,823326,3,1,9,167.18127268396736,6.7341351705552,169.87307341104028,6.289001946484571,75.48127795167909,43.84467396545494,113.00763318837608,61.55713162843484,48.754791259765625,3,211
3828178e-4837-3ac9-8dbd-ab40e53e495e,823326,3,1,9,171.4566143145173,3.1779749933585983,161.82140871371163,6.311825502331826,88.69726795150905,32.487478683096654,144.10905093274178,21.02115664404735,42.3656005859375,3,212
1699974c-7ef9-32bc-8cab-089c9d9963dc,823326,3,1,9,173.04995912208273,7.581160744651681,168.436662840993,9.164314580477154,125.19778261971925,17.674322454553586,158.32935674726144,8.842368762768002,40.4730224609375,3,213
8b3296fd-0488-3690-971f-e2186ed5cc18,823326,3,1,9,174.09343610050925,4.353257075776954,172.42733173300343,3.8709523303891746,114.13683161219085,27.022953979730826,156.79499378068033,22.554502058580216,56.464569091796875,3,214
b2549e94-6be4-3683-a1a3-7d2d89f129d3,823326,3,2,9,165.2824309403449,17.5042422417352,169.3235266967233,11.682037379171675,64.98010384268117,35.27945021743947,122.20629926168219,42.1400014277548,52.745208740234375,3,215
ded3fa0a-11ae-3053-8367-20a40b9020e2,823326,3,2,9,176.8891311780655,2.1058496033086627,174.79698267088216,3.2886419314804445,119.11826777331073,15.824366421439018,165.87907489703562,7.363627767801601,29.373260498046875,3,216
080cb81f-72cf-3211-a554-84adc44b2e42,823326,3,2,9,175.9227559707801,2.749869631428799,172.25956502440778,4.581054934607048,120.96491599995612,40.24090645677926,128.0215828735855,57.44966398107104,58.65679931640625,3,217
33c4cb33-8731-36df-a206-1a2547aa915e,823326,3,3,9,115.69313366343438,3.398136544894544,118.39370714816442,3.787374001935808,118.59377645328505,13.305837079595236,133.62932278545557,14.310341168546561,16.05572509765625,3,218
32e598c9-46c8-3310-af7f-1682fb821e20,823326,3,3,9,174.67986399241883,4.498504223569817,169.65822626602613,6.959221486501215,121.88006296676811,27.68155955161204,156.14662315484492,24.613513808830838,79.649169921875,3,219
92ba64b6-f798-3e35-9282-2db49e85cba7,823326,3,3,9,175.22367019784372,3.3195535159624323,167.8986609132724,5.18968166712423,116.83040920484048,27.04407745758629,160.07215188855756,10.49472623832881,40.5400390625,3,220
5cd0a22d-bd0b-3904-8aa7-4ae9c84dedb2,823326,3,4,9,170.31653035345025,11.996090475474562,166.45539910580987,11.183896904170954,89.62206851730909,37.56095706253004,99.56968809393834,47.989548500714655,61.056488037109375,3,221
d591deac-3633-3f7b-a85f-4366b68c1c32,823326,3,4,9,174.04264190210168,4.1102482519941645,168.80749755745447,7.126400720031325,118.19863426776503,23.851224787307824,153.65243467119836,26.972252650676833,60.380462646484375,3,222
9e7f64fb-2937-34ce-9b94-f7c7a6a1b596,823326,3,4,9,174.30546522915012,5.014473075564977,171.38387964221502,6.893291056242751,107.98809566428336,40.19528597710121,126.54806283362349,42.06673099361582,49.20758056640625,3,223
5550b21e-bfb9-3f48-907b-33bb98a9e204,823326,3,5,9,175.87003369789704,4.61615576987764,176.91283576171656,1.8813171946040501,101.04914871553918,30.979725245637226,86.12264874118708,58.4834727155271,51.9449462890625,3,224
8dd8a6a0-11d1-3346-973f-7e9f89c25490,823326,4,1,9,129.51397042853398,3.134296638213991,131.49888401938932,3.290204400481383,74.88360149218195,17.255877433496675,80.78618944652905,29.05621655590034,31.501144409179688,3,225
388770a8-6126-3f49-b21e-b5e07564bf20,823326,4,1,9,176.5106511705346,1.7870919127877567,173.7098188384888,4.49858216477847,107.93445321777165,30.902477113642128,152.75124440178968,23.98982054283353,57.6500244140625,3,226
2c236da3-14d1-3a34-8c56-9c963c4944cc,823326,4,1,9,169.37265212345994,13.453466350313217,171.30135533726283,9.10785283588698,106.95582403373855,13.387850818975032,127.0037495562675,42.76302591347752,56.586639404296875,3,227
e9ea4b53-e8dd-3799-8d6b-38d069e06fa2,823326,4,1,9,123.34210552214469,5.049716352393558,123.82718391702464,4.2058476819229815,166.81003232080917,7.276726637000154,142.55462871109026,7.166306250763393,5.705657958984375,3,228
91b46802-f48b-30bf-bfda-fe557691d411,823326,4,1,9,175.24905864074495,3.8890973270274287,172.38792911930398,3.968906078418661,94.40301469110072,47.31028184587748,130.4967889083439,46.7305131124154,65.72335815429688,3,229
aaef9e0e-5712-3a8b-ba2b-e432fee0a698,823326,4,2,9,174.16701450337735,7.74547075312955,174.2187487672774,4.2909981316402215,101.66858025424239,32.58328516730373,149.62376701083662,33.32508331033811,69.56149291992188,3,230
2634a794-6ac6-3e3d-97a9-724868519460,823326,4,2,9,174.9304400583554,3.814492033481736,172.42641276034388,7.70349021530115,96.65456369341598,31.159237307979584,118.69280666064464,51.24436185340393,55.5660400390625,3,231
2ae6831f-9de6-325b-9a85-43bc513c150d,823326,4,2,9,101.70950058503459,7.997405603335402,105.60171446086837,7.127956383120451,142.43378469756408,7.02166670711605,156.15882529873784,10.790566138307767,6.620635986328125,3,232
c48fbc6b-5e5c-34c6-a6c2-dcb11b5e0a35,823326,4,2,9,127.59895617537667,3.2219635296624554,127.18033140318306,3.9210098562558895,168.57289576842402,4.407996359775301,152.20475409663234,1.0213099358117832,2.986053466796875,3,233
b760207a-7ba2-30a4-bff6-a20880dddf30,823326,4,2,9,172.54912109648254,6.830724107315369,171.6771879455302,2.9700350064327328,113.22481556003217,29.151335836513084,110.59655939651685,54.53919257524198,72.17556762695312,3,234
49c6ca4e-b993-3b02-ac9d-4e540a1748bd,823326,4,3,9,169.67416606477596,6.995630588872419,168.5183488168217,6.662803763573565,91.26174485361906,37.949489280751465,106.36590388710464,64.008594191926,51.063323974609375,3,235
273dbb09-6568-36fc-b1b0-e3a94522fc59,823326,4,3,9,174.37991562590474,4.527382390396797,174.7698734020146,5.142519379757814,107.67294813977406,25.38525337838616,94.26377720895815,57.39535859284205,60.76153564453125,3,236
35e77e22-e399-3a5e-945c-1c1e9412e768,823326,4,3,9,116.24152119608623,12.994606688537726,118.28071561518067,10.550842736325304,158.71251467353852,10.648113944720249,165.7435301323277,10.30776082570377,17.6722412109375,3,237
f0a2c074-4980-3cd5-bc39-df686e2e8168,823326,4,3,9,110.90462298206535,5.9626290270835876,112.65030220495233,5.075024902922658,169.55299109790042,9.914455098787387,145.88664053360603,4.876134222916835,8.44854736328125,3,238
a4064407-4909-353e-9425-0ddffe98ee9a,823326,4,3,9,174.14779196821172,3.031854911144634,169.8596520382053,4.824488484988771,124.09465095401467,19.39515666776486,167.0478464205351,8.268687473161823,57.450531005859375,3,239
ef39e401-ed43-3b9f-bfb3-89c3388b6421,823326,4,4,9,175.40940524610866,1.9676230077492647,176.69629279107596,2.4464629094664336,96.20231382519158,29.591766741814958,150.48910040941323,29.49396257946111,53.3375244140625,3,240
5209c2c3-6d63-3f4c-a1d0-0bf9f5445bb2,823326,4,4,9,171.7811408314701,4.998978488966735,172.94991409794955,4.169514124719226,90.06619279856054,30.948056180599533,81.76684808223791,58.652267801338326,50.833984375,3,241
dcf27d9c-d650-3283-a055-46269bccd1fc,823326,4,4,9,96.99647827515163,4.231106220259485,99.09048789705994,3.079611655265221,142.08721221678417,13.193592503228622,154.94389839671197,16.74853519666304,13.6866455078125,3,242
71902919-b2f8-33e8-94a3-16185cebff4a,823326,4,4,9,126.95246911621982,3.6916537342117803,127.61314404152527,3.5702722647629606,153.14854604331612,8.425215676431442,144.27689563082885,5.474896956680974,9.073944091796875,3,243
9de7a273-ac60-3a38-b5e5-50c59ddf8da7,823326,4,4,9,175.41646339587206,2.5670820595626904,174.1400737338013,4.382391567551145,106.05724749844165,24.474868270745183,106.61965587260028,74.40359130179688,58.15087890625,3,244
15030237-0c57-3b45-a630-5548e889ce69,823326,4,5,9,171.71246909998038,3.390727627958608,170.1249288873275,4.264217715808945,123.90970108577231,15.86686726555764,157.13565101473097,13.271943157791464,63.037200927734375,3,245
681ceabb-4bf9-3c90-aee8-b40ede8c041e,823326,4,5,9,173.71232503311342,4.080127823102421,171.7239091580121,6.934081636082853,105.89335980075622,24.51447948850392,143.96018953248125,31.067677268925607,63.73516845703125,3,246
7eb726c4-f0ac-3111-aa4b-2c71e5eb0dc5,823326,4,5,9,111.58624423744851,6.252168704193582,113.3975022752964,7.295984175169189,143.00112373885764,6.761932715225192,161.29221277798848,8.950023298425595,17.281036376953125,3,247
43a07cb4-6780-3409-b8fd-bf68a04fcbf0,823326,4,6,9,170.28230110339285,10.416130163144931,173.41762816902693,5.227380246224764,108.87432437462958,15.480377879585966,120.45468077337536,57.42965389987607,64.13430786132812,3,248
c4de2f7b-7be3-3510-b1dc-f93f6461d5cc,823326,4,6,9,173.4492577010438,6.817875838957478,174.481229165155,6.4455031136412115,113.61793180006195,26.87747709986578,133.46016903718393,53.13282877943499,59.4111328125,3,249
eae36479-0900-356e-83cc-ce8b56fd7ff7,823326,4,6,9,117.24783512230121,8.451972885295055,119.25318716986678,8.735281008405249,152.78772150582557,5.2106837865057924,157.35275380226588,10.318329058681336,9.680145263671875,3,250
87621de7-25fd-302a-b403-2398e8ef1c73,823326,4,7,9,171.44508680890746,8.830573523062663,172.98648839456163,4.495194373849064,94.56674659413669,12.448326957287334,105.58015053654195,66.04273019033371,41.423858642578125,3,251
6a861a53-1475-3f11-8a28-d211188b8656,823326,4,7,9,171.3719608132673,13.804297850604181,173.16189221256343,8.629554726309573,110.96792050551662,15.07415868084417,150.58104921211213,25.852165055072753,60.455078125,3,252
1ea937f4-2a2d-3a8c-a830-8e80786a0319,823326,4,8,9,171.06700539427771,8.340738474431383,173.96088739239354,4.89510074264762,96.07565035471677,14.112275575444253,114.46541183312017,72.74179460283665,57.94970703125,3,253
7a7ff3fe-8799-3058-8410-7bb59acd1d39,823326,4,8,9,170.51207964233728,6.222066504862901,175.01483214787493,3.597949793264392,102.25742759241115,30.904890935152526,153.08639310998947,18.969121990570645,56.205810546875,3,254
2e04802f-e81c-3169-b3aa-2861c181f274,823326,4,9,9,169.2750874699764,8.79021896313356,173.1912980725734,3.6000939479948215,58.20361156252419,42.435619634792594,80.5103566694077,64.8087660000568,38.0870361328125,3,255
4a0194ac-b306-35a3-8ce6-3fd585ddf810,823326,5,1,9,161.62100670320407,17.307957277887066,171.54930070660427,7.89032659079612,99.62315511656794,27.569486916744097,122.79848540115616,52.574387209945094,51.154998779296875,3,256
576d2e85-9de4-3ca2-9a65-56c5c32fae7f,823326,5,1,9,173.10357369122062,8.429686475513506,174.8203207976732,1.9672292143148242,117.67217463044842,30.849584427846303,153.23474969808674,39.92275682610068,46.172607421875,3,257
ccf09142-6290-303c-bb27-78c97bf121fc,823326,5,1,9,142.50671576782233,2.32859190745213,146.0625855502865,2.3583529312843936,123.68559033290265,11.173119982989814,158.66663537427752,19.214641704393866,11.2994384765625,3,258
f39116ec-9cb2-3d8b-b2c4-d794ba428070,823326,5,2,9,175.13350253388822,5.25854431925434,172.59686004305894,7.120719579778038,97.44902245940806,52.77447336886786,117.83003413047011,42.81964398171827,69.084716796875,3,259
e890b883-e7f7-3b93-bae9-ce0c24ff4abc,823326,5,2,9,173.1583791418876,6.987366162932774,168.16809280743735,5.787802663988226,117.6349424646832,35.04417681879356,144.32735902580455,51.11177126593274,64.17486572265625,3,260
732fb5d2-a5ef-390f-9061-b4264772b54d,823326,5,2,9,119.81827732101975,5.2712189641771605,122.28463894845146,5.255418187333942,125.56853342229653,5.758342047862631,163.63538591180614,10.826602082824767,15.727935791015625,3,261
d1ab39d5-a984-30c7-90c0-aea5c1e6b3ca,823326,5,3,9,169.30056054401788,11.13342023716737,167.07028489093588,7.198620612812936,104.75344767956773,27.964295467812487,125.80429938734453,37.846564003805575,53.227691650390625,3,262
2758290f-8e12-32cb-ae0a-26a3dd9d2c99,823326,5,3,9,175.6890558224826,4.462944406684929,172.64202645249483,5.640244119533457,121.89143485391953,22.74251400791853,167.68303826443125,8.379748212760903,58.67767333984375,3,263
8957a5d5-8a78-3f27-80fe-f49213a593f2,823326,5,4,9,174.67887405284642,4.571317053781094,171.62067887541946,6.814960458771167,112.08178302868275,38.5101020934049,148.7373454055636,25.21693366384271,68.813232421875,3,264
baed1901-bf68-3424-80cf-1e3b8ab0462a,823326,5,4,9,176.72846860353636,4.319279068002679,171.4382225102712,3.842376956375736,137.04577187420543,17.990301904829597,165.5246502780815,9.233277945624824,36.004730224609375,3,265
d7287bbe-a3a7-3557-9a77-c9d429bfbe6b,823326,5,5,9,167.3618261694802,9.391056026484462,172.47568707007977,7.418554103329411,69.4410462821911,45.981604040691046,101.17846351564654,54.1308259955953,59.286468505859375,3,266
04b42e36-55ab-3cf4-8239-52b73e639d7a,823326,5,5,9,174.79705497883262,5.6424001061804585,174.1313976297828,3.460599807536913,116.61507215613541,39.037516909445465,140.3102447394079,47.875494943923385,60.023529052734375,3,267
09fc2a9c-0496-3fb3-a03a-5f01da9d441a,823326,6,1,9,171.3939506222287,3.799590121657001,173.4687530074437,5.039131915265117,76.10031374795322,51.22714667870238,53.82754213103314,62.50206123298574,50.05120849609375,3,268
4d5a1275-b109-3f5b-a62a-e8fe9cbb5d07,823326,6,1,9,174.35355107491307,4.756703567914742,172.78285547145143,3.9041128237246,90.22075436031967,43.12005953356342,92.80485231320364,62.594638962404524,47.31939697265625,3,269
7e73f2f3-512a-3ea5-b0e9-756e1c451ae4,823326,6,1,9,174.29616285488888,3.9305678863642917,173.28981336902064,7.549606474794434,119.02691379425407,18.379136660484306,160.68674033918037,43.23238850360839,59.23919677734375,3,270
c7123900-370b-3f38-a845-ebb776d6433f,823326,6,2,9,175.3539820746152,6.691318100182876,173.19125585861272,4.747051942738577,110.15616712608795,24.017545276897312,108.02660585475915,63.53306941666253,50.676300048828125,3,271
b4cf5b13-399b-3fe9-a20c-d0500868c719,823326,6,2,9,175.92357621156796,3.4740456037883543,172.5055430461684,3.971948875632118,110.99959039667586,38.16346961366993,151.420799293659,20.7145876481064,68.260009765625,3,272
9c8ac197-86a3-32f5-bbb2-1686ee8aabdc,823326,6,3,9,174.51740475543684,6.484355410853252,170.2231974563658,8.921359269627645,115.08886811003072,44.062556843362316,134.31707927212673,43.88986368442882,80.41812133789062,3,273
cbcb48a4-8776-321f-943c-4021cb345614,823326,6,3,9,177.10912619865525,3.1720740453118568,171.54999478665434,4.370094144233014,101.91135443681284,34.94412517551388,149.75098131788664,37.55433645559337,52.1514892578125,3,274
0e1288a0-e875-3d5a-a136-2bfa96226c11,823326,6,4,9,177.30144412076663,2.805636675331867,174.87961394769542,4.413961957295185,110.71279262307752,31.873715554925454,125.21539665790698,47.879433317831825,59.299896240234375,3,275
a86e2437-9f84-3b73-83a0-58e4a65e9f14,823326,7,1,9,173.20985960884016,4.872589229063647,171.8164245925202,8.164923424851988,138.77061173470884,24.331012124405365,145.93730191235375,15.86855110826724,44.013824462890625,3,276
267a75b8-464c-3b5a-b2ec-a28a6b70bf65,823326,7,2,9,174.12649937127256,6.35343639778516,172.1630258339775,5.874975006364153,114.06730313551124,24.008433132356426,127.86130400314852,53.12537928106344,62.46563720703125,3,277
1e7145e7-3a63-315e-ae7c-09c067757c34,823326,7,3,9,175.69640812763194,4.03474016485494,173.09498689132533,6.753759709358519,106.33858999291529,23.53271964137428,137.68266800963193,45.61652924455687,53.4423828125,3,278
8bf3789c-46f5-3a1b-8590-c88bab75d35c,823326,7,4,9,175.52880446804005,2.574935613436035,172.90431708471797,4.5334127912759845,114.91329238463491,19.85610015452076,158.13770802574,14.87569055787697,58.173919677734375,3,279
90e5f10c-68a1-3bab-b675-9deedafa1bf0,823326,7,5,9,135.6727484796216,13.223329714453168,142.48960867529118,12.262926564360146,147.72844283847073,13.552929042299276,158.71101335578484,8.604203605237023,16.18402099609375,3,280
61950ee0-842f-3301-82c2-801315f25e90,823326,7,6,9,173.4051814128818,2.846401394215452,171.10127327636184,5.192106287364937,105.80950823783466,35.63045228487568,136.13823300367147,36.98823885262823,51.333740234375,3,281
625685ec-6a9d-37db-ad6b-3816198b3b1d,823331,1,1,9,168.99943112454037,11.159184191870345,170.48911554149444,7.335838190153916,76.58380555128255,43.25469073634328,120.35295213578209,56.32260983267968,67.93557739257812,4,282
6d8ca584-bc93-35fc-806b-4b833ecfb15b,823331,1,1,9,165.0666062728242,7.183663225585201,162.00097695524016,7.886481349162639,70.83551155358585,45.43975686463218,96.08326567746322,63.225143517126426,88.8106689453125,4,283
ff5910b9-5d79-395f-8164-0fc941e21126,823331,1,1,9,146.46832409868605,4.482868079190812,140.02985581330643,7.574101942859359,88.07615559393143,12.495733469901836,95.7594820286718,69.70840110538413,17.38763427734375,4,284
845988fb-fcd3-3f25-803f-52440ba2d3da,823331,1,1,9,169.68887594636553,4.923319306981798,166.26381598057074,5.573635222627632,88.72128921891563,30.93378462471168,71.5501724406474,77.7903383208126,60.285003662109375,4,285
6f1b4b58-4f40-3f3f-bacd-81e5e0e02964,823331,1,2,9,169.8299065679905,10.38042536275381,171.06153830146457,9.090705977056832,86.9971187162456,40.80329985775746,110.38847234560104,69.34603294030585,67.100341796875,4,286
f96c696c-115e-3c54-9d81-081447e9d5c8,823331,1,2,9,151.61970035206593,3.4501135493516903,144.3823011430619,12.351995543275057,80.5738304599605,39.551203683504646,138.84239100206835,25.455400377491614,42.87066650390625,4,287
bfba4115-dd91-3fa6-bbba-d6ea48bcff40,823331,1,2,9,173.5741446588844,5.066977598561187,168.81504543007986,7.055155627636666,89.0420422517929,39.37755727005673,47.44358784802102,46.388551961066796,34.099365234375,4,288
e3af56d2-62a5-313d-b474-fb22b3b2cc75,823331,1,3,9,132.44621782203177,10.34976742479922,132.79233196381176,8.006254900747084,103.35150437291624,10.504460767920555,111.95592075468704,6.5922960650202125,11.255096435546875,4,289
c65c1ff1-ab41-3eab-a74e-5fd8abb6a6e0,823331,1,3,9,173.0675913113243,7.668673296266397,170.43017844811084,9.938877090921173,57.72381905360957,33.66211846071982,27.196251875158005,24.300865900471127,22.933197021484375,4,290
1fa7e0d1-c923-3280-9f47-635298e63de5,823331,1,4,9,170.80663868064084,7.078530484314501,170.64974225142646,6.836810951692041,92.97090885464651,37.26728184185663,110.82769189690946,59.359281179313975,80.28103637695312,4,291
2471f0e7-e0c0-3a52-8f6c-ca2d6226aa63,823331,1,4,9,171.70063504514286,6.775704838170686,163.3860684235992,9.878139732834718,68.02494375451005,37.24398167326669,81.90123895285936,63.303755225172225,58.869720458984375,4,292
db3bff82-031e-3322-832a-6790b8e661c4,823331,1,5,9,170.50047055785055,9.929326714727665,167.97086292489263,14.031023118195426,86.9336395248637,25.629061800266538,42.90895168216122,26.858392607584484,18.97845458984375,4,293
1c5c39a5-1aef-339f-abf1-f45bf7d94d6a,823331,2,1,9,121.39104929559085,5.9592495030323,125.62386767719403,4.190756809882669,155.07642105191877,9.20150292887934,154.7528336550298,1.0748753678439045,10.92169189453125,4,294
a5c982b8-badf-3793-aa4e-7d9c4703f424,823331,2,1,9,171.81759280321694,6.077696248519197,169.15837167044097,5.223919138244567,87.80022772628723,41.02565012837425,39.687064944979184,36.39455156014828,72.94549560546875,4,295
36cf042a-6800-3b8c-9601-45962191a61a,823331,2,1,9,126.32956417927679,4.424676726108645,129.50308969704378,4.4022438981551035,139.02687467450434,11.300523051771702,152.27326558447453,8.836661046383755,20.84368896484375,4,296
92011272-e4db-397f-93c8-6faa18915e91,823331,2,2,9,126.31848058164213,4.3232256695712,130.41640753605014,4.840373788737761,149.23294684576905,2.629321470499375,145.17840498856697,2.336096208272048,6.097412109375,4,297
b5efafbb-3d7a-3b06-8088-4efd6db444ad,823331,2,2,9,169.94378058412113,2.9415720739860096,165.36054704351574,6.659528749854492,86.79725645575458,28.723104998408182,99.87004028725553,50.03663571982177,72.17971801757812,4,298
a53d28ff-2e2e-3bec-8aa0-1ccf93e70e3a,823331,2,2,9,116.7346500484379,5.229294184432899,120.17790807917385,4.7337479718445845,132.5319861084809,23.749629803311148,139.43353798474973,21.7301525043041,32.03228759765625,4,299
31939502-d212-380a-a94d-e49788e0ac91,823331,2,3,9,166.06571484326207,7.199056380893239,165.0003907812468,9.110866804522724,58.55389080664871,43.172261741199534,81.37643240942936,74.19749919704319,46.191131591796875,4,300
6011d398-24d5-3e3e-a249-9e5d100d8dac,823331,2,3,9,130.37142183546268,5.476827595388448,135.59247016092615,6.526994921075567,122.11483766679268,14.455605337859962,132.86871907301045,8.387359297651857,17.5079345703125,4,301
59ba944e-8785-3e56-8b54-44d54f35ec10,823331,2,4,9,170.44542284629142,7.132267564540404,168.2191718326463,8.412158760122274,87.95634102331731,33.39677985379487,113.41233294848361,51.00686666355454,63.39923095703125,4,302
2134943f-a66c-3a75-b120-e6846fc1ddcb,823331,2,4,9,125.0278439375906,2.342116719142913,128.2398333278592,2.347258760505524,157.7235995248467,11.016508546454892,158.26862055223907,4.454568020555091,15.3846435546875,4,303
f4cde02b-5d7e-3d5e-8e9f-0ed6d1bcb110,823331,2,5,9,167.74371871995118,10.882052295988423,167.0047145019241,8.180525831162344,89.57499983418727,41.802552187957474,101.12071775471107,50.26218051356656,57.6741943359375,4,304
5960efc8-7f50-3f74-9d08-0b71559ade3a,823331,2,5,9,169.54998405782194,6.7079055570845165,169.06690218617518,7.10908287985953,114.82536215949017,36.858084343902355,135.35411205075965,20.260318666870365,54.263580322265625,4,305
a9eea5be-f23d-30a5-8c4e-8862aafb73c4,823331,2,6,9,127.14178910287114,3.60373325056008,129.1208598713934,3.3517692348090864,170.59682505695883,3.00742679920642,153.10011952843186,13.023053035650573,15.09722900390625,4,306
5baf969d-584e-3861-b469-0cb9747b5509,823331,2,7,9,167.70044687468067,12.026669536549228,167.73710983497242,9.95331155311822,91.17619659019942,49.29684913617177,90.01915754072097,47.36681447458583,63.65362548828125,4,307
384ed9aa-e9cc-3139-8e1d-abd4ba237d4e,823331,2,8,9,165.51084287122092,11.850493744721689,165.82811896775326,11.622806856599883,64.66187722793619,39.964229964959785,81.6628755134002,70.6982144120012,25.214080810546875,4,308
ad625edf-93a9-352f-9978-5998f0fe9630,823331,3,1,9,169.7474876864664,5.158203815261491,166.927519794542,9.581559417808338,83.4655916940495,37.07915396798129,120.59372257443397,66.25089518867371,55.6119384765625,4,309
07a98462-a815-3127-a10f-7b67d33ea1e4,823331,3,1,9,121.3641473804621,2.009341560541837,122.75487720555101,2.138338845359593,109.70813274013197,2.391622024091399,120.45326410349168,2.751359251067342,3.390411376953125,4,310
496fbedb-eaa8-3bb5-a8e7-263a0fc3d40e,823331,3,1,9,173.5842819723901,4.75054295174201,173.80607997196256,5.031117253698057,75.08116983394179,42.27217710073921,93.4285734157088,53.170975113296485,48.4688720703125,4,311
6156d824-b2d8-3f84-af22-2bebb3aa945d,823331,3,1,9,171.9315312513265,6.8339757038313245,173.44595282382159,7.684224252591065,92.55088404256962,52.2256634653385,126.40400049391701,53.34096031649201,90.0743408203125,4,312
bfaf69ca-40bd-3aab-a7b2-0c8d2cefa215,823331,3,1,9,136.90397945417322,4.15137414545414,135.63634336326206,3.1306844219225005,124.98065877489847,6.669364881202361,175.18252634627538,3.094033323203489,6.195831298828125,4,313
49b46a32-dbdb-3c1e-a4cd-b3a6782a837a,823331,3,1,9,168.0722229076539,4.1729687019203645,166.41442834547541,7.367181016465503,74.88719554908599,44.39419364748225,61.48852653604342,51.2764970721921,71.55462646484375,4,314
78535716-2c5f-3a66-94a5-04fb9c405dad,823331,3,2,9,166.9990173308414,6.693747363473068,159.56646890323728,8.0904485506527,78.02109561130337,46.52962955886498,97.64138483996481,71.96944975245445,79.56057739257812,4,315
6895c1bd-96f6-3e43-a049-9371c4b7ce0e,823331,3,2,9,169.03996136270354,6.947797255357975,169.87942971429155,4.795244189229656,74.93462832293488,40.19673171159994,86.8372025659408,51.16353356609348,32.247100830078125,4,316
5bded3f9-9ca3-32ec-b495-dd9b2e5395cb,823331,3,2,9,114.45490697760323,1.7078305598477632,113.53386655521757,2.287467652224228,81.76591718893356,6.493698140772463,92.81508509792314,10.285788876014285,7.73455810546875,4,317
213799ac-68e4-3dd1-82c5-b89c4b0f86cb,823331,3,2,9,175.01004536892503,5.14011452564978,173.94650824664876,5.667170268413209,70.97505270792801,41.700816799292596,92.46892192453507,53.17588163629779,44.855560302734375,4,318
7824f9b2-b5b1-39a4-be37-bd82ac00c009,823331,3,2,9,136.89479140505884,2.425695838630458,133.53132314663156,2.566176569186958,141.3862908581315,4.309848774389435,178.30786573853422,1.3812604044937176,10.230224609375,4,319
fb4e327d-72e5-3acf-9512-cb03b6cfd832,823331,3,3,9,163.8587487358684,6.1777652253422355,156.4048034776539,12.75251171175751,66.2295391538304,35.322672312981844,100.6395660401659,74.28680293696912,25.737396240234375,4,320
bb8d886d-ecaf-3476-a382-04671fa24fd1,823331,3,3,9,169.17054273258339,8.724636316668239,167.4237298374395,7.36301352660237,88.56388332425627,50.411573569372656,90.17339295449338,69.03229756221475,59.44488525390625,4,321
99a78729-6d84-3da7-8b5b-a01f60590e51,823331,3,3,9,111.00360838672292,1.7693349785681844,109.78909244119374,1.312389754395426,87.24032830314826,10.145962569317202,130.12605823129098,11.159140463815978,6.230865478515625,4,322
26edcd13-5e22-31a7-a11d-717a52696526,823331,3,3,9,160.1983148977341,12.561558314472554,163.6136996045155,13.529644546696359,80.48595776106173,55.45639506992267,59.470374908446324,56.1185145544679,83.89910888671875,4,323
527345b4-22d6-3bda-9820-d833617c7fb8,823331,3,4,9,172.5374133273928,4.696136045802911,168.4290122480847,7.889125897305486,71.44723136775964,27.94354233738843,100.73511260793781,67.59856940562742,47.8551025390625,4,324
ff538b45-b084-37ad-8c6c-77497b77a0b2,823331,3,4,9,118.74093574211858,4.571115591305298,118.67455706427457,4.663100880484062,93.93237180070109,2.1311623839998663,104.98505268039314,3.3268147968480495,1.645599365234375,4,325
c9338e85-e1b2-37b6-be49-73258eaed9c9,823331,3,4,9,165.54840731855992,12.917060273424847,167.04043748315024,10.584545013540515,102.60743694183813,33.819959004573064,97.129500256558,65.03073333304546,158.2081298828125,4,326
78f0f589-0b38-3aa2-a9f0-9654ec68e70b,823331,3,4,9,171.99391060225173,6.834900362838985,170.7905930863122,5.146615377785033,84.2011148054043,52.72619610462091,106.5482923621052,63.989869963177625,91.38812255859375,4,327
98ed5b72-6c6b-3283-8932-23dd5b92ea90,823331,3,5,9,165.4726743117589,7.611232268586378,168.5236166821527,9.308270644605674,83.07515086839686,35.99632167633858,75.92619890755637,52.5617969245203,75.81594848632812,4,328
36543815-a17f-35d3-87ca-30940ebb3d79,823331,3,5,9,175.39185655163473,4.555203501697258,173.85592748456313,4.826587322091497,64.33660532250481,39.33123928021507,139.7118969810268,22.321814724679083,29.996917724609375,4,329
9e742e04-8e9c-38a2-ace6-60905e41ba0f,823331,3,5,9,172.1463385846647,6.570497387282984,170.1036575327729,5.900118574968959,68.94772394448859,44.634519762450935,77.10832296370783,59.61356103720664,46.962371826171875,4,330
60aef754-996e-3129-8b89-4f16b191a10d,823331,3,6,9,168.54028727240023,6.770525829654148,165.9291435515891,10.551949184314026,75.29954573446055,45.602758075204264,93.24015850056617,65.2941182444635,90.53570556640625,4,331
f4459ebb-4711-398a-b640-593764ebec7e,823331,3,6,9,172.18308936616185,6.775453358827466,175.08900243807713,3.171499528217421,79.50211689380598,44.716432468071325,91.14080251445357,55.032223639617385,46.25030517578125,4,332
3bd0637c-ab7f-372d-8692-fbb08409da9b,823331,3,7,9,169.12057938370936,4.96484643452206,168.48051340534832,8.297984857213168,82.25801026044485,48.11427046213402,83.48945446554416,61.19098561443811,62.914642333984375,4,333
2d99d2d7-0e65-3b6c-a4aa-846317b7d4aa,823331,3,7,9,116.38712161087477,3.8495161691570927,117.53992178060538,4.081160845760226,88.74262305856968,21.661211056133077,102.22931192241649,12.4576991792802,9.837127685546875,4,334
e4e306a2-cf04-3cd0-b48f-074c1feb7810,823331,4,1,9,126.8423435049304,2.7922846433213246,126.35248288540912,2.047922376360754,172.48953319126932,5.677611953742922,139.16120045595648,10.345955977778335,11.189178466796875,4,335
3bf380ff-16d9-350c-9ed5-4e4b4cb53a76,823331,4,1,9,167.94229436575972,11.251578624669275,164.04828417849137,11.141599645426169,63.329215772013384,39.704830072952,60.02847516138192,63.0469625550488,68.18374633789062,4,336
b378c87d-ca56-3c3e-a668-3f5a44b1296d,823331,4,1,9,137.69392069819904,1.9338015626356606,141.02176565558736,2.0735295964778024,151.0573998839631,3.217195909690949,170.80292837142125,3.178776425559276,6.94183349609375,4,337
f1f701e7-e176-3719-80f5-408f4f74a344,823331,4,1,9,164.33052589481656,6.010742434982547,158.78649815890446,13.079418701746192,94.86107419508595,43.014180312067595,126.56770140856861,54.72903535443786,77.405029296875,4,338
9efa5bc5-8457-3850-9964-43d7da663ae2,823331,4,1,9,122.78282819461599,7.305730980476416,126.05232921624793,8.460471334671091,132.09835508831748,6.029091035054283,136.54684159882345,6.164624291430095,6.664093017578125,4,339
1f8c75cd-e8c8-3d63-bd82-7943786363f0,823331,4,2,9,123.48090859662251,3.2293657579715918,125.97350327596047,3.44771806021841,162.35831830440372,3.3754793316880627,153.08564777778463,1.764563352067402,5.44183349609375,4,340
c883f371-0e5a-3aa3-b292-3ad53625b3d9,823331,4,2,9,165.44683172481422,5.883955924071205,161.46789614312826,14.011228660109547,82.71207154231666,23.555331322004093,124.185168899899,62.799593846715936,68.33355712890625,4,341
50ec664b-c06c-3f5c-90e0-094a2d610e48,823331,4,2,9,173.2438533473252,3.4400815820348405,171.5953746782714,3.6473140775224095,114.10145373016758,21.384826682299103,135.11943907495117,20.716060070192544,75.9515380859375,4,342
651814f8-2e49-333d-a652-062305690945,823331,4,2,9,165.54926587600752,2.415225598178388,159.9885849948681,11.693145229614109,87.9839768565557,31.768397963071074,121.54043876074007,42.23843203897522,60.6748046875,4,343
9e8b721e-bace-34e6-b4ee-7447449c5821,823331,4,2,9,132.76928453082093,7.260725429920186,137.1030507924095,8.903616885281616,109.72830850867204,7.575584641884066,126.73905639007269,4.160352348858814,6.2744140625,4,344
8b04ab2c-732e-3e97-a650-13e41a2fcdf9,823331,4,3,9,122.84802385075302,2.3904025878657844,124.83416841056975,2.6245709112886035,171.26188906575646,2.8535772987419965,157.2200278452739,1.8075555056781871,6.254730224609375,4,345
918b93bc-fbf2-3456-93fa-ea81b2abc6a6,823331,4,3,9,168.4432348475502,9.335843562875306,162.62429517714818,17.475511036396423,71.0692923859942,38.56514759757995,121.96595747867602,64.19351745798129,44.700927734375,4,346
1295c714-6f3d-34a4-8816-95925ddf7f4d,823331,4,3,9,134.50232140854138,3.4940515820040385,136.40083344321636,3.7587136576028435,159.7597394266641,5.683416104379267,172.74694307312626,1.9531300600786654,11.516632080078125,4,347
e2f5c045-8013-305c-bbf4-3d4e6363c25e,823331,4,3,9,174.05451999000275,4.708000890307278,173.04198868857102,4.919573906967646,91.9192605840001,49.06471267185385,101.3996129930178,58.85645328609981,48.045196533203125,4,348
434d3658-86d6-3fe4-ba16-4a496f1024b5,823331,4,4,9,172.1964385768006,6.894767271720104,162.34575859255358,8.881324610904853,104.33075202641095,33.138768306496345,138.04177126354563,19.334913262589488,56.547027587890625,4,349
102fb030-fecc-3812-8078-b8c756e5562e,823331,4,4,9,137.42150283325654,1.688664355661054,140.03074727582532,1.626874659244624,158.61013982673728,2.799364783239217,170.19994712481235,2.6416168966302442,7.69024658203125,4,350
3fe1703e-6e1a-342d-9087-a05aa534eef6,823331,4,5,9,170.12075595378877,5.305921274807661,171.99243732070306,3.9625850636886986,76.64351456978436,41.16426601546059,103.1793407327502,60.30159270590892,60.295013427734375,4,351
bc694f6d-7a94-32d6-968e-7c9167d195de,823331,4,5,9,136.0823752972685,3.117818473418908,138.0163901580351,3.636423939341622,166.29950892620184,2.9404221492646974,174.8039508189457,2.6199525726435464,11.87799072265625,4,352
9591f13a-a232-3a4b-8c9b-08d38b04a320,823331,4,6,9,160.27510583005335,12.063023487097656,162.19666579591836,11.698834879481428,69.48200556024237,46.51228397312965,98.63995892391937,50.35988559137493,94.10665893554688,4,353
f88fb9e6-d62e-3b11-a340-6c9917f59ad3,823331,5,1,9,173.8735196021591,5.384372183485138,173.27039870492138,3.899043569173534,96.0229679411388,32.6544905715054,160.6175045164447,22.846589477905383,69.4879150390625,4,354
e306cf3b-7141-35ab-bbfd-5593f075dcdc,823331,5,1,9,169.29356168943545,5.8974688934521495,161.08576624499912,14.123721482299713,77.54192722481463,35.868363648804106,119.71257791089923,64.35812089873654,61.038970947265625,4,355
2c51a493-2744-319d-8baf-1a3f60c9080a,823331,5,1,9,130.82709407066727,3.8611740512494626,132.47142165419137,4.212434602083728,108.71138194562462,12.788352028453385,158.03146948784467,13.387042205174941,10.702789306640625,4,356
e0806f7d-ead7-39eb-9e5b-7dd56c03d3a2,823331,5,2,9,103.1316396134187,6.29878382894505,103.78069669915061,6.588880784863756,85.41321584741348,17.996857533904148,107.16928470885807,12.05326456616348,8.415130615234375,4,357
fe6b742f-2243-3bc0-afc8-6f1cd522b1c7,823331,5,2,9,169.68229472125054,9.060118958862304,171.09886816718276,5.855715802248986,48.740375091275126,38.91456970107691,62.763330783337096,71.13623320598103,28.70794677734375,4,358
18f9dbf1-204d-3b2b-9677-8a8f50c8b45a,823331,5,3,9,115.8764731472472,5.260236964943737,119.6708094898071,6.22990974314854,126.9391282147804,16.61569438563679,134.0524715046589,17.01306960216577,11.455230712890625,4,359
d756f932-aec3-3f97-b10b-2cf6db0287e8,823331,5,3,9,176.74252849444508,1.6531580073015841,174.88816648506906,4.845435041526382,79.16103716569555,38.13900393654846,112.40157559898134,69.8433878365278,66.81829833984375,4,360
956e7bdf-342e-34e9-9cd8-9ac707ab3746,823331,5,4,9,114.05665725201763,2.5796234513554643,116.02356848210395,2.119873252076514,102.99154017679473,11.572919457312844,122.18023368733719,10.660173476411808,9.047088623046875,4,361
58997acc-6e37-3a65-bc18-f4c33c7e8a02,823331,5,4,9,172.51480053447688,4.267196963206355,167.6749813874095,6.500967370777228,72.30578250699025,41.67963896667378,55.57040415593724,73.77351016341828,54.997406005859375,4,362
4c153447-a000-3f90-bcfc-1bfa9ed5f54e,823331,6,1,9,171.15158195488644,6.6452610681188,162.98727675293787,6.145169438575758,84.67381585511575,44.05269233308649,122.63864771749029,60.50002177751143,54.49847412109375,4,363
1da8b532-5751-36e8-bfea-dd2f0724f57b,823331,6,1,9,124.78841675071709,6.091358509705463,127.69996001938824,6.94853408745646,170.59195273161242,3.5955320000878705,152.0199974877598,7.454516723425416,6.258880615234375,4,364
efd8c0e0-a9a4-3a97-90e2-ff64958ef7ef,823331,6,1,9,172.38510119460196,4.938726160742324,169.95098072890528,7.712416233002565,85.55096535181889,40.39289079705592,110.29334315443549,62.70143498896532,59.637451171875,4,365
6ab4347f-25df-3974-adc4-32164ad2f4bb,823331,6,2,9,161.17816542174901,7.755097992662703,159.63544343304642,10.85047507440357,83.15397379419363,58.50704576271496,85.34952366142043,65.18263434887335,93.340087890625,4,366
8521bad3-1233-319a-aa0c-cf434b80be33,823331,6,2,9,130.56902368150156,8.647647264017927,133.4847402157443,8.77924821667335,169.7861371087088,2.5933874118698195,154.55043412410794,8.288768800675896,11.7122802734375,4,367
5a7fa605-c330-3153-92ee-eb5f0ea66ec4,823331,6,2,9,168.79140331798195,8.149256810307856,161.40135828855708,9.208019504143978,93.4096504645818,60.48008756948689,111.6035617272894,58.79208330812707,77.19970703125,4,368
faa345d3-778c-3cca-ab2f-c51de7824e80,823331,6,3,9,164.6169944104466,4.24511535091317,162.85744622125773,11.832190889761312,66.17277138904245,49.38901400032993,83.84321982721377,69.64800698481606,83.23687744140625,4,369
8f1b977b-f7ec-3328-9d3b-16cc6ed2b5a7,823331,6,3,9,168.7157999030587,6.143891021879668,165.8078492133486,10.16811290777462,86.85145045023714,20.03897957715501,88.05966746119765,49.48740436538546,59.558685302734375,4,370
a28bae3b-04f7-3ff2-b52a-b2d855a20b01,823336,1,1,9,148.40693153372743,6.404124105560301,132.97629080938003,4.956240246503953,64.21990391270434,10.184565179618499,103.08778181264553,39.931249121968236,55.527923583984375,5,371
f0d97520-7280-3f17-8b77-c127aa2a2ada,823336,1,1,9,146.70331257506666,11.321422122717472,130.50440030631532,5.747361719288196,52.831900391633276,39.409803040422666,117.81703027791536,25.107583146599257,62.2803955078125,5,372
c9e7ba5f-ca42-3595-b35a-899bca697a94,823336,1,1,9,168.66660937450945,9.0515733220099,170.75132532494533,4.680584208490203,71.6977945747878,32.44609715319108,58.79401664338775,45.26895114909835,26.192840576171875,5,373
942379c3-c5c1-3cc2-94b7-7160b786bdf8,823336,1,1,9,175.18314929569308,5.080862950012817,171.95504202619196,3.927775499516346,98.79515193420383,49.20231138805541,127.14844794683654,51.59473983676617,52.764251708984375,5,374
d209f1c0-21b0-3f18-ad15-ba24cd0935e0,823336,1,2,9,145.77635501238487,7.360377076164329,126.73677978700373,6.953373973480891,55.44678570961027,15.452910436997632,134.41437594083794,51.345032324308356,41.550384521484375,5,375
689cd597-2806-3a01-8c41-2f1aa25ed819,823336,1,2,9,172.02447698152298,8.555117388110547,173.02762232673967,5.057191370627012,86.77817038854832,52.67236964565908,75.3270536632321,56.370297679123894,36.3192138671875,5,376
9f0b1b32-72a0-3efc-9329-bf6c1ba06468,823336,1,2,9,170.57158486605118,6.479748341182281,172.13827717891294,5.311434311109722,83.42281950368469,46.49962007444806,72.57110765256202,59.50215689351568,51.74468994140625,5,377
797a482d-2569-3334-9aff-f67f3aa71263,823336,1,3,9,138.5142294542366,4.656360224713181,119.23206651245573,7.968145681604876,60.57607680185637,13.239501963208333,138.6205991259893,14.277447122743908,44.025238037109375,5,378
268c7f48-299c-35c3-977d-1677d3f996f0,823336,1,3,9,174.5848126315828,4.498140012305153,174.1955831090694,5.0085212307854565,84.08937296708437,56.08042362407325,90.10576101371021,59.84295660507668,30.64422607421875,5,379
416b9b89-6d1c-3548-a714-d76e36cab6fb,823336,1,3,9,165.8168832274538,11.816866299882733,168.67007799821525,5.9473106326663085,87.85629071711728,38.276075082304835,63.49843247305765,52.94934332704042,57.029876708984375,5,380
ffcc882a-e042-3144-be7d-2bfabc5bc2ec,823336,1,4,9,172.46235781898918,4.561673645713336,170.32992366500832,5.866924589582659,118.68351301117293,23.140840513989186,131.12469815534067,45.54550369965996,59.544036865234375,5,381
53efbf4e-377b-3b6c-af5c-be7eea39567f,823336,2,1,9,162.73172574862411,14.985665767277604,160.68069719690575,14.075690971339354,99.48976315481008,41.75589800945983,102.28963512882099,54.29123648413046,70.61978149414062,5,382
b94c6600-8ee3-3ac9-a6c1-d1387a5e45b9,823336,2,1,9,174.06415564143765,5.600394200487956,171.26031994775082,5.877979966626949,103.10617310948659,33.623868091013144,147.24502820468084,43.313554315137615,52.567718505859375,5,383
de86fbca-1baf-3797-a7cc-ac129fdfa325,823336,2,1,9,173.2735502375422,3.5234506686426803,171.16169953974025,5.566121472535323,92.37683544431522,41.06308371496476,109.17105836498978,68.42140641002132,62.27935791015625,5,384
31a191c8-cca1-35d1-bd94-f0ad8c442e97,823336,2,1,9,170.83809193571025,6.626128636473044,175.79733984015257,3.2369428269664735,76.26950921131106,56.09087285085749,78.51246310849812,63.786384042673596,17.835693359375,5,385
25a75dbb-aa01-3e40-8d14-618126f39030,823336,2,2,9,171.03239759164,6.075627348945666,169.45372951072807,8.297400736605347,107.31725646194228,31.9344950226777,131.5465432906769,18.989159222133527,63.103302001953125,5,386
c9b1b962-f67b-325a-b8ab-6c51eb735791,823336,2,2,9,172.34029171206424,6.00160938259614,167.81529382469017,7.844798530363829,92.18533576604631,40.33784677330578,131.91759010623707,48.736535428289685,49.083709716796875,5,387
b5f260bf-3f2b-329a-a7b0-f3942b04ccc0,823336,2,2,9,164.9120837366136,9.04408694411581,164.03973735724185,10.253076920681414,87.18739193131591,58.17400590030395,96.95112656918343,74.02661287019397,63.03399658203125,5,388
07ced784-de32-3a85-a55b-2b6393efc2ad,823336,2,2,9,171.44437693866607,10.041497501090243,173.66907315467404,6.468891747606685,80.09333119867829,48.24107980001295,100.05158622534039,61.2637104096428,54.395233154296875,5,389
09ec20da-570a-314a-af30-dd8bc2be8ec0,823336,2,3,9,171.51794239174725,8.036660719539904,170.39557137789174,7.075409221211818,96.31419281560972,40.095990923068335,118.5520048597149,58.0880152314883,58.386322021484375,5,390
34dcfc1e-ed51-364d-ab29-caf505e3fd36,823336,2,3,9,173.28339401619957,6.391643932985665,171.0173785352127,5.795044931833552,91.33527959964309,48.902324896470176,122.50099855435562,46.61386812910235,50.113037109375,5,391
38c4ba98-2302-36e3-8ca8-dceeb1602f5c,823336,2,3,9,171.06560199497767,6.634585866488347,173.81090201592485,5.979407483352891,91.78896915912028,32.2250018052145,103.50564858584166,64.03501750829334,57.846099853515625,5,392
d5e17e87-f767-3a7a-8c57-fdc6a793e6b2,823336,2,4,9,168.6581818371411,6.760005885709361,163.16717506920193,6.795248058347506,95.229475982082,23.65074946776368,105.47348098387167,62.50864546001255,67.34967041015625,5,393
63b591e0-dd2b-3fca-824c-a846368ef409,823336,2,4,9,173.3115367522697,4.7985881878622365,173.24602534826747,4.475980247337196,107.95329762452047,27.735644829734383,112.02958775136572,50.8361911829034,65.2049560546875,5,394
52839b53-c1e6-39a1-9d0d-6e1a393eab3d,823336,2,4,9,172.11174180292787,5.212254424315187,169.9502264424592,4.838954274127569,74.7994424244061,44.77025738252832,97.17037996330822,68.67981452345289,32.107177734375,5,395
9f0906e6-ad96-3a84-a7df-0b7da505b8f4,823336,2,5,9,167.30394140530888,6.89869672326071,164.10015727833425,8.886048365583598,86.08119302338261,24.984179570864082,151.01304709949594,34.75666006289008,46.439361572265625,5,396
476ffc8f-91b7-3c30-bc55-ec46a45f7136,823336,2,5,9,171.5764508962837,7.040923109763807,170.14932049586096,5.402556888065307,102.50880496230667,46.26190193889823,104.43423835471688,56.70904682342439,52.9317626953125,5,397
f6d9d68b-bff4-3010-9f5e-ea831713ce27,823336,2,6,9,173.0740330037669,5.585964364257749,170.3182830572763,9.457556283869632,110.25484809903598,35.56399956983485,120.26264508398137,60.80776861894322,64.21884155273438,5,398
64b7d00c-415a-35ee-95f3-8a91582b2f6b,823336,3,1,9,117.62517660049902,15.61318275869899,124.58873752081121,14.751087661404423,122.02582529758752,2.930036649784392,131.60248225094924,2.631222934969319,5.2103271484375,5,399
1736e6e0-7328-3272-b067-1f614a54f978,823336,3,1,9,172.74629251114695,2.51647235065272,174.82070533176733,2.436528424034318,91.83921002896199,33.51257165053194,79.77878485375165,65.95622357929938,25.579345703125,5,400
9c846442-7bd1-33a0-a3e2-0b3db3c1945c,823336,3,1,9,173.9530454359973,4.681440798239877,171.25632369911585,5.55755696428964,116.55873972144292,38.72892319701318,164.19059094023598,12.25712323127094,52.331634521484375,5,401
7ca4da04-5c98-3aaa-92f3-c2a28bf0a939,823336,3,1,9,173.08928640901956,4.767367152792307,170.15082401957645,7.8803698733076395,92.17423156183358,39.13142585182095,60.865668737747036,47.97754220157908,98.94952392578125,5,402
471b85bb-034b-3a73-a186-a324b3ce8e22,823336,3,2,9,172.6433669966633,3.508767594148468,170.73550551016896,5.792551972271063,79.02624752576305,58.82955747342693,92.93860745113847,67.33255727175101,34.932373046875,5,403
e9e611c6-a6ea-3038-825a-a11e02a05c22,823336,3,2,9,173.14167112712704,5.688752935859349,173.5237473352721,5.558961728105513,74.15564725614608,50.998172973459376,82.05819940177601,67.00569579883742,37.19219970703125,5,404
c9a54d7d-2bba-3c1b-9048-6a1dee4842f2,823336,3,2,9,172.44417718775432,4.1456718133904475,171.20089257294939,6.244020842698539,99.37064672799632,36.36495494822699,133.37067656687088,51.93953911990652,56.325439453125,5,405
e2d1ff9d-77f7-3a72-bf28-be2f7ad2f66d,823336,3,3,9,173.5409366778864,5.152564736251577,172.37255723539235,8.097601784923096,118.45597216315326,31.92763153940954,147.7757088940356,36.77297116159901,59.482940673828125,5,406
d52b881a-2ae0-3e94-bd51-42e08cd58a7f,823336,3,3,9,170.32848588178425,6.687680383833793,165.92370946663047,6.578099824774039,70.1027740355015,44.3583472373301,164.87803068011942,13.027368888236875,32.7867431640625,5,407
f4891cc1-483e-3fb2-8ce0-e2a707b533c1,823336,3,4,9,121.61522634648082,7.691086426211426,125.48967023512088,8.510776416627913,134.41982601983364,3.45949449735786,144.47378746739136,1.8015838810952824,6.10272216796875,5,408
53fa337a-905a-3239-aaa2-303bfc79ea06,823336,3,4,9,167.30012029338803,6.721791291483459,167.27653446124305,9.030148064943624,78.1471850960852,56.693283884769016,90.45021614778375,59.8750986149242,50.2686767578125,5,409
57a7510c-d683-3422-ba92-56272ed9daa4,823336,3,4,9,170.473021830322,6.319415832578301,167.72855058575155,8.477543475461168,80.16253645935598,33.59261375543888,145.56663270670848,39.98684727102125,38.03863525390625,5,410
cd86d258-a0f6-3940-8cef-1926265f2fb2,823336,3,5,9,172.0635521887292,4.323173154639295,167.3970645000741,7.54570577673478,71.23192925841464,33.5578363467825,86.79942865276684,54.17152590045664,35.725677490234375,5,411
8f3c7f8c-aa27-3752-a888-870d64181f9c,823336,3,5,9,168.68595026126772,4.391270890332945,162.38740424128252,2.820250697446482,74.20941647193085,39.42233109273697,98.18370349603362,59.42951047018488,64.57647705078125,5,412
404858a5-f783-3abe-895c-91888f3305b5,823336,3,6,9,172.56053211140716,4.860631222323552,163.69825751131444,5.45227815527359,75.9850743585421,27.775534190370493,119.65407206004761,39.01224353620073,42.478607177734375,5,413
52bd0c8d-e05d-3278-9e64-7f74a571c4a6,823336,3,7,9,173.7905659345231,4.825421895576051,167.46974958049023,8.318009021242974,100.04538098746713,42.68769128627199,136.87427450086753,41.442930028225916,54.55682373046875,5,414
955ddb97-aafc-3343-81d2-78c8ade74877,823336,3,8,9,171.38366862535148,5.107236515702927,167.70351330478263,8.548653312419964,79.02892627739851,39.00500810716284,140.72101446958055,32.026692574648905,40.70416259765625,5,415
bedb0e5a-5c79-3e43-9f90-c2a456790349,823336,3,9,9,174.62266309250793,5.979498983612457,170.3820197390413,6.921919368122747,122.93282063777383,21.18691983086942,155.74359697082267,35.38398546706486,44.995269775390625,5,416
0d39cac8-eb40-39ea-887d-e62b7477f5c7,823336,3,10,9,167.46018824855477,9.851927311145193,162.64134871244428,12.748557754719988,83.45143727547205,45.493972137487454,102.78096146544347,48.81689659627918,52.981353759765625,5,417
def77e2e-7643-3a94-a3bd-e30447c90b2e,823336,4,1,9,175.3029053063325,4.276602275273284,173.28890636160892,5.275386336001345,76.91777372727769,38.507479469089105,110.4569884219057,61.02358581065224,56.719268798828125,5,418
e97c1a80-1831-35b4-b7a4-be94bbab2ef4,823336,4,1,2,,,,,,,,,,5,419
aeaca82d-c79e-32b2-a9ed-652db2ef08a9,823336,4,1,9,172.39156652906016,7.437090160707696,172.41911411990057,5.618858233604098,66.51147352359769,48.89818811696246,48.49256852204197,31.954518111706253,58.0010986328125,5,420
133eefab-2721-3a43-a018-5c6dc6e95f69,823336,4,1,9,175.73537612832513,3.1290776788718953,171.96918152520726,5.9462576280992145,90.08789588730463,38.610408580248965,86.1307091228295,47.680118127046235,53.878692626953125,5,421
6072e628-bcfe-3186-9ed5-169dd6efd388,823336,4,2,9,174.7876146623079,3.679064291834291,169.60486130099693,3.409221551385766,116.88880137540787,28.72539322732022,137.88070434568368,43.58630984462019,55.649658203125,5,422
9b4c145b-8203-3dfc-ba57-ed4195a8b23f,823336,4,2,9,175.41413317301854,3.7259733530018706,171.85818233687428,5.853804085939598,75.26549380911614,40.11401634180624,97.54093324315139,49.84927388917526,52.67388916015625,5,423
2254f8ab-6fb8-38f4-8fc5-67ed7b45ab2e,823336,4,2,9,170.80549164732838,6.039520507821685,172.54740562844262,4.620433568616362,82.84170213201782,47.923263342754154,63.28435708941655,36.531881848413946,54.144989013671875,5,424
e024eaed-9059-3db6-8ed3-10ac2ca263a4,823336,4,2,9,175.4848578840824,3.264898509402647,172.21795188174536,6.285746111968503,84.59753731661198,44.861755289802964,95.16558461492042,36.27033575686614,70.77432250976562,5,425
faed3c05-d67f-3d6c-8b14-a76bc414e293,823336,4,3,9,176.12956574556793,2.7962399975395487,167.84963835486698,3.527518940363589,110.51872538350165,22.214465997734763,152.5985927552081,35.97410537357273,50.73870849609375,5,426
ca4d8fc4-4584-355d-9e90-b859a5be92bf,823336,4,3,9,173.55193977592714,3.158300300216887,171.6135245388577,7.053753491725181,80.12576117173654,44.817596916201516,115.02837958770247,70.56852560857659,44.960052490234375,5,427
7f3fc125-4cfe-32bf-bde5-74fbb386589d,823336,4,3,9,175.98753612706923,2.2021201256256187,174.20245292172635,3.1787564710318166,96.89693537702983,32.67459166545934,76.56969664726465,42.92854564217703,54.90020751953125,5,428
896ac05b-6adf-3cfd-94d8-7db1ac846d51,823336,4,3,9,165.51168309416892,6.928916536433347,163.28193141025704,7.972925259889438,70.87753516068895,53.56289422070751,80.6413335891763,69.18587749757316,79.92132568359375,5,429
4c88e226-ce02-3c57-b92a-c6e2ce39d19b,823336,4,4,9,173.75735191000297,4.959231809212882,165.62517230202997,10.055911409887589,77.66490582723674,31.330875936542807,95.4249841992857,64.26461366246816,49.666839599609375,5,430
4c8ebb21-bee2-32d3-9b71-00b1c9763c16,823336,4,4,9,175.8538263647496,3.3518578726631434,174.50155700234802,3.570551100547041,100.51524919334305,40.485636941573695,157.57532125709855,14.504020366123465,55.737548828125,5,431
d0ba16bc-6bd5-3c11-aee9-546647f23ab2,823336,4,4,9,169.6754965626377,4.213098428599199,167.5231409334385,5.697921450663698,78.51003880327795,50.37962891265222,58.61704695702454,61.72952835701436,28.678924560546875,5,432
a6b14520-a9fa-32c8-98bd-c3e1584cc731,823336,4,5,9,174.06066997679517,3.7705679887304178,172.0482110840821,4.74172362373115,75.72806363106376,43.030776384685055,113.32988376038561,65.02629615926473,44.9912109375,5,433
2ae416e7-0930-3e63-ad77-c2c54bf6b98a,823336,4,5,9,133.15198653434553,2.3477070542062366,136.27866203935548,2.6358413543425945,98.56244706233839,4.471076483083968,115.9212255033463,4.698022424647128,5.5024261474609375,5,434
eeaf48f2-69b1-3a4c-bac4-1c508a5143ac,823336,4,6,9,173.52112234293233,6.404214264899631,171.66492601675208,7.959452780689779,98.99388805506806,42.812664778182224,117.07480398562815,65.50164235640597,62.673675537109375,5,435
adb17f9d-d9b0-3767-9ce1-fc2e35e2674c,823336,4,6,9,170.76163915870922,8.841919310143657,170.5720429523728,6.892907916624642,71.42548346170791,50.192546666000425,77.19216055608653,60.22362888098277,52.8385009765625,5,436
96107fc1-8d8d-3e27-9b0e-1e97bf187816,823336,4,7,9,171.25319712813263,6.758590918450795,171.7059784773766,7.334551619219005,62.486133976165306,27.650586555641137,71.60202054509617,49.62924809504879,42.348602294921875,5,437
1ee71363-10e4-3314-9f40-1c0b708818b5,823336,4,7,9,173.46522998543458,4.033030651619419,172.81842773794136,4.597092224638337,99.23642596535288,46.10272579978145,99.79681437293726,30.362488597902146,56.397491455078125,5,438
57ccb17d-551e-383b-aa51-369dc86d55ba,823336,5,1,9,160.19384284439727,10.324717350436492,159.86891144770092,12.526520054220589,79.60040628628188,31.25504976036332,100.19820958030976,54.86819883071528,24.746185302734375,5,439
770aece1-9b4a-33be-b8a3-e2c90a754c9d,823336,5,1,9,166.5332910100214,7.231426827047045,169.42765497366057,3.551149003256115,86.6729407802443,42.19708135179317,113.99999562746115,62.25574174603355,29.185333251953125,5,440
b1206b48-92df-3b8b-a029-288b0e6f62d2,823336,5,1,9,173.09035625454325,6.5887209779168145,169.61718777075964,8.929835908390013,84.757406575109,56.20247511969441,80.68240886237501,60.64519746876958,86.3377685546875,5,441
0412101f-c747-3615-bf2a-c6348ca1137e,823336,5,1,9,171.35651936178925,5.0487116483726036,164.95123293953043,8.099862950970875,79.01059255173111,33.269647668941666,130.17742432289876,57.38841535932149,33.83172607421875,5,442
f6a0feb5-b1c2-3475-9723-c5594bce628b,823336,5,2,9,163.30951013682136,7.991698804857522,164.7654417498993,7.113547264226701,93.02406048404293,31.368709862528963,88.53939282083292,44.503766495876114,40.3212890625,5,443
dd1bf44b-bda3-31b5-8eef-7d6a90dc1877,823336,5,2,9,177.1628533815417,3.270089332436057,176.64709787591258,2.6572709802582986,85.67375593908204,46.78892237396808,83.29161359885201,73.94015512912233,21.30084228515625,5,444
c1db97ba-177f-3eff-923b-34944e43e4a1,823336,5,2,9,169.28826133853786,5.713337464705934,170.62393382854953,6.346832085406704,60.092522096630496,33.537014716329594,99.49614563457223,65.77992383984905,45.935028076171875,5,445
c9462c87-c021-30fe-8c85-f325f257513a,823336,5,3,9,169.03327920351052,8.340438426966742,166.0896723380934,10.649576843164299,114.25391203516668,50.158993795116494,84.09651842893872,52.7879395062383,58.191802978515625,5,446
4d707651-2a1d-3071-8ce9-2f67f6c759b5,823336,5,3,9,172.70315322543328,5.2570293695854,172.94234149734396,4.821379586756105,83.54122687711642,45.4355974300182,82.95329947989725,60.559479152459105,33.6444091796875,5,447
ebfdf114-1f4a-3b32-b5ff-a1ebf89ac071,823336,5,3,9,167.33657776966365,10.133572516091334,161.34449035723185,13.15569437562206,68.28500617786159,47.944613604301956,91.98035768256801,78.1341651817107,45.835845947265625,5,448
178cc31b-9dec-3aad-b3c0-4cbe571a8888,823336,5,4,9,160.38011963507685,3.7909805121200106,169.02869710346258,2.9620252960669062,104.83775523150776,10.93217433756335,104.83418465627217,8.149483851573818,12.40765380859375,5,449
12f60b14-0087-3786-a6b8-2b554a277275,823336,5,4,9,173.90735571886432,4.929305229879699,171.79842543115512,7.8897506079938395,70.93210595086106,50.20525290917414,88.73305962802816,48.40062158200244,36.736572265625,5,450
42aa7bd3-aac0-3021-bff4-21113900a5fe,823336,5,4,9,175.23861844401551,3.141975247245336,169.00960874874374,4.579413853890169,59.61959360208746,42.831897139731126,115.90188463311102,55.215179403551026,28.622802734375,5,451
b533b430-7278-31bd-8c5b-1d462d0fd500,823336,5,5,9,166.7118994533331,12.95349829139725,169.94319847363218,11.767137566758565,91.47000465256014,28.555842571484018,98.93560015609508,55.25923109883863,27.432220458984375,5,452
983aa617-ea94-3506-b84a-879ce0e5bee8,823336,5,5,9,174.23168736832685,4.105308868685436,168.54581906605566,7.83770911081601,63.0868852042286,45.89545049473786,103.04397270102533,65.04560986509537,23.38885498046875,5,453
7959912e-5b3a-3514-82a8-6d06c78777e7,823336,5,6,9,175.9002716298321,3.6006885827343194,174.70362820116412,3.0263437623806206,82.20707711563298,34.58086032882231,92.25014711042924,35.85259715825581,23.156036376953125,5,454
eac0e444-139a-3d66-8e6f-2b7f28cc75d4,823336,6,1,9,168.12580173531043,8.342257521802285,169.0094687665636,7.8235526243369975,81.06504985631716,33.10157356604104,134.93337589473398,23.06446496487805,33.73126220703125,5,455
fb104d22-3195-3690-8332-b3cbd03893b6,823336,6,2,9,133.82128741120047,1.078235968091563,137.59142631173694,1.7106651642678137,88.64664474433964,4.080404113000298,78.22900338897712,8.594516757556484,4.31219482421875,5,456
6f617e13-60cb-3adb-9309-f7348d082365,823340,1,1,9,111.98248088673284,2.078114018504717,116.71311545664288,2.5481879459362693,117.65765201392593,2.9632660552386176,131.6230086614453,3.002267916032637,3.930450439453125,6,457
16b0e6a0-723f-3929-a4e4-9ef1ccf6ffd7,823340,1,1,9,104.06314525293627,4.630588756500658,106.67782585697208,4.9643229135849625,133.94627206697714,5.010893623705574,147.91000811635726,4.973595042373796,6.61175537109375,6,458
607e7eb5-dc0f-3962-b64f-971fc71e9921,823340,1,1,9,172.23737229507452,4.30679364466097,175.64257930741593,2.1527981424217604,93.27095765326526,32.47140192874067,124.20922954912788,48.95581324541238,56.740447998046875,6,459
a3b33389-3608-3c10-85d2-91b9f1fac6c5,823340,1,1,9,172.50709310284876,3.9409338757309325,171.01550990431733,2.9949928536861616,101.3741292551919,33.88309113231796,90.38632287293588,49.832237828899494,39.935211181640625,6,460
1ad36201-1fe7-30a7-b13b-0d8fbb2f15ce,823340,1,1,9,170.0526622286717,10.343735535411554,171.62022820234412,6.935380526724675,65.2643600573086,44.800117375162635,52.62598806376736,47.11788687698144,49.226318359375,6,461
29a69858-517f-3b77-b676-0bf92351353a,823340,1,2,9,147.64818177793038,9.243906064100974,143.75490874531462,8.518087966798475,168.74150839244808,6.7869706126806975,162.20074564109458,5.79761401326673,51.8531494140625,6,462
1feb0dfc-5177-33e9-8718-05582b348d1a,823340,1,2,9,170.57012495672217,8.622611002028929,172.65303286210116,7.287278065228157,44.78214746370924,45.108409910130845,65.9796556381891,40.01625484211423,32.307159423828125,6,463
75ce08a5-bb5c-3a4c-8910-7244647135f6,823340,1,2,9,175.35174420806865,2.861657513851527,174.54516904905574,4.590754381784547,85.10435529565099,44.8198442443909,93.39366779986318,53.05802082298275,44.135833740234375,6,464
1e31e6e3-3358-35bf-8eff-cae521c2bb33,823340,1,2,9,169.93316568716227,8.138962647795008,173.1293770747085,3.703248065413771,64.4175202738597,32.89542135015503,37.67290902162596,40.443968808018866,28.957489013671875,6,465
bb545dfb-8f0b-31ce-a6bc-a4ff07697e52,823340,1,2,9,171.06964564531916,5.754065363895813,168.76571390030398,4.024255305779895,76.12278306092921,35.31858413324154,71.99536819386853,56.609596662978305,49.303497314453125,6,466
e977cc3a-c1c0-3c73-8da0-e91615c4e281,823340,1,3,9,142.08736679187857,5.18615131820178,138.02108948196795,10.529290097824836,158.13865408104593,13.432858374371532,166.97541433438292,8.093078988315142,25.637420654296875,6,467
3ec5f15d-b12d-34b5-812c-63cb331adf35,823340,1,3,9,167.88990111662085,12.69414396081889,168.27989985137836,10.689454291745596,76.96503950910761,35.872087728468244,80.8248137440838,58.0011239353702,39.976043701171875,6,468
56980c31-c3d6-340c-937b-76d65194b047,823340,1,3,9,173.85377862707782,5.812443172134439,170.76464829929532,3.7193817758396204,93.39972269628906,34.53257108812057,122.64716151527023,56.90487999765361,44.801666259765625,6,469
566def69-4eb8-3158-b895-ef861ec37d2b,823340,1,3,9,169.35600712644268,8.283100168606456,174.76045238212438,3.48649728255617,83.41974274004723,43.11825398289549,72.90769522549846,44.49352313168217,54.499755859375,6,470
ff0b4c63-ee4b-3100-a282-e2f0cad36fa1,823340,1,4,9,129.6781917917339,2.8670277574325906,130.44715991042492,3.810434661828177,101.94832981345262,4.906742750184045,85.96186497587998,19.006248166536338,13.33026123046875,6,471
87bb4293-235d-3760-ba56-8dee03814b74,823340,1,4,9,170.84847064569342,9.112677764224578,170.5684082752264,8.22476240019121,77.25180092182397,37.424668723349534,72.26056475557908,73.75011971128215,46.152923583984375,6,472
023ccdab-2a7d-3288-a928-88951bf841a1,823340,1,4,9,171.6650516224296,5.131244912052524,170.97308447054345,7.987712234378237,71.8168889835528,47.24671956610586,92.11156979746224,71.56754396149856,20.3428955078125,6,473
f64fa852-dc30-3ce4-8f12-89b0eccc5dad,823340,1,4,9,174.06861334516861,4.76885671095254,173.0648927745327,3.0945105649858147,97.53578911296368,31.950050761857153,97.07173547084318,69.51550432655854,49.591064453125,6,474
da814bce-4784-3893-b201-ccbc0a0a9e00,823340,1,5,9,167.98862763952616,10.69467314080634,167.4423532039658,6.183433754820026,78.41246786158825,28.82177789814971,116.8083993672742,54.54443994288999,39.94158935546875,6,475
c3a5b723-7ecc-3b67-a04e-06d57306848f,823340,1,5,9,162.1007691195716,16.548574613806394,167.30640663762472,12.094689305887439,80.33709656687374,42.04897521679293,70.88189933921616,72.40400516996941,38.938446044921875,6,476
3b502e37-8a70-3a0a-80a8-46429c8289c4,823340,1,5,9,162.7227113071969,10.760986133848986,166.81570130507157,6.444022869134531,78.66077187241741,41.65540149106005,103.66579330385201,67.9025377257721,43.4725341796875,6,477
d951461c-c94a-370f-880e-4f4579f0251d,823340,1,5,9,169.5244106085445,9.2256771355454,173.65957012799666,3.445017920667288,98.24522909725039,28.394943978109055,106.63249993200472,64.63172823398426,46.536773681640625,6,478
c64c6667-be4f-31dc-a11e-6db139da19a2,823340,1,6,9,169.5001485499107,7.689786210228873,169.78997986955198,4.3476259929597925,84.537183973079,39.85921931693867,79.4201705512295,61.847109242186555,50.3668212890625,6,479
3179f601-00f3-3106-bcca-2f62dd83cdbf,823340,2,1,9,169.58851610514648,8.822390349739715,170.32490308033596,5.415159758965006,75.8690739907916,34.58045452520322,80.91030475268977,48.073994668153105,55.459442138671875,6,480
0238fcdd-e18d-305b-b0e5-e0577e86dea7,823340,2,1,9,168.7701116186331,11.672914372496447,170.76608272592023,7.559431590862799,77.36826487801132,31.16322354721461,96.64374939865411,65.53091446280254,37.938079833984375,6,481
df09d61a-2249-38fc-a27d-17e6dbf37295,823340,2,1,9,171.34810107972515,6.763845283749634,171.1269686905952,5.399114144997302,69.15531478169957,38.013234745129274,67.38923474212805,57.20995366729111,52.689056396484375,6,482
fe6958ee-54a2-39f7-958e-5b7925c23f2f,823340,2,1,9,176.54259906360747,2.6506671996132005,171.28491827902798,5.4862768022185735,96.10054414581315,26.904030683425376,96.13849069275476,60.91644559362019,59.29931640625,6,483
4fab2d3f-c8bf-3b77-bd0a-af8d451e961a,823340,2,1,9,102.38227705576611,2.6665276895554926,103.89152410418154,2.3739388797455656,105.25252613392352,5.936828410288832,112.95256904896426,8.211072741469192,14.148590087890625,6,484
1a44be99-4250-354f-8b48-9dcab61de1fb,823340,2,1,9,106.4439040344524,5.133335563538019,106.04870546911317,5.8823486886218515,137.85128108472426,4.221534769716534,160.30383765925728,2.5618969391214823,4.73138427734375,6,485
e3784d7e-b231-3962-9477-0977a36297d6,823340,2,1,9,168.61401149866649,8.774133885276756,172.10280768722063,5.1317224783968145,73.63035484478867,44.83022344001358,94.415064598828,62.25265116206573,54.39898681640625,6,486
433bc5cf-71d3-36e0-8f66-8740acb61a17,823340,2,1,9,174.56930975680814,6.296760456966668,173.1848112907225,5.1191327304522725,87.6732575499282,37.77032153799102,87.63666621087448,66.36152740064266,62.23834228515625,6,487
63251b6e-bf8f-346d-975a-72cb2b982c1d,823340,2,2,9,168.91857558007567,12.585343150210786,165.33882550516714,14.042447235873585,30.437602118173054,31.681066934038643,53.752889825304145,45.975005504069586,41.593536376953125,6,488
1ea58dd2-bcf7-33ae-9ce5-3534160e0501,823340,2,2,9,137.46210076582167,2.228966985370446,142.76035497734938,2.024185741747269,100.82433157573199,9.39418769059353,100.93745306903935,12.47351725073476,17.946868896484375,6,489
948401e3-1187-3f74-8e74-475d7d42eebb,823340,2,2,9,171.60349219459965,10.473930337497967,170.5428470981003,4.707916105089908,58.8129395902812,45.42660109276055,76.30330030717215,63.332345339098694,50.76385498046875,6,490
c5413751-4612-32fd-9191-98b318daee35,823340,2,2,9,100.30495081664516,3.559379830445863,100.90486199291716,3.4388870384306873,130.38552563605802,6.604021737539447,161.8601469025839,7.336577724631003,7.769927978515625,6,491
83c89fd5-8660-3d55-98aa-0a061a8f269a,823340,2,2,9,171.6857528844977,5.808035829890947,170.6318659680212,3.807736671947329,103.53778215493072,38.71728136444658,104.8450635649494,45.76270827455516,60.716766357421875,6,492
302df9db-08d5-3d55-b11b-4017fb9553fc,823340,2,2,9,162.29201951704457,7.6518820199342334,166.62826390669576,4.9435898920773385,57.17291104646626,38.79748808381026,24.05707560496944,10.59593330513273,36.493072509765625,6,493
34db200b-1050-3f72-a9a7-a9cf171bc7b5,823340,2,3,9,171.91789789618758,7.631883518725094,170.64222418511176,3.383739267575106,68.11561523305214,14.969955761269759,53.01148883649421,35.4149845355354,64.56591796875,6,494
ce6f201c-a87b-3d81-aa8e-2d7b5002000d,823340,2,3,9,166.7591773452733,8.942036022145743,167.53629915627957,6.2762095381666185,69.04382668952314,38.960256416397115,47.79428129934743,56.260700640986016,32.44708251953125,6,495
bc37f5a0-0b78-3fd0-9b2e-caacabae5d0c,823340,2,3,9,165.35212526075344,9.153900400282323,170.28882138463584,5.571504568595488,71.44872960662123,40.414920195826944,70.13518851264007,61.83916006635845,28.256195068359375,6,496
e982974e-6f84-3dc9-ae4c-b72b4c5dfed7,823340,2,3,9,171.01960238508542,6.962432019854149,173.7449632634183,4.815386983010693,62.19820413088199,42.73232252256642,72.60931523755882,67.84639977364172,55.5555419921875,6,497
0efb444f-b1f3-3afc-a375-900e9973ae99,823340,2,4,9,175.71448607790913,2.5893465024062157,175.1186396934599,2.989609351489147,70.64576723725462,40.438998656731506,56.171366062362054,40.94980672702162,59.560302734375,6,498
d0bdf102-dd88-3a71-b60b-026b6003f63a,823340,2,4,9,169.21781223325428,8.63113639218512,169.9105711332676,4.417473723965485,75.09552524582693,38.76233139565404,86.91737262390586,68.35234347998953,59.320037841796875,6,499
cf09b3e9-3461-33ff-85df-0e4f31eeb0c4,823340,2,4,9,175.11444125458772,1.9581014809553854,173.23791905806746,4.136408374005971,74.10794242011202,28.46123327764585,80.68801130330868,60.940919147912986,49.210418701171875,6,500
889c52f3-47f4-391e-a712-21d9d3f88b64,823340,2,5,9,173.8331704546531,6.240356832803135,171.06854930582747,5.843375160353268,74.18163572717961,36.01684544688796,41.07528201193937,24.261841421117385,36.9273681640625,6,501
90d9727e-f013-3723-8a89-6174070603fb,823340,2,5,9,175.38527159457254,3.4333971715910216,172.08189660618856,4.655674785104911,77.68527999021404,40.13289015432813,103.59995758831988,60.102710199336336,55.322265625,6,502
8048598c-4794-3251-944e-5296a2089444,823340,2,6,9,171.65194320052302,4.881781296643841,171.06378476896512,7.862891397623538,74.75544339712012,46.940720942439114,56.74856959291879,38.885310427661096,27.316650390625,6,503
97f66955-24e0-3b39-88de-e72034b5cdb1,823340,2,7,9,169.29349729601208,7.452703273866629,169.50820923507473,6.5649652050333644,59.323128385271076,46.38780968247275,42.21058556367541,20.700880756746262,43.5560302734375,6,504
8942ae4e-f0d7-3c85-bc29-ee644bfb76df,823340,2,8,9,166.1685881726952,15.090926795874525,163.0598790044624,16.415683684215203,33.51838698769205,14.638245113819247,67.59418532918806,47.592547914094276,24.363677978515625,6,505
77de6571-e7e7-3137-b494-8d3a53f0362a,823340,3,1,9,156.97560458769638,10.347993718902853,159.20113267792797,8.901592255748438,52.04067999637084,29.726923950429345,41.4350951142406,26.624388624698028,35.450927734375,6,506
ff3a230b-5d44-3b87-8e50-d5ed1690127b,823340,3,1,9,172.6959538519375,4.513900811804082,172.79378195025302,5.019371843390643,60.714649716387484,39.86173265022706,40.837194270370574,44.9160729830156,36.130126953125,6,507
642ec340-45b2-336c-85b1-88fee4f3c6b6,823340,3,1,9,166.75364714694217,10.81718417581579,170.36768182820512,5.007499035884341,55.34922675427979,27.127267727010018,67.98126238989492,58.17685686964775,39.3890380859375,6,508
4b71b7d3-b03b-3afd-8040-f1ceb816cf4c,823340,3,2,9,169.94499540255507,9.617042672219833,172.48639954066385,7.715895553050158,70.2727192224564,40.950328196771906,80.92440724179576,49.002672684807386,44.132080078125,6,509
e869598f-0ed3-394a-9e90-7ff9c53ed1a9,823340,3,2,9,165.61494143557033,7.877422329812963,170.84530711059324,5.786119795592288,61.905766425500374,31.782407349252683,72.49867733015707,60.84577160625988,38.632598876953125,6,510
eddfaf0a-484c-359a-bbaf-e91d4d6b8346,823340,3,3,9,156.4157510538622,2.9185533819011233,157.5073010404007,3.5935647370398422,172.9586806009567,4.566901818583239,163.18885286613892,5.15068752496508,7.47235107421875,6,511
2e8df4fe-65a5-3830-8e76-7b5432156a10,823340,3,3,9,159.00408075101527,12.777678363911445,161.31251809777052,14.59663023688382,34.7748497379687,28.15483275411848,42.38808052531738,41.87440416425069,22.3448486328125,6,512
5e1387d3-520a-30cb-a5d6-3d9a09208478,823340,3,4,9,172.34895982332262,5.12888132008212,171.12848786077055,6.452090341885787,74.59425035087526,44.91324505242709,116.99331122035314,56.953574167475104,53.06207275390625,6,513
2ef3d0b1-91f6-3b41-bdc4-185fd7eee5b1,823340,3,4,9,169.15222705534,8.412889266528213,171.48133260945826,4.082651397950812,94.41347028368057,28.961012627056107,121.0879862197854,62.02794227379163,55.707916259765625,6,514
76f448b5-32b8-3066-9380-a0aeadd6b049,823340,3,5,9,164.04286527696155,11.130146194495222,162.68812271020235,10.920370783234535,70.68954243857479,47.53717372137308,50.90359743885439,46.52711860630851,66.79696655273438,6,515
ccebb02f-ecf0-328a-abd0-338d1b54ce23,823340,4,1,9,173.8456781654221,5.577266927769779,172.42925439541807,6.186237826709917,68.9015124733508,42.716996918757054,45.34990069878296,38.40915969480089,49.462646484375,6,516
f3474b12-adc5-3f11-9f62-40f3227d1b60,823340,4,1,9,176.0542096944643,3.234148211633838,172.62118746142815,2.9607511153781263,101.73563258702514,38.27446084778363,116.91004544050224,54.867322506168634,69.9334716796875,6,517
f519d236-ad60-3b66-b742-81c8442a5697,823340,4,1,9,171.4906701170097,7.594892485778271,172.1359445459008,5.9647017393061486,28.60281721173861,28.35079394470043,53.00815159797767,38.50101113000959,28.662109375,6,518
4d86ec6d-119d-3413-8a5a-a1628a609830,823340,4,1,9,102.24179445684032,4.306712766644203,102.23363815398422,5.139930071854989,130.8251877941477,11.460157530754115,148.23913240219608,6.614645825613594,13.189422607421875,6,519
21a41a5c-c6c1-3124-8be7-35a30e018dc0,823340,4,1,9,174.24148501527395,8.07507829702361,172.69137034425864,3.1409996913149762,82.04641519996991,38.502107909998024,125.69642254599495,60.383552587883194,60.959564208984375,6,520
e0775044-e05b-3aae-904f-e12a6095d7a2,823340,4,2,9,172.41511136454292,5.624757497563361,170.56205015943866,6.40911780909052,84.04147798303181,43.79468584076863,79.25386601686796,58.621138998411034,52.901214599609375,6,521
39000115-4bfc-35cf-9bd0-b6e43ecc572f,823340,4,2,9,175.90755846141462,3.6868106073084603,173.68474039482575,4.718276454947646,102.24650902043871,44.12637611509494,127.4386591385367,27.24572321406223,58.4044189453125,6,522
210150ea-b02e-3157-8ec2-00d4e5f75e5d,823340,4,2,9,167.47411378910962,10.584893985806325,171.1462059465083,6.470896162502623,72.72531692132205,44.542646178245654,89.00094196259262,71.66283295692136,57.775787353515625,6,523
081e5f9b-755b-3680-8947-61bd139ba9e6,823340,4,2,9,102.3512524572009,4.38595177771394,101.30079790507061,4.347188341178553,140.90999424440616,11.905617623459323,155.86665683748004,6.240819706851063,11.087615966796875,6,524
96790f35-fd16-3764-9823-92f11d2c795f,823340,4,2,9,169.9089362683392,12.311747895074747,170.2663633180933,6.913485229494675,66.29523176360658,36.66358470569918,64.76656138322207,50.23877530034504,18.347991943359375,6,525
3accbf86-0489-353f-a64b-a51c7f3ae694,823340,4,3,9,170.37526902598475,6.634076880161701,170.10148702060417,8.957226366401569,41.17949598593622,35.70190076297891,40.71499592028113,33.16926722845738,37.953277587890625,6,526
0a23500b-2b9c-3726-a147-e20b0e7c71b9,823340,4,3,9,175.99528664302846,3.2193486398076145,173.32706019310706,5.660813290577663,118.69926299091536,29.13669472247267,115.7179921835814,34.89775867797712,50.28363037109375,6,527
8e07f475-7c68-3477-8256-ef2caf9d5924,823340,4,3,9,100.79181540200868,4.655548591709506,104.16364339843864,4.285552002764079,140.41237574859008,5.398995749759336,160.41317016750222,4.7989595071996165,2.0445556640625,6,528
1c2f01f3-575c-39d8-9d3c-eb6893bb9f2e,823340,4,3,9,174.29953064097225,3.2204340168444516,173.6444354521608,5.820457281283441,90.55628040082532,42.57654508736153,97.5217562401113,50.72657303360294,43.7921142578125,6,529
9208b846-e106-374d-8a48-beb611dea3c3,823340,4,4,9,175.87661204353716,2.0673871043305043,174.6188251502208,2.313294225426784,68.04443980063289,36.78587211915486,64.4760063705359,49.312772566247475,22.83160400390625,6,530
0c68a535-2155-3151-8c23-aa51f7cfc1f8,823340,4,4,9,174.71467458832433,4.091626212884097,173.72457097273798,4.164245610620893,90.15920794788383,43.882298064953595,107.29763822250808,67.37162282055982,52.3106689453125,6,531
77d39044-f48a-3e89-9bca-009bf867cfaf,823340,4,4,9,164.95851077638133,10.842116992218585,167.84518285293436,7.360709453304252,53.79252610265531,44.859794416337444,57.072017557211865,56.04535307253724,26.43731689453125,6,532
82ec8115-c4cd-3eab-9227-55f4ca9210b2,823340,4,4,9,167.57634496251862,6.470041820550482,170.2616580680867,4.539903517064362,63.374556894928865,41.743853427283696,98.95188827138753,68.57306024736057,47.364593505859375,6,533
fe0776de-5ff3-3d9a-865d-129f82771ee6,823340,4,5,9,171.103561295228,5.9225673483425565,167.0963695218416,6.150561203168808,65.90308186787746,40.40126461285722,44.786407517217974,29.30332731647684,47.432098388671875,6,534
73a32db7-8239-3157-a0ab-1c3a3630f746,823340,4,5,9,172.06378911822978,7.9441399284823735,171.82492721089855,6.5236287002632425,91.85850342184182,45.14334777052822,112.48355582422198,68.88700926647013,66.4195556640625,6,535
9f3e4df0-f1cb-3e12-96b2-ebf898f19f8d,823340,4,5,9,166.22193582016985,6.24017232724875,168.9259101669479,7.177623530831238,59.102698648321685,41.80155074557989,75.13716967007518,75.79059215643667,31.149261474609375,6,536
b01407cc-bb5a-3aa6-b635-cbba11e1fe24,823340,5,1,9,173.76474224323218,5.69963876447573,175.4779181276799,3.77276755260904,97.36651641346687,38.594883008706795,99.54529293658359,64.93297273793424,57.931640625,6,537
018de0fc-330c-39b3-8279-b6cbc0c38d8e,823340,5,1,9,171.17681905320927,7.01266773734407,164.02436510125256,5.5728043375847305,44.17056108809816,30.148867606358177,34.77692397548453,36.4920108935192,29.9107666015625,6,538
fdc6f7a9-b8a7-3b8f-a21a-626545c90df8,823340,5,1,9,175.71405879169646,2.4659408467020256,174.113049602429,2.354490638307496,97.12647598300022,38.9653765668859,131.44331698541365,65.32243401828596,52.7919921875,6,539
74ea2d07-a1e6-39b1-8dca-fc9c970a28c0,823340,5,1,9,134.07278538625482,6.709545439006436,140.1738870919955,8.250641254307222,97.70565942496201,3.317915681462501,88.31368332869303,3.5501618105035577,10.584625244140625,6,540
80495fff-4d3f-330d-bb3b-93c22101e3b7,823340,5,2,9,171.38628941508043,6.04865260980158,173.14254093706893,4.721543677993966,95.66851135985495,41.524645938338104,103.88031477118253,65.70352687977149,68.0198974609375,6,541
38eb57f8-3b8c-31f3-a4aa-f606e0467aef,823340,5,2,9,173.89599064157082,6.6015273166329855,172.38340598422212,5.385056064326949,65.78693843910713,51.02775428522866,55.72961174896639,40.09117777083991,105.77334594726562,6,542
b6872933-1586-3645-a05b-c54a85543493,823340,5,2,9,121.89124317034845,4.7032704832868,124.94432607418487,4.970137346001729,103.40596215375396,2.441853402063094,105.657902246795,8.539624434512573,19.78057861328125,6,543
6533ea0f-7dee-3d13-bd65-312e90adae3c,823340,5,3,9,168.5279738191251,7.81681897809746,168.5534215439244,8.720345503161054,86.25899109407413,58.6806231292867,72.06111256859211,50.27429265210257,75.95700073242188,6,544
818e3a54-5c7e-3c39-92f9-177e1cee209e,823340,5,3,9,173.3597871056376,5.043801660025793,169.8281185635972,6.534262664652012,61.91071020902945,39.70799148945073,75.9062309310449,58.32248573319222,36.04632568359375,6,545
a0151b56-fd7a-3995-8aaa-4e323d3c009d,823340,5,3,9,127.55891456908732,3.4379855262572296,132.32053229847835,4.020653290558123,109.80737371286456,11.763618799696639,115.10878267318624,20.223958117357004,25.479705810546875,6,546
a093d742-ac51-3f30-973c-57e00ee3d5c5,823340,5,4,9,171.28799244415666,6.487614631276751,167.66583472943898,7.3391056327027,63.83607937562234,40.22869572595058,116.97400931999726,51.79666682326796,30.3287353515625,6,547
8f5821bc-d87f-32b8-84b3-3b7b731d5674,823340,5,4,9,168.27529064702895,9.82582930257453,172.07153975941424,5.366311607354602,57.19136855854723,38.07204768243733,90.43996313324692,72.91319718919108,28.380340576171875,6,548
6626a993-6360-3340-bd17-2777bd64882e,823340,5,4,9,170.79789691812763,6.3856137731303795,175.31789079012663,4.0843245291855315,100.30875461740878,27.358023638928188,164.27557893803524,13.60355595799793,55.53826904296875,6,549
9bb4918a-cb85-3555-8ecf-2358b399c565,823340,5,5,9,171.64251953700392,9.320751194042968,170.89315630153553,11.574265326162935,77.0075992294656,38.333400962985564,82.52072055593577,65.60637714939865,61.093231201171875,6,550
790e192e-77cb-304e-8a95-35a2d64096e8,823340,5,5,9,130.80997506782316,9.093746112227914,134.5170173450157,9.12156138797385,117.22821163191121,21.286171744862312,125.52194892853443,26.09703118023809,29.3555908203125,6,551
9d924979-09d4-38e3-8aae-2c68979b7357,823342,1,1,9,150.7601689960048,1.9399334184823673,140.73265456065758,1.9283299617597007,84.47379181857666,24.459856680993905,144.89407482192868,54.05939273493953,17.17413330078125,7,552
95aa5e3d-8c28-3eb1-886f-40f7c1c7bf65,823342,1,1,9,174.65937933991717,3.145970228661335,170.6817277416153,4.17619713771119,91.83611269860684,27.83437192837439,113.03451561279653,45.47068698605886,56.7042236328125,7,553
4a063b9a-9d57-3459-b1e8-3c929780b97d,823342,1,1,9,174.85362481241438,4.003004964734032,170.30817029359787,5.282409072445831,96.00133807425313,26.865149740111008,124.3245592156895,52.78948742128883,46.6812744140625,7,554
a1be3601-6e15-3521-a516-2dc22a8ec586,823342,1,1,9,174.70182649189817,4.8246019731106795,169.82300071840442,3.1691550705531317,109.55139719819029,32.79638506997706,139.60921058605484,22.14781267062452,52.259521484375,7,555
345e157e-eb1d-3d43-a62b-80ee7976df86,823342,1,1,9,168.46153549676927,14.296992044938394,166.27547167123657,9.216181567076466,76.94019916482758,41.26874577240311,99.9385185310319,66.33892284024232,52.99224853515625,7,556
a434d654-5680-37ef-888f-54a606a3962f,823342,1,2,9,169.17019690078058,8.821446296886597,166.74438375971917,6.9089555005162655,82.89326713521935,51.1232165600103,78.16374423170922,51.694053470762285,41.54229736328125,7,557
4776e868-96a9-3403-8886-2a49c2fac2e5,823342,1,2,9,175.09269774513413,3.604979791729332,174.0081309585463,3.5675931246706987,99.10667346664005,41.74239356984205,154.7169371156448,14.8834285338501,60.639312744140625,7,558
1663fda4-3e20-3cb3-9796-65131c2645d8,823342,1,2,9,174.21971387688,3.618811306814593,170.1170835750936,5.574092393338989,112.45910267975138,23.288536039607685,112.54714196320923,51.22040701595509,55.60662841796875,7,559
eb34e177-3e72-38f2-bac5-3c7ce92e8a77,823342,1,2,9,170.46435007039025,10.374439116678834,170.86992372783746,5.612678197685721,84.354287328167,33.495884517050996,155.5944710433993,21.29329631761487,56.224456787109375,7,560
9289fb88-d0e8-37a8-98bb-5d1bda800c72,823342,1,3,9,149.37861384875868,4.1021844724554475,140.6865112127251,3.518491075178875,94.58439907264652,7.097935524801954,117.54843259243106,55.300953088391225,7.86492919921875,7,561
a4fe135c-0d80-33fe-af01-2042beb513ba,823342,1,3,9,174.87314017222656,4.032161543887923,172.33841335559796,2.1574434931778455,86.57410097794317,28.867790910357485,120.94543639788202,51.762990338343165,53.898529052734375,7,562
be9ebd6c-3624-3e9a-b2ff-d61e73244584,823342,1,3,9,172.8062575365039,7.024635900239387,171.04985230602745,4.73779827494064,98.27766773459929,28.632925963837238,139.88956425597368,53.267396846943896,47.61767578125,7,563
ad68cf95-1a91-3555-a825-43c54e38ab6d,823342,1,4,9,148.88467052136585,6.06108801571193,142.525968433559,2.522126167841409,103.35655239764839,11.796188314311676,150.4657598199544,17.80750928906203,21.118804931640625,7,564
b3e4275c-a50b-38a6-965b-f7444b70457a,823342,1,4,9,174.28158987021556,5.238916935736713,174.96164141820793,1.7282881049080212,94.10654138573904,25.582478818995476,111.7875743590003,57.02431067011559,51.531463623046875,7,565
eefc59d9-d859-34eb-85ad-6b03e2014eb9,823342,1,4,9,176.84506344857832,1.7960675349151363,172.2127260840689,4.506834249694851,100.2247236123613,33.59845424160927,111.53352154643535,65.75660099118828,42.687103271484375,7,566
60ad2da0-e428-3647-a052-b2e9cccb2939,823342,1,5,9,149.05295329184787,2.605394159827233,140.22798770479145,4.415022540752723,91.27293661695815,5.165250363497851,129.61802746310374,42.81045776820326,15.318084716796875,7,567
8102749a-fce9-3a6b-a6a3-684f03457266,823342,1,5,9,175.52263168474866,4.2642461019527325,174.0219917017759,3.3715502469475145,103.34147918375999,32.31872409258483,145.01148897353053,23.930547873172912,59.66180419921875,7,568
eceea6cd-07e3-3da8-abbf-6e90beb371b6,823342,1,5,9,175.02639740722736,2.1611865493744693,173.07265887179142,4.420443075780873,75.95838875291633,42.00893393176581,67.62264054371934,38.33724619231014,34.377471923828125,7,569
b5952611-095e-3220-9765-7a5aa78c79c3,823342,1,6,9,174.07799625772515,4.435713196663421,171.99021777971487,3.8915363181751674,109.2627228629022,37.03938281105509,99.21353734960454,30.881163538478155,78.6927490234375,7,570
6d61a8ac-8906-343d-bf86-ee9536312a8c,823342,1,6,9,175.94390788681065,2.3762027282156675,175.34910573185374,3.5241371090154736,67.54515928371482,36.67445542739589,89.88872666036835,41.64312984358646,40.463226318359375,7,571
936655eb-fa5f-3f6c-8f1e-e6a951d3a0e5,823342,1,6,9,173.16881000004233,5.082552553539025,172.95192061657696,3.6493117549647542,106.74046315379464,37.2117198712301,132.5339500356771,43.52149270046793,62.625,7,572
b6fb383c-857c-34a3-92d8-13e658b4017c,823342,1,7,9,172.62913400699097,7.30881286413203,172.53165881587358,5.42656403498479,119.03142849921988,21.4140337661683,148.3675411652292,31.374536504408244,64.96963500976562,7,573
0f981a6b-dddc-3611-a67b-f771fa0667a8,823342,1,7,9,172.5727451328703,5.787145849439832,171.61324512199033,4.885134072513014,82.30171417848099,41.73342505622072,116.18307428862757,46.96085555329153,42.600372314453125,7,574
e7aac3d4-8c3b-3416-95ac-f8105bb9e278,823342,1,8,9,173.41862451053964,5.65763002241701,170.15527562892808,6.043694385930071,95.68224762213806,41.42498169529985,110.68422020380892,34.516589616729355,62.4346923828125,7,575
20426875-0f4e-31b9-a022-5b5060828df3,823342,2,1,9,162.50375985717477,10.714382689502226,161.6691695134865,11.031136820498986,66.07645187832146,42.28045433915081,76.75197175503085,57.01544724045095,14.679901123046875,7,576
4a4f5500-12be-3474-af3b-084308e74f74,823342,2,1,9,177.01787250139898,2.1749345354942045,174.03919185843765,3.115153783117681,124.20591170057189,49.37004242856041,158.5925788968803,7.563010615923913,52.890411376953125,7,577
0fa73e18-e0bc-3430-98b6-ba0360accaf3,823342,2,1,9,166.77063345949423,12.256417031543947,170.6571695230877,7.974724031411159,101.71585909872493,21.172510340458114,90.68843771474637,54.05508599766306,52.742828369140625,7,578
8a2b509e-e145-30fc-9444-dbc3edb65ac8,823342,2,2,9,166.15869900455803,9.419121915350777,170.65679609453935,6.807559381153733,71.32668509691455,41.834856054013414,111.62924941130854,70.29575385141099,56.223358154296875,7,579
e99d73d4-4209-3a64-9c60-8c60dc524bdd,823342,2,2,9,173.4327844026683,5.523365896696566,171.73034701457325,6.1855890636260025,79.88165846324593,38.93752676745257,105.68008012116415,67.87309572906625,57.364898681640625,7,580
f146256c-dddb-3e18-adde-76abff5b22b5,823342,2,2,9,173.61231127651973,7.037330267007553,175.1319233201516,2.9487288302600803,102.35207505782247,31.632592827237307,156.04568812654605,16.617994093054055,61.61639404296875,7,581
5ce10460-3fab-345b-ba36-3fda85456f86,823342,2,3,9,165.27666297945842,7.500546272540856,171.33103201234124,6.69089228943624,84.77241742747523,41.15192129007164,120.62312263355183,66.206078923862,59.281402587890625,7,582
130cc0b1-52dd-3eca-837a-bac5deaa1d00,823342,2,3,9,176.49751739700528,2.220607710864877,170.85027289473962,3.9801942551130445,115.91031962074618,35.272487783246326,133.006990496122,38.789599988338665,57.5989990234375,7,583
cd284281-612d-36de-ad8e-e84f84ecd962,823342,2,3,9,172.24727488357445,3.7957206210157493,174.55457503633863,4.80743225070233,106.45168440304846,39.41062661294644,161.0447939357311,17.70393690972646,72.8809814453125,7,584
72cad26a-31a2-3b8c-9c28-37b75558a5dd,823342,2,4,9,167.81964048907827,3.4846929998706346,176.44445736240348,2.2399012861845153,108.54502838592485,42.02367339897757,130.44257193383407,21.960495293847135,59.897216796875,7,585
8770fb80-60e1-339b-b334-52402c2c4134,823342,2,4,9,177.5436570407293,1.5526475317494688,175.3696682574501,2.748260889609448,124.2909774243148,43.71570430861003,155.38473585431166,26.505557612956864,68.802490234375,7,586
ced9899e-0d76-3abd-8708-0457819f309f,823342,2,4,9,167.29149611046762,7.55236770885455,174.92300048861023,2.777837810943074,105.85167772234496,19.975639982597524,157.6324825244327,37.84079658846697,52.307525634765625,7,587
30c4cc51-82e9-369b-8a56-3f64228672f0,823342,2,5,9,173.14382152919717,4.03729097631392,174.23045344731042,3.829534215220126,99.94583620686923,27.45897852187171,146.22541955534513,26.198589492301437,62.8367919921875,7,588
b6edc0a4-d348-3658-b0d4-16c66b0dba29,823342,2,5,9,176.39231755509422,6.635234294854645,175.04189329539088,3.3993524794596053,121.15677961207477,21.264099931797407,141.74117649585665,46.40124177205298,59.33477783203125,7,589
4372477b-e7af-320e-bade-b50306cdaef6,823342,2,6,9,176.20121237505384,3.157692625768213,173.08000859211742,3.674280244188909,125.1890849714487,33.41914379754593,158.32650134532835,9.846335560834344,58.36810302734375,7,590
1c7eb691-40be-310d-a8be-29f9f3526154,823342,3,1,9,173.92386246947734,2.04325420216207,171.408478171469,5.83951574119138,107.59683953530083,42.28986404001352,114.29140737864535,70.60638350924343,46.761138916015625,7,591
3ee0bcca-851c-3ea5-aa2a-948260287005,823342,3,1,9,116.46513345300875,5.453001423720197,120.32439572011172,5.76460984092018,160.64497405970874,8.354812062378086,146.6931991358759,10.219100174167139,1.39593505859375,7,592
4c2f088f-b2f4-3228-96ec-997628984dbc,823342,3,1,9,172.9540230752707,5.535367317770768,170.70740937731838,5.872321190195969,60.315033728097404,34.462808764517156,63.833634710633206,69.9053990147973,40.105377197265625,7,593
d65f0516-3abb-365a-9e1a-45e32511d76d,823342,3,1,9,96.24918531139362,3.6541602574167307,95.20969230790337,4.118113377978305,102.04217462073018,9.199451169725556,112.66662208097488,9.224803466625147,15.74664306640625,7,594
a2d89a65-4c05-3a26-b38f-2f14ecc75f03,823342,3,1,9,173.1065697104001,3.4143146593522915,170.3297466812943,8.264227748129422,116.87942495615977,22.091577576388907,120.28916532429652,28.901587134940588,59.279632568359375,7,595
fd4b348c-dc40-35e1-998f-9f6116d304e2,823342,3,2,9,172.93186223255788,6.783561890013045,168.23166302208995,6.908268187373525,54.19231104540989,35.51431600302915,65.15826157148574,54.34942151254769,44.27880859375,7,596
0064a38f-51da-3663-bddb-90dc5322b319,823342,3,2,9,116.30999059934908,3.444158492367701,118.9621828895635,3.7366923712280213,148.88635870824228,13.345926965099306,144.81103769481797,2.457575180919584,17.90478515625,7,597
ecd8e2f1-41bd-3bc2-8d2f-b936ea881a17,823342,3,2,9,172.25064046202115,5.957712800042602,168.46328415644152,7.867043259482891,77.67626599635699,27.67074707526998,117.5656306439773,68.61073098288743,69.03399658203125,7,598
60755c38-4f2d-3a06-9458-1a26e61f0034,823342,3,2,9,99.8078471382899,6.81941409702873,99.61049532878577,8.556475507054238,122.26317523726789,29.183480215603673,127.14462102183029,27.836751276464355,29.45086669921875,7,599
3a1e332b-fd98-3853-b342-21d4cf18dad8,823342,3,3,9,114.67346788756277,5.235413271220243,118.01619902467486,4.942146695917472,161.44448131026013,6.334040505244581,142.6172842645841,3.995040609196431,4.6051025390625,7,600
b2abebcc-aaf4-36e8-9173-1929c9968f9e,823342,3,3,9,173.81828203021152,8.208488399778993,168.49150462048894,7.583903457930856,97.35445788709468,39.89888983423718,146.40507668989045,33.95625952035376,47.9072265625,7,601
fc62770d-73ca-3dcf-bc30-795d957eb87e,823342,3,4,9,112.33516142172218,3.4609496628580763,114.0503712642627,3.739820630783643,165.42925257097522,7.511987384562722,140.9102920640327,5.118186276405112,6.101776123046875,7,602
073841e0-8991-3d13-87c1-15c5a6c6e395,823342,3,4,9,169.63437932489077,7.93979687504976,170.94385403035812,7.184535451973789,92.23948342018099,34.201518992375746,106.92850482540535,59.93784920932203,52.28265380859375,7,603
21540640-f6b5-34e2-bbfc-95ebd4d800a2,823342,3,5,9,107.31201666353294,4.081679200941904,109.42284506809213,4.9409582973103845,155.47353808310245,9.675972371072987,149.81254378270862,11.959396056107254,11.69793701171875,7,604
ea4f6343-ed84-3763-a031-673cd4b4619a,823342,3,5,9,175.13140696491806,3.393262851137019,174.65419545126716,4.396457400261664,114.42618954573352,33.015957493746654,105.26109206596914,67.40401690672569,46.329833984375,7,605
43f6c18c-53bc-3ab2-9b68-e07d44223c60,823342,3,6,9,174.56715609140798,3.823018305731889,173.10992351974727,4.906868246160915,135.68251160409505,26.90724253272428,150.24308412079847,31.43548454998893,57.81268310546875,7,606
8c9ac812-7d85-3637-a01a-1fcf21773267,823342,4,1,9,170.80418056057593,6.74396081126917,172.22325873630032,7.311416250962172,103.51192628954367,19.992397169785395,136.5876451365554,25.168118029172714,54.2864990234375,7,607
52b877f4-4af8-335c-a7ed-15a5734091e5,823342,4,1,9,174.95752709963762,4.447906052227614,174.84132400137813,3.452971971510528,105.08160504799577,24.702816971814446,151.19846334947715,12.716333549622371,37.480194091796875,7,608
46efe036-b591-3568-be01-4a96cd838713,823342,4,1,9,170.00150979465104,5.208390342508044,172.21262412148678,5.285952316231825,80.15263626739109,43.55298863382169,87.36855012161715,72.49139973436633,55.529052734375,7,609
c83cbae0-fa24-3aeb-927d-6686a4935af9,823342,4,2,9,148.94554333114377,11.024900627768375,158.61819635774418,9.957315405989146,76.94716313636883,41.41034840986701,108.41687886411965,55.47538099528739,52.273651123046875,7,610
ad41953c-ef78-3234-8fdf-97c250e49b4d,823342,4,2,9,173.14544684893497,5.37212556390372,167.20186820519055,7.836736361163196,110.70610703243321,31.94591183074486,125.6984036960744,28.883866075246228,52.034210205078125,7,611
4242eed4-cd96-3ded-85b8-e8ddcd24bd46,823342,4,3,9,158.4032793683212,16.40311765713435,163.9286440164742,13.327405230397504,76.39587197124791,43.159953667966306,113.70400395247717,57.92718308367485,50.9742431640625,7,612
f8d9185a-f9cb-398a-9bab-614b7e4cdae1,823342,4,3,9,175.15529497916773,3.2886062294920024,169.77190176873899,3.1926595523519765,117.73618539960002,25.56003293884586,154.51220717696435,17.40112204626685,58.1309814453125,7,613
eae33769-5e84-3a43-aa22-40d3248070d3,823342,4,4,9,131.83606158572937,3.866577778304869,134.93084858367857,5.106706349664294,135.30794063966607,17.083866645672565,141.09847814117774,10.092043783545577,14.78631591796875,7,614
2980f9f5-db6d-3d9f-8d2f-186c7c889a75,823342,4,4,9,174.02464817271417,2.7004616603798484,172.89986246781035,4.685797119605148,118.93425818419026,39.60165294937854,142.85224051007594,24.13729162375322,62.957794189453125,7,615
5ac4a4c6-1095-34ee-aebe-609541f2dbf8,823342,5,1,9,172.13988227631535,8.53968396003532,175.66315403389194,5.345906248807239,101.80697505847326,24.11711006220796,146.83043092751393,17.912291480344514,56.820526123046875,7,616
122792ef-bc46-3244-9332-15d4b28e187a,823342,5,1,9,173.28284095488678,5.154246918499149,169.48886698632393,7.1905753770627205,111.55565309953575,26.748178625586046,134.05364625902607,41.78138279748466,59.88330078125,7,617
8f0c5001-ee12-388e-bea1-a12474b5f19f,823342,5,1,9,109.35872734285336,4.627611379855553,111.9601247445627,4.677897679895122,164.30093710733698,7.781384757969547,139.6423188939331,4.667571698772676,13.235382080078125,7,618
2e8eb32b-7635-3996-bce6-f337d9b62ff0,823342,5,1,9,,,,,173.70365919239015,5.325386517767366,163.1162361976759,1.2366961746417657,1.573974609375,7,619
0b1ce2cc-47fc-33bb-87a5-52517d823c52,823342,5,2,9,175.75667835866636,3.127971645888802,176.42053666430533,2.184586392701022,111.3775079779016,24.36841088181081,148.81618771726983,17.296418050724384,63.0147705078125,7,620
5e50a1e5-0103-3f2c-a559-508fbbf7b820,823342,5,2,9,173.9451677007448,5.501186118199901,168.84212761613435,5.1161699360099835,108.2003287543058,30.87334941920164,130.55523478676523,37.712083129562096,55.1661376953125,7,621
f379c6a1-8b67-3007-a088-7e9cba4c4432,823342,5,2,9,112.21844369774945,7.823298608979941,116.40721953188489,7.011321085706878,177.06434269141613,3.665300242094499,155.7142948263147,11.315049490361597,5.802734375,7,622
98d36628-a2a7-3aa3-a93d-c047e9e6494a,823342,5,2,9,174.6587946158313,2.748797543833229,170.21955898143148,6.796375466653593,119.97688197808877,40.60553488015494,134.28602917427554,63.52757380980044,72.55056762695312,7,623
dc3d8f03-488e-3b03-9922-8036c44faab2,823342,5,3,9,175.43813038485072,3.4011035599735595,171.6060861810398,6.071011292497259,103.34293567889002,28.167052812065798,93.44445155332856,63.68020673332122,55.941314697265625,7,624
d954ff03-fd1a-3bc8-bbee-8cb01f17ff86,823342,5,3,9,106.7927509043335,6.8026378868278154,108.89394822619965,8.204901876532952,168.24394046163448,6.803643889890382,139.9548821953048,3.9543690780762657,21.165069580078125,7,625
9143a235-ed07-36d5-ba18-38cf008b4628,823342,5,3,9,176.62495411921685,1.8151309430503648,173.43214955257653,2.8643023665563945,128.1563888238899,48.49560289117461,141.10808873448158,24.657439214335984,55.892333984375,7,626
5e5dfaa6-877c-300d-af67-9dd5c1ec2abb,823342,5,4,9,170.88009987683165,6.924211061671349,160.7214637895912,11.862251567411557,113.29666762123276,33.53443688725313,154.15355174103377,29.348908402630382,58.60919189453125,7,627
bbc5dd52-a9f5-312d-96e5-4ca985dec697,823342,5,4,9,116.01460017172339,2.549254923160114,119.22087789320474,3.229834613845945,150.22684294461908,4.356806710163719,138.30741261792357,5.444023327570795,10.527587890625,7,628
c18710d7-015b-316d-bd81-790620ba2273,823342,5,5,9,176.8319842781553,2.3401934537592104,166.65196684023277,5.347299593322305,102.28945849413948,32.837152608782525,139.39830843484023,71.5327121386404,57.7479248046875,7,629
298eb5fd-c3b6-3ba2-a4fb-3322f922c8b7,823342,5,6,9,166.91054667045884,7.892462857553201,171.92314417029777,4.996326647180698,74.32342696539408,36.337927559147545,69.89615812158132,55.95024746282449,54.960174560546875,7,630
d4545ac1-223f-33c1-a417-d5345d4cf982,823342,5,7,9,175.11547764099026,3.019340023053119,170.33230581309851,4.576660767114961,103.47004085895333,30.666927849149243,119.48860893225917,55.11904660371803,56.85699462890625,7,631
724bc82c-8f09-37d2-a62d-b98c08df00e1,823342,5,8,9,175.35059588771279,3.0217111207942815,170.02872008100368,9.106752194126633,100.10078475913133,37.441946910811055,131.3759135436361,38.38155385312012,45.786041259765625,7,632
890dd061-7335-373d-8d17-159b2ec6b80f,823355,1,1,9,156.1666120437211,17.15735608230945,164.05571110699557,11.29252021629891,83.47132751947203,25.702204472296284,86.26911633139498,33.5154812328855,45.158782958984375,8,633
7ebbfa2c-e1f3-3fea-a78f-edb4089e4b54,823355,1,1,9,148.00483427183488,8.569683985760136,137.42890255679146,14.49271792216693,118.69501435315664,35.86132436820445,159.10332117089268,10.146414852877648,49.659881591796875,8,634
c507c461-deb8-3247-9fcb-3bda56fe9d02,823355,1,1,9,161.9928850068856,11.167683257658764,168.35646489152361,8.51300246400409,86.4278534705273,26.76972978886038,97.70433311391497,46.20960203071379,52.2574462890625,8,635
6f486f6c-d7b5-321f-9f7a-e8383bd69637,823355,1,1,9,168.82027558863896,7.203771419565693,170.1539176331201,5.843111325504236,92.62888800056933,16.75530582316347,60.95983393951029,44.43902779796371,55.263916015625,8,636
fa0070aa-6807-3594-a411-7abdd97d281b,823355,1,2,9,171.17140778321425,5.269237704967754,170.87497157295257,4.434205328457364,88.39953042182034,38.51977220944816,121.3284660896132,30.657004875913778,56.56475830078125,8,637
5f5059b3-b82c-35b7-8f78-73bfec5b14ff,823355,1,2,9,155.87547993101109,1.0738855227777782,162.19922251528035,1.6072639123907322,82.4143736586639,11.159700078024926,98.53366892026244,10.169846558778701,9.1168212890625,8,638
e0b76897-1747-3ff4-a74c-6a190ff38c3d,823355,1,2,9,166.9778251035024,9.273009781293705,172.03278352328186,4.450997172005147,97.91983475598911,25.70334673458881,122.11387589781806,34.93679140109069,75.127197265625,8,639
9315d4c4-4501-332c-a359-e3aeff3c309c,823355,1,2,9,170.99291471459517,5.207480054206357,171.03115723413245,6.41452672469775,72.73745773912435,23.16490664513024,41.344621703747514,36.71870860329104,18.21875,8,640
bc5eb1ed-e523-3151-bab1-c42da7e2e273,823355,1,3,9,169.90736638623463,5.805646193086058,169.00001310769716,4.92499362021717,89.94405158137761,33.53134425657438,70.14972633759022,57.839860824806124,62.365753173828125,8,641
35b691fb-0a95-39ca-a7af-91754aae4b73,823355,1,3,9,167.0038068750718,9.858234150617536,169.4069110660583,5.411139484585316,91.42273355501241,33.090396318627064,93.56368745539453,40.53503253630183,50.0274658203125,8,642
95fbc379-fbdb-3569-a44a-1c968b5147fe,823355,1,4,9,172.66770171691672,6.28186150209162,172.05696809566624,6.603038879903266,83.59155980542897,45.24868731146924,61.29633660446523,39.30433863720559,48.79345703125,8,643
6c07b743-1ce8-3160-9dcd-79dcc5863af0,823355,1,4,9,166.57277796937134,9.414730718895868,171.49354610723336,4.786868114044314,81.40900091599612,30.57255915131807,76.99264349694766,27.23103372013891,64.77899169921875,8,644
aab51ed9-9846-336a-b16e-b22648b33ea5,823355,1,5,9,166.4941223570555,8.048965486679618,172.09278827981814,7.720445524180743,78.72175211787217,25.27102136890027,73.25303284612426,23.644282385476746,17.50732421875,8,645
839f7b6f-4751-3d37-9f0e-286304b80bd6,823355,2,1,9,163.7518666018044,11.36489537188852,172.40784298034353,8.16149940440819,97.59590073653183,15.379148502858488,88.89005228766082,33.2924157816777,57.1019287109375,8,646
4c3559ca-1aa7-3eea-b982-ba572d4aae62,823355,2,1,9,169.708178510651,4.669745508806562,173.90699766167563,5.373503990718325,112.28467024177144,26.78773342257203,68.77082244452377,61.986625715174355,38.86114501953125,8,647
62c04599-e0bd-330a-a41f-bab6b824ce5e,823355,2,1,9,173.38844204590887,6.274379302473153,172.36890764902594,3.8691762677694936,102.4066671924737,25.275263204577627,132.91144233907482,30.10914902385028,70.04873657226562,8,648
75cdde2f-b26b-3f50-80f9-1463ce41ac17,823355,2,2,9,156.70287889576034,9.62134477665255,165.81641551533093,8.135498069726571,79.17915281560076,19.931912807024922,87.63571735366509,53.12660234159445,27.478912353515625,8,649
61824bb6-6208-3c60-a26d-fae4fc7b4a79,823355,2,2,9,173.07747364977982,4.650607895170225,173.24982454878696,5.790833769174725,96.70942442337275,40.32207914136911,77.22804074773443,57.77433320234421,41.8519287109375,8,650
bde20846-34e5-3fd0-b690-18cdf42ce1cd,823355,2,2,9,157.03634972125946,15.57751137132212,167.5805706299907,10.438843245047444,101.55993933146179,8.472972867077203,74.52773389359976,49.80904541546404,64.87899780273438,8,651
177be778-c4ec-3069-9a5f-b6fed7e78bbb,823355,2,3,9,171.77756628505233,7.025522827114763,176.01126608446873,3.169509949424462,72.55072278050423,38.17826721553589,50.94447122721658,36.528756396830474,61.049560546875,8,652
347ae567-d956-33c7-ba0a-6a90a8e6f0e8,823355,2,3,9,174.17474635537033,5.608890040166936,175.0027074967522,3.6762769377338778,85.47227276432221,34.59044206131357,102.22189743047778,61.780616106912284,41.986785888671875,8,653
a9c1be19-d0fd-3d45-a450-375b6831b843,823355,2,3,9,151.214596430795,10.56565457563148,159.4099701373072,8.491548797664427,104.73107875696797,28.491626667792104,68.45248352087798,38.64078184091365,52.25677490234375,8,654
49544e3d-bbc4-35e7-8ea2-f3c12b25bcc5,823355,2,4,9,166.82677294387688,6.321594890948243,174.4755371169951,4.241052261754987,85.50891783257296,16.60889429184942,76.96783635473314,49.27786696239668,33.31005859375,8,655
c78982a0-f073-318f-824f-665b823a9bc9,823355,2,4,9,175.55898567326307,3.221547799168909,174.30949597842869,3.953971971591422,92.02661589714924,36.220985315858314,62.15465018023494,42.31031337766727,40.067596435546875,8,656
f6c26c11-b03d-38e4-a2e1-e34ead7cda10,823355,2,4,9,161.12078379295176,9.075376182402675,166.60160639183712,7.856169671893823,96.26553471489383,29.150095675678557,95.29914523018391,59.1143919361697,46.006683349609375,8,657
aa5a4b87-c4e1-3d60-aae3-abc5db8db06c,823355,2,5,9,168.6349667559018,8.150878332143886,173.03957696683605,4.8650949638417,92.09171975199189,24.19588277410965,118.77763267718154,41.21812367638379,42.26385498046875,8,658
c55a4751-351b-3345-adb2-c20ae9fbeddc,823355,2,5,9,174.6233006227396,5.75288381017387,171.7503659180046,5.096227880196405,106.74640643207971,28.005787339775708,77.23294601510854,56.06036482344211,60.2064208984375,8,659
d383e624-c922-34c7-9066-b7f2ec603c13,823355,2,6,9,161.58894455562793,4.986412238735373,169.6701334142871,6.399270748044362,90.63111359603812,30.59864687742286,58.45486975861176,19.00634522061446,39.05572509765625,8,660
f7031776-902a-3265-b61c-0aed209b0bd4,823355,2,7,9,168.8792724310778,10.891988346776039,170.48150117611644,10.357922371652435,88.98749092889703,34.63290324909397,101.0441896913916,40.79765323223175,15.58544921875,8,661
147e3a7d-ff3f-3e96-a196-34564de219d9,823355,2,8,9,161.3172924516932,10.46247222225969,166.8091693512207,9.51408964068656,115.95215087598211,9.734018644399526,74.05417449557231,48.21580022011074,8.43377685546875,8,662
8606f132-86c7-3995-83ec-9d5f6e02c713,823355,2,9,9,165.53958735612554,5.997555276175477,171.76148884613292,6.765498216748184,97.4381272295144,25.191499722581145,97.16102979183175,45.566733539040136,22.93670654296875,8,663
f570c7b7-9a09-3194-9cf1-4ad26342ccc5,823355,3,1,7,,,,,,,,,,8,664
5b8a398f-44b5-303d-a38d-7bffa5ff8e53,823355,3,1,9,171.6273974439958,7.551419445565413,172.50410331189997,7.038481495987409,95.50278105268448,19.865576421690353,101.08840629769034,51.874806940958386,35.030242919921875,8,665
61df028a-0450-30db-ad3a-811ae87584cb,823355,3,1,9,155.62245909225066,9.763245625624624,164.90778153786957,8.815601234773343,78.61253571152874,31.001296033436653,87.93195466073028,61.147327327846085,26.4752197265625,8,666
257ff9b7-3284-326d-9d5d-04a3cf47e241,823355,3,1,9,174.41157998529832,3.026166313966447,173.0679908022577,3.9509041758827035,94.57600120845444,20.957137995197044,75.18705254210103,49.58741285084992,51.27813720703125,8,667
827cda3c-7af2-370a-a15c-dade3ff57f14,823355,3,1,9,156.68347102412451,18.35488001756784,163.08921563201773,14.3829449580445,60.41287383422035,37.06670982931839,68.3775845715856,31.502570213472087,32.493621826171875,8,668
fc15e587-4251-3e3e-a8c0-b678f2b5d43d,823355,3,2,9,172.8146270003953,6.884185187800635,169.59525495948293,4.715673618273211,78.37426496707192,29.89315792831187,64.52676193681909,45.11674094382136,33.948211669921875,8,669
d64cda0f-2140-369c-b503-242b7ac136cc,823355,3,2,9,168.73115243779614,8.619385201861332,167.9225660815829,9.73193623174266,95.89796260067219,17.688039207140168,49.16058058670362,31.00660119607366,25.078155517578125,8,670
b3c25d14-5020-3c6d-9be7-ad494034459e,823355,3,2,9,155.65764304897863,14.467813212272079,162.640412083665,7.911504820140234,85.22780957331162,26.286500265103985,117.4623377385338,51.8740373250603,66.11663818359375,8,671
398377ef-4889-3713-a731-befaa6706319,823355,3,2,9,175.65766178657725,3.2869826001559455,174.44490935928638,5.120722902699957,85.76769557067679,31.576381816836985,54.30485492165027,33.06875682891165,32.788421630859375,8,672
7d5c92e3-6903-3549-ad12-c230d236cbfa,823355,3,2,9,164.22571310727852,11.287196465866863,170.26904389491563,5.534157789424831,89.71394343781002,24.06753561969656,74.39673528465698,38.10110559235158,46.93133544921875,8,673
990a3e94-f6dd-3a62-a773-c7eeb5aa70b5,823355,3,3,9,173.6878293849371,3.270966442996245,175.31007666489506,2.9202091618514716,96.67935326159693,21.441700375733145,110.5310468222795,60.062687837446475,64.1553955078125,8,674
050f0030-7519-3865-902e-83555e145de5,823355,3,3,9,171.57702508010036,3.5600854691621766,173.4786361373179,4.109524156603708,101.65660911380799,15.234128832202952,134.4503137770361,51.20583851425657,59.01226806640625,8,675
3e559a68-6e28-3432-9660-199c236e658b,823355,3,3,9,157.20965149664502,12.371638318862528,164.985763984438,8.936380985926041,98.00724436593245,12.312793264922025,73.74343403950724,47.81285306136474,50.336517333984375,8,676
01bde9d2-ecae-3e59-91d4-ceb7dd1b4691,823355,3,3,9,175.5225346321503,3.5282140140937033,170.72196073362042,5.514323312763185,88.79926459090461,27.377890201943007,75.33698223860756,51.5551569707592,34.81683349609375,8,677
20c791e6-0f74-3945-888d-32c9a63af11d,823355,3,3,9,158.5143176422628,11.781220082536498,166.4390869126277,7.989253956630325,89.7871302128537,30.51647583332799,102.14759196135249,48.48611739503415,46.497344970703125,8,678
801171d1-201a-39f9-98cd-fa0b31ee85d7,823355,3,4,9,138.6725615359427,12.158253376789672,138.41986270215114,8.355393654747397,122.95371446587332,18.03706724328796,87.76921603165474,23.878777225125226,16.731765747070312,8,679
4ded449b-e549-39ce-8dc9-5303261275c1,823355,3,4,9,157.05464907524637,11.062384212884478,162.5165713103387,11.70826372083607,72.87186224475572,33.13979487924575,102.11220961316529,43.94957336836399,41.0784912109375,8,680
c858a967-52d1-33e0-a30e-7adbd72609fd,823355,3,5,9,157.34463410049125,14.366096714861865,166.13804272739142,9.865626332397506,94.89795910921174,15.753634277958447,89.5250605414637,41.2607954321525,61.55682373046875,8,681
7cbe0b1b-a2b2-38ce-9de8-f46d99d8c92f,823355,3,6,9,145.5589542610024,17.03052668382741,154.44081024836862,17.200577624568815,110.58851478270077,26.6308364095004,89.97629609274571,58.13767507353954,17.96929931640625,8,682
1680fea3-c24e-3c72-badc-e4dbe2d89e20,823355,4,1,9,167.76058870574278,7.039360386994783,163.3551561817017,9.823748456098937,77.9140082468552,31.0272547541211,127.8303701380424,36.448229063744584,40.169921875,8,683
cd1cf02d-3f0d-3f1e-8a0d-78ea767df6cb,823355,4,1,9,163.83748093344806,9.18908175056568,170.10940691895914,6.433395864253055,83.58526995465947,30.815781179898625,82.28492951769904,46.32244735865213,48.71954345703125,8,684
5673ff50-a72b-3d53-affe-93240fa8da9d,823355,4,1,9,174.63008174097297,5.1859603451546,175.91395535366405,3.7769954321683845,84.82980682492378,19.763009307278715,62.77746293154912,57.68270033672856,55.605072021484375,8,685
cdaeeb31-8d4e-3749-bcff-cbfa0dac8069,823355,4,2,9,177.2904279543929,2.2758909359035386,175.9404125220273,3.0794607213792444,100.54012985712228,22.02068896211636,87.29283876752586,64.82121272185373,58.17132568359375,8,686
daa98e32-5bf7-3fcc-834b-f01b4801d2ba,823355,4,2,9,166.92461193710216,9.547335959501982,175.00232956527273,4.688947650135627,104.76141558318757,23.29455810429792,113.66693313387327,42.58818615996948,62.55218505859375,8,687
8d5c22be-b518-3cfa-b13f-f12a66fd40af,823355,4,2,9,176.9651113466012,3.296127624590844,175.59176341006457,3.0605152983851975,106.26293118349885,25.034828793912588,80.73262957715103,59.31190242333954,65.65280151367188,8,688
1f00e512-f616-3684-b1c0-3da56abc8cdb,823355,4,3,9,178.12258525186166,1.7293347972879574,174.2533133093116,2.3256584911904556,120.23323793144287,17.96171043657981,134.5215130737801,56.49306311653566,72.84786987304688,8,689
3fdf9027-9068-3b81-b40e-9fc4ca045a47,823355,4,3,9,168.57298738382266,7.983436440357498,171.81491424816747,3.9459653660599345,92.83407606229572,28.672843807986002,94.2906407963842,34.39674047320694,56.598876953125,8,690
581e82a2-a6bd-36f5-b945-678e960a8bdb,823355,4,3,9,174.58189742202896,4.881217967924481,175.76715800857474,5.170366534016638,110.5403001302961,23.11671731600815,71.0062133456449,61.4978394483018,64.74951171875,8,691
abd2573f-6d08-3365-b5d8-5ce04910fdbe,823355,4,4,9,176.2418390805842,2.093826712732006,177.04954650538616,2.7938130210649037,95.79866488140195,23.671467433868614,63.90546017850935,52.03894255184723,69.79550170898438,8,692
b06fc35b-ba1b-3dd9-a939-ccb868232244,823355,4,4,9,172.30249181884224,6.479597861458465,175.74340249761647,4.1546860047809755,101.90981297470404,38.90815653879325,97.9656879513211,53.150510701600794,64.71707153320312,8,693
9c3eea25-5f60-3cda-87a2-1280cfc1fec5,823355,4,4,9,172.87984051377245,3.9588698693406124,173.20209085139726,2.13047535794579,101.97757162060866,17.926659530491513,87.73326499055942,70.07724856708545,63.091064453125,8,694
71726660-74b1-3b25-8a54-5d8ee55b6b96,823355,4,5,9,172.46203205638778,5.610327254584603,173.3456063924222,4.24746667029181,116.48915150166353,31.323731380355397,109.88514650625149,38.23060684356893,74.76998901367188,8,695
690bd4e6-cc54-35b9-8b19-5f5ec1139865,823355,4,5,9,176.9232780513103,3.0263246904356116,177.38528106534906,1.8099101420516917,100.94388769328664,18.056471154394437,128.26885189818137,62.12256915386303,67.8046875,8,696
ac127bb6-0798-3fa1-87d5-16d031bad419,823355,4,6,9,138.38741299854115,3.3648493588916137,141.3253878860873,4.472754059396596,161.06917165490984,5.478207124434101,173.23830280403934,4.275505207771886,20.687103271484375,8,697
ad185317-4254-301f-af69-fe2070c94faf,823355,4,6,9,176.14184010605604,2.286259365865705,175.15733735147933,3.2577854651492175,73.2944424200251,17.745259777080413,102.62215052318734,72.81102077019018,49.34771728515625,8,698
969c0211-e6be-3649-8cf8-d3dd6ac01968,823355,5,1,9,173.2908174410971,4.352666554278492,170.71159810765178,6.323835535632218,96.49175212589086,36.61650840026372,40.723539236916906,34.002306841923705,49.74090576171875,8,699
2c3662ec-4a73-3d21-83a4-5a973ed54130,823355,5,1,9,175.10820199568633,2.151177782728872,176.72976508701512,1.6619851728498278,85.17828618993327,34.23440663585868,74.26498571450189,51.14891191596812,43.36712646484375,8,700
732548d4-4d70-3e31-867b-53eb65483416,823355,5,1,9,160.45623045701007,8.654403261352467,164.19227099193546,6.436895594581616,93.5824629200449,22.81849507241951,143.01584580789503,38.59489577123486,57.405242919921875,8,701
ddba5d34-ee3a-30df-bb45-1d3f2daf7365,823355,5,1,9,174.42278268548083,2.853939063439262,170.82364476322792,5.417883186255013,94.54731512947878,19.422159225920222,134.23513388335448,41.91663360606337,54.91168212890625,8,702
ceadb5af-717c-3a93-8c29-6efe874ad900,823355,5,1,9,160.987563534232,15.027644630790432,164.1925306222098,9.934992998066328,72.07023742808872,31.440818806799157,119.60494055577497,56.522670462082225,45.168701171875,8,703
fb828a93-6c52-3004-b633-c8e3a145d8b3,823355,5,1,9,173.65003095826034,3.275185881624567,174.41236620242483,3.8324678596477373,86.54740648726408,37.62230597330679,109.14212162382245,32.02630579394037,52.6400146484375,8,704
14da7dc5-f29f-3626-9cd4-50a7ab7f3a70,823355,5,2,9,156.58927152280856,12.238789110039827,163.54413641980383,6.712970433150197,78.02997574144051,26.570299075619136,63.01626891867655,38.140865934743275,24.1502685546875,8,705
026b0166-83ec-358a-9cc7-671e0a49788d,823355,5,2,9,175.15304909598615,3.8260190116449326,175.04787043116434,3.707743111812556,94.06033167867298,19.52913011170979,100.31105651696413,61.643334084472315,60.972900390625,8,706
861873d8-839a-3096-8d6b-4edb48a616e1,823355,5,2,9,165.0578541633582,12.289226252631366,168.35870552057523,9.300804594792094,84.57653559901604,23.534733482151164,96.86924328961555,61.40242832127374,50.569183349609375,8,707
126b5eec-5a88-36d2-b46d-38b8751835de,823355,5,2,9,163.0742469919606,10.884842293139782,163.9358085373937,6.728065399950741,108.03692751715829,21.069903194668793,137.24926899794997,35.19348751503566,65.54718017578125,8,708
66bb9a89-b454-3600-9f9f-34f84c9ecb83,823355,5,2,9,173.90784778867976,4.073936319232302,171.49678133373493,3.970875761638104,88.13293728018441,30.65461285240521,105.00737472759846,54.651665819217754,48.8118896484375,8,709
91ce8b5b-7d29-34db-a25d-8123f4e9d657,823355,5,2,9,169.67114018310576,9.35782036981948,174.07783825012444,4.99635883512308,96.67106824193421,26.738945451254356,126.01287077257373,45.448029240704244,47.918975830078125,8,710
d588a0d0-ed06-3110-a1be-fab7dd85b136,823355,5,2,9,175.88455491273695,2.8445932110667616,176.7207939300027,3.546498727548568,87.4009770686627,41.97702918564254,86.05504008790382,38.99823249138245,47.72064208984375,8,711
0c82ef50-1e21-3eed-9705-1292908d7aaa,823355,5,3,9,175.38980657086697,2.333282364601206,174.45527435959463,2.5449309440991508,90.84881404023159,16.601041753614027,101.26605799804055,64.30827683945647,47.80517578125,8,712
ee710acb-c22b-3d30-8138-96a8c2235b05,823355,5,3,9,171.35333244071614,14.749117848608293,172.354613807528,8.09264475059301,106.3718903045935,45.15176805735718,50.643804388916806,36.50572723746893,123.23248291015625,8,713
e21dd9da-cae8-3ef2-8201-7ad086847c13,823355,5,3,9,157.3647381001455,7.173562304599781,163.19769779150187,5.167278271054541,71.48625232459004,29.231228649919892,99.21963519405872,52.33643964719841,34.379730224609375,8,714
a6f2ead8-abbe-3b13-943f-4a2acace7f41,823355,5,3,9,171.42414672912548,11.714438078532229,173.76775604090696,5.9779661177883385,60.54102713273351,39.970732831249855,93.63722493631971,35.94369398331601,35.25830078125,8,715
6b6b3695-480d-37ef-b40a-3be5b87398ef,823355,5,3,9,174.3526465230273,4.764633409806214,173.03956905290525,4.741884795641524,100.66904326079484,19.728542900683113,138.45785098209518,36.24215419395843,71.06597900390625,8,716
0aa835c9-1f3c-3460-bbe4-faaa08f7aad8,823355,5,4,9,170.16903053882072,12.431291724333654,171.2904053944949,13.10563299844311,62.0534990798168,35.71438387793477,40.25662105182672,28.27297476624559,21.88128662109375,8,717
20e927a3-a526-342d-b9d3-8d107e1e9d2a,823355,5,4,9,169.13040841258672,8.84295851707489,169.36278553708812,7.074653133948416,111.34405904673396,18.972003825430683,144.12355414264078,36.37709188165035,65.4171142578125,8,718
604dd845-a391-3366-b5ba-5e627731bead,823355,5,4,9,167.66869395520916,9.02561665671724,173.6106745774721,3.548053754139978,57.88279461782755,32.18077417271307,84.82035862056964,52.557480281629395,22.144317626953125,8,719
56dfeec2-bdf7-38b5-bfc8-978719482993,823355,5,4,9,174.09643926355062,3.6273073183242657,174.01128729237553,4.113893458175582,96.11939432152668,26.54530791035946,91.59904624805105,38.22222473216093,49.32281494140625,8,720
8bb94968-a6ed-359f-a97b-14c0e04dd081,823355,5,5,9,166.40038486387203,9.099074958048185,167.10692039311226,9.454306782740725,98.66568801245631,24.196748591038496,137.94410860634204,9.76916481628893,65.80044555664062,8,721
aef65dcf-0606-31f9-8839-8d397a5af547,823355,5,5,9,167.79706943496012,11.11144921132421,170.80504198958988,5.089058110481259,87.67492935736419,28.035312119390287,130.28165377637293,33.393395600471,52.1619873046875,8,722
03171209-004f-3655-a5c8-5bc6ae42df5c,823355,5,6,9,164.46814575742826,10.333791121778695,167.38904831428601,6.406246737702335,78.21771652137107,34.77989111287894,133.9078906272679,31.74994994154609,56.68212890625,8,723
d8e36e14-7c6e-3575-ae54-ced1d2b1f7e7,823355,6,1,9,166.9598257467834,7.704076019620127,172.3911621253816,3.3268510753795533,67.53764428853985,33.435915566245725,115.18840947335813,27.38285060887142,21.63031005859375,8,724
cc085d24-69e2-323a-8830-b2d3b9968f47,823355,6,1,9,177.4682212405727,1.930620104366318,175.22194441602184,3.4026079168990906,85.41043836100377,17.76792357402985,136.1602129951571,46.2452387401517,59.8792724609375,8,725
a6c4bb91-cc91-3e69-82e1-88a790dbd428,823355,6,1,9,166.3644509174496,9.47886687405313,165.6929576619741,12.818963774265997,75.09309583982048,38.24534159160449,120.46531884948016,54.785588201751736,89.90093994140625,8,726
844c3aa3-cc01-3e64-8f13-7665a146c422,823355,6,2,9,164.09133472284128,7.180420108323441,167.66159705764736,5.055414776193858,84.64557423188475,52.5334013727127,74.11246155075843,58.39225526054553,28.9930419921875,8,727
e7e2edd5-1165-3f1e-9d86-0bb40a6c6a0e,823355,6,2,9,159.5377865428419,13.682293447794532,165.67578926951086,8.4594163545493,61.90064512273399,28.181991940986567,85.64491362583811,57.89368183499722,24.946868896484375,8,728
4c28bcfd-98fa-3e92-808c-23664e14817b,823355,6,3,9,167.0363926927695,5.861160418992483,169.0600894317646,5.222687243728644,81.68327645384676,36.327102848504765,69.30592527648899,49.24958536287606,11.823150634765625,8,729
b93547bc-3227-3ebb-bb36-90c140965b06,823355,6,3,9,172.07151701657082,4.463531924404851,171.97071505278643,2.9863247705604543,98.86147894107307,38.58480189805339,144.2872479064484,27.648747397866234,56.5181884765625,8,730
907fa9fa-94c0-3c75-a00e-03be6fe1e793,823355,6,4,9,168.7736491223087,7.440811860563444,173.92069827095207,5.6027217885475995,95.54639941911903,37.311578152787675,123.2901878018763,38.78407855003053,58.99951171875,8,731
4e08a46f-8296-373d-a6c2-3ed8e58e983f,823355,6,4,9,166.50764990941403,12.33799560448747,168.41793265700244,7.545551013668742,73.3877695607065,33.8858453457037,102.08636230604141,50.165916417857076,55.8209228515625,8,732
69d818dc-50bb-348b-8c06-5f830245a3b7,823355,6,5,9,169.51740272800785,9.661459960746075,171.8829400139502,6.811846402456586,93.39469139351093,32.54440621781368,109.74121140195446,52.625853967076594,67.57974243164062,8,733
fcc7ccc8-40f5-3e4e-87c8-04980b59dcfd,823355,6,5,9,162.39446763234096,15.027743949901453,165.1987488196038,9.370228734969707,91.61816677065613,21.346321053822674,101.50939081662776,31.650014724600407,64.33456420898438,8,734
73e4670c-8038-3878-9bca-ae6fcee2af10,823355,6,6,9,166.0142890799127,8.123885965931272,174.57806027374647,6.3606924782001055,89.19143923937777,29.612842800039765,118.70068424196549,28.34409942533327,56.973602294921875,8,735
8a762183-662a-3b33-8a1d-db01c444e5d1,823355,6,7,9,175.94490668375073,3.2674522854590773,177.15868002906421,1.9452584762209564,80.09578495803359,43.661680911519205,127.80139074229965,31.976062714732358,55.01904296875,8,736
5334351c-8a5b-3b27-ac09-9fc6db175b3f,823358,1,1,9,167.7111246471003,11.830968065220643,166.96699636633792,12.30219297762114,96.82928401381807,32.40298716893855,86.1092445036199,46.092892648456996,55.800750732421875,9,737
018d50de-ac09-3bf1-ab6c-75811c1cd68e,823358,1,1,9,171.91457136907331,8.727807890106613,170.8201104043289,5.408879174597238,69.5252670799571,35.610760810913455,92.6037815033416,61.16236824893769,84.379150390625,9,738
1823a896-c0d0-3e31-9a79-e04281a0b029,823358,1,1,9,168.325853981217,12.694199512677667,169.45845990474402,11.449288492738035,79.35708397237875,26.571526102945292,94.04255862433736,62.04892469954473,73.9476318359375,9,739
624be22f-f459-3c90-b2cc-70b9d25c4fde,823358,1,2,9,142.3072662562714,16.185860113020038,145.98680995901896,14.811570756346487,90.21108833851744,29.61504670670444,97.75018142947084,48.9914846811858,26.605743408203125,9,740
e98c6b35-fbc2-34cc-9672-1ac311a31df0,823358,1,2,9,168.79752310545916,7.8470313656619375,168.42052471980526,6.746173625826709,90.03965852869109,32.53216198969226,73.50413452375922,43.0801613739917,66.96676635742188,9,741
d86a717c-0418-3b35-85f5-c537578ae863,823358,1,2,9,169.47093809813413,10.416568741453405,171.3890083906912,7.861416610406064,77.67334729962698,36.087495262753755,86.95180342693185,67.07433352373175,79.98416137695312,9,742
28642c9b-7c6f-3639-96a0-9dbb8e815d5b,823358,1,3,9,152.642981215871,12.126530613926464,153.5863681936636,11.849864536104986,82.70315962886667,45.68515602750332,77.05204602850462,62.735705372839284,38.22430419921875,9,743
36802a7d-0e31-3ff8-9c26-7412e413bfc0,823358,1,3,9,162.19466922060897,14.875292573267048,165.14502886009996,10.98177922845489,67.23206316325653,37.86893000651878,69.11918506234201,38.52951466212658,48.523529052734375,9,744
0ea62308-69af-303c-8e82-e1fb86f3cd10,823358,1,4,9,141.86150145721035,19.221796354104292,141.6383028475895,22.62498012991573,69.06446988349818,43.1542377802652,91.31139657238545,60.0768167359429,39.200469970703125,9,745
29d354ac-5b9a-3051-9480-647f39cfa6e7,823358,1,5,9,149.09175138320947,16.18292019134268,153.99091866519672,17.95562819739584,80.28826977489585,42.43997314589102,91.47813236048077,59.02165337363652,30.229705810546875,9,746
5f7306c1-bc77-3543-b3f2-7282592b6fc3,823358,2,1,9,164.3582646721675,9.95575356719932,169.1212357209182,8.69399362307721,77.05616770404939,36.61954608188827,74.19676398588835,67.76748127648482,20.058319091796875,9,747
349710fb-6308-3bb0-b44a-d1ebd50a8a7c,823358,2,1,9,162.80538412208705,8.117320267343393,169.69501185497097,9.309283515524111,79.58171359373304,38.63711857264692,73.94125954587192,49.64067967789347,29.979766845703125,9,748
838d2016-ddf6-38c6-9ca9-b85f0afc97d3,823358,2,1,9,165.46959952133687,6.988715530970377,171.01239092613764,6.771957258258912,65.55588758247887,38.12135372488641,52.12571674576057,45.87294247615393,21.7662353515625,9,749
fed21a9e-7757-3066-85f2-cc5ad5a8cf2e,823358,2,2,9,164.5632874391542,12.607594745204588,167.8153001479327,9.806794552710855,88.96387902130141,27.857207148786287,83.11656202065463,58.65208081412677,65.64730834960938,9,750
8862f1d1-d59e-32d4-a4af-17ebf69104a9,823358,2,2,9,163.56909897196212,11.33181285527369,170.0749086987746,7.738071114828014,61.869682084243045,24.295942667130856,69.7511160696863,59.23513014627716,44.765533447265625,9,751
3d59c1c4-6823-38d5-ba72-418ffe1d4058,823358,2,3,9,162.54465497994434,9.752389414810196,165.03481932642683,8.75865301042054,60.75445579614081,36.52303010030824,54.85724755681654,51.879837479771126,51.738739013671875,9,752
efb1642e-308e-33ff-a6f7-62b62e9ae9a2,823358,2,4,9,124.65624988008466,43.87905182374428,117.49999256134655,10.549403750213148,135.49438989158932,17.391866957004087,159.4813267292786,8.822499189057298,9.57806396484375,9,753
d52a75a8-6a8b-3159-b25a-573731e5acfd,823358,3,1,9,169.51131234371263,4.685081916469568,173.52936542787583,5.644292401366355,57.63970843612219,45.25446448392997,57.84994715714765,66.55379680105601,24.52685546875,9,754
32b7a7b6-13a4-340f-87ec-6e45fc8dd13d,823358,3,1,9,174.82347375455473,6.8363183944269705,172.20060222066283,6.034904592481972,76.92265093323397,37.80790725181384,80.58969009799364,51.89052984544099,71.98764038085938,9,755
d22fe96f-fdf5-38d2-a61f-c2f9e67d9356,823358,3,1,9,165.67057420160916,12.559015948307021,166.9806346900417,9.156766571573861,79.87931985350819,40.51347083056056,70.12490459602333,61.147264879346544,27.702545166015625,9,756
06a120b9-fcef-3a0a-962b-ac8361b98153,823358,3,2,9,150.43868226396924,15.243447826766255,156.72427565805685,15.116309570119487,76.1157458646381,31.537445152692378,85.44733927812463,78.01050696475839,31.31414794921875,9,757
722e252b-a17c-37e1-9d25-9998d1f825bc,823358,3,2,9,173.6630815182016,4.596745860557394,175.3006890656948,2.2858789570398432,79.24253498168945,37.08768525432955,114.02545276781153,63.19986850045459,77.08526611328125,9,758
20c35ab7-c808-3fab-92b9-5c87347b57b2,823358,3,2,9,171.3032254126124,7.124654309867936,169.7044261192725,7.156350999472212,92.4594530239839,19.586405502038033,110.6396368370097,63.89830708599168,74.61593627929688,9,759
f435fabb-65d9-368b-82cc-daa39c1a7ac0,823358,3,3,9,172.20487767743396,6.31255076839738,174.02893204011355,3.9227839015900177,59.5010081403681,33.929546878130395,42.11812664668326,35.18941433021213,24.740234375,9,760
3ae57c41-d89a-353a-8b15-2ee0709931bf,823358,3,3,9,175.28717980315537,3.6239550172175594,176.5555957513819,2.039826291540574,72.74051527163668,34.81809034753413,76.8748765846709,47.86023531498693,33.32672119140625,9,761
022263ab-9605-3dec-978f-5c113ee01ced,823358,3,3,9,170.36392709829417,7.645861135760028,172.99002992944574,5.083873008187719,70.8573100918382,28.407829598933688,76.53072271460925,43.518315130360094,46.9295654296875,9,762
94130c28-af8c-379d-a4ab-7ff2006e6d0a,823358,3,4,9,164.9790557165597,7.9020966328537545,170.08800362705117,7.713532906431374,78.27940391367122,33.81429435659593,59.12788037386144,66.52096545885509,17.143524169921875,9,763
9ffe07b7-51bc-315a-b92c-b9419ffa262c,823358,3,4,9,170.41308734941856,4.309380814612053,173.74893097336022,4.374465488544211,85.03913460547274,34.24876355969975,102.72753363915483,43.537465649638506,94.60336303710938,9,764
41b7c567-8dd6-3547-bcfe-8ca5657f9a8c,823358,3,4,9,169.41559285710252,5.686506235105641,174.84533311988696,5.259246306042104,69.23992366921227,42.37835214627799,51.05601610600365,67.08886446390085,15.944305419921875,9,765
ba564a50-a29d-3014-afda-8896515cb27a,823358,3,5,9,161.77589712427985,9.72889302624154,166.84503305421526,12.536537826760886,43.40469049586923,19.26521263868883,39.33077732745757,42.879998890775916,14.638214111328125,9,766
33007701-66e3-3a86-b713-336d3230dac2,823358,3,5,9,172.26727589108935,6.614386728736981,173.11893501728477,5.284701319581842,85.01470584161022,34.31849457508228,125.71437041966664,61.05660032605404,72.11782836914062,9,767
4065816b-0077-3bb5-a531-82d0404874db,823358,3,5,9,161.15255793589603,13.268628160701782,166.57246456454973,11.316805443276975,82.20441166880221,40.947142989196685,69.84745197662419,44.45330514279134,44.156402587890625,9,768
512932e1-7de5-3e61-a7df-8a18adc92144,823358,3,6,9,154.29118180526152,14.758651846428297,156.73339797107272,6.701871848948267,80.03012095574852,39.81673164705025,62.86890101082593,60.80994627714973,37.438934326171875,9,769
0dbbc234-a4ac-3263-81dd-0468efed5989,823358,3,7,9,169.69226640902608,8.794822116599391,172.94600890665512,7.192752024662409,59.99284333450737,28.736483426939518,54.276565472498824,51.80840262700475,36.46209716796875,9,770
2324e976-ecda-3029-a460-d3bed2bf048a,823358,4,1,9,156.12554400373386,14.030761130526411,161.3263483001883,14.921166271533513,77.86477667091037,33.29541407841247,101.75452440126452,74.85169984109145,66.55587768554688,9,771
ad2906cd-faa5-36f7-a929-f01640328db1,823358,4,1,9,163.6364287002472,7.711362973463057,166.30741074775077,7.760201766271057,76.03500408015506,16.359067709898028,77.88148251996924,66.75177725758743,35.209259033203125,9,772
1dc30e86-40cb-38be-90af-a979446bdaf1,823358,4,1,9,138.65000425101505,20.549300681854625,139.78916761343623,22.325780282064226,74.381543069362,37.999718335583616,78.1208864988489,39.970814307417015,198.8405303955078,9,773
2ff47ed6-88a2-3699-a1f6-522ed07308a2,823358,4,1,9,154.87404460229578,15.14003258781076,161.88544758371432,11.46216711228368,76.79023818973555,41.219793605275065,60.415280554036016,68.80538460948705,21.87847900390625,9,774
2cd4dd8a-9981-38a9-83e8-c35b9d16f7f5,823358,4,1,9,164.10960951095586,12.784210939270693,166.0962452387066,12.759282937345281,78.24406410510034,28.761097798207846,101.51397380671368,58.30734858231572,53.12347412109375,9,775
d1880bcc-052b-39c0-89ce-31dc1dc0040c,823358,4,1,9,162.80297261564624,8.709108289765283,169.58998727878978,8.466204302197257,82.35308479271063,33.410584466714624,64.4313846553711,58.00444982681762,31.0028076171875,9,776
f35a99f3-8eba-3d95-977c-6e0da0a9861b,823358,4,2,9,164.1534359840189,10.693039566869206,169.08758220282323,8.349815309580212,60.798416477665846,34.83376911524663,99.79856068968208,68.40867336380882,21.918914794921875,9,777
707c605b-8673-347c-aca0-cf38e7d121c1,823358,4,2,9,155.5766916747802,8.09261878546741,157.21656365798796,8.470732174856105,53.24308378645002,22.648587563414612,51.598649799759684,62.15611242717376,48.859130859375,9,778
3a562505-ce6e-3215-956d-102ef8312781,823358,4,2,9,160.7311841049581,12.442891586490818,161.22306023713404,10.693118009325605,65.50724454237451,36.26158440753295,53.57085299858669,42.627607564495,33.47698974609375,9,779
48f2a137-ba60-3fdf-aa7c-3cc0ba8efce0,823358,4,3,9,160.46648497369233,15.682865933360628,158.12805566235025,20.189245606684523,40.35230503789004,26.83153162335632,50.92520404549859,28.661164135190123,30.283721923828125,9,780
6880a90f-b28a-3e06-91a4-78fded60b37b,823358,4,3,9,152.88034972255412,16.377582065177542,160.50686355453388,12.989775370043331,89.73602290319224,29.146675455627392,63.83256979949229,49.94557173761343,25.5692138671875,9,781
b667c971-c037-3b5a-b1df-1fa3b4b3bcd8,823358,4,3,9,160.768129984661,13.852418663726116,160.1272128010311,14.25314638642245,69.47354845386236,51.05684695902725,54.59803520084636,28.071314455685865,27.96044921875,9,782
b06dd4f6-4104-341a-bf27-5052928824ef,823358,4,4,9,166.5712773155511,10.732201956277681,171.81779343192477,9.586237431208131,66.2737111071086,37.967264574211846,36.1358039259529,20.160337711000903,27.77044677734375,9,783
b4cd5483-e348-35df-a49a-c777a71bd48f,823358,4,4,9,161.36086713724166,13.414294807520026,163.48070525558117,11.790808038299396,79.72418894428122,37.456142716150495,69.78051814471172,38.08091389006798,76.21359252929688,9,784
d1c7cf04-98d0-3177-82f3-1d94e2f8bc6a,823358,4,4,9,167.30020898834638,10.55455784061466,171.15569023052618,10.4411551140487,88.13581035740953,25.879944060022023,102.14412887487372,54.02294512665868,79.50863647460938,9,785
8a66f110-0eaf-3b47-a0f5-42048593c987,823358,4,5,9,162.44138663437718,10.616864315515247,164.69371845410123,11.869277750567928,63.256143579268254,55.380910827209505,47.649482833919954,40.91691868653294,31.774993896484375,9,786
cf08ffd0-fc07-3cfa-9a4a-ea3f5b47c950,823358,4,5,9,156.7924825850866,12.95083691676611,161.2004362231969,12.760015627865988,72.03209315149032,34.829189720997896,75.69812828480043,56.26271063782967,23.8421630859375,9,787
48b563d4-288b-3019-9c47-1fced2fb7df4,823358,4,6,9,151.58450444620772,7.14534124846868,155.64547756727347,6.710132432812376,65.26590531539237,31.90729952214558,53.063992569953655,34.65776639032506,32.140960693359375,9,788
481da2ef-5949-3e27-82f7-8994670415cb,823358,4,7,9,158.22968768859496,10.551060921515102,162.7596915148855,11.393142229881253,47.79483219082882,37.48927428342385,57.42352489540178,50.50742770796891,38.47528076171875,9,789
3ac3b686-d2b0-3119-903c-25b4f8fa09ac,823358,5,1,9,155.06841509854462,13.837246862553934,159.52167099569067,12.867930857877667,72.44975864511555,32.46352444382756,73.7873512198942,45.761618701106045,27.654083251953125,9,790
720143a8-a2a4-35b3-93d9-d1f6330f91bb,823358,5,1,9,172.13866542552336,3.5836884864566048,172.08993601777328,4.490516230087738,78.903033269459,16.287582732269094,64.94963248368157,51.0190872910808,57.580474853515625,9,791
fbcc4b74-07cf-3eae-8a44-2d8294ac2e80,823358,5,1,9,165.2340706052413,12.527835228837896,167.6681995526668,7.555037690802982,75.0823333296077,37.086713172865444,62.461247868116075,59.8508964910532,61.571533203125,9,792
f54d9ec8-4e32-358e-9386-78029f5d92de,823358,5,1,9,155.52358386473904,5.468969085807173,163.46932861559378,8.76931000613762,80.84744934276299,37.56891711899386,60.48008203692244,55.27761270266075,24.03961181640625,9,793
23e2d5ff-0c01-3ed3-b5e8-5f96bf0644de,823358,5,2,9,164.43074222965834,13.468553668596366,166.68137245017084,8.856496682827947,79.90526020417786,39.907175443301185,51.145808913781785,64.03567003155581,33.218963623046875,9,794
250df8db-26b0-3b62-8e7a-9ad6020168b8,823358,5,2,9,159.29676330985342,6.148221854736036,159.46662774305403,8.168472878412842,56.4688846144277,24.743293571926007,32.984548438928265,25.93959308938198,31.742156982421875,9,795
f941282e-8e19-3ee6-b6c0-41bcdb0bbb0c,823358,5,2,9,157.91060458027837,10.63651566712897,165.03236441601857,10.451166241875702,83.16389071268645,40.07169253956032,66.76753159763022,53.54352795375241,20.886474609375,9,796
7c4d73ca-1f71-3b91-aeb7-c5b2cba9328f,823358,5,2,9,157.57284845290033,10.525362152007606,161.36630821440332,9.99537958111406,78.1658236123987,37.58597084724037,55.5955488242805,59.05133396770082,27.672332763671875,9,797
3a83249c-e4a9-3cfd-a8ba-fb6943bf3995,823358,5,3,9,151.44269127382188,14.872814260314097,156.12822044310448,13.380748901811382,74.70353506552118,46.80482101004121,52.17124904134911,51.136539663771835,40.006317138671875,9,798
5d6f8a1a-2457-3ff8-8cf8-2fe89e0078b3,823358,5,3,9,157.10591591821066,16.244446045592085,156.6788761083627,21.827262797641325,62.96986841131083,48.349265644928785,75.48152185711736,61.31662494830166,45.26483154296875,9,799
b9e91324-6704-3cac-82a4-2de508605eee,823358,5,3,9,163.68354328827635,5.832255274047493,167.48438050006473,7.110071187059674,85.24197139324417,31.899052272420004,67.36491051754302,43.70532474782115,44.1968994140625,9,800
26206b78-4590-3fa4-afc2-b0902e091a94,823358,5,3,9,156.05657368387935,11.743470601332739,161.12013204434757,10.572330425466665,65.79266231121193,28.90109112792926,45.4209996220154,42.555744278748755,21.734832763671875,9,801
e0c64f00-9cf0-3959-ae65-81f525b3acff,823358,5,4,9,,,,,,,,,,9,802
42da2973-b213-3d07-80d4-38d923c6b4c0,823358,5,4,9,157.29970056604418,13.74698946939913,156.78655253030217,13.612851728017542,59.25656275196203,31.58888084298814,51.725597471476334,45.989063093912634,48.152496337890625,9,803
7fbf22f2-8dd3-3802-b238-cda2d2b3333b,823358,5,4,9,172.20369763296932,5.120236926446522,173.10259375919657,2.824303600665188,78.21347146074031,40.9644340037468,113.2711639203967,63.69590840188223,73.3238525390625,9,804
7669cbcb-902a-359a-a269-8c181ae119e1,823358,5,4,9,158.6488466544742,11.928361634886011,167.1127540786611,8.17337454460991,80.47526452740755,44.57054845596307,77.29083570057658,70.35374738679533,60.512451171875,9,805
b9c89ff4-a068-3c66-b312-0a2d27a24224,823358,5,5,9,153.1385965766103,11.162998919389153,164.25739273649887,10.582541601672602,71.23130167557113,36.89172769751026,70.54068978523162,57.91085755901507,19.01043701171875,9,806
e937469a-e707-3940-97ec-ee26dd0d3b30,823358,5,5,9,172.52213017473832,5.002204030171876,174.9170192867744,4.6054513524962415,84.0821103592773,33.112337741546156,105.33001934060992,61.30862643610707,70.81103515625,9,807
33e4d7cf-d305-3b31-aa18-f86af0e97751,823358,5,5,9,160.18332636235962,10.351461817726209,162.75298250583944,9.52215339951453,89.83023284696047,31.386023242634938,60.25163499656066,53.237438246842586,37.225341796875,9,808
116b8822-be74-3f6f-bd44-bac8de36d8a1,823358,5,6,9,141.7184602393215,26.934234333683033,126.39950830478915,12.687127558485393,140.33391468890065,11.201919846262504,132.14093263611346,12.387350984759403,22.219970703125,9,809
bb7d8417-483a-3ed2-88fd-b502f0f72b6a,823358,5,6,9,155.256335685967,8.05598755446889,162.05970703249093,6.74361954370656,67.26870649856743,31.894741328470953,42.36276644382494,44.28499208793237,25.924560546875,9,810
21ee29e3-7351-32a3-9e41-8ae48b34b7f3,823358,5,7,9,151.5968288331875,11.093164790880609,156.12763227587288,9.682991665625616,87.41385062701673,45.87678073106467,61.99366512775023,50.79774132012456,45.672821044921875,9,811
196524be-4070-3870-a93c-2ca42684682b,823358,5,8,9,167.19805572208648,9.205464695659737,171.5939931655084,8.367273709331803,65.81981498658203,44.588489776629544,56.573340466783,50.24654717326298,32.8726806640625,9,812
11cab86c-9553-31d7-a87a-127d8de32451,823358,6,1,9,171.544688991062,1.749121398759192,161.55315074443303,0.7721179853565555,148.55067153147843,1.5261565580069116,156.15694569434808,1.318056909612187,1.35198974609375,9,813
a5996f73-4c35-35b6-9673-6f202a88ff37,823358,6,2,9,171.22365641527247,3.9890585040427426,173.98960859918324,4.079281825691651,56.60135317670422,29.527357792247738,87.16304632123531,69.64532011813218,25.78948974609375,9,814
78a8091e-41ee-311e-b9be-1b16d3c810c5,823358,6,3,9,161.84304775622684,12.367120143490405,165.81634535586738,12.103692095508828,58.495016246057126,39.11527183613715,55.59955710998517,46.71157163984667,22.623138427734375,9,815
94ce092f-552d-350d-b227-75e8ce74714a,823358,6,4,9,157.97853319492293,12.727884336294062,161.55705516870432,14.194541439387784,62.250059154014174,36.212084461081034,71.96962833070488,58.656226588231505,38.81927490234375,9,816
75dfa959-fd20-3254-a701-43d4337e6590,823358,6,5,9,161.7958886314991,14.936303434145504,168.0439092527473,11.150314673742411,56.39607553709986,37.79206414212532,46.41373543339569,47.820420623166505,24.134735107421875,9,817
ba049422-973d-3fc4-baec-cd4429bda8e2,823358,6,6,9,163.58763624719995,9.843107434058654,166.89209779161968,6.777754265043051,55.997684012381875,39.13399738611549,46.13148926421165,44.03851403751129,25.58087158203125,9,818
7caca212-39dc-3aaa-93b1-de987a1152a9,823361,1,1,9,140.72483268300098,13.482942488441992,146.01039115373567,17.62611069286931,99.00362376058676,12.188545904284005,112.94592350227619,2.941387791387326,21.041854858398438,10,819
c1f2fd63-ace5-3074-8484-f7f2d1da5819,823361,1,1,9,165.03096364132392,9.728312565607052,171.14708949780072,7.288006258659949,88.49873727485554,42.86901214580018,123.594661005337,53.12417060327073,56.913238525390625,10,820
24e73332-d9be-3a8e-9eb1-8c016f3a166a,823361,1,1,9,171.25179707120594,6.509065700113003,173.81331520369957,4.500082684364832,87.73943737125069,35.20569361890969,131.80277522310882,40.832193518413256,55.112762451171875,10,821
b97b7757-8f96-3218-acb7-879d75c19d76,823361,1,1,9,171.44439326543076,7.672105307864609,175.7068563804682,1.8081385245801378,79.9522819490102,28.278931100415853,93.75136403813418,71.82022112104745,62.843902587890625,10,822
3a253ab9-4954-330c-bfb6-1f45f6d67a26,823361,1,1,9,173.93321170919344,3.21967133806248,171.4606768460292,3.571479264269642,73.97069582593949,33.86728985195264,125.07331098242702,33.13434113659934,38.5374755859375,10,823
173c582c-4728-3d7b-bf13-5050f0acc157,823361,1,1,9,174.8053842797166,4.604108474945192,173.3872225461522,4.688645647129259,95.65995182174322,29.950184488439422,106.80554130209208,50.48364463183868,61.846435546875,10,824
19276e5f-fd64-310e-a85b-c3ddd2ecf1cb,823361,1,2,9,171.04321690526822,6.065522643242543,173.96481024315244,4.328532093310016,84.81582311112433,38.64135714710687,81.92185244015154,69.8597597770077,36.67327880859375,10,825
c7a6096a-69d9-3f66-8150-14b79f6391c2,823361,1,2,9,174.4298702956786,4.7253164234015035,175.3675813924416,3.4326308815212565,102.35725867376931,33.29329267377626,154.9377209362366,34.64546833302298,66.069091796875,10,826
93590943-5bbd-32d9-b41b-e22050a4f647,823361,1,2,9,171.55485108399137,6.1526442511124495,175.09953347148542,4.2169976786586165,87.76728211833428,22.916583969979783,110.14152391928383,61.20873587379762,12.505035400390625,10,827
bdb0c9e3-4855-3371-b195-c948da1a1d01,823361,1,2,9,48.03817684787969,75.24112537445707,146.7055612296596,18.870129307609325,128.4346571967145,2.8841039126933685,121.11982916529162,19.191758688588443,5.498748779296875,10,828
d2f61db9-59a3-3cc1-a8fb-4f711d72cbf2,823361,1,2,9,176.0138631452836,2.5181506638164097,172.62516565041778,2.855655406663958,74.24217900179073,25.514639999779547,48.16912431903096,34.22566112563948,40.3887939453125,10,829
bf290189-5660-3283-8e58-175c8e1f49d7,823361,1,2,9,171.59606949509688,11.407374532733897,171.2230112003751,5.72287564407333,81.87753638821658,30.361106345291446,59.81410521087909,63.927444184648756,58.092742919921875,10,830
c40e43cb-dcf0-348d-ab88-090deb14e656,823361,1,3,9,167.72094939297514,5.758891024083224,172.49917604167325,4.792107898046403,84.06264562461405,27.215307218175976,66.28321077652883,68.62300306684124,28.47552490234375,10,831
4d63f53f-0743-368c-8983-f5ff42ca22ea,823361,1,3,9,170.42230047604698,5.403052655988649,173.01728881772226,5.816172777474406,111.62524708902774,32.36575331250392,112.58400078224004,63.26017689532744,26.98773193359375,10,832
c6c440de-20c7-35ed-8896-89d30502c327,823361,1,3,9,165.88532426263745,12.021426693530156,172.62903718290207,8.693329821933226,78.31181923149951,43.92356325723768,63.24947014905332,64.85275453899258,20.4681396484375,10,833
f91fbe38-6f7e-358e-8879-4b624f501ee0,823361,1,3,9,166.32980128194652,11.631989674557609,171.28147651779076,9.362268430611179,52.095831174164246,35.605771052669,62.56593507530629,39.43747555807313,37.84320068359375,10,834
c0bdfb41-5955-36cc-b82f-7d7437724858,823361,1,3,9,173.51209565155327,4.953161983189468,172.18876345067088,5.017927992852491,104.2764645538266,30.735310887250773,128.3088073405512,39.557712074618884,70.38153076171875,10,835
6337e723-4c04-315e-8dbf-50e71b9fb649,823361,1,4,9,172.47811343089526,4.279666350587689,174.2209002784471,4.47026869159908,83.10983044747019,28.28026847463502,115.2328102883606,59.41617063037025,54.044769287109375,10,836
aac4bb35-8b59-399b-bc3e-968624622c89,823361,1,4,9,172.8600060079185,5.250853514482526,171.0504420987533,6.674472585944594,101.97449595025024,18.61580037867209,107.7866673858643,62.08940269384626,55.819366455078125,10,837
bf35b020-e9ce-363f-b648-4f2fafac3ff4,823361,1,4,9,168.61464152290918,9.989226384753616,173.42207772902077,9.47563899126572,96.83626853504252,39.463737268794816,124.42488092875695,60.8062200137218,23.47607421875,10,838
fef2d15e-0aa7-3d8f-966b-7b9e2b7f13c4,823361,1,4,9,171.9638490145536,3.240343670482465,175.4963987958469,3.6743204315756133,105.32182504590739,25.001292085125808,109.77196973441396,62.30926931970516,74.74032592773438,10,839
5c19a9e9-4dda-3f18-a431-5ea8870a44d1,823361,1,5,9,174.43590132695408,4.882078119852052,175.9560789180994,3.660096383807682,92.81972659813674,39.434371486294204,123.40234916042371,54.19926112072263,56.479583740234375,10,840
0ddbd0c6-84ff-3175-9bd4-596b33067fbb,823361,1,5,9,162.58633961985035,7.044187956657671,172.05983430708548,6.812853814184595,83.24619942602695,45.22006796621018,112.9879410474931,62.09713112408364,47.479522705078125,10,841
3d548dee-30b9-3dba-992c-f2e453993d17,823361,1,5,9,169.66180676759234,5.705351445772921,175.2370436265005,3.154871971671581,98.15310086760482,29.647909299317277,120.67454253937301,51.69772753652534,23.296722412109375,10,842
2021cf62-56d0-3d39-a498-1982174ed6f8,823361,1,5,9,173.11635058395308,4.75303624962916,172.28268153471686,4.232948947908431,97.4462728920883,26.998199178621086,141.87643971243156,35.742187090662256,58.776763916015625,10,843
4688c007-438e-386a-b242-d2ccba9aa917,823361,1,6,9,162.79922069873408,12.192472047237008,165.69780975061053,10.11164609244233,66.78058354468978,42.520235203862846,106.10112323403757,47.46708825531181,18.6904296875,10,844
6fa135d0-77db-3f96-9ab4-d9fbebbc94d2,823361,2,1,9,171.68636073387142,4.212443720472006,173.09669705766203,3.842195630947313,84.47389596558519,26.099053699790083,77.0707198710453,47.939384044400505,39.51092529296875,10,845
b010af2e-6c6b-3557-b734-e2b7a1d23fc2,823361,2,1,9,167.33400519064224,7.229758877787838,173.8260676039607,4.921305280762159,112.54885724460985,29.066832055787454,139.77411546990535,52.77282646946079,67.92984008789062,10,846
5b21c67f-e4d4-39bd-b8e7-262ceefec675,823361,2,1,9,165.99346761226866,12.379917441263888,173.19600765967175,6.276254140071169,113.15348958189371,20.069866388134177,146.90140630538184,38.02761035298277,68.94992065429688,10,847
b583ebc9-cdf1-30b7-971d-6109cc244ac0,823361,2,2,9,173.18570629886696,6.275357122345028,173.72409236454607,4.389420705755398,96.52522296529258,17.169386032856455,90.07560761331403,51.47313947977389,64.51785278320312,10,848
f23f8644-8028-33d9-8a19-d2f10f15752f,823361,2,2,9,170.60256174805733,4.255690111560831,176.46231466758317,2.7701254511958364,110.3627135887884,21.242108464604954,147.66880425737028,53.18502872605423,61.879302978515625,10,849
32db00fc-f503-3aa2-85ad-2701cfabc09e,823361,2,2,9,164.728270302776,9.79146808628776,169.25491563496,11.748576485092146,120.33724631279905,18.89135095808226,98.67922248575918,54.820179087459174,65.82623291015625,10,850
d8d347eb-2d30-3a4d-bb7e-de61dd95bb9d,823361,2,3,9,171.8997419932372,8.40949898200606,169.7644864703904,8.599463815114435,85.17196441017688,35.53208755517239,52.91282048998841,42.257782799964694,34.32745361328125,10,851
2fc2944c-a583-3981-adc2-abde71a75078,823361,2,3,9,169.62472649023528,14.125163621636531,171.6502716531901,6.999177455609373,98.33821345581742,22.4304666194312,97.23909732950358,57.53311528828944,62.893798828125,10,852
bfcef596-dfa0-3a5d-9192-933099ea868d,823361,2,3,9,157.24070135170555,17.677653592772767,164.9607188800039,11.437084058803537,85.11413330770368,25.06712043179986,55.907710202109406,46.623408210622465,52.698486328125,10,853
39c87bc9-7fca-346f-8636-e7c906343fbe,823361,2,4,9,165.53328282837558,5.260892361940225,170.70325932644948,6.960432087776312,74.94780268422329,34.633014288259346,87.7960077614269,62.63634119366875,53.262054443359375,10,854
bef9fdd1-a871-329a-a8f3-43ad1b019c57,823361,2,4,9,173.333443545219,8.832787775701664,173.71493758371435,4.654189970600076,113.34975030654454,14.741773065105845,125.46185907291971,47.07578495508265,67.15292358398438,10,855
cb4a4fb5-5164-389b-9976-69f453d1fdca,823361,2,4,9,156.1351480379578,26.458424872882823,160.35311123313852,15.641459257742005,92.25094911095434,28.214574710981246,85.84396919935645,43.122689881415866,43.54931640625,10,856
8e8bfbe0-a87f-3a2e-8318-d7c585c50fa8,823361,2,5,9,171.78684548114063,5.9057772957457395,175.4321420514773,4.599982579333538,92.21341869661148,35.94035096372566,122.40782175267606,45.073224241235785,67.9749755859375,10,857
4e5e2a0e-886f-3ee4-addc-bb4a203971e8,823361,2,5,9,166.85965512516188,13.050897592785146,171.69297748760061,6.248196170200602,98.52325471028537,21.130452590162548,74.18786599925673,56.18309622914949,54.820526123046875,10,858
6e836f0f-4d29-34e9-b9eb-43a49668310e,823361,2,6,9,172.26244924758308,10.024293497414726,175.10517638008767,2.87471261658674,105.11305695952515,28.118353984881566,145.5330423725775,40.655112044190496,62.61859130859375,10,859
a0805fbd-b4bf-3dc9-a740-17a855c823bc,823361,3,1,9,158.25594302080157,11.189356511405615,169.013450608986,6.028130032301612,88.24446009641332,18.878335181462457,38.755955895439975,48.73030181877931,54.0924072265625,10,860
b8079374-307d-3983-b505-cfb32b8e2b4e,823361,3,1,9,158.57636306054908,15.961721864069597,167.53716758673988,7.598058638888819,74.30302061490916,33.23041406190072,44.18477672636386,60.57144595943852,57.723114013671875,10,861
c0b9bbcd-8848-36d8-b63b-0baef6d18394,823361,3,1,9,168.1592906078761,9.200955354125865,171.68944474433735,4.753804824055371,75.17253268935276,21.302960130240972,100.86223540102499,57.32331823719352,49.14630126953125,10,862
cab0b8ae-0f1c-3cbc-9f56-9e89bcfbe88d,823361,3,1,9,164.46516882286264,11.172756665635893,172.93794870700208,4.928596621498107,70.675075531503,21.965733860070465,87.3703694026735,73.69926030248054,38.54901123046875,10,863
e91b71f7-f791-3b82-a391-6fc923b06a6f,823361,3,1,9,172.35353307023803,3.7075305334308677,164.65001315396006,7.711248022439055,128.3918199935669,24.01346103388512,148.90576211599736,15.41561664307651,42.552490234375,10,864
e0fa8afc-133e-38bb-9236-1c118ac9e6c3,823361,3,2,9,162.47842975460082,8.410014374764907,172.27653139775097,5.174096884970221,71.02432182746851,45.28548406678842,42.044354776142974,52.208427071360724,28.914337158203125,10,865
605f4fec-1c9a-3626-bb2d-8d0fdddd64fc,823361,3,2,9,166.1191362087958,17.307568888332206,171.10494775273503,8.584806649593176,104.69810752202044,29.192309658457035,115.13487926018563,60.43577773308303,54.46820068359375,10,866
05802a40-2c68-31f5-91f3-9223ed50c9b7,823361,3,2,9,159.14390945315503,8.64651609787399,169.2950450961693,5.351505920528889,75.60397901203493,40.91839556652238,106.30017481064264,62.958753740718016,62.302978515625,10,867
1e998b0d-0324-39f7-9dfa-13ee45da6b42,823361,3,2,9,156.43807631048261,6.788996528301905,164.806636950359,7.349713637098911,87.89186757233708,14.71928929660101,86.33644600137733,64.38547503592413,54.525970458984375,10,868
eabbb4e7-d736-372a-8f55-e3a5df055721,823361,3,2,9,171.68303837210985,3.795129004291864,169.4570165661533,4.142603895709809,86.99266942864817,19.426920914130772,86.93043131141788,56.48283494353266,49.11322021484375,10,869
e5a15dcf-7a1f-3f05-8e56-171048b0e3e7,823361,3,3,9,167.87072881028962,15.964632153904216,172.35839934982653,4.732229527015979,107.15397338684281,31.31630059908422,121.27701573379935,41.01337808059265,54.0758056640625,10,870
3a87802f-a0e1-35cd-875d-969c09f1534f,823361,3,3,9,171.10920009792036,6.585452613659261,170.46494037391378,3.9565458915316154,90.63649689658128,25.759082745983335,71.53030594426139,63.902870355830544,41.7747802734375,10,871
9c709977-7771-331c-8c71-bc978516efff,823361,3,3,9,164.34152322060822,10.760143011912282,170.19464743877836,4.4989108222277014,78.8878125243005,30.829975142821635,87.43676499319453,65.62258428226224,57.49945068359375,10,872
68a8332e-bb11-3c4d-8bc3-6499c05b121c,823361,3,3,9,170.74513000862845,5.832876104246463,172.45264200463077,4.831248636772482,88.88540322978739,30.26600659875587,97.28840486441172,80.74000039177533,45.727874755859375,10,873
a9e6eb72-c932-31e5-bff7-6aaf720dbc6d,823361,3,4,9,162.60711370641397,10.141644160125704,171.67868644149897,5.886614341715764,66.5996866627134,39.746786978450295,52.47521402265667,60.113435746855245,42.73699951171875,10,874
0bccd5f4-7bf1-3329-9d89-46b1b99387e7,823361,3,4,9,168.37069768632716,6.733170016168125,171.87883162400126,5.168429585804287,63.73424036963716,25.29783043653402,95.6313902236268,55.26510562987764,43.364501953125,10,875
5dc4662b-bf03-30dd-a828-7cd7053337f1,823361,3,5,9,162.6687798028273,13.582901223355842,168.54314993144013,7.39562295149527,80.8344130825406,25.621201348819664,104.03083923520255,64.55614341287908,51.46527099609375,10,876
33cba55d-24a7-36e8-ae5d-b15032d15729,823361,3,6,9,174.5618056175031,3.782366680240766,172.5160595778222,3.8360446732211155,90.39680277626742,30.43587075849791,76.13928675823396,52.781717368252906,31.3443603515625,10,877
41a0b775-f9e8-3fea-b16d-6969ff486978,823361,3,7,9,173.11361817994873,5.798098526419642,169.07722927915285,5.564512676560938,100.40286652082268,31.26371358401125,103.13886594713325,63.23433372247971,41.4215087890625,10,878
0fb2c869-4a85-317f-b9f8-062c3ae3d8cf,823361,3,8,9,168.76363645179092,3.9320583528578315,170.48994172696587,7.665104434616683,142.25212452057946,19.68725713439188,144.4600078460668,15.428867334164483,181.41964721679688,10,879
78bdfa38-488a-31f6-9d18-8310ade20ffa,823361,4,1,9,166.26930071573912,10.968601581446425,170.79351409627614,6.463253148660036,70.074298412845,36.05463100949804,111.41035214915125,62.67717549216275,58.722808837890625,10,880
a0212282-4509-31f2-975e-3c01370970f3,823361,4,1,9,175.92037025405864,3.670407986920321,176.9754712047099,3.1928567378822907,76.60897482488619,37.053222495715914,136.5431862022275,58.13132915196034,53.975189208984375,10,881
5021112e-1a61-3d4a-9f66-932ac7867bc7,823361,4,1,9,173.11850177800017,7.26740088497872,171.6990279803784,6.722998537117193,71.87235314673029,42.5345640604402,79.2910885562132,63.28148946439445,38.447021484375,10,882
3970a574-0650-3f6a-bf7f-e9f30c0c62d0,823361,4,2,9,165.4612856002567,13.545751450342248,169.7258524184659,6.756906300048703,90.70854597877944,28.531591165609193,99.29419291011882,53.35468561950993,55.3997802734375,10,883
94cf2f95-233d-3bf7-9a1c-47e0c4614430,823361,4,3,9,158.0460308752823,17.506791166047588,165.32474531877722,11.252577858209175,81.52067461925542,26.66848820085887,117.52884524343816,62.75477836836288,46.566253662109375,10,884
e239dc53-dfcb-315b-b6f7-b9aad650bc9a,823361,5,1,9,118.07764780519443,2.3646016747563103,121.55276958319821,1.9243419092919218,91.05502312991149,5.785618308231068,97.89432683705525,4.452633670205568,13.23468017578125,10,885
2da18854-e57d-36cb-a750-473570104d8b,823361,5,1,9,170.77667486128408,9.553691800102474,175.5951125556463,3.8359795747372947,96.28290706838811,24.306666615379847,91.0975423856646,50.912562138192506,45.185699462890625,10,886
97fded53-1bcb-372b-993d-a85b6cbcfb1b,823361,5,1,9,171.9524433814339,6.139432375135207,176.6545424004898,2.555756045466049,92.75647513683829,18.04494700663161,125.01311701667913,43.41897692909162,49.238311767578125,10,887
4fc9d099-36c6-37d8-9cc6-24d6cd6d6913,823361,5,1,9,172.17550343499767,7.816101147668278,175.04192486046247,4.0456704900142055,91.28253624780835,20.64535917439373,122.55601321100272,39.56871090999273,47.202728271484375,10,888
d2a3ce2c-d18f-3b07-8065-683901c18737,823361,5,2,9,169.1143620146996,8.092430382563961,171.2026077500094,5.0067694277483366,72.79017725490476,24.436207772754294,51.79752517432798,55.864527125125846,66.5992431640625,10,889
a67b58ee-c800-300c-a10b-353cf4abd9b3,823361,5,2,9,168.38970406498285,8.407750927621487,174.23896997204326,3.813244275649052,107.33481328223118,24.717139512986126,145.12871430690575,42.97766140226582,68.1790771484375,10,890
ed83abca-2fb4-3981-8942-2fff3cca2589,823361,5,2,9,168.44515613491524,7.394073434564114,173.43515278721665,4.5625821267871505,92.01176138895975,44.902549853374225,136.63217674113062,46.4053434418112,50.810760498046875,10,891
3cfca52f-f3cc-3f61-b686-3532d110cc59,823361,5,2,9,173.36740107519458,8.509400005797861,173.09192794796215,2.514422254711326,113.35311126032644,20.39224813942381,128.64655618138764,62.239413219654104,52.605560302734375,10,892
3ac21d5f-65b8-396a-8609-c806008b505b,823361,5,3,9,166.10077455976548,11.276955301754416,172.17132896859331,3.354901908934892,70.63141446333458,40.764832952247986,103.11331076554886,54.916948832459305,48.464019775390625,10,893
5214eb12-9950-3ef9-beff-82e7e1d6a78b,823361,5,3,9,166.9645504964875,10.05650743638759,175.23769694005836,4.879483733092884,109.73521461754352,20.70598811673937,133.148235869508,63.95062372771938,57.94677734375,10,894
3f953cc4-ad49-3aeb-a335-a32f14b51576,823361,5,3,9,162.57164418434945,11.907331588389749,171.76670601617118,10.705459974779524,73.15966958395633,47.672453946065886,90.61561047208721,70.07302241450596,58.232757568359375,10,895
72f20f5e-1cc0-32ff-af53-7212b1a35a6e,823361,5,4,9,165.41128336733414,8.245512972734812,170.8305856983998,5.180379176801944,95.99439005854506,29.037928688459907,81.06339216329269,59.27134496979596,52.624267578125,10,896
cad5101c-d49d-30ad-830d-a6a5f0ff8f49,823361,5,4,9,169.23480881927154,7.532668204949153,172.85683785007825,3.1636042454799678,95.95413259653945,34.265290251173255,159.89824388878245,25.031268636842462,61.360076904296875,10,897
2f5a935b-10cd-3d42-a3d8-cd2d218b560e,823361,6,1,9,157.6108883641243,12.853772507335284,165.36625575393222,11.508234073100532,71.48687645349852,34.438065489441506,80.46646431296135,51.872840200153554,21.416107177734375,10,898
ea4a0d75-2139-32d6-84e7-3373552832a0,823361,6,1,9,172.02303394862702,6.01203167408657,172.10771990473933,3.81131875474061,81.91775043070976,41.76891719413395,103.64392727946374,72.59524447547693,50.310394287109375,10,899
c96de751-fe9c-3070-a3bb-860c1b4a483a,823361,6,1,9,162.66626391712353,14.500213711163783,168.44602445425042,7.563361596356565,67.65501850443472,37.628420512074726,87.04388292471694,69.26996572817617,56.493927001953125,10,900
194771d1-b001-37f9-8496-b3f5ef91e2fd,823361,6,1,9,175.17328263220284,2.6452483535753952,170.26104255861802,6.349322512476876,108.4042980653833,26.816656887619743,156.94474324851663,17.105488177146352,58.97760009765625,10,901
2e6c3b21-f101-3b1c-83fc-0e4b37b0a418,823361,6,2,9,162.8664561453574,12.380104855824131,170.87006879604462,7.720132748266925,94.32267538756355,34.40072840026217,133.14355730283685,32.90911428106308,56.67315673828125,10,902
bfb0936a-65c7-3056-8131-67f29c1a8307,823361,6,2,9,171.26408598762512,7.59980263608556,171.04688991527286,6.206821227119673,73.36627995472746,42.90656813899517,82.0074941071943,69.88631874049518,45.604705810546875,10,903
0c38d630-b6bc-3679-945c-ba8a5b33aed5,823361,6,2,9,168.78123536175082,10.016872546365857,174.6927558565439,4.607176965597235,74.73645660382245,36.90997116469803,51.554219196836286,60.61782643158349,61.5439453125,10,904
a8d8d051-39f8-3581-a4cf-9d4ecbdd754c,823361,6,2,9,175.18173025726358,3.306912538622919,169.94779274042605,5.945169440374919,87.8798318217118,29.832860885483747,119.2889634052608,62.843272895168305,56.28936767578125,10,905
958f300e-adcd-3084-9182-2788a1d09ed4,823361,6,3,9,161.1716104801129,12.168753662921963,172.28134223340564,6.269134439073819,86.55107632332997,25.9878359365124,136.94012803703373,61.212208916555184,56.218780517578125,10,906
30ccb50e-a7e3-3692-b314-cd6637e9e076,823361,6,3,9,168.21566489414795,5.683467410268896,170.37539328535996,5.879782141531029,49.968966790882,24.822896183859353,54.486754374636774,48.18127894955281,30.756683349609375,10,907
262d504f-70e0-3bac-9d44-5250e5576743,823361,6,3,9,170.55924388887433,6.553341461261462,171.51620110082217,4.056724832775492,89.71774600446278,33.4661596890379,107.27887342737144,77.61190852209585,52.593841552734375,10,908
b68cb9c5-91a8-3e9e-b9ef-830fbf3ae53c,823361,6,4,9,165.8040211440625,14.207020194399064,172.01471409703197,7.4347725014036525,90.2555542549709,33.67029335010378,98.95108402757029,67.78977717489835,58.059539794921875,10,909
145030ea-3ad8-33e8-8848-11cb276fecc7,823361,6,4,9,173.53655168352074,4.049623405062086,173.63238653880188,5.308393843016272,70.97312280716424,31.35573377461275,108.68580837971568,47.357828123997535,49.697357177734375,10,910
06744c56-85b8-305d-952c-6d7374344d7e,823361,6,5,9,163.54209538003818,8.165308549807124,169.964823145124,6.509615749904335,74.45681093772387,25.06035949539946,86.40119359929554,72.11142180090627,55.222808837890625,10,911
e02878a5-0734-3388-a951-a476c8eaa41c,823361,6,5,9,164.3320738201659,11.223567280707858,172.64490071540547,5.015832683145698,88.77579241647265,38.0539346579163,106.811182060053,71.5276198453471,49.988555908203125,10,912
17f97433-656c-32ac-a877-b7089c14bbe5,823361,6,6,9,173.62838409996618,4.370889399334363,168.17082123716776,3.9948497933716123,76.83182075932473,32.82041553005147,132.56728283024214,67.27495572642829,46.414581298828125,10,913
8bf90e8c-ab2a-34e3-9b6e-835bd62652cc,823363,1,1,9,168.522800628123,10.869407704541736,167.59132337911473,13.063997609034388,74.95916181867862,55.39583226137064,67.0267636264309,55.578001590795594,74.2481689453125,11,914
636430c3-47b5-3435-a283-9365de793af3,823363,1,1,9,166.97431337842005,13.422742552207675,168.03174993459749,11.381123178645916,69.3463134927968,39.85016892580978,55.90750233135046,27.264140371831335,13.114166259765625,11,915
83013d11-360d-3b80-802f-513db60c7662,823363,1,1,9,171.06157763091232,5.486827614183218,174.20130478399193,2.388927350057495,84.84039876300342,35.02607695844265,68.00403706954232,53.92128343941446,22.738494873046875,11,916
661c0f97-137c-32d5-a148-5b69f4865baa,823363,1,1,9,174.0313224197959,5.151575125073322,174.1298716365189,4.409136059032095,71.0187151726048,34.01527115283222,74.25445475638682,47.25195464136734,55.999725341796875,11,917
f2704efe-53e1-3ab3-a3fb-f3a8a18970aa,823363,1,2,9,166.3476714363573,11.393580549633597,162.88151187350928,10.749675846957096,79.19761990944512,57.61267060435735,75.19680436335292,53.64505974693075,107.69442749023438,11,918
95e2c3a6-aa98-3fa3-9696-889cbbee7a91,823363,1,2,9,173.7341797696358,6.098711799764923,173.7115665214348,6.129337969039606,70.88132931140579,30.89449950726864,94.82922935802667,68.42504294689583,45.5784912109375,11,919
30d56680-8ddd-3b60-bc24-18c0496b1d98,823363,1,2,9,165.0437333472442,11.71272143893043,167.99338714068753,11.492808214130923,93.22797206272227,46.79330635460885,93.14495803717206,67.00746959824711,23.467864990234375,11,920
6c751e0f-3efa-391f-8905-bced7e7cabbe,823363,1,2,9,168.1064902328077,5.0957379536493255,171.3887225741014,9.354512923427267,52.752671172328455,35.85383964306124,47.58493517581349,33.92196632604105,14.61676025390625,11,921
ab2bbcd1-6a43-37eb-8d7e-e16c892cc37f,823363,1,3,9,171.89815734109698,8.88260381939546,171.90770303062,9.645457906613707,57.878285296251335,44.74214973941625,68.62924890101259,42.2909418869142,34.766387939453125,11,922
329d8968-10d4-38fb-b344-39f99e71606a,823363,1,3,9,169.22058552699175,11.637167655868279,171.8244596544128,13.35167828397348,69.37023132469068,27.93985157953312,73.52488593225456,65.99614364633545,50.742950439453125,11,923
f87181d8-e5a5-3bb4-a5c9-e5ecd93f8495,823363,1,3,9,172.4673966200795,7.963880898211254,173.37380968027526,5.03989628650958,68.57535026086767,37.650074940198714,53.82757884107227,56.06903694265883,19.515716552734375,11,924
189b292a-c201-3f05-9b2e-bc0decc2cd50,823363,1,3,9,166.7820479395972,11.811332076112885,164.6600872655144,10.896999798603582,48.4458278665901,34.485755498533194,59.50753335196853,41.88948345716427,19.835052490234375,11,925
bae063e2-f327-3723-bf4a-3d4e6f277a6e,823363,1,4,9,172.80059493805908,9.412344644493608,171.90791158393318,7.033097446647739,83.21883048698254,60.08732182327716,98.1529726576772,62.817831732642446,74.78475952148438,11,926
b3ca5667-b758-38cf-8df7-aeec86f7aeed,823363,1,4,9,169.55988626509478,6.561311801314373,171.13030321621463,3.402671696757832,72.78353194478343,28.265750175707552,68.79531040171044,43.974076526897136,30.61767578125,11,927
9780d29d-329d-3d86-8660-357ebeac47e4,823363,1,5,9,169.7227645083543,5.582470048965557,168.2312950882868,8.162970483099103,75.63496383232177,37.814366884507436,65.55243020186542,61.66956211557677,56.292877197265625,11,928
4fc091d5-187e-3154-9b3e-45e07c6984d7,823363,1,5,9,161.20979243204155,18.554047375804068,162.72638861182966,17.90962617669842,50.998424609427204,31.389782664474367,82.86146452374948,62.23930506530426,21.83984375,11,929
e5b4d721-fff3-3c87-b8e0-033f3444e0a1,823363,1,6,9,167.04788529007922,8.606506841675639,167.7887904440661,11.33081792083916,58.96886249881639,37.39414346982102,73.36566833435558,47.421404347519555,67.22769165039062,11,930
a4272342-ece1-3dd8-80a3-46e6ae30eba2,823363,1,7,9,171.65901391935566,8.717816509240775,170.06833610180794,8.356213304500047,87.459447561289,45.34217268461296,76.17335989401056,48.0631828475781,79.39752197265625,11,931
bdb43515-4514-3ab0-bf01-158fedb0b50c,823363,2,1,9,170.7145247259881,7.022027711952213,172.38220738633518,6.162667003062753,60.80801650390484,38.10727577371703,73.47860833747421,52.445662493945754,16.537445068359375,11,932
5eed69b9-654e-3221-83ea-f3e3a7793138,823363,2,1,9,172.00579040222922,4.351773627068495,172.9516306051656,6.093313282579636,77.60288215566794,33.83750382688046,77.6979075356772,66.12019008776082,53.0958251953125,11,933
b11b4125-b398-3093-8cde-9989abc7dd93,823363,2,1,9,173.9664677805767,4.998929786473083,171.71267215504722,6.188502465072791,73.92103553618077,23.78913922620486,113.27490867587983,55.8586463017037,48.734619140625,11,934
08ad5d9b-107d-35af-9985-6c7dd7f0d5ae,823363,2,1,9,173.09477346651212,2.1614108366846616,174.4183736170869,3.417135578489162,74.67591799896266,40.2568834834698,107.80273918928225,54.11070441452124,70.8631591796875,11,935
9b61b457-40a4-3c8c-a9f4-72af96a955f8,823363,2,1,9,175.1277934727595,3.5139310664081007,176.47121176289696,2.8794332705624126,63.28751927607748,39.09376725530138,66.14373153467972,54.077542507120356,21.395416259765625,11,936
a23f8dbd-747f-3316-82fe-e7419c813c23,823363,2,1,9,175.53952873581483,1.9317137724185114,174.64093065842326,3.417386003736172,90.13098544431462,41.69394048848087,114.85165994449598,56.03751855864057,67.7044677734375,11,937
3534e0bc-cebf-32a1-bb81-9aecf805982f,823363,2,1,9,173.19526354994585,4.2874659534082324,172.84094646239816,3.972546905950102,76.72379452231785,18.78954471927648,79.36444967785921,53.794400377835565,17.64849853515625,11,938
02c1fb03-ab5c-3472-a5f3-a3d63906469e,823363,2,1,9,174.20060772885935,4.630306672594386,172.73487978945207,4.525359236884902,96.09656787083578,28.715968587727474,139.82303542933928,50.45663423926657,53.400390625,11,939
e9127e38-b34e-35e4-991a-19a9bf866d39,823363,2,1,9,175.8827912958426,1.7076397598755253,170.67505885623007,4.887834073582809,94.80070519816385,30.364176644393705,115.42091485454219,57.86481801257729,60.843658447265625,11,940
ecbd0574-289e-33f9-9cda-873e9b26fe65,823363,2,2,9,174.45097790766016,4.768798548888924,174.76582490921155,3.151266372808877,79.10612391592728,33.60109427455186,84.76308604632436,48.531196575660836,52.9588623046875,11,941
f7671ad8-193c-36fc-8951-957d6e2b91e0,823363,2,2,9,171.82707401218957,3.5785370476910066,174.41546148011196,5.253159338073188,68.33833960172743,37.45591500673918,60.201774300112156,61.98722950524699,48.374481201171875,11,942
2561610d-097f-3918-8c6e-cff1989ec6a4,823363,2,2,9,170.9588633175702,3.7506906783235943,173.17205667855035,3.7413871523838957,82.85547432554952,27.568853221163547,126.87721624708269,62.13852420402324,61.42138671875,11,943
35c23d69-7f30-31a0-98b3-8ca08a9edea1,823363,2,2,9,172.9055722232796,4.246320024950817,171.94460712544432,4.364695745766735,88.60730115366628,30.105258159722883,69.54992318096919,63.44561916446111,59.883148193359375,11,944
19b7b959-68e1-3f9c-922e-efd1416e14ae,823363,2,2,9,171.2579505405204,7.41475348481465,172.80594189501795,6.3117232824979865,84.23964070141083,53.25244994941695,83.87770814375175,74.62619673185178,97.06494140625,11,945
2c0a4814-188e-3d75-ab5c-9f285b82a676,823363,2,2,9,172.16065007478363,5.15206406457808,174.40514636802857,5.649327237676749,63.00477902526513,34.96131242021589,90.46123493133885,70.06517287999012,11.887786865234375,11,946
d8f2543a-1029-3940-b1e0-4fd8ff78d8bb,823363,2,2,9,172.92144473467286,4.9935184689448935,171.8024942214734,4.943801879223774,93.3377630736199,19.531185253160857,69.66112143298413,34.737172032815586,31.14959716796875,11,947
dc6d7bc7-ad91-38c9-bde3-a3128039519c,823363,2,3,9,173.77797297863742,5.543318438092267,172.14123512921046,5.491582230734528,69.84591210955179,52.17296406404612,84.0997072496422,62.05360703135791,67.78433227539062,11,948
0c842da7-0156-36e5-9f1d-cf607e14914f,823363,2,3,9,172.15549201384476,3.3378059204215926,171.14936531396432,4.753241015107353,85.18449668397929,40.27137337851317,98.54672588881094,73.73707726994027,60.8048095703125,11,949
ffe9a131-009f-30be-96e7-0e016d6bb952,823363,2,3,9,174.57209647818485,4.131848073941411,175.37201303575563,3.6346281048082187,60.554449634511165,35.73451422541223,78.3144497929601,75.05915778405954,21.008636474609375,11,950
59123339-54ef-3cbb-a9ba-f4adec09a13f,823363,2,3,9,175.46940811748763,3.2980660093780183,176.5453412248805,2.993957838907879,79.67461302704788,37.301244196591924,92.01018173607305,64.01552511400514,57.945831298828125,11,951
5c761e99-8511-3869-90f8-7e17cb66fcab,823363,2,3,9,165.33782983941387,11.40285809191056,168.51255250961674,7.8890338564389575,83.59556202095885,25.336120039680704,105.29328409155977,73.50418937558857,37.690643310546875,11,952
ed06cfe2-5285-3b0c-9aef-858c75a2653e,823363,2,3,9,173.20786376698885,3.408769827635585,172.92732228312283,3.037807372345776,86.65161264384231,37.24126225384258,99.41882575215388,54.22917012689091,66.74282836914062,11,953
64de01b0-6869-3598-b267-59017108a4da,823363,2,4,9,165.55989139536374,11.776996360815929,168.31807252831157,7.940060282732757,102.59862146890733,29.32095351996425,96.28317389672355,56.94449111826695,34.74969482421875,11,954
259969ec-6854-3ea1-b1a6-87ce9f290090,823363,2,4,9,174.9971263974047,1.9433609399990934,174.69034615443843,2.413322909848405,73.49565895987594,40.7102582683886,96.66762186975683,68.43298425786433,66.81491088867188,11,955
8251ef39-6323-3cb3-8a9d-23e03b02c467,823363,2,4,9,174.7529558777245,2.7301574042296552,174.86631916953897,3.0027580052893326,56.14442270013103,36.58002983180902,100.88210369278218,72.92673196695496,55.8927001953125,11,956
9973635e-dc3e-31e8-b511-f6b41f562ba6,823363,2,4,9,172.74153081209917,3.866371499328205,170.80077763564123,4.540801891077063,73.0924661210363,43.724197804224325,130.07350195352214,66.9003719899891,62.47003173828125,11,957
65cf7772-c481-3833-8faf-fa99927fe499,823363,2,4,9,172.34562018029348,5.1344452480314935,174.75030697071765,2.400668491805288,75.97385381469323,22.58316894069299,86.82245526356468,56.87540427167157,16.957489013671875,11,958
43a03e43-9f11-38e6-b3f3-e978bfd992a6,823363,2,4,9,173.76620126343153,6.190416940467888,173.43339129756154,7.83288469403403,65.26360768934434,36.56597693197319,51.888315940761714,50.55486042044272,26.61370849609375,11,959
771288f3-68bc-3a19-b62b-6c8bbd11d6c0,823363,2,5,9,172.52639751110127,5.875721108988928,168.13924578492822,8.577467762778028,72.61202691337024,27.793114777721993,50.34754824899039,42.70300656150716,60.964141845703125,11,960
79407aa6-2832-3246-85e7-1e4692629089,823363,2,5,9,176.50282565375082,3.7322989478735176,171.32502052865738,3.4733702230968677,97.2007672384815,30.406063817956362,152.6737377086987,20.17517651906213,71.48886108398438,11,961
741cd64a-d9a6-39e9-bad4-dc3d40384c38,823363,2,5,9,172.51387253955073,4.715570766094675,177.56803362825335,2.6150606893176973,77.19876132804006,40.401112514838346,77.57421258006646,45.59361123098479,21.861541748046875,11,962
356aabcc-0d50-35f5-9c60-8e4e5ed6dfda,823363,2,5,9,172.70253781791567,4.127987151838874,174.55655594924747,2.1758591060674193,73.8552010991155,43.30288214409945,126.75789647897376,56.01349387930143,72.9110107421875,11,963
38a50b58-426f-33e0-bbf0-506067316e2a,823363,2,5,9,168.60827904768888,8.0514631368634,169.2076393384925,6.583071829949239,76.65971183192545,43.956796119078675,86.69292254943763,58.948171316662325,68.25570678710938,11,964
63f9add9-3db0-3e1f-a54a-4b41863b1ebb,823363,2,6,9,175.03545469968415,1.9101304691343146,173.76828072089398,4.8714970324665074,68.44959659469303,22.562317426625075,102.80825950795422,48.02850055570029,45.415313720703125,11,965
c2697f20-3361-3b68-873f-e5b85817ddfe,823363,2,6,9,168.84669489679914,6.3465783722934965,170.62272178055593,6.303357204388803,72.84372532495307,23.997646232732038,49.476767365566474,52.713584341809046,8.816436767578125,11,966
17a98b45-ed83-3f84-8d7f-aaa62e2866f9,823363,2,6,9,173.6813479297145,4.389091053670198,171.67209824436688,5.603555495413904,73.86300927929246,38.77386789194886,76.84614937071028,67.34106492536162,29.551788330078125,11,967
95152156-8c83-3d61-8281-613b0c8d30d6,823363,2,6,9,165.36362193240413,14.347944689729891,171.3452265779302,7.222941227057265,56.11003827685789,24.74065683929794,88.32260316815076,66.88058355048345,53.96978759765625,11,968
8bd8bb8e-56cc-3649-ac73-96c256882048,823363,2,7,9,173.34781426295584,5.782413426585935,171.20467087126818,8.353796650771523,44.082036299577,29.92701390360141,73.93633034624294,72.21459232775283,22.423583984375,11,969
e02d8c0f-fbfd-30ae-bcae-ddff975d51d7,823363,3,1,9,171.77810812299748,7.883249185851318,171.69358929561938,8.38208937750727,69.29162891346957,45.32334031829381,77.20937479131031,57.69382899891803,65.31683349609375,11,970
8598df93-1fb3-3562-b227-0bde78ba5369,823363,3,1,9,167.20441655036427,10.178829184997937,166.00224763307338,9.781859741782995,48.12604535437959,17.71535564705545,55.77220930839672,65.99866646543357,20.871124267578125,11,971
65f97cc1-bcdd-38a7-8847-c53bf63561b2,823363,3,1,9,175.40542600305469,4.8545480763576405,171.49111301773178,6.468404013847007,83.21765742130381,28.669936630183564,99.78207144367269,72.91109276220494,40.704254150390625,11,972
20ee9074-cea9-31c3-b231-3f4d743cafa8,823363,3,2,9,163.28595849251155,10.855030849646162,165.85253578611398,7.052273947885639,85.37992810862391,45.345505609190305,50.97066024775407,49.49268970794655,55.814544677734375,11,973
0bf5c627-efc3-3ffd-82b3-ce7f5cbc3dc1,823363,3,2,9,174.2486375702262,4.304193271036352,173.3356122968579,3.8283245128608248,60.51890374501831,33.381070334714366,85.81464213842834,70.71247056880279,21.0709228515625,11,974
74e658a5-1fa8-3fdf-8969-6024b0671c9c,823363,3,2,9,173.4602580105557,2.36285909547707,172.73385546337082,4.974452222779494,97.14782109474191,28.04919138352977,85.81222654219366,38.01765139277468,62.540069580078125,11,975
476842bf-0e9d-37f5-8d59-a34c8ba58025,823363,3,3,9,173.40154383326797,4.289124388690876,173.2413610975922,5.032220210596391,69.60945516305456,35.61125915055487,61.56093183274618,50.438679626172394,44.921600341796875,11,976
56f6452d-13c1-32de-ad1c-4924f50d968a,823363,3,3,9,176.44727851201992,3.382536874736245,170.70273512362408,7.109444352553053,74.95445550282172,32.7584137696361,107.95130789485485,64.45168692122131,26.083282470703125,11,977
b9c5c37e-fff0-3642-a406-a71de02ac370,823363,3,3,9,174.29605776316362,5.01053845540824,171.93295425887524,4.385583612417939,64.77591719909236,29.804024897534443,86.54564472095605,56.84402453666317,25.133941650390625,11,978
bb32a6e5-8261-32cd-bbaf-006c373ea055,823363,3,4,9,176.0263191830946,2.360998544198253,174.5893037328732,4.164005220128359,74.04845183364426,28.1614580719871,123.80572430657016,69.79264796961432,48.784820556640625,11,979
0e332dde-f81a-3b4a-8f8b-996aa0d6c158,823363,3,5,9,174.64304175446895,2.459323859912711,173.2901095079499,5.45672797928299,88.59040351257914,27.94633046404915,129.00387631148558,52.34030355031827,59.20941162109375,11,980
86fe8110-dac4-3016-8a02-2b76cbdc2bd5,823363,3,6,9,175.1466237929947,4.5862563528094435,168.9284964650276,3.433466819389615,101.54845158281722,21.065111743775468,152.3092113751307,22.137089929944477,66.9991455078125,11,981
07ee8839-83c5-3374-9473-6231224cf418,823363,3,7,9,175.23090325701494,4.703318175353853,174.69444536640717,1.5231343286221426,93.84166661081458,24.756280864645728,92.0723783899766,63.647529817259915,55.3878173828125,11,982
9e473754-7488-3ca8-b9dc-de22a8d5f827,823363,3,8,9,173.8828982816243,4.052600774674643,166.92606021139486,7.501927033264692,91.12698363021305,23.957257356498097,100.50207447864793,55.125735524585906,58.622222900390625,11,983
775008f2-2597-3968-8af4-9b08107143f1,823363,4,1,9,170.49723814392195,4.195976555250827,172.70156154319977,4.579239487896912,68.30587550943041,40.079007454919086,86.91156215781035,65.9773992825787,24.153045654296875,11,984
49648d72-9464-3119-9522-7e301409304d,823363,4,1,9,172.43009689314812,3.540648209284677,174.3596757871518,4.654007828716506,65.95257714342753,29.04895527582486,75.96898311853619,64.09495379811085,19.682830810546875,11,985
750e6606-508e-37c5-9215-eaaaa397690c,823363,4,1,9,172.819755657802,6.828660164772611,169.57168100308382,6.834757071299549,68.17816348033553,33.93657264802573,65.90066302554969,50.47443526185203,21.899139404296875,11,986
94d9e94a-5fe3-3df4-ab73-9ee502bf2050,823363,4,1,9,166.9817980591939,17.073648283393965,169.64989563516554,9.131376636125417,70.77665671168656,39.91143854473447,57.682498311000955,24.084390450079113,40.4912109375,11,987
b799e547-a011-3640-976d-2bcfdfb5dcd8,823363,4,2,9,172.1316120395576,5.641652391760893,175.40970849307234,3.7149957529026896,71.6702011239943,23.43233259867125,100.40415638682958,72.07847239230634,29.637664794921875,11,988
edf3a5ba-b9fc-3cf0-b3dc-25cafcc694c6,823363,4,2,9,172.86826491957643,3.9621011293569635,175.44247243415865,3.4171661712430796,59.76214618314777,33.710660700076225,79.30569717510924,45.33787604815686,49.02191162109375,11,989
060d3991-9d44-37e3-9d3b-d6c7197c188b,823363,4,2,9,175.9291690020678,3.529062525136016,172.56162755829715,4.730665758370601,76.57411428554656,27.525815225902313,93.43695380628313,67.88692351319551,33.93438720703125,11,990
022f5e94-1dd8-36b0-ab04-d5e10a2aa524,823363,4,2,9,160.7121113405072,5.706800606233693,171.69853012007044,3.5104004259669512,61.07748747672141,39.56675372924744,114.50391200762459,56.531787916504996,50.482757568359375,11,991
1c68a5a3-32fb-3945-8cd6-4db6a331af89,823363,4,3,9,173.0800173641745,4.257763064942998,174.28133194879896,4.303483776656963,65.22194332464582,35.53293191424978,102.6673610333915,61.05422048175136,37.654937744140625,11,992
201b0254-785a-37c0-a583-231dbf802244,823363,4,3,9,171.1703011256535,13.179859114554201,169.4565154771196,10.930816355146863,61.43175708001667,34.309753018111955,82.1265626172954,58.06463968034505,46.580657958984375,11,993
c40beb5e-c064-31b8-bbb3-313361890ecd,823363,4,3,9,172.18496178913597,8.21742591983072,170.10928902738516,7.587202474118386,73.92175064759604,30.79450821505884,60.28403666931635,28.757704265885888,26.0050048828125,11,994
4b3b47c0-ffcd-326b-b70b-43ec0866da8b,823363,4,3,9,162.20629631866868,12.261806153212488,171.93632773452313,6.6780988219561035,58.198832336728955,27.358172999589513,85.34208891608586,59.30784032621397,28.5848388671875,11,995
3d0a85e2-115f-325f-acb8-222be3972f2f,823363,4,4,9,176.2665017382753,5.000662464804669,168.39253372475918,5.267641005983697,89.32065751153912,16.61459314989845,102.39073928947086,54.17540863130596,41.988433837890625,11,996
18a9c09d-8f8f-3e5c-8c55-92931628e064,823363,4,4,9,171.2256703639296,7.429906244512252,172.4927995216381,4.6593017081688695,77.33048461325502,36.91271274152907,83.97811309688296,50.40133865524387,21.25201416015625,11,997
54bd05f9-ee40-3c34-9842-333971c2ac33,823363,4,4,9,159.51275530527047,12.876444052216268,167.7818039676976,6.33956874688934,63.245299140705875,27.816806839533374,75.74830939313296,46.77536774751615,25.600982666015625,11,998
48570a68-774e-3fc9-8cfc-50b5843a417c,823363,4,5,9,168.43652315854376,11.141205601393859,169.6657007716912,12.527793839861546,53.47322914736278,24.0248117306175,41.62653672350877,40.15492268426782,11.5775146484375,11,999
5edfeec5-a16f-3344-bf75-5048b9662a3b,823363,4,6,9,176.73035631934317,3.1577620881313493,174.96526504221282,4.218003978567802,65.30770563187636,32.44490012287986,48.34342103535674,33.73715043675379,28.549591064453125,11,1000
c99de2a6-9625-335a-9edd-60444f7ebf97,823363,4,7,9,169.03751542297584,6.619486498510633,172.55168859530983,5.216256182583375,81.23743137179184,19.588638934978206,94.22390477130544,48.176124629564164,29.35302734375,11,1001
f50cd39d-24b1-3db8-bc12-152e41e528a3,823363,5,1,9,158.08310446493144,6.0222017349432155,169.20028802377144,4.545632076519653,65.6241272978039,33.143692180667024,101.45618081872242,72.82915929525542,25.093475341796875,11,1002
63dd3a68-cd68-350a-9a7f-08a210efc1ed,823363,5,1,9,169.1556598036893,6.160321122896262,171.41684929339047,5.0098109623554326,80.48503110860136,38.40796741423361,130.38371514798595,55.646949948756586,59.59912109375,11,1003
c80dd9ba-e1af-3c17-bb49-5aaa04850e86,823363,5,1,9,170.60658283294853,6.6777019814007375,165.85893899751701,10.282029701620448,79.71508362127439,35.784315768134256,93.06612303064517,77.47799122990763,47.42340087890625,11,1004
46256616-1cca-3931-a395-e866856a17b5,823363,5,2,9,172.92724434108467,4.321350535057487,168.22689949383928,5.064091597485033,73.07258076577094,40.386325998060876,115.99169017772621,55.78422477248609,61.41845703125,11,1005
90642056-5d8f-39eb-8f0d-0e453bd0cad7,823363,5,3,9,173.61576005860977,3.9793589806075587,169.76501191533848,6.544987103653388,86.95967083995318,44.36865278700288,101.80855545683244,64.95177009981684,55.12408447265625,11,1006
cdcf48ae-9660-3608-b2a9-157d28e36f79,823363,5,4,9,165.81434086360372,10.812127216987035,166.81680628317656,7.878832699425499,67.84984614259703,40.754277239830174,77.47002872192797,69.95275975087937,40.779876708984375,11,1007
d4d01a27-76b2-39f2-a3e4-2167db6f75ab,823363,5,5,9,170.47290361473046,5.95450910043929,170.28966465077136,4.975713328166382,73.30470033078457,37.773796516946206,102.24599851852355,68.56581055214598,67.61181640625,11,1008
a994e4c9-22d0-3199-9a5e-2c93e4a599a8,823363,5,6,9,151.94335479699893,20.906275446132497,155.5633525336018,22.049202848001777,50.70732017225472,41.84333938535374,87.41778415780287,42.62992988591502,41.009552001953125,11,1009
19278176-15ae-3329-8915-d5bad3856aa1,823368,1,1,9,167.36155542110328,11.59511711677356,166.12400876295254,7.817690811260702,60.79366637892277,28.530996510775267,39.64117969486236,28.89306251273425,38.46331787109375,12,1010
30199445-3ff2-3f2a-b8b3-61796c5ff93d,823368,1,1,9,173.09979420857135,4.836021750877942,171.00915861076606,3.959838531008302,86.18990127797008,28.296118560906873,87.72712335576904,68.41982966142004,61.709320068359375,12,1011
52c36e9f-fc0f-38b4-8d68-c634f35fa2cd,823368,1,1,9,170.82465199776226,7.428935545490734,169.27981147645613,4.369381266427301,88.74791983878701,34.68814983994812,74.38044519231909,41.44484675102305,76.42581176757812,12,1012
895a6afb-f47c-3ab4-bfdb-6b7fb6cac05f,823368,1,1,9,157.49096113784069,11.852518502938288,162.1215890294116,11.422261228625791,82.9878933586105,27.683466700989452,46.74649895879125,41.97885344636853,18.462310791015625,12,1013
ceedda7d-be1d-38f9-9740-9798bed74628,823368,1,2,9,162.47137023113916,8.856021093717617,168.43998141319673,8.456210073990324,68.28614415421634,41.53024023785154,42.28746185319886,49.377710676887254,38.66162109375,12,1014
e5c1061e-b20a-38cb-aacc-b99af73473d0,823368,1,2,9,174.5605762429326,3.5192751581034245,172.76224022685713,6.495542066103968,79.99763682449806,37.38578165380804,78.13023790576489,45.066845411853656,77.54385375976562,12,1015
f04dbf6c-aab2-3316-bbe1-63c96f49f063,823368,1,2,9,161.7444891667631,11.50944138982598,160.70878216962072,14.235440302963221,90.18607193693887,24.996845652491544,79.0178364717017,52.790928950035216,41.220916748046875,12,1016
211a496e-085e-37ad-87f7-ef434d3745b9,823368,1,2,9,166.1171514834287,11.496773618559898,163.75314922600813,7.4324182583002365,63.092311381361775,32.03410133374167,39.67102149661784,48.35517699706221,59.640869140625,12,1017
7114502e-eed8-3b8c-b920-0eceaa2a0d9d,823368,1,3,9,165.1640535640572,11.168298415489804,168.7621177220482,8.501769183253414,81.29132948785467,20.344100288006572,91.05965708624257,53.32571346364942,64.18161010742188,12,1018
1cccc111-dadf-32f1-a469-8242ad2c4550,823368,1,3,9,169.72863992647567,5.02290694403569,167.96286208606983,9.560339699646907,97.46176417157295,20.2978010520857,99.27291495382825,47.31781411475221,76.75628662109375,12,1019
f11099e2-6e82-3e6a-90dd-ec6352ef066c,823368,1,3,9,161.2884506349539,12.845550138617035,163.2063095845798,13.860556116376337,83.83860817297455,20.531364565594128,77.66882981471366,47.605658044173765,44.5394287109375,12,1020
37355570-36d3-3f80-9eda-0a6194907519,823368,1,3,9,167.1379904997798,10.774861906630468,169.83194668036182,10.30440612728019,79.44825093643183,21.386988574498158,28.565133536145986,27.372797767418284,58.568450927734375,12,1021
1c87a795-b61e-39a0-bf8f-004ee506df03,823368,1,4,9,168.33048331103544,10.425366848397196,172.52331998689385,4.5407407993581215,86.48106460487057,31.353553979630956,74.47862793438304,55.55136639695891,77.40139770507812,12,1022
49ba0bd3-8ac7-34bd-8e92-f2c3065e9155,823368,1,4,9,167.75230085452046,6.79650198621972,167.27049897122365,7.312592026985898,109.49665226839024,26.524402818454618,102.84311397472176,47.17616476210354,66.366455078125,12,1023
1a34f997-99ad-341b-9f82-1958fad17d80,823368,1,4,9,160.6864262730702,15.045710311262594,162.61762896436767,13.6058875625726,71.50681974582969,27.315193168666116,39.35523500489289,48.815519065616414,47.810272216796875,12,1024
23d7a3e3-04a4-3473-adfc-62deb64eef3d,823368,1,5,9,173.1065931966932,4.619211042731479,175.73141211258059,3.1005284636922794,87.81265683894138,37.46312590913941,106.08712290439195,54.58908478625215,79.54995727539062,12,1025
b2c0d228-f5d2-326d-9949-7fab6956f2e1,823368,1,5,9,176.2822554399655,5.599633376359154,171.4528384191276,8.468660801274629,97.73462770905115,36.22662139163465,98.71477688403583,57.633377615705754,71.73858642578125,12,1026
e24d5815-7bcd-3a10-9d20-8c0537dd02ed,823368,1,5,9,161.60598300746503,12.465434295843655,166.31318761266263,9.172034568323161,96.0961038234862,27.60945090721375,50.90340176267486,58.60388349146063,37.317596435546875,12,1027
0205a170-a17a-3973-a857-7add2648ac6f,823368,1,6,9,172.58118479061665,5.672138585324658,169.66214710952673,4.465144357865556,90.12708453104119,25.27585209070994,92.33264556376558,55.30027105418021,76.60836791992188,12,1028
3c569a1e-72cf-3c21-a2a7-ffbbd5a5e8a5,823368,1,6,9,151.4678453394073,13.498189789641586,152.79502514211669,14.331867646813365,86.36032213863957,45.52080800629405,50.64634359561817,19.035401228478154,24.29193115234375,12,1029
6ae32687-441e-3906-996a-652bdec480ed,823368,2,1,9,164.56217296733638,11.096663357209898,165.20768166016927,11.337004286606247,71.64972942504087,41.71753669542183,84.93777478402495,54.88453842281729,26.028533935546875,12,1030
4e3fb43b-154b-3d1d-8fa5-87ffa9cfa21c,823368,2,1,9,145.6736572758588,7.796906240251901,149.84468957152598,6.780696965023022,77.85244753016586,17.855285218126003,40.329917198645795,33.7266889009563,17.680267333984375,12,1031
00aec829-7972-337b-9a5c-0c85994e4384,823368,2,1,9,167.0421740326629,9.434678803589716,170.8945649178817,7.521344191250402,88.21123902919695,34.21388817218258,51.25878711755503,38.42721320594963,79.00949096679688,12,1032
81555517-901f-3dbd-a0b0-cde728406468,823368,2,1,9,170.35086820130422,7.232367923866355,173.85884585382942,6.906204926753184,87.85274725796859,36.073005873518106,79.77359790929995,59.41150892837716,56.418914794921875,12,1033
d6fa27ee-cdf3-37b5-9174-23e86580b83c,823368,2,1,9,164.28875290509873,14.031229698285777,165.83736701333237,12.55090342781343,58.31745437576756,36.46099068232657,40.800384806955854,49.38047196800704,58.15057373046875,12,1034
bc908c51-25f8-391d-8b09-f65a90f62bc5,823368,2,1,9,171.83224936466053,3.4728527561271316,169.592512492055,9.613177062733717,80.12617737222261,35.741013996389384,46.66118642047078,45.31546148377412,54.008087158203125,12,1035
5fa9e3a3-c32d-3646-8804-668993a7215e,823368,2,2,9,163.83910108636536,9.836252226233817,167.86407956988035,9.45994681236665,98.92328629726066,32.734380284131674,36.07728386976587,24.558690885851924,84.1141357421875,12,1036
bda9d4f0-192e-3849-829e-ae5ec2298d2b,823368,2,2,9,148.3863241090622,14.829041875593317,153.37362187621676,14.530938593053984,77.25463673225595,49.43731783020507,82.12998781243306,72.87442328175564,30.9066162109375,12,1037
eaba99d9-80fb-3d76-9fe8-5cefcdc80c28,823368,2,2,9,166.0108639082106,9.699179266226878,164.20818945230425,7.61592106857958,81.26095814985915,28.6437431799594,71.0111293241707,73.6030011186208,66.28192138671875,12,1038
c0249543-07d0-3c34-b60c-390835b1ca23,823368,2,2,9,169.56642184734937,5.849825707972866,172.55529730740102,4.797764747765948,85.3956191708292,19.33680267796933,55.37521234311955,51.52466585976058,72.87741088867188,12,1039
b233118e-1342-3b8a-baa6-bc518967f1f5,823368,2,2,9,175.82827972329267,3.0765794252175285,169.3635523883803,5.677427586963495,107.21410841652757,52.137664343294325,52.26368570251575,41.05452633806924,59.85552978515625,12,1040
9ab13778-e479-3c14-9cce-48151b5f9790,823368,2,2,9,120.11229856152596,34.01078116255548,125.25694836253349,8.135554160405475,145.3851974610746,17.22279949164872,133.289271151645,6.468090308046072,11.76617431640625,12,1041
5d71bbc8-9b1d-3d81-9eee-e6354bc1bcb8,823368,2,3,9,171.4218278054967,5.024335030380369,172.0235413397417,5.75372941946797,81.90362336211463,32.61517040699896,81.83692264873763,63.76291153994622,54.0599365234375,12,1042
3a0a2e20-3f31-342e-9af4-06e0d3a82dec,823368,2,3,9,168.91107895146948,8.910804046144218,172.13305534997835,5.451970849857496,70.58792887113503,49.91322966105919,77.79830818612027,56.83898310496332,34.7325439453125,12,1043
2860a8cf-2dee-34d2-8da0-62705e556a7b,823368,2,3,9,167.24930218322962,8.897165007884931,167.54006498090908,8.813514365544163,80.37256033634861,31.714291838719575,68.11021135536869,53.38491032984477,65.14743041992188,12,1044
88ec6227-ae83-3618-8101-932a7b49e5d3,823368,2,3,9,175.3696903700005,4.158433461198014,169.64727081819316,4.121891168174948,84.58031022151214,35.041838085977076,102.41781649967355,57.45038517875906,50.1978759765625,12,1045
abeb5820-d6b3-3fc3-bee9-e07e5218866a,823368,2,3,9,166.94917600622557,10.765107585317093,171.87058232979012,6.622208996361332,77.1448310071475,46.247643330625465,34.33530491611125,30.40799120657314,27.20086669921875,12,1046
67055800-3da9-37fb-aff6-d54228a68782,823368,2,4,9,159.23485016957625,14.900567546069944,160.80420921806757,14.689070413880987,75.80425634884999,28.14925946068203,33.34572785928878,29.183339279312854,32.269256591796875,12,1047
8494b65e-11ed-386a-b7b8-4c04e2703a31,823368,2,4,9,154.96406377332434,16.775754825877982,163.2471212575395,16.57961733005526,68.33596438393671,28.101797301061264,63.55417309307591,58.080292585636705,26.381195068359375,12,1048
7421d2ed-4acd-3e08-a0e5-c5c10dd97bf6,823368,2,5,9,166.34311832981882,12.50608247803348,163.124630482066,13.38900246036057,73.6058778327886,39.26365573054481,43.71814192508971,13.683380455588626,63.117095947265625,12,1049
89d1b69c-19c9-3507-8c98-47a1f09d6387,823368,2,5,9,168.37253711952462,10.420884411776873,166.40275306639967,7.601442920824821,91.33492219212877,38.571814497427155,85.94044531991034,51.23518191931429,69.76419067382812,12,1050
1072c641-2652-391b-8938-72b8ea08ef9d,823368,3,1,9,177.03220121288106,2.5178027229490807,173.66666140846806,4.705537909918031,91.46520812672884,32.845661422070954,105.27704280518009,49.45960946573074,65.9765625,12,1051
3dbf250b-c1b6-3b48-925d-6d4ce5d93acc,823368,3,1,9,167.00942565554507,9.419390210334516,162.55512476504472,11.950352466291903,74.97617558455777,33.88899183108066,34.860770639067276,29.263953399278428,70.57196044921875,12,1052
c099a109-1917-3245-81a3-86e29b28dbb6,823368,3,1,9,168.71516929433244,9.192297420093501,171.35709629294945,7.36842208986887,72.26188660841498,33.37956368848514,36.69704861329549,30.349874910592334,59.0679931640625,12,1053
e14f3b23-01bd-35e2-8b77-87e0dc8d1499,823368,3,2,9,169.99314995063597,7.159162284112631,169.09493218431555,5.743970558201985,67.65572159757562,28.79422871098428,52.686000397653814,39.03298470706572,20.721221923828125,12,1054
54b18653-bf38-3dfa-a7ba-24cd632f849d,823368,3,2,9,155.5069474953742,20.31599725295501,159.02198267888895,15.554375670205443,74.41705393021357,45.315337870143416,47.014945134863076,50.44915316171617,39.60223388671875,12,1055
9476b5b5-cc15-34ec-86a8-390a5bbe5698,823368,3,2,9,167.45275566299716,8.064620383377592,171.56907514757606,9.008933919279258,84.36743014104268,50.043331671092425,57.27709754271541,53.75410122269472,49.116302490234375,12,1056
9e8e44be-cb38-3d48-9f6c-17f373480bdb,823368,3,3,9,156.5564212908688,11.237051562907752,160.0539801278187,7.931521030663556,71.86973548277564,35.06344849842101,54.7734614458616,62.5708555335797,15.98583984375,12,1057
0685fde3-3ef6-330c-9f48-66fae189fab5,823368,4,1,9,168.68552446559772,6.18102540641397,171.00077556852966,6.759099498197194,69.20062692399165,25.727339233187767,58.12902949102262,53.28744910572256,42.93109130859375,12,1058
426dbc10-ad25-3b73-9054-d1c405114e92,823368,4,1,9,149.76584886323838,11.524132252751013,159.1186618028537,11.026487936710152,86.47747120698075,34.362322454017715,62.922820841795506,40.730881433217405,79.93511962890625,12,1059
82b87690-d2b9-3bc6-b51a-f1bde0459769,823368,4,1,9,168.1290709336639,7.223136985596758,168.51573055857875,7.44234981520514,70.1745574172084,29.92458820941268,40.14032729809848,26.829072515616534,65.93655395507812,12,1060
ff568720-ea7f-36eb-803f-eba0f568ef34,823368,4,2,9,174.25360020538997,4.240098743406126,174.633672205275,3.50098255455396,76.39353712308532,28.148430050319934,41.76310864760273,35.24658114004995,58.403350830078125,12,1061
273e8bc3-2b0d-3104-8e07-f2ef62d262ca,823368,4,2,9,164.52724079170343,11.29972628458728,170.77988200479842,6.073974287711913,79.8786346580387,41.01809989125716,49.65310610206174,38.488026224452256,56.08502197265625,12,1062
a29d43d8-415b-322a-bb54-5bb04258ca10,823368,4,2,9,156.11962349747176,13.791825793480621,161.9362519781219,11.666009954233756,63.1669573396139,20.414639963008046,57.064920049434605,36.799265449751246,35.665130615234375,12,1063
259c1e89-4879-37d5-980d-5c598750c046,823368,4,3,9,165.3419893711556,14.377257656896374,167.7369058647471,11.005980104398857,72.00909440014509,38.65328681485004,32.408087719846236,18.818001375428825,24.592864990234375,12,1064
64dd27f4-c46e-3857-9efe-b40d8107150d,823368,4,3,9,158.69941362378913,11.730187894165239,166.97574141120526,11.106201004194517,86.5349398039664,31.947789944855888,48.81812089057147,44.80699521464246,36.2701416015625,12,1065
93a4c3ff-bb53-39b6-a8f1-b4de8c823b80,823368,4,3,9,168.6430928381393,8.684010714266204,168.6551190767956,6.642935509741154,77.93511438472547,45.11982863685868,81.04125795141853,56.55418426836903,77.08224487304688,12,1066
5a64b5e7-da8f-36cf-ae68-6fcc7057f6c0,823368,4,4,9,173.9875964101991,4.524029496570577,176.2547477520167,1.759400612251417,81.30029219410036,31.218836420924962,55.96913948162254,56.75255550632473,71.01739501953125,12,1067
170af383-d3b8-3b4e-a9d7-d2ea8e862911,823368,4,4,9,161.8923608683062,14.488012314552941,169.053304600941,10.159611676351417,77.1585122274472,28.943060717675095,41.88104115368676,31.3921464610464,39.1422119140625,12,1068
daedf423-b13e-3d97-bc64-198b0da23375,823368,4,4,9,164.49028527397203,9.934429339209393,167.92696293659571,9.197912154955025,66.9069432008253,44.92674501757016,41.96955877029112,27.775985163132823,51.839447021484375,12,1069
a3440021-9dbd-31f4-a309-f52583ebdf04,823368,4,5,9,173.94614079629227,4.3357276873002215,175.72657064068076,2.2211362953172715,102.05474542478815,25.36381467746448,94.83323784751147,63.15781564985863,85.9730224609375,12,1070
1b459878-bb27-3901-b0ae-2782938c4689,823368,4,5,9,156.74084939577799,8.278012040534811,162.3153700191854,10.915543628245414,53.140124474262215,33.24001248358712,89.4390004431884,69.5887910919183,16.3848876953125,12,1071
44601291-9eb0-3f79-b067-15cd5c35607e,823368,4,6,9,161.31528688835613,13.70420134133589,167.74892579759987,8.578234526436205,88.67589870745303,28.914366047029734,51.28896178439642,32.65910285543792,33.764129638671875,12,1072
f8469d42-180f-323e-bc39-a18c469eeae8,823368,4,7,9,167.48879609189078,11.704960264039434,171.2411726138039,7.4423400908253035,91.21769791034552,38.28144214906349,56.05973204859876,41.88692356665408,72.70394897460938,12,1073
b32e6d22-8f02-368e-a594-bcc033f81e6a,823368,4,8,9,151.14420639859628,11.063621212200271,159.51934563357156,7.869645506800938,73.96405031702778,25.349036699551466,70.82113751967765,47.076185603454114,26.677001953125,12,1074
04c6ab4e-7421-38bd-88b8-8a701a9e6a02,823368,4,9,9,153.03317128854377,15.389352016487758,159.94029909778334,10.18868678934185,87.29253127244844,22.068249266890632,67.5427893633076,17.104962349347733,58.0306396484375,12,1075
9a8ff938-abcf-3519-92c3-8ec58d1d5abc,823368,5,1,9,163.52552820192193,14.030897775535097,164.6285672420367,11.631310880796436,86.8962091217969,27.108585153216673,66.28936721845564,40.267525789294815,70.87142944335938,12,1076
fbd10cc0-41d1-3403-9155-ad528973533a,823368,5,1,9,173.5576097020682,4.255272411609249,170.82175874643127,5.453025487779313,77.11558338080272,30.769200561433724,82.72395536174375,54.690802646965345,68.61041259765625,12,1077
a17b51d6-b6e7-3b71-8d43-1e2885a9791e,823368,5,1,9,116.49981660543982,5.5839439845291565,122.8795536341651,5.404583862474269,134.7473117538889,39.432178295962935,127.12912492074182,17.637550710004692,26.38214111328125,12,1078
61248577-767a-3133-b259-63c5efcff0e1,823368,5,1,9,171.09779959127522,9.99306025695041,168.7274442046422,7.506209461672381,64.38478320915563,23.051452785638393,45.055358217355135,33.758776169772815,56.1790771484375,12,1079
4993d4e1-ac48-3d27-b6ee-3278c1d33863,823368,5,2,9,171.74805906207607,7.630922619288913,171.788854435646,4.954641648159818,101.23650517961613,22.131874885067308,129.24129677714362,40.172990686924216,78.82025146484375,12,1080
f9265537-4af9-3d34-9964-14083d4ebb2d,823368,5,2,9,167.34579628496815,12.150589551444098,169.15337507746744,9.81842744582476,77.86840696513417,27.526833768792223,48.52008357093838,27.073750721067366,37.95501708984375,12,1081
78c05ab1-77aa-3120-8b54-99c050695ca9,823368,5,2,9,162.54797108857542,13.165322588750763,168.64801672631475,10.28513092801827,94.83127874293021,22.793745779788352,59.24107571279298,56.747454859819875,74.31805419921875,12,1082
d733bc6a-7e09-3ffd-83d6-214e320f337b,823368,5,2,9,164.96719863881128,10.55327722856204,169.02490053880445,9.940511754752299,73.70412924977461,27.312558294290206,66.88937491594014,62.37104920456986,38.146697998046875,12,1083
156203a1-7f16-3e65-9dab-f90f7a925bea,823368,5,3,9,170.93798214327418,6.343696203441582,169.58857366353425,3.4918498444161457,99.88666454709897,41.15169024645594,133.65828013899775,38.88526597658367,82.05429077148438,12,1084
a11b127a-f885-3278-9391-bb6c0fe6443b,823368,5,3,9,172.7697840424704,4.191604873478124,169.98273407311908,6.862574063530301,83.79197560229949,32.95280414460911,75.75320882398599,38.87865989502322,68.66812133789062,12,1085
51007fd7-fb48-365b-9270-9ae366790de1,823368,5,3,9,169.594058304964,6.360064264079349,166.9265882508544,7.8943033284914605,82.96025332539625,33.582445416074314,49.66524040534413,61.003737531224075,60.173065185546875,12,1086
15e43fc6-09b9-3957-b69e-d04f5a51eab8,823368,5,3,9,170.39882209719957,9.968814424452564,169.6700262445184,7.175047911504996,78.36120324040445,29.44645442595736,72.53634688061376,26.755368089938205,64.87832641601562,12,1087
fbe0c1b9-8b71-3475-87ac-fbf273ccb2ee,823368,5,4,9,170.1492609777746,6.186320598425674,169.95876668886117,5.945037699039132,81.02166551678401,38.75414804563262,109.14398515189605,61.046973479414824,66.33456420898438,12,1088
0aa6e5b4-d038-3918-913b-cddf0e50409f,823368,5,4,9,176.53219026369695,3.172831451531078,173.117341968781,6.574324667866302,64.62776316087134,43.72598922531172,102.36687045778137,60.11834144884661,20.668792724609375,12,1089
0bdcbeeb-7f75-376f-bd73-a3060a798eb3,823368,5,4,9,169.99202582656255,5.622132950444227,169.41639829342913,5.844967806904463,83.34130376534853,37.688089969301046,63.27706794397838,34.2203061394354,86.46707153320312,12,1090
52d03788-3f5c-3552-804b-5353ec3d3b6b,823368,5,5,9,170.50924583101238,6.3466030147830255,173.75692029974903,2.894343377300748,84.62017643429618,41.14529800804202,96.12983420045333,60.35646538946243,70.60641479492188,12,1091
5ad8c8bd-c3a2-3732-b61a-85a89599643f,823368,5,5,9,172.80458714344422,4.842399231593181,171.02626806033976,5.430244776456511,100.97374740174035,27.621799268066447,69.36523678259711,49.41798977116466,70.19113159179688,12,1092
4e7fceee-2330-3aa6-848b-9f2a80a4264f,823368,5,6,9,168.0587136555882,6.544960414676549,173.34034942605166,4.845983360951926,69.77102769860431,40.971373967100895,60.6344044666246,62.242677708347166,61.58709716796875,12,1093
7cea183e-529e-3a93-af3f-078d533c9268,823368,6,1,9,167.31065507965585,7.551051381706155,172.75402124218843,6.818188500971604,87.19849211232804,32.935649142722525,71.05321846101613,58.6209955053426,58.897125244140625,12,1094
31fdceb2-b4f2-3e2c-bc8c-099c1dd2e3b4,823368,6,1,9,154.42577479289224,16.051639480596474,165.0477411831269,7.640060926905667,66.54230206872815,35.927771089993094,49.95707133315571,57.88746726262464,37.405364990234375,12,1095
56f2038f-3c08-3d67-b941-9b1c813731d2,823368,6,1,9,153.32917137571062,8.233152509319588,156.10322117456263,10.501105990129785,51.93957646117748,34.33913045486812,38.41073361444966,39.35965248737503,30.3165283203125,12,1096
8cb7e10d-159b-32b3-b9cf-861dfa23a3fc,823368,6,2,9,165.39406124698564,10.53039305202502,171.50008589452548,7.116810108771453,71.97898184929551,39.19308423117853,78.81492588003266,68.86001293547737,50.8690185546875,12,1097
fca13554-ef7f-35e9-8977-a2c64fb6fd74,823368,6,2,9,154.8651464078506,8.810486359851053,165.01878575714525,5.923249365198804,77.51893337436968,37.10449978188289,45.60002827366898,44.95918541700529,44.77484130859375,12,1098
52de6621-2eb5-35ea-95ac-93592f754af8,823368,6,2,9,163.9481211391539,12.330275017744325,169.26096213912658,11.15853714514723,69.47075409428274,27.677257210092723,60.53814039034454,59.63125813058679,35.5126953125,12,1099
39211bc2-4806-3690-8bdd-2ed1ba7e49f1,823368,6,3,9,171.13120487071177,7.531164324589267,171.30489372373913,7.648126661459244,92.5397679169094,31.757828246398347,97.13282069992655,64.86604823432494,66.05322265625,12,1100
074d88b6-4560-334a-af4e-41dc4e76afb8,823368,6,3,9,158.90388496881798,9.64204179045697,166.0735571114077,9.932097181165839,86.8771609543239,35.18009796019174,85.167572416209,56.43452889983606,67.7763671875,12,1101
ad687efe-3fd0-3af1-ae4a-0516557c73a8,823368,6,3,9,157.6280975550402,9.419175662932641,164.233652800074,11.252741628201393,65.37586667912264,24.555260269287043,29.017971415222306,34.296278569434406,26.983306884765625,12,1102
f5aa2828-ff09-3ea0-9e54-0f1c01dd48e4,823368,6,4,9,173.36986326105887,4.753339033274018,170.30501872201796,5.441286880596872,93.15128215662735,28.602089078478215,107.73195227111904,58.138653057602106,57.747161865234375,12,1103
6b53805d-891c-3f53-8ac5-05bacb331f1e,823368,6,4,9,157.81509646852817,12.568327036117092,167.67175432181483,6.017256967862264,67.534015169745,34.49535961215651,61.62939842508683,59.127229044828354,26.1822509765625,12,1104
67505daa-f846-31c4-a02d-954f3d3ec3e5,823368,6,4,9,157.22607784673687,8.816132134140474,162.62999143750173,11.886308172565,51.913130741376754,32.31169521803231,58.599701342390325,58.9847442209077,47.956756591796875,12,1105
f9ba977b-6714-3976-82e9-6451350c6dc4,823368,6,5,9,154.37976122044873,6.11816677416798,164.08068408774216,8.559584943246476,33.78199740859983,41.37315074119595,50.62977676587572,56.02679764333237,25.06201171875,12,1106
9577fe8a-fcb8-3677-b51e-4c39b84f433a,823368,6,5,9,158.59317610498172,17.87678740611558,166.9618700687348,10.230372132019593,66.16045679236193,39.3763836538566,60.43165673672214,48.737441924050714,41.90594482421875,12,1107
02b25ddb-c010-36a3-b3c6-4645475a4d93,823368,6,5,9,164.37946159844094,6.861208585960063,172.1162609978811,5.971768985440298,77.7883151511567,39.93619338637405,70.5413753868826,57.5459283858865,78.20187377929688,12,1108
1aa46acf-2ae2-3c9f-bf91-5b404c4524f7,823368,6,6,9,164.24785452666643,12.69589730591078,171.0922649519415,7.391955854993343,77.97591680536937,31.23028019179369,66.27913833259244,57.58084768445808,56.18280029296875,12,1109
a51526c2-2fc8-3485-aa9d-b4d961ffc56a,823368,6,6,9,160.54052663834102,11.438384612156772,169.76215435216142,4.907506642017099,79.96080003607291,25.817145692467797,70.99203182456728,60.43309743310425,24.545684814453125,12,1110
2c092fd4-cd75-3f5e-8a02-9d2dee27c1d2,823368,6,7,9,155.86375048745197,15.766372086855533,160.89256880839883,10.759910723046973,73.24205718282141,35.79830755947676,63.73452474097618,52.42724462185652,59.6434326171875,12,1111
79ef13c0-bb15-3a21-ab0a-5727965ee8d1,823368,6,7,9,162.30718227802788,12.269810850748442,168.0493941835952,9.303392247655136,63.766497472192924,37.97399110047128,61.13630437452891,59.67327417536017,21.253936767578125,12,1112
89ca0b81-6a41-3d15-8e05-b3e96766dcc7,823368,6,8,9,156.49572842223907,14.73333625312068,165.42289390546907,8.72892752271173,77.05364472623802,23.31262850935504,49.292594874541194,39.289919824414376,44.540985107421875,12,1113
30d558ec-0548-317a-9c1b-cdbcbd7641ea,823374,1,1,9,171.32590385545504,8.79342578530428,174.09633927638788,4.509037344323326,110.77938881001364,22.311090561387445,132.49173442510875,37.17912363436599,35.415191650390625,13,1114
563290c6-6c5d-3ebb-85d0-ce7e7f9246ae,823374,1,1,9,169.83743711686114,5.4842892025024605,166.65071614611554,8.797767452746205,74.7890755049753,37.08746792011828,71.8658203207831,47.779698089000924,63.06268310546875,13,1115
e0627209-7568-31fe-a348-4e3b3bc8e9e2,823374,1,1,9,167.67224164128484,8.58967936529453,169.11096698421696,7.315984648050474,80.6856977301225,36.477317549769374,92.71553770757343,40.33295143482702,36.60577392578125,13,1116
bf34ab4c-82e7-3a7a-8b3c-f5fdcb304f49,823374,1,2,9,170.0996436952855,0.3954998574208669,177.09909070503372,0.40706420574309987,121.9785874201705,2.2830902135123017,101.43677440656501,0.5188016138594604,0.6256179809570312,13,1117
8cf1335c-b7b8-3642-a06b-4ae377c1dfe3,823374,1,2,9,171.67484387258145,7.143160950500585,169.491075158092,7.32907847050237,63.94096401988716,45.949049778682294,56.94986543954829,38.510358394981004,16.305419921875,13,1118
eab16633-a4d1-35b9-8eec-7ff40318cb6f,823374,1,2,9,132.65811263151136,9.728067085775894,138.03097800231726,11.921362783198953,155.14618923277905,6.113155665338761,171.09592518495324,5.419221041910902,31.448394775390625,13,1119
85062bf6-5fce-3ef6-8ac1-546740baf034,823374,1,3,9,163.62647649427697,11.661414347579504,170.8608705401823,8.699465165106933,103.05807647805757,22.842733341060455,95.19754904314924,41.9143432758039,20.3272705078125,13,1120
06c7e0f3-1af6-3860-8202-c84dc5eb353c,823374,1,3,9,122.22660061014682,13.59347756999027,127.55302856894312,15.046743103383282,145.09343567638325,52.40769988557175,168.74494922761073,6.262049139894415,52.2979736328125,13,1121
c56d8c03-32a5-3f06-a3d4-dee2935958da,823374,1,4,9,136.93539768431947,12.791541816299633,138.31003053709935,18.82035977499911,128.0120326455061,64.95672907739963,174.85140984959858,5.490073728904104,58.207916259765625,13,1122
c17516b0-e0dc-355e-bf91-53fcdeec393d,823374,2,1,9,174.14578199894154,5.798661998855443,173.3273096318966,4.230218715423818,79.46130273776225,51.39125964717732,96.00813843459036,50.911337708332624,66.8148193359375,13,1123
6b8726cc-3802-34ea-83ae-08a4a305081d,823374,2,1,9,170.14727868391398,8.359798342302708,170.0925801941926,7.284391583948655,89.19998588064271,38.33928031533874,116.38251897579137,38.61175290626552,47.0992431640625,13,1124
db6dce5c-367e-33c1-86d0-e3834ffb150f,823374,2,1,9,177.4056707708573,2.8779327957651777,175.60981232277624,4.724469289851403,105.85584123892392,32.513293377448115,120.38419318169407,42.02192929835677,60.287261962890625,13,1125
70f91b76-547c-3631-94e8-4ec74e6ff9f6,823374,2,1,9,171.8917344344088,10.085581598790883,171.46223072739815,8.173381058850314,104.61613765154223,31.848845883379617,156.76246608613863,16.540419992884814,69.47366333007812,13,1126
61ea1224-e88d-3c72-bc45-2f5c73bb23e4,823374,2,1,9,169.41352396248263,13.420209873124998,173.33458077577185,6.377071167474789,93.30518904292616,26.861171049816292,103.41546484548725,39.478929157363694,57.140533447265625,13,1127
7ee58d72-bae5-3014-a82f-a2d6169b787a,823374,2,2,9,169.9286273813168,8.238142798263427,171.34656536421852,7.645182939689628,69.284679229888,38.734752461069,41.352954897496346,36.120733264171356,35.43701171875,13,1128
8a2680e0-a53c-3ad7-8365-05773d0e1319,823374,2,2,9,100.28712833227509,3.191963112417415,99.61664989827902,3.390441685500561,107.96265616111172,19.74618116872318,126.27031955546651,24.349016811128752,16.007354736328125,13,1129
bd0fee1b-8af7-34db-abc3-dd975a3116c4,823374,2,2,9,169.69503253792163,22.498469445602435,170.9173129684167,21.623429137048706,82.62388611460827,64.20666939160992,107.04289109753711,62.44244089295818,28.83819580078125,13,1130
5304e911-2b72-3959-ab0b-03767dc88378,823374,2,2,9,168.30144882237653,12.801511833665009,172.06475549733193,8.078571461725165,98.20847972741005,32.04904353205572,110.03074593432991,51.48602159292839,54.90765380859375,13,1131
7db21d70-fa3b-381f-b23c-b9ccddaaaf9e,823374,2,2,9,170.91186820231337,7.598370533989788,172.89685810555258,6.352160099026829,73.84354902410881,51.18216182757862,94.47173491522835,55.1245517509146,26.8140869140625,13,1132
ee454813-bdc7-3520-91ba-81bc7459fc44,823374,2,3,9,174.35160858069432,3.4020673783586304,175.86527253512247,3.810516703448465,78.82583773189245,45.25358568173306,72.19828874637048,52.406750305480884,39.124481201171875,13,1133
135b1044-9005-3bef-bf6f-a0e666bbe7be,823374,2,3,9,170.46841239102204,6.836565414111991,171.81639992322056,6.4677398081415145,81.4104844862601,41.79516956575482,111.2270855897835,36.55591940339642,58.78289794921875,13,1134
588f0b42-0893-303f-ab87-6f72e6cfdd13,823374,2,3,9,174.92999848515043,4.367656674634982,174.05176443987554,5.0145530514092895,116.5796894646845,25.12720434290832,102.27479463084539,40.11637415083868,25.317413330078125,13,1135
cc0ca029-7dfe-3cc9-bbc8-27f9e66885a4,823374,2,3,9,173.95475824750437,3.836366733854581,174.7953306014477,5.48450744995418,89.57214806755991,31.447517206550085,87.25327662365564,64.43221069049127,56.853607177734375,13,1136
f7c9244d-67e8-352d-80bb-c0085a1c1188,823374,2,3,9,142.74379841619216,20.338453262673784,111.56625352901075,6.107444035853337,136.15933758255954,14.4684695588944,165.2937552957196,5.4799713461227055,35.118682861328125,13,1137
d6f8f853-0c30-3a74-a8f3-17816bab94e8,823374,2,4,9,174.97419182198388,4.446929846909236,174.2119529865934,5.019952919967768,75.86224697031255,42.65347004407893,87.63483700025482,58.24038891180525,22.7991943359375,13,1138
d07c4f8b-e642-359d-92db-d644a39eb285,823374,2,4,9,167.46727580799381,11.38454820356073,170.57186825405228,8.164050588699814,106.66144954088183,18.79333906751333,142.24510485694807,35.12952033336249,58.97467041015625,13,1139
fbc9409c-9f91-3ec5-80c6-56f374ac4915,823374,2,4,9,157.40501287023864,20.41162488713894,158.05511880290865,22.25601144133324,92.2008064695653,40.9750694092956,132.81948264804169,25.19628804434796,15.94921875,13,1140
ce0c428e-1738-3013-8d1b-db3b09362538,823374,2,5,9,170.80684359097978,8.565578072466469,170.70038446903558,3.861340371154553,90.43578559858096,24.552352091896374,138.36124947637884,49.79521038430287,61.540771484375,13,1141
0b33333d-8087-3a9d-90e6-ac271f5f5e2a,823374,3,1,9,154.64043434088933,19.67108779445194,159.53006095959785,20.09278210979202,81.48247952885416,52.85787945202841,123.11018084205972,61.84781990208339,34.97418212890625,13,1142
9760f811-f4e0-3cd7-b5e0-1e9037e565ed,823374,3,1,9,168.83449403062713,4.9439792571311685,175.94613312548637,3.869128864501377,93.24689432095812,34.72593118604169,102.2917822956055,52.92937906826792,53.672882080078125,13,1143
b9588f0a-cea7-39f3-8e84-73d38f8ab13f,823374,3,1,8,,,,,73.2290214531218,12.207626516392544,64.27643497731141,5.686091429717425,378.857177734375,13,1144
dd900ddb-8a21-3404-a225-efe69e891d15,823374,3,1,9,173.33888575153253,10.157231207518254,174.07367630679937,5.240913977096159,85.3524687533474,30.623606171175688,100.67229292267025,51.00680233202474,21.61163330078125,13,1145
b3d7417a-7c1a-3e3e-ba9b-8befdf46cdce,823374,3,2,9,171.87998611845055,6.637528366419004,173.20049317011436,3.5472248183559003,100.33505611783366,26.14424889873569,76.74110918930452,45.00046655207247,17.9569091796875,13,1146
5adcd184-ffb9-36e0-813e-2c9262cde101,823374,3,2,9,171.78194309910168,4.767992127315714,172.90464118009484,7.891288786200998,101.42264279144337,41.38403696244741,93.4688933683322,55.17303324065619,60.352630615234375,13,1147
e93ac18f-1caa-34b0-9a87-6faf91e94c09,823374,3,2,9,172.67682738670626,4.775120291193554,171.4091464384498,7.45087765656037,82.43329033732503,20.652940749672208,98.44426980919485,57.13885132394097,9.250732421875,13,1148
8011c026-b211-3236-87ba-3922279f60ce,823374,3,2,9,165.00894927897127,10.869517462366318,166.68624846774128,12.270805423343317,80.66236887263243,49.10190033358595,118.44167133774297,51.54764725799639,75.2159423828125,13,1149
02d8bcbb-588a-3a15-a359-68b278e507e9,823374,3,3,9,171.89444874669528,7.091249156325441,174.06113876586042,4.9740307732765325,107.92390829709299,32.18535403586979,98.80908904233748,47.53764038320456,19.7547607421875,13,1150
050a1b29-ddc9-3d51-813a-15695a1e314c,823374,3,3,9,173.3718487635378,3.118108018117628,164.96080522249534,9.462876055278032,103.29089445062432,22.752311020277826,143.69718941370874,52.905838895099045,124.8328857421875,13,1151
6bbcd4e3-802c-3914-a63f-e5b1146f025c,823374,3,3,9,171.92653809311102,4.103376274321589,171.94975023660112,5.8483673286516975,89.11110254015212,28.692856381657954,93.5300572365559,44.74105388176238,21.869415283203125,13,1152
345b0fee-840a-3be1-966e-e8eea4eb1ed7,823374,3,3,9,169.0695553058555,9.674739487520947,174.65229995064968,4.251371380188294,93.7901579464458,32.85612880390474,102.4751864339995,52.25283744044436,39.07196044921875,13,1153
b65c17a7-ae20-3a96-856d-851a1f28dd91,823374,3,4,9,159.4944107117526,12.957306761664292,164.27976711019426,14.019893028892927,58.35612638259345,44.32231283641482,87.78872251745928,50.557984770418095,32.392364501953125,13,1154
804e7ce8-5195-35d2-836e-ce6e1ead3722,823374,3,4,9,171.33707055876036,9.180193506801569,171.25363349288855,5.4960255152131285,92.75312754731041,28.893717913596614,88.90359623996603,60.64278442428439,27.40533447265625,13,1155
fa1a8595-ad97-3c42-841e-84407d936a5f,823374,3,4,9,173.20962258468253,4.826011576683093,171.21986847414144,7.195222061528228,61.706388215661605,33.63633808626228,134.0272034313836,38.92194146933415,43.9754638671875,13,1156
89de50ad-99ee-36a6-b61a-f4c4f5306269,823374,3,4,9,161.98714943660622,18.80063816406447,167.34983531981663,17.294123197599564,86.34076811932795,49.21096646549364,109.91748709933047,62.55137074271523,24.51458740234375,13,1157
5256d1aa-7996-3578-870f-7991c6b8444c,823374,3,5,9,174.9578457212462,3.8789893653058387,173.68895181048134,5.315979997772938,85.73409572384152,32.133456046178324,127.4939144306843,48.00506808840676,68.34841918945312,13,1158
b072e0fc-cb41-34b8-bf0d-4ababd1987b6,823374,3,5,9,175.74620437831092,3.7393442986569507,176.23592384555482,2.2371911405241516,87.57082621203382,50.48267697989194,79.95632058112074,51.20377242113755,30.39764404296875,13,1159
1651daa6-5845-390d-a881-00622e36a2d3,823374,3,6,9,170.66859128306842,8.215061025334824,173.96549570523047,4.08853732410188,103.54561574035182,37.44451075037873,110.86633373288198,33.32798097408603,49.51165771484375,13,1160
d83ea231-8c6b-3ff6-a2c6-2a0d8256747a,823374,3,7,9,172.06900742272555,7.935416184264289,171.15939444046919,7.444107276435204,84.38228842696851,42.249479586090324,102.33391690585893,52.77764838168401,22.03076171875,13,1161
080b535d-4509-38cb-ac9f-ada581f49c5f,823374,4,1,9,174.42991423341067,4.7939598067147475,176.20291696326598,3.6201971621238695,100.95660601217132,37.28300875327451,114.16915281474336,39.91851699893586,15.8583984375,13,1162
86445354-7530-3d37-8235-23c417224faa,823374,4,1,9,158.9412264264448,15.40909900927962,164.09767283080535,12.55272446545948,74.44467223811701,36.90330835412593,83.65078946879673,57.30347351477055,26.891357421875,13,1163
b34a84a1-8cec-398a-8047-5a19ea879729,823374,4,1,9,170.27341532882002,6.552302429443045,173.11458107481806,3.2680274617886442,92.01177360505733,35.4599664852371,95.37979221253453,38.144177326865325,27.987548828125,13,1164
659d4352-0101-39ab-9889-903967937eaf,823374,4,1,9,173.93000174351369,3.6588150789103406,174.86402811044772,5.98156852928456,80.22719939748237,33.02881718383445,103.16869253863001,53.54833375907286,52.945068359375,13,1165
320ee728-0137-38f2-a9f5-fa5731ee668d,823374,4,2,9,174.95287282161928,2.002244087774883,173.92866420092938,6.588807642143579,69.18840488999317,45.66600282743164,112.71970250674585,48.71733442245259,26.438385009765625,13,1166
69e1ff8c-82fa-3095-b514-4a24496b2bb6,823374,4,2,9,168.7708340146419,15.14381040204004,170.93419758029185,10.382877894155698,103.84565590269932,42.59857832343653,86.50819390382271,46.29939887441359,36.40380859375,13,1167
a210fc19-3b4b-3bdd-89a2-2557128115e4,823374,4,2,9,175.01751181979515,2.7589852349850723,171.68137183263306,5.123433728290346,76.40897150023805,28.686250419064628,110.01692360658987,56.98696126095317,42.762725830078125,13,1168
6d6d718a-0a91-34e1-aa30-d9052d09a7df,823374,4,2,9,130.87235747512207,26.318976575587914,134.80231784564808,27.976761299233363,66.26669636778746,27.45317244413072,91.86575254358794,54.10435351144097,13.853240966796875,13,1169
e2531dbd-ef99-3b5b-a017-b14f86d90e0c,823374,4,3,9,176.01603616575034,3.3114167599765127,173.8903740143628,4.039789148961587,88.822860338231,29.28135950778676,111.0515442309198,52.85737290542377,45.817657470703125,13,1170
9f71f4bf-aa61-372e-b3df-50bd32884b11,823374,4,3,9,174.04728829506934,5.079690647345167,175.7942478996904,3.7542500492786486,88.98604564707384,43.05913353472961,110.67811681780063,56.916294855953005,50.02099609375,13,1171
7b4c57f7-ad63-36e0-84e7-e71d32a5756a,823374,4,3,9,165.2356645950727,15.057858924913235,167.78993275770537,9.769100021070791,60.379659909326875,40.37470721001599,76.91554732217062,48.35072002635537,32.254364013671875,13,1172
d006f7c5-3650-330b-81e5-70db3e82212c,823374,4,3,9,155.38942162589035,21.323097706591557,161.32028116011807,17.552685401220185,66.76962636278004,35.40584679252488,107.61915095683045,56.607264488353614,26.3446044921875,13,1173
f5824fdf-f0c8-3cd9-8a50-9c897183558d,823374,4,4,9,175.71964475742368,3.949754087743316,173.90127544516307,4.498348070262261,71.63039842438573,42.783571480017265,86.91845220920281,47.63472867663075,17.0087890625,13,1174
f55018d6-d613-338b-bd8c-edae4eb9e2c2,823374,4,4,9,171.3058227587102,4.266126481229174,173.88595886169574,3.384889049720716,85.58998576444513,45.03664114869201,64.94071033038531,36.60468253133887,26.961334228515625,13,1175
a96db3d2-b0b0-353c-acfd-bedde537eb03,823374,4,4,9,164.14938968878383,14.18759246616037,170.66312768723924,11.618494739669163,101.20656938547954,29.09286893117376,84.28819783867434,57.2201474175737,16.1397705078125,13,1176
4a88409b-677d-3362-8fa3-cd997674c220,823374,4,5,9,172.731172435807,5.0385232660800305,173.12877373590044,6.267185809030369,85.04034601207776,25.741628899077455,116.2263904362443,56.36505387348795,30.1485595703125,13,1177
58019f52-2579-33f2-88ad-4ae8bc0dbcbe,823374,4,5,9,173.69554773666405,4.590330017353908,173.92093570724126,4.093262091997839,70.009608629526,39.40620944045502,81.75730290697294,43.19030454280276,42.06793212890625,13,1178
9cca55e9-78a6-3ad8-a3db-61b4fd3f112f,823374,4,6,9,167.33560254687234,9.007288708911165,169.47004601332705,8.807258772415716,82.96302451157302,28.12866866531564,79.6842163639147,47.00068617110392,18.896728515625,13,1179
63119a94-dc32-3890-bd3b-264b46312908,823374,5,1,9,166.3352185107861,11.000120417994705,169.1440003252926,7.616337445048322,64.60736201008098,39.0133479135222,72.44542879673881,40.27277603740372,39.58544921875,13,1180
21367204-e415-3d7c-984e-b9f5a2ede47b,823374,5,1,9,173.04635495181424,3.1664907407835767,172.8977217151159,5.876098341827912,88.31364600035539,51.12292225533623,131.1254932583811,41.61631361172337,52.643280029296875,13,1181
47c97f40-706f-3290-906c-999f1da759ed,823374,5,1,9,172.20870300353556,4.664360129999235,175.67494039007153,4.3681367897564405,77.64835530633869,32.673403227127245,91.74861094718591,70.13583094609085,29.037506103515625,13,1182
f2b439a9-881e-3b63-b423-76ad7f59b48a,823374,5,2,9,164.47466820209488,10.610361681546737,171.41287412495313,8.161603008231072,79.54433598402642,28.672733065996454,111.38441838889558,60.62818315454763,18.2015380859375,13,1183
cbf050fc-e1dc-31eb-85c9-c03fae44da03,823374,5,2,9,173.95536317039662,3.839270282563988,172.490994095868,7.0567359362438875,81.1066414259897,34.0057017250087,114.72590397335532,57.81786981313727,62.5560302734375,13,1184
a30cbc42-e118-3435-8467-364c22198836,823374,5,2,9,171.3889097707928,5.528868693054638,173.2045835835102,4.691085278280995,72.49268386691355,45.57549692804046,87.29240622875923,45.55495848292851,45.018218994140625,13,1185
2363fc33-2488-367e-9109-0b86c622369c,823374,5,3,9,166.32975205071045,8.437186561469185,169.72619879803113,7.8663956430652515,84.59603458955026,37.307149551480066,94.56631667769413,40.19119480581349,58.255126953125,13,1186
059ea74f-6643-30ef-971f-7c990fee5c29,823374,5,3,9,172.31510560365675,4.632049347041242,170.3713545984951,9.70935609852569,73.39188183756794,32.97633959296668,129.49955305160913,41.100202951236525,46.25531005859375,13,1187
b91ffd51-f638-3671-a18e-db59cea7957f,823374,5,3,9,173.62875239349842,5.371848438594619,173.03906526076491,2.487166460306244,90.29614515448256,14.35608613770894,113.93025113611932,56.94064866168219,40.837646484375,13,1188
a68d1bb2-906d-369c-be5d-49faf4a30284,823374,5,4,9,164.93758858481738,10.868455360639311,172.69444378426977,6.679177136959596,89.80881070937659,16.739735244422295,96.96880705123198,55.911012526039876,22.76416015625,13,1189
a2753039-972f-337a-880d-0f099060bdb5,823374,5,4,9,172.5046978825815,5.999338968673637,173.07507947316137,6.415270543661492,73.06286061359626,38.985801646035576,68.42061646205626,54.32790233702521,19.724945068359375,13,1190
88e87876-0128-3791-a6a8-fed97ee0cb09,823374,5,5,9,172.26730052730392,6.094039945910847,172.3613495739742,5.493358053725423,88.11215023850211,34.38439913465105,126.29147473469435,41.050951176044045,60.84271240234375,13,1191
284237d7-a7be-3b39-87fc-dddf528f4896,823374,6,1,9,174.8279362037887,3.7248965046575613,176.8095746977663,3.740668406813704,60.51373785098795,41.795908179061094,84.84809316603716,51.75321658963151,29.52606201171875,13,1192
b818e3b9-f127-3ce8-85cd-b10b797d459f,823374,6,1,9,176.35244144232982,2.9236128084678192,175.33445612769464,4.201358696940292,77.64329949552108,37.8459189692082,126.63105760048812,41.75228130746774,22.963653564453125,13,1193
4d4493cb-9432-3371-ae99-8cce34cd0e96,823374,6,1,9,148.1555756535325,23.698546523501722,151.73177673809568,23.925159043812116,46.27634443115596,25.97718173501424,89.49437458070514,55.663482123725764,13.5855712890625,13,1194
2727ee84-8a3f-3660-8206-11b33aa404f6,823374,6,1,9,169.5813025124323,10.244103341477787,174.62925154962397,2.8834811219092424,87.24045199270944,43.411804094332666,85.63556207481075,56.916636257415874,43.0899658203125,13,1195
09f08a2f-3ac9-3304-a8b4-d258f8781ce0,823374,6,1,9,163.05600854932263,9.772968107588937,163.8724009435726,8.339619374377541,80.45842529609403,49.694236105515635,83.04976689706974,41.52951791222584,74.59249877929688,13,1196
77841146-905d-393a-bd12-7cb9166b44ef,823374,6,2,9,173.6390847611414,4.3015354344777155,169.38559556967186,7.010270370179538,62.56711567563765,33.065553942670576,123.39098630729092,40.18082048204844,28.84136962890625,13,1197
55b51eca-ce84-36e8-92b4-e332bd1e719e,823374,6,2,9,169.0283611059573,5.358164481699664,173.13905753879783,4.072360366630256,79.37570581092388,31.957453958163487,70.99787030814942,45.14591814271294,15.647125244140625,13,1198
f75dbbef-7d41-3684-b0a7-509c120c0f1b,823374,6,2,9,171.83316728950206,6.29138908366296,170.51976043249022,7.660960591472041,51.09380068893014,35.41140399934358,65.82653851864563,32.374716856102864,20.558746337890625,13,1199
5db2e486-f5dc-304a-a29f-43d3be1553f8,823374,6,2,9,159.86796373051905,18.235892650409173,163.00657044761263,15.893955055665637,69.88281078163499,35.92220661753459,67.60902982689937,51.21405129577466,48.437835693359375,13,1200
33cb13aa-c0e1-3118-82f2-8cde7eeab1d0,823374,6,2,9,173.08118418925324,7.921416534938721,171.93382982411774,7.118311964430671,106.77715250365323,42.261114858197104,98.36702810805559,45.33231963579995,72.95626831054688,13,1201
5edab8f0-0dd0-38d9-8bdd-d7cb5b5183f4,823374,6,3,9,169.92065715554983,10.800105820268737,167.61708113219308,11.996556659484034,38.49158702457652,36.0012854768564,64.63840002982988,44.76833073920839,19.952239990234375,13,1202
e8ccff7d-2867-3f1a-93a3-34e3609a9e31,823374,6,3,9,170.81120802269723,5.837654303596111,171.21755524595778,6.931819722738696,73.21747140367651,36.847768762479326,95.01924695583641,68.13584269471934,58.103759765625,13,1203
eb1bcd8f-4288-33cf-a43c-d079f69a26f9,823374,6,3,9,166.99411540572098,15.331735272524114,164.36887344003685,16.8743691899772,49.215878011106255,27.97633993279417,53.5267331700411,44.65155529342516,36.316680908203125,13,1204
d452be3b-81b9-372b-a7a5-af7e2e3b78e1,823374,6,3,9,164.5670675379581,15.658834744865583,166.88152854173106,12.059652757122706,103.93839330188143,44.597074706235006,107.63607591540719,42.68754791396112,61.98992919921875,13,1205
34125759-ee6c-3a81-9b9c-8645efc7ef94,823374,6,3,9,168.89086117081135,8.559543308902049,163.08042160148497,20.381035286361477,95.59057902661179,46.40526226587158,113.30544287485132,62.29718365145026,139.11154174804688,13,1206
0d39af28-6663-37af-9720-def9c7705004,823374,6,4,9,175.21284172553143,3.1826852633186116,173.4830231374963,4.065939476643324,74.55240401544941,40.00096098489129,115.66749476173385,44.44263688287202,13.101898193359375,13,1207
74948a19-be9a-35c0-9bb5-d9b727e771ce,823374,6,4,9,168.29707068583124,8.791046300377118,171.94664041982386,7.715286666067826,63.87956426293483,37.92053098810879,86.2554211362015,50.39916502753242,36.668701171875,13,1208
b4d19484-5a78-37d5-b4fd-269efcff433a,823374,6,4,9,174.4646730819519,6.6648392002855426,172.6265077443384,8.238716764014972,56.4468069906749,34.214980497499624,87.06688249296242,47.236655107456244,30.701507568359375,13,1209
832ceed0-89a1-32aa-9e9c-68d83d253c31,823374,6,4,9,168.1641922807689,14.637650929016834,172.05502506969935,10.066147060779736,77.44440027765765,48.58191216596354,76.43553361048116,66.13724746688429,29.871734619140625,13,1210
cd8cc400-bb3b-38f1-ba2a-f428ff97c641,823374,6,4,9,168.38878962354045,9.768158446506613,167.5887486026475,7.621297310210209,77.25602227007222,29.74657569732311,86.23838265950151,50.04678446392182,56.056884765625,13,1211
7c31eef3-4792-3631-b39c-8d62999b9dfd,823374,6,5,9,170.99703950265098,6.236181344842561,168.98157143014512,6.391131387585592,63.21244143595792,27.073012858993984,85.26634090237202,56.73410796469454,33.127349853515625,13,1212
92ece109-40d5-39be-aa54-76a0ce605b39,823374,6,5,9,95.99763399844878,3.423781478441188,94.83805187941415,3.6116506134464874,112.20601807340084,6.091917926210709,135.75965811775825,11.535048668138101,7.058380126953125,13,1213
de9917a0-b916-3f12-ac0f-dd3f8cf9af03,823374,6,5,9,171.21973812534918,6.427115300237463,169.75920779139258,6.1958894025956965,78.30840720082625,50.80503364163231,110.43411611553708,43.46578913681033,75.21224975585938,13,1214
10bccda0-ca27-317b-b214-b36ca99a2b56,823374,6,6,9,163.76281830277213,14.751580960414664,162.95896813990606,14.951873215513068,48.86181352892905,33.39163617101309,81.01643123853657,62.23603385572596,33.893035888671875,13,1215
6cf71315-1c14-3106-a54f-3397fa8e64f9,823378,1,1,9,172.53944253827993,1.829118378179118,172.1401640022547,4.192601006309707,85.00111762553728,43.704227368801135,138.88616685267291,46.8868827041097,67.35711669921875,14,1216
5b719641-799f-388c-beb1-77c2679a8bf2,823378,1,1,9,173.79091998757136,4.029807290437803,172.0841899893645,2.812721679039591,63.50814324277641,39.222869632253385,47.511789482405135,48.76335432244651,37.483001708984375,14,1217
51559379-9549-3451-826d-e5f9e4cbcd0f,823378,1,1,9,171.83263556359856,10.637714419812214,173.36779084563693,7.45108197352657,81.4101900325367,49.13401653584281,109.55048492837588,56.96572818964356,46.02899169921875,14,1218
f39ab741-b355-3957-b515-cf5f06acbf1b,823378,1,2,9,172.09246965312812,5.64294502823585,172.4373777179424,4.153347812479262,82.94107881265165,28.873593075648472,142.15485460729963,35.94964984795199,50.612701416015625,14,1219
be71103b-8cc5-3416-828e-03c69bba438d,823378,1,2,9,173.35080606657817,3.6866323275755426,173.5845242283998,5.036087812275564,63.208209607185786,20.481258759997683,47.11225149081546,37.147398302607584,58.79840087890625,14,1220
e20eebf3-0f75-36f9-9b6f-0804794be62b,823378,1,2,9,156.8855045383176,15.50766909954793,161.1611058720313,10.115527241772284,84.50876764719958,27.740650749647372,93.54755890968252,62.27410601984046,37.1141357421875,14,1221
a28becfd-3468-310b-b286-b88ad5f2481c,823378,1,3,9,164.5451196449677,9.703244424085945,165.47278850726204,8.341187086505302,59.60700485411616,32.89763429438872,95.03023183881987,55.94880449731142,16.077850341796875,14,1222
21f72390-8350-3d00-b52d-c3ec8981bdc5,823378,1,3,9,171.90976544847848,3.6991975087662965,169.9516690939054,3.837775411457867,72.39871948491124,40.64977647903608,47.57935062058088,52.56707633316173,50.9033203125,14,1223
89c8c415-5cb5-32aa-ad9c-ff036edb7318,823378,1,3,9,148.08729124139052,51.12437936443433,157.39937359509636,39.40132952099999,113.82171908077015,27.62011039054722,115.01785167980195,65.84966826724529,55.15130615234375,14,1224
d340d4a3-65d1-39b4-a2ff-e361cad12ac3,823378,1,4,9,170.43202438315456,5.904731208019866,171.04027406206558,5.660723103529409,95.24796846417681,25.027869080633966,76.38076902670173,36.42376901949808,49.073333740234375,14,1225
b06f45b5-9f98-32c0-830a-d245f56d1bb8,823378,1,4,9,176.2532923969801,3.6824990223704344,175.48264538484193,3.672326876395383,81.15472300207794,43.46624406462325,75.00181905511347,32.21119785001881,38.65185546875,14,1226
b26bed7e-67bd-3ee2-851d-862e1707a0e5,823378,1,4,9,174.35609045442374,4.583676371161372,175.05379123071475,3.910964167710948,84.63322794142306,36.1096570992575,120.00300239933216,33.557258570975804,24.73370361328125,14,1227
9ae1baed-791b-36ad-a5da-86e85c882447,823378,1,5,9,171.14415094210338,9.004189267729291,169.21279434006024,6.381803531805414,80.72320789632964,37.98831580170617,125.94817985419387,45.13504367475137,44.4046630859375,14,1228
8f6b4261-dea4-361d-8260-ce2c8a72f279,823378,1,5,9,172.9689547784325,4.440765471453714,170.51476303700076,4.881448154467514,85.24412261468682,42.92396994384887,96.01899065847887,66.29128549683897,49.756134033203125,14,1229
29b08652-4db6-366d-ba92-68fd9bd8aa80,823378,1,6,9,166.82401166815487,14.46860939609033,168.68010563870536,9.474200487832235,98.3345715159419,45.82501296977284,124.66670593484297,48.21624128083112,69.14309692382812,14,1230
fce5cdf4-3648-33ef-8482-14181153156b,823378,2,1,9,174.46508994110187,3.938754219121517,171.41301686721275,5.687944575676275,86.28417602019809,40.63230396279017,75.75164882375388,39.55929701828789,64.8218994140625,14,1231
1438e5a5-1447-35fe-a572-4d52d9a259c4,823378,2,1,9,172.79382168749444,5.1020777736799285,169.0301086866843,6.821139678400073,93.61594989384704,35.74010394878584,129.92714231150774,50.45584477893872,60.569000244140625,14,1232
bba14bfa-dc68-388d-aa6b-384de2c3492a,823378,2,1,9,162.09483592990145,8.87663322291423,157.22969495308425,6.478851754486501,54.7754728661287,38.22673416160101,112.9563533837624,62.71616263772233,58.584014892578125,14,1233
7386dfe4-91fa-3e72-bb74-34300f44befe,823378,2,2,9,172.58593553498602,8.35845669342899,167.65342161179498,4.201598840613177,92.35126804639113,55.429004103856386,142.31651858613236,20.032374570334493,49.679779052734375,14,1234
ff81f947-1b74-328d-b4f8-b8cbc5f2360e,823378,2,2,9,174.098272036633,2.231860237914552,170.28599448412936,5.613805903674104,78.82217732643912,42.92269768474404,137.4652774394221,26.244215540815304,72.17816162109375,14,1235
0ccabc3b-ae17-3fb3-a81d-4091089393fa,823378,2,2,9,173.68652558711204,2.7637632140665906,172.87545204165167,5.01788741834871,93.22801846633988,47.382491199501594,85.8165309884202,39.718433962319935,64.7164306640625,14,1236
3ce4d32c-f1d6-3b28-8d13-c614c9f8cb76,823378,2,3,9,171.3802500525232,6.015401745849851,168.59149897068505,9.102699620034947,102.30538913932509,41.585282213824335,145.8758109536824,21.29602281435298,53.38653564453125,14,1237
48ffea7b-4f3a-3900-a592-e58f0a001eb3,823378,2,3,9,172.60546331345924,10.26737572279429,174.37244463853915,6.947923609127427,95.73831109815927,18.6384451936794,85.12580466063001,32.159854829264404,18.49871826171875,14,1238
e8d075b2-d310-323e-9547-52101e9d1614,823378,2,3,9,172.51851083875368,3.554774154718692,172.77773657379396,5.461570579853479,99.33531491750207,30.166331021361216,114.05616681424993,40.8649275966276,68.93801879882812,14,1239
81c4181e-b03b-3107-b396-8143867b72e2,823378,2,4,9,172.503339923009,4.860956305507679,169.63685743182933,5.764155449090566,67.8791574163481,31.514627284422605,81.32980554405127,45.41662544990669,68.63815307617188,14,1240
b6fb2c48-424e-3388-b1ba-ffc1c489bde3,823378,2,4,9,173.93028915701285,7.581149780757481,170.30636604763967,5.275937227882649,81.61981105075158,31.544143121663208,116.9617645887933,59.351680837618545,20.77667236328125,14,1241
9a88e14b-bc9c-3f3f-aeec-e67fa67f3a8b,823378,2,4,9,173.58558068903088,5.263793851118661,171.13411886919317,7.393545660488318,76.75839698305813,30.807223473607312,79.1362047668377,44.53975496887165,33.95050048828125,14,1242
e0f3ea3f-2d5c-32d6-848d-95bf0af3d736,823378,2,5,9,174.52283695748596,4.784999972041324,171.1738960173442,6.028572230333563,61.41624932106179,28.580671731979777,95.21487996518117,63.51646652156847,28.923736572265625,14,1243
6ea469ac-e197-39d4-b49d-5645635ee21f,823378,2,5,9,174.21098923819915,2.89128042231255,165.44456032398062,6.836187244766044,87.31635374903728,38.37455575902382,147.15428245421668,23.894699192227055,71.5509033203125,14,1244
26079218-771e-38f2-82dc-1480b852e713,823378,2,5,9,164.96926030002425,8.756741368134062,165.23243294793875,10.873558541541268,58.8314297367073,35.782265189217554,48.94215441358171,24.762882333649078,26.684417724609375,14,1245
69322ab4-3ee9-34a8-b085-88e34c0b8cb0,823378,2,6,9,167.96417673614906,10.551417075251896,164.7622156601583,10.875137236113474,99.54684252348882,27.62815245152288,84.04173420974762,45.86094885121131,49.59600830078125,14,1246
0c45c768-66d8-3c81-b261-4af04334a568,823378,3,1,9,164.8312554685391,9.504649696038022,170.95229213529564,3.0782141540419006,75.12036194129848,31.400326829254542,109.79195624011078,64.20814467178312,19.683746337890625,14,1247
6b6f07b4-d006-303b-be5a-8aac861526e2,823378,3,1,9,172.10112828662608,2.829523409557506,173.5087513432299,5.987353352259319,86.05224783177938,33.74927428005997,96.02980910083248,54.16021225281725,65.25518798828125,14,1248
6699c6c7-d90f-32e7-822e-f2b32fef1036,823378,3,1,9,174.51218024923733,5.964559499717704,171.68081421188793,6.25648112050792,59.427276252713554,36.59559729631801,117.27504116218445,57.996051291649415,37.75604248046875,14,1249
1f9e99a4-bf6d-3332-a7a2-7d67fbb90635,823378,3,1,9,159.03470503604876,15.697793274299043,159.65488662667698,11.269630927829644,83.864470981382,25.400596043677346,77.3290098083641,55.09374510816609,48.845367431640625,14,1250
bf3268f8-4c86-3cb7-ba61-760fcbddfb59,823378,3,2,9,173.19073284420827,5.2161013238010225,175.00464819540764,2.772224720569271,86.9482437387125,45.16121650043147,113.18109848650269,39.86581213186588,66.42193603515625,14,1251
8802a121-52cf-3260-aac0-f4bcfbe5521e,823378,3,2,9,172.98101481401147,5.694102811681446,171.90380159641236,5.185747345571306,70.50421454003536,39.337687994424265,80.12659897546004,45.11956160353559,49.386932373046875,14,1252
69a76e72-856f-3f04-96d2-e80dbaa578e1,823378,3,2,9,176.0086835538824,2.199164611248429,175.57221070400334,4.275499195251763,75.86014568668196,34.52940161043471,123.12367084518213,35.58217393948312,32.029327392578125,14,1253
9a9edf06-d470-3401-a581-5d518b6ae20a,823378,3,2,9,166.35811606340684,8.829492645692426,173.7761225071667,6.050626904105196,62.542664642760805,29.222778616076504,144.78683932935007,25.058597398993932,25.7747802734375,14,1254
95f20092-de6e-363a-924f-4feb618229a9,823378,3,3,9,171.35955475088468,4.8971769022499005,173.46202543381148,4.808168989692923,82.12939210265937,34.92962309101311,113.68655411272658,55.912519787970346,38.806182861328125,14,1255
9cd5074f-604a-385b-b477-dd89b24732bf,823378,3,3,9,173.92749472223426,5.9055067423955565,171.62493258098883,10.691773668476811,78.68990865044921,43.64154354110416,108.13939261461694,51.71629521284304,70.75039672851562,14,1256
2663705e-d2f4-33a0-8eee-cc16648dffa5,823378,3,3,9,172.70915683735373,6.285424226440702,170.8290600757107,7.331599369451924,89.25271593941505,30.637257827493897,138.05978550592582,32.44646467757664,50.670806884765625,14,1257
36b9064d-b85c-3b0a-b0af-f99665520c69,823378,3,3,9,163.964301100429,10.545095655901774,167.46791622327967,8.660888528585776,80.46930973089917,33.694529324556456,93.56468787782433,52.78518514159758,39.8992919921875,14,1258
9a3905e5-8b6a-3a60-b81d-4ce525c1b60c,823378,3,4,9,168.1421438903574,8.518414638271887,172.706285739269,3.667279664327065,94.15108671448175,27.663930334812438,77.94006365913818,58.109172146190424,37.87103271484375,14,1259
735fc8a9-795e-37b4-bcea-68ec8781930a,823378,3,4,9,172.0940185388258,4.914151519822659,167.5652347002921,8.84727355727107,71.8422277183648,23.222566700104874,100.8486081882865,54.98148743983894,56.186737060546875,14,1260
f89ca8d1-52f3-3e13-b6c1-504c580ebabe,823378,3,4,9,172.5741581806255,5.4946085721292075,169.27890967677988,9.433736187986876,81.77429521269772,31.633441379318253,77.60894188382407,62.22860880785663,28.033203125,14,1261
2c44e282-49a1-3e6f-9c9d-6df9f248cb78,823378,3,5,9,172.9468728944888,4.052568750729969,172.03591454507892,4.9108666613122836,90.70276173587624,45.213941939368716,75.3407509153221,38.04252751263248,40.233062744140625,14,1262
90a47397-e7dc-3843-8133-715238d4fdf9,823378,3,5,9,173.76813821340153,4.5204870806827016,174.98391111690594,3.319596857919987,84.57422224470287,33.13707468329723,99.24013211369261,63.7355798727062,37.72808837890625,14,1263
b929021a-fc5e-3034-8e3d-ef1eea7e7883,823378,3,6,9,172.34943645815167,5.906959513596901,167.6189779444285,6.927579490060373,85.5750600755631,19.506691823757354,83.88732176018777,47.451713895851796,54.75274658203125,14,1264
99c044f2-5ce6-3ce0-b34f-970f7be50563,823378,4,1,9,176.45237421482082,4.0618901705983355,175.20239076210945,4.396034206887992,59.22396445796931,38.524992306919124,98.91596652734717,62.57500400976645,41.3182373046875,14,1265
442f8a77-06bf-3c41-b8ed-fd9d641454d3,823378,4,1,9,168.11398563044702,9.994718493156913,173.32087350069006,7.843873975220378,101.39616811298305,36.85942192596541,128.47209780052444,52.59545653201992,54.743408203125,14,1266
d9eca27c-6832-378a-aa9d-595d77199f28,823378,4,1,9,173.0055355226431,3.1534686685509348,172.6665752438773,5.587477073686665,84.67044088720861,22.439511042973304,122.29580439441555,43.45322007767394,55.18096923828125,14,1267
d224f94c-630d-3d95-a9bf-b71d94a27be8,823378,4,1,9,169.96683888699263,6.18426940145935,168.76980810028516,6.688821795337918,76.32372624881548,45.661996888800395,109.35258674361269,48.106416502283174,36.07489013671875,14,1268
8644fdeb-31c9-3612-ad5f-e08aa7740f10,823378,4,1,9,167.01996885370417,4.823595022033164,166.9958473271755,3.5085388473305277,97.84852069455552,27.84369148783868,120.26278370918756,42.895657602037986,68.04190063476562,14,1269
6bdea95d-9903-3df5-8c5f-66fe198925d0,823378,4,1,9,172.39375218307836,5.160371457855223,173.3155994862346,4.6437900450019,75.23309081917358,27.70945372937294,101.22036438189723,38.99043099613465,19.0440673828125,14,1270
45d0dfd0-9d88-3c0e-9ed8-303c37c53e39,823378,4,2,9,174.86375623947728,3.3224397906498675,169.30308614928472,6.6255421612106975,82.5833730777616,18.69367929192991,126.50880807839333,45.12205447712381,63.7943115234375,14,1271
eac6e9f2-2756-30cc-a372-b468f936500d,823378,4,2,9,175.83948494036179,3.272958676282209,175.65184486677242,5.057840030785038,66.97908423714951,26.11096365235222,127.8989124321257,16.373962599917803,44.357177734375,14,1272
24eb89d3-431b-31b0-a49d-f83a46c8be2e,823378,4,2,9,167.30781075311646,6.749097659307583,157.33225404157588,11.20739406661894,81.50732597784493,33.43405222699267,114.57667510205448,55.9380683031385,65.97491455078125,14,1273
2f926cee-8566-3c4d-aa5f-7dd07dc9d2ca,823378,4,2,9,171.5917085908038,3.9240368459311146,172.83026991366762,4.572789059732762,90.58008100112987,32.12243005447223,99.96321733991896,53.00705759664226,57.97125244140625,14,1274
19d0aac8-6fe9-334a-948c-23604b24e153,823378,4,2,9,166.62747075117238,6.082221355227751,164.91565559095727,8.779688407051086,82.13124185903631,40.89777299812482,89.64723285347718,58.68276474788683,32.467926025390625,14,1275
fe027da0-9f63-311e-a976-87eb5f8041dd,823378,4,3,9,174.77453763009916,3.6581886889322206,174.37946340928264,3.900194026511864,73.59505997246117,43.26054848015967,126.55037574710377,39.14407037944397,48.835723876953125,14,1276
c36138c9-819a-37d6-9734-c2ae544b4d2b,823378,4,3,9,175.65141028082473,1.9355902642943499,177.022984976252,1.591303593737223,80.98886909315112,37.05763588115828,115.29421371079148,43.510573392373885,68.95895385742188,14,1277
0134a9ff-8fc9-3583-93ba-b4bf4bb36e3b,823378,4,3,9,170.45639815603417,4.4801558522125084,165.5248272641441,10.167243640694297,88.45123935959037,21.539841082160386,112.87853663535938,66.06582616250132,63.049346923828125,14,1278
c83a032f-8ca9-3bc5-a7ab-79f926107418,823378,4,3,9,177.5701127337009,1.739818929306111,172.60200115495903,4.858609402105836,84.06928217558334,25.810458385927568,92.81021415117968,53.15530206249118,37.829071044921875,14,1279
d936f019-b260-3d47-9687-4c936c5c0935,823378,4,4,9,177.40159157055143,2.7408802300256694,176.43938172524634,2.674232218333765,92.54911910948321,13.336461001023771,132.24019471361697,23.0803640303104,63.371978759765625,14,1280
dca29b39-4ba1-3e7c-b4b3-6ee99b8f44e9,823378,4,4,9,168.6162207423233,7.891023369866549,167.57348333336796,14.841934093441125,72.77957918853701,27.58523928112685,84.31881745824224,48.83196721628843,31.2506103515625,14,1281
c0c58844-46ea-3e24-b94d-10fc3ece07f3,823378,4,5,9,172.86684596058336,13.44046203972463,172.1549557951272,11.011867639392827,91.05078943588565,22.270629304702954,128.7978018970109,51.39465250609066,63.314117431640625,14,1282
33db7acb-6141-325a-971a-027548a22f0c,823378,4,5,9,169.57081049417468,4.729620442213439,168.2255733655616,5.41397870364626,79.0710171717083,35.133616292398095,118.70918311642309,51.73100283376191,58.616790771484375,14,1283
6b676e17-98dd-39fd-b629-152370ba42a0,823378,4,6,9,172.21993771695045,2.7177160930265827,166.5588118873587,7.488083218120058,80.22585985573454,40.396014165890776,144.56072949063415,40.13961149603933,75.70819091796875,14,1284
52ebdf82-3696-3e75-afb1-f6505e554a10,823378,4,7,9,170.4436461956263,7.7563044518425315,167.40769806799975,9.59422666521079,75.64607150598856,45.789563047740515,98.11883198452462,50.08813114993784,72.2835693359375,14,1285
f98aa246-fef5-361e-94e6-50997d519d73,823378,5,1,9,172.1814343048441,4.926928159855795,172.52905735343677,4.546478443869296,58.00042644345471,36.246908232424396,124.48222467240804,39.9298121848411,52.980499267578125,14,1286
c0200107-6b35-3fd5-91e9-86e991b5d330,823378,5,1,9,171.88663139807986,3.2834440001954883,170.3980178569733,10.140971026431727,70.55407868658773,37.0033732451131,93.44689770557025,60.192886253263474,32.16754150390625,14,1287
2db8d6c0-cfb2-3ac8-a6ce-bb89a67fe071,823378,5,1,9,173.65658020716353,3.1084397096948004,173.4262290212166,4.201682469638216,68.91661179819575,45.32714006565467,137.34123466137302,23.6979585278013,58.3734130859375,14,1288
86a9743f-1197-38c1-89fd-ddfceb34210c,823378,5,2,9,172.94238548642574,3.0069070518065533,171.9280856173095,2.901382694516096,80.04757662452059,39.529490101426944,132.79734533982003,26.458308883311236,64.44796752929688,14,1289
9e5125f3-0447-3800-8563-a9d5ec13da69,823378,5,2,9,172.49997653936455,4.682374651551841,171.85968551811814,8.180680928704643,69.77826096007747,30.39348410576079,106.17287732263885,60.296366368913716,46.538848876953125,14,1290
1f369304-eec5-3b7f-812c-7c20e4d89699,823378,5,2,9,157.34255563843763,20.255357638454893,163.70427097243703,17.65714082560645,83.87056533847951,33.833190058205645,85.23990918197526,44.198330112465584,17.5172119140625,14,1291
491fd2cd-d6a4-32f8-915d-68f5cf5b680a,823378,5,3,9,173.26696896516788,5.115749224483249,172.42894848922808,5.596204336595547,85.88536344411949,25.324477570363054,138.35602127288536,36.196373308135456,54.4627685546875,14,1292
42766473-6ed8-39a1-84ce-73dba3264b89,823378,5,3,9,173.03750307649702,4.158643157521535,168.53599276349402,9.218347909252717,86.26131822747745,31.688708502552522,142.56557983078807,24.592131422985727,64.53802490234375,14,1293
47307e19-c475-3044-bfa7-e27247bafb10,823378,5,3,9,169.8733536008634,10.608933634546345,172.27837179488176,6.4225958775097975,62.71318705797452,19.249015383555548,139.70176373432355,25.1336475956238,37.4342041015625,14,1294
f0184cc9-f716-3141-93a8-f6974896d94a,823378,5,4,9,175.7885696656614,2.753343520603874,174.9072300310126,3.283080609724077,85.73410157888763,42.80470885727088,129.1146115757844,49.49819213560612,70.50213623046875,14,1295
95b96312-3d54-3caf-9198-1cdb7e95540f,823378,5,4,9,174.02626430313472,4.530454857067978,175.32880974778655,3.6946888362076997,83.98353845727515,34.98904554617658,141.219759895013,34.60685575569326,66.92584228515625,14,1296
48fa5946-844e-3295-9a23-2583b2da88ca,823378,5,4,9,165.09275773959865,16.79379446035593,169.25180567693624,12.199359758655643,97.68465301434458,30.04650900181188,124.54985505668527,36.78551580136847,57.267730712890625,14,1297
b96203da-9ab2-3eb8-b68e-65ac72ad6f3e,823378,5,5,9,172.63496947268692,4.486119047180401,167.2624197237403,9.807817343969262,87.67419164960064,35.860659674896226,126.14953153881976,53.90926510989778,47.18634033203125,14,1298
30531387-051a-3aac-a67a-abd4e7dc94e1,823378,5,5,9,173.42787612220516,3.1711182277638024,172.04873544229707,4.696763396808736,64.36677227327476,34.74004378034358,104.93877892138174,59.395377805729886,49.6834716796875,14,1299
8b4554a0-e9db-3bfd-9093-251f941cd503,823378,5,5,9,171.2728852725918,4.981328250005715,171.05357283373638,4.560507336444672,86.43645173241981,41.62549268250319,109.06317123856729,46.24243579499567,56.355438232421875,14,1300
54ec59a1-ef79-3ba3-9608-5787dbd90840,823378,5,6,9,175.28874115565546,3.011752755963066,176.2108659736589,2.680215219424133,81.8860502996619,37.24916179444199,97.48510066281749,44.2052798272443,49.718048095703125,14,1301
7a2350cb-3334-38b5-b5d8-942250666e5d,823378,5,7,9,170.077769344285,4.172016168395539,160.47996252346647,10.307356390902058,91.23362310047918,22.565783547513078,126.47472028627489,59.12358749094908,53.612060546875,14,1302
7dd9b63e-2408-36c4-8ec3-4ee4c99fb32a,823378,6,1,2,165.40633789973424,5.032765130870849,171.9698636541581,5.918413090744714,133.82814187104148,2.935550018128872,122.21678498618013,5.521701582361143,0.481201171875,14,1303
b22def4e-055e-3a35-a6e8-0ad42d5b4b94,823378,6,1,9,166.47340908351362,11.853900185975794,169.53079731147236,7.436595888554163,88.4027467579926,32.99087178594985,115.45206225831154,51.57910564253635,19.982574462890625,14,1304
ca133f06-7eb6-389a-a2a4-5f85d1194c03,823378,6,1,9,176.74336120895552,2.078807092893914,175.74377546418552,3.161971725225349,61.69192949656084,30.78297900800739,124.29761659158339,43.42790363939154,35.955780029296875,14,1305
297f176d-2991-3f19-98c0-1b4fd32d7ea2,823378,6,1,9,174.91269738292542,4.142027394324682,171.67729504573802,5.248602153211838,76.70341046625786,30.066938700441998,116.99873728032026,59.25055180094635,54.76885986328125,14,1306
950e5151-e18b-3ff6-b435-ff1828bdf0bf,823378,6,2,9,175.90213837167352,2.4150801864304836,174.11524501738515,2.358526051561282,78.2300890532543,42.28490885902785,139.79678257352109,48.53777204657821,64.38641357421875,14,1307
a0abb6ec-2044-3250-a4fb-748a4325c7df,823378,6,2,9,164.70854897123772,14.731772210866628,168.3302651119708,10.334208222273105,86.89723150354251,51.762549753079924,127.021033790442,40.37564929300337,73.39297485351562,14,1308
82412e38-2e12-3e7e-ac95-96c1a631563c,823378,6,2,9,171.45191894002627,5.255936625199206,170.38258950010808,7.651986528039422,66.0361556683154,38.738931401295666,112.64124514022939,53.27247889971912,27.470458984375,14,1309
6c1c6ab6-5f17-39c9-aebf-612c83545609,823378,6,2,9,173.56473467790408,3.4284677580576006,172.89049926943645,3.8665893344435323,103.03655777789264,23.491875534068438,141.8710757999589,20.2358214963839,46.15740966796875,14,1310
5b195a38-7f4c-391e-832b-e6c5347335eb,823378,6,3,9,170.03752062098707,6.0555868395765975,164.08331032572323,12.640724371536637,76.46240890690126,49.281845687607934,116.29049433055755,67.52795248145813,44.949859619140625,14,1311
c9e1e7c1-2078-3d48-a5d5-1e734ba9757e,823378,6,3,9,174.31793856482614,7.552256461994576,173.9108928127711,3.893988010901988,75.149683201592,44.65755426005616,103.32188269208575,51.69231512861214,49.384765625,14,1312
6024f5cf-bacf-35a5-a9db-8e5a249ae4a7,823378,6,3,9,175.02244678547106,3.182343788401265,174.8595127778311,3.6153932913788314,78.12767902669708,27.845058036365767,138.4202621462306,55.105753522740876,59.774688720703125,14,1313
a2e811a9-9990-3481-93ee-b99c1b6a332a,823378,6,3,9,171.39687747771552,3.647109997368052,170.05076857039668,5.597379579428573,92.63977321890023,36.20978475618074,133.63469529119627,21.179727505595274,57.1778564453125,14,1314
1b9521fe-7040-3023-859a-92bd61861c6d,823378,6,4,9,173.70358018662034,3.3625870564500713,163.8432801964641,10.043382126551533,85.19129863828772,44.454093956148206,105.72896018936068,74.14233023380937,68.79644775390625,14,1315
3af3812b-5445-3bfe-9bdc-87bce52f11cb,823378,6,4,9,173.9013326428895,3.304761408938857,175.13667907334326,2.4874810918579073,87.24266776698951,29.026152892462257,113.65146136430897,50.69784085105002,40.4163818359375,14,1316
b7db2992-6690-3aa9-9548-40b0fe2cdf57,823378,6,4,9,174.4736120439042,4.201071171476166,171.94350950803783,5.890851603158511,82.4778934328611,34.16850035488002,144.4047183781008,27.208312918596267,54.73712158203125,14,1317
9d4a6c9a-8fd5-3f09-ac7c-ee11aa3d9f13,823378,6,5,9,176.10890859393456,2.7097063555432,175.491638920304,3.713611062187963,88.12671406625914,29.163888430928647,140.0992529434665,27.17282270696645,49.44989013671875,14,1318
09289623-1592-362f-9223-d5a422e594b0,823381,1,1,9,156.4937919694031,4.6895209267438345,153.64499909210755,2.213144546876222,175.16902867995668,3.5238004198055983,148.81768472440484,40.5055906276982,44.8663330078125,15,1319
a162a02d-24d5-3934-a45c-920121fe91c5,823381,1,1,9,171.78946701671993,4.839244054710509,174.312509378111,4.073514843052209,104.48624857306291,21.58612460895168,112.97677169645301,43.005535105988635,16.377410888671875,15,1320
c150298c-42f7-3535-b425-3d4f7ae056e0,823381,1,1,9,174.18195504858437,3.7360790352660085,173.18273010547028,3.3850564848197764,101.9970269570527,22.176329940746218,121.3186232001654,54.193796180499646,52.9097900390625,15,1321
8d3e8690-d3c2-30b7-aa38-25a5b0a75044,823381,1,2,9,158.39571849597144,5.154837044922477,155.69916556506345,1.8377467950680422,171.1621716144934,4.285643274193634,167.37504575009584,11.324849336951536,37.140106201171875,15,1322
1df9ec0c-e89f-3f50-8039-d46ee27607d0,823381,1,2,9,174.4594674499213,2.9247339853623404,172.1373167746437,5.742786585151247,103.80504308287927,30.786490512293234,159.47690428804145,16.10573336338229,61.449066162109375,15,1323
a39329d9-0cee-30df-8e6e-f614a7040a53,823381,1,2,9,170.1869494512511,9.516873973187343,169.89095518670123,8.46183829598723,103.81387868576479,19.165508299134988,145.75434215407154,27.004910875945072,58.677215576171875,15,1324
761fb242-e3c5-3723-918a-f955d693ae70,823381,1,3,9,155.14920243575372,6.642004427627212,155.6961951863051,4.853038775715672,171.18006963064812,4.123115063501911,174.0442981936862,4.455193542949007,47.938446044921875,15,1325
85d355fe-73c1-395a-878b-7a0078a788f1,823381,1,3,9,173.0989087608081,5.67988424946486,168.43528441993888,6.974519781357428,89.44522625758952,42.442509160654765,128.31345622059519,35.11887189782993,54.7421875,15,1326
f1f10a6a-50cb-3af2-9c9e-31a7772d019c,823381,1,3,9,167.4989946908467,9.00642261941956,170.0949015847188,6.379430747501827,76.56250898434816,49.31881509471005,133.6130213088531,35.29991859699259,35.63262939453125,15,1327
9b79b8b2-70aa-3138-9452-0cfb075485c1,823381,1,4,9,158.40105529651748,5.4875460967398055,155.98028271282658,4.424247768553266,172.98519388707342,4.232766579942917,166.92953163890277,7.694516615808184,45.130615234375,15,1328
448f77cd-7e17-341d-9da3-60b1ef6eb763,823381,1,4,9,173.4141815087695,4.60664757152198,171.2162806288347,5.539812242904884,108.10956578206871,22.491522398075404,127.20898353568947,45.416662203551425,47.720947265625,15,1329
279a9dbd-aafd-3001-9dec-d6adcc9db584,823381,1,4,9,161.795989393459,7.1999562678595215,167.0244674230807,4.7411437506580105,78.68691637333427,45.03271118042137,86.94409979992635,59.864425974065206,12.27716064453125,15,1330
dfe3d449-1534-36ea-8c19-628b7263a6de,823381,1,5,9,155.16647573654942,4.6698849440677535,155.5854495060184,2.713569372470339,170.15060046790063,6.19656180624827,165.7805959067058,10.494128478367438,46.620330810546875,15,1331
23045864-f9cd-3942-b23e-2ef1cb595e42,823381,1,5,9,169.18026846903092,7.197161968991891,170.12822801724744,7.010372678605828,84.19970780517605,50.32733045741728,132.1183078101517,54.77130762041547,35.33160400390625,15,1332
5fa5517f-fe3b-3e57-8a97-395ec4b3675e,823381,1,5,9,175.24796430813106,5.557874208838297,172.96298977822607,4.24849731121082,101.98522616781445,38.61835644441604,145.32504822662577,36.55232146874146,63.024078369140625,15,1333
4c099241-a1a5-3f1d-a591-21375e47a353,823381,1,6,9,173.30861599336083,3.9131966698284746,173.5670675695591,3.457502678844132,86.25871034770051,41.92699338311477,104.3299767514019,69.20647637909784,43.37091064453125,15,1334
7d11c2c6-ee59-3ec6-9c78-a0d1ad2ca6fc,823381,1,7,9,175.22805426129239,3.260727109423693,171.88695496913556,4.749329001205504,110.01092780600467,38.15360136619838,164.00901053732125,12.774122749641524,52.29638671875,15,1335
4f63f8d2-1138-315b-b6ff-08af812e07a1,823381,1,8,9,173.1623241120402,3.6498683761617867,171.5317976061483,4.912247199780637,103.56861243609069,38.53075012759726,131.85922730243627,41.71749670007806,64.4537353515625,15,1336
0358a28b-d845-3f33-a69d-5a2be19c529c,823381,2,1,9,165.502334919051,8.003434417616296,163.74617305971933,7.377432920282311,105.26095995301068,27.125973966410413,118.91129543332558,77.4479435217089,48.56268310546875,15,1337
7e1dff60-c70d-302a-8c07-988086119600,823381,2,1,9,170.3770692765623,8.004345489605178,171.45918082134384,3.7827552501896515,87.70931471196687,50.81094911563143,108.54818451652123,59.60976808903172,36.07257080078125,15,1338
5c0725b6-2abc-3736-8c2b-b681df5a44cd,823381,2,1,9,172.66103140939526,3.0234130921559914,171.3096371665742,5.207699387935202,104.37942602386686,37.03124339291618,146.57700712680094,32.926753471488915,55.830230712890625,15,1339
22ae6395-7d4b-3573-b0d6-f54c9457f35e,823381,2,1,9,172.01546048240746,5.771489452988728,171.16954683400567,4.092637621248599,96.36190703261352,38.86251006730512,139.08570981674575,52.11369016465928,62.710540771484375,15,1340
f317d21f-64a3-3162-8bbe-c8ff461f84f2,823381,2,2,9,170.95448259683135,5.039440582952617,171.03624385787313,4.611214970452348,97.2616116721065,13.919015405308093,142.74869443608563,50.23052485565625,49.650726318359375,15,1341
aaa667e3-8415-3995-92dc-e916a5b2beef,823381,2,2,9,168.90556505421443,7.787594238679671,171.53542281957613,6.442164188174065,91.1060838460791,25.93567682214093,112.38938650171991,73.38558856978733,56.465484619140625,15,1342
927a18b5-6f3e-3a86-92fa-acc491a9b7da,823381,2,2,9,157.50054361180162,17.691488547832456,165.02142992295865,8.753015533679504,104.31732488090138,31.786035828286153,72.75696228883986,61.21124689473028,14.837890625,15,1343
6d195937-6e1c-3cbd-8c18-7016fe760822,823381,2,3,9,165.0498376149029,14.68033197966623,168.89530338553865,10.777445079730413,104.1924452175092,29.172607312469893,110.69997809872515,66.39116171313344,47.41943359375,15,1344
84db9d0e-ad1e-3895-9ca5-ec7a44b8b70f,823381,2,3,9,163.69785936763532,10.641750843538203,169.99277952780392,5.847668608502741,102.68657096127589,35.24844886621571,106.49615617911945,61.77359941649952,55.0955810546875,15,1345
f57b336c-bb79-3b9b-b038-3ab28b9342f3,823381,2,4,9,174.21748044136726,4.349392108895484,171.20596706455763,5.5242544648526595,100.90931863563958,38.2361751928504,158.76600699504667,25.466762058805283,68.97109985351562,15,1346
3f8b7aa9-0636-3708-befa-829033e17479,823381,2,4,9,144.92218029947475,2.2762319864283773,148.75328094344016,1.8958433806034831,125.76806731669315,7.083684625421615,157.80805754230747,11.469065667478382,10.3851318359375,15,1347
f5820ede-6056-3ef2-9ae8-4bbfd807ab14,823381,2,5,9,174.14527759986856,4.835914743743523,172.78751149078929,2.4550436958066357,106.45639305269161,25.418010654303238,107.56881929179332,61.126083439716844,73.09213256835938,15,1348
cef20d5a-db8e-3a44-a35b-0496c09ca3c7,823381,2,6,9,167.31700957715773,12.634795229737765,173.54163454495455,2.8971255234894957,99.15173008102119,40.35343177306153,121.46283946144389,42.7884616092308,40.36273193359375,15,1349
4cccab68-489f-33c4-8f83-447c55ee9452,823381,2,7,9,173.551263096706,3.41421543863305,175.5156036785724,3.2566402469016524,103.65299437996406,24.805877068595425,148.0825065708554,42.48716532895841,71.84518432617188,15,1350
aff7ae3b-e527-37c9-8842-5899407b1471,823381,3,1,9,174.8080779782589,6.068680310827313,171.0414119589198,6.12818305314709,46.72517937260187,31.552882589296402,122.70925051561181,54.7939170947563,26.518646240234375,15,1351
2ed9549d-3f1d-3d9e-bebe-70543c89d943,823381,3,1,9,167.89191427250063,13.600079327774166,170.1789047022919,9.428580990839796,78.98173809733801,31.455042584681646,102.2403148704004,59.63907533712022,39.16552734375,15,1352
a0af595b-85eb-3959-9ba7-103bf99c9650,823381,3,1,9,171.481105466645,4.297923809875693,166.4245751595472,3.3917840809844635,127.87504860403806,29.314540832235366,169.26574966578116,4.238046610613502,70.38168334960938,15,1353
4fe42cbc-a75d-3c9f-aec7-e0c6c5b2a521,823381,3,2,9,174.4733077038454,3.914480071490802,172.19402237472522,3.5425876176699145,69.70164241414533,50.052248540853384,117.0723008407882,61.78671367021553,34.676422119140625,15,1354
3c29abe2-46e3-35e3-ab9d-ff2b0ba81652,823381,3,2,9,165.95899897929348,5.153773869472278,173.22579410613062,4.171004113566642,97.47569306777805,22.027059411121442,103.60496937762056,56.82329484911214,18.354034423828125,15,1355
f7d503a2-ad7e-3632-9fa7-9e912d197cb1,823381,3,2,9,174.27146645593794,3.0506269241787356,171.84238680851084,4.948661734149401,107.4642151927822,27.73931517939517,142.41803097579424,41.946139058427036,51.43408203125,15,1356
ce84821a-5940-38b8-898d-b4a6d020164d,823381,3,3,9,172.38666167359835,4.882577162844911,169.368380879638,8.716599341966168,74.2215437191455,47.50930617144238,116.78103693688386,62.495140484724416,54.9544677734375,15,1357
cf9ea5b9-f583-3b4d-a956-dcb2c55c3cc6,823381,3,3,9,170.6158772441089,10.884142267288071,173.17201048024663,7.5835027586141415,86.11542034522591,26.764299685955983,151.96606985678213,19.461484753435027,45.317596435546875,15,1358
b4f95e8e-8cb5-36a3-9940-d1b76cf0f191,823381,3,3,9,173.09942011996503,3.0484610521988365,168.29521167097903,7.071255861422999,125.15076451228018,18.38742137667205,162.3689773281148,12.423147664987706,56.7613525390625,15,1359
4811b4aa-d2c6-3e6e-8d1c-7fa6a8cace69,823381,3,4,9,173.53193057727128,5.276445908560714,173.80964888023988,3.4103199558659965,68.66721148910553,41.36169665586552,74.45940641708411,65.16824838043827,48.197113037109375,15,1360
56072435-685d-33cc-b1e2-cec56c76fc2d,823381,3,4,9,170.90504786938263,9.00640970810274,173.85401797321,5.681766013938176,89.69217802977644,45.64580925158347,120.71411709780295,69.36335475681442,69.00332641601562,15,1361
8860efdd-e101-3804-a960-0eead760afee,823381,3,4,9,174.00455318689353,3.463941685716671,167.65648591183924,4.9787893382732005,128.1828644977462,17.50390899316206,158.00575380533581,16.48073510338034,57.744171142578125,15,1362
24b5b6d2-3f8b-35cf-a9c5-7d87ddc5c9d2,823381,3,5,9,173.07764475924694,6.503398725527291,171.86161836347551,6.715214702612379,53.09808120676377,47.6063986649499,99.5995065053408,68.32461449155197,30.0926513671875,15,1363
9a8a9028-afc1-3494-a9f7-59b7f1fa387b,823381,3,5,9,166.83430187575948,12.687898501701266,170.62716846848065,10.810534529775621,90.13483895756379,37.536167495626955,140.31395759172628,46.71640636075949,45.2117919921875,15,1364
bc90779f-c54a-38b3-a103-d685e50ea672,823381,3,5,9,169.84732330171474,9.659066786397402,175.2462559842455,3.186904780585381,102.74468740129085,37.873186569786,138.56908088497315,51.990755031942356,57.4556884765625,15,1365
7fe7ed05-ec46-378c-b812-b2e75e9b0c3b,823381,3,6,9,167.0800305909292,12.848982033242011,171.03653090940455,8.987544235127492,95.65463127723352,21.80893496207306,155.47883406037224,23.680583000068143,45.020782470703125,15,1366
9a84b1be-d732-394b-99b6-4facdd36e536,823381,3,6,9,175.21240512445917,3.427892576759429,173.55108908453792,4.283586422038848,103.92752151222827,17.821632000322328,136.2619375015373,37.36469490875118,57.0843505859375,15,1367
873006b4-d8dc-362d-adff-1f7f1b0a9415,823381,3,7,9,173.30933913469735,4.653350624503924,175.86631597780672,2.818309165338156,90.2501344584125,38.13596685873107,116.05216382017127,62.545431811812726,50.8612060546875,15,1368
5179060f-acbd-3f54-a4da-eae53c23e862,823381,4,1,9,173.5191020984731,4.131414720224406,171.74581845766045,4.984601105247355,101.65197268684084,31.33406581931538,146.89237110932123,39.37393536955982,65.14089965820312,15,1369
24ec0cdc-ee06-3ab1-a0ed-a988c5fe3a73,823381,4,1,9,174.23185682244113,5.188607021769879,173.62837363094775,3.5950693707829044,88.35918487249643,16.746643906965705,166.34495598604784,5.159939051142483,41.90289306640625,15,1370
923c2554-4991-3e3d-84db-3f2ccce9eeba,823381,4,1,9,176.98497624465088,3.769337215010634,172.091440120844,5.3462153510851405,84.76611329500795,37.67854126395801,139.92234377450714,51.39133046296201,42.5986328125,15,1371
47465f7c-bd60-3471-bb21-8b71451d94b9,823381,4,1,9,168.52965341249688,9.15417057481839,169.451918585003,3.8398695560149463,95.9424474061352,48.03941526113641,143.27078337132772,19.721837762357335,65.3468017578125,15,1372
0cff9d81-3e5f-3b57-be8c-82a57a45e850,823381,4,2,9,172.15980150151356,3.2508786625236836,177.05006102026954,2.7781351046874105,93.61175533691272,21.74245774348069,145.1966601677502,26.677153205765975,59.431365966796875,15,1373
e8e5aae2-698d-37e3-85eb-5391edf63144,823381,4,2,9,173.46188519699163,4.41522232809538,168.98209592572385,5.593803446237202,86.45327724464444,45.633780338606876,139.7186043209412,67.82106852976833,53.222015380859375,15,1374
16ea4dfd-d5b1-344c-9a7b-5ee4e749ce60,823381,4,2,9,172.0790414159508,11.583130841010808,171.508870233354,8.521834921773713,97.15411713634907,48.16518557117484,150.74234406461562,26.35132891808667,60.4931640625,15,1375
4182e04f-45a8-3e47-b054-1fed1cce8114,823381,4,3,9,173.12315128431948,4.414358374525983,170.20293152886563,5.0095371567789915,100.12779718229426,25.66837958830972,141.34588261613433,44.002097183023395,49.01416015625,15,1376
641aad4a-6326-313a-baf2-a9f9f4fb1228,823381,4,4,9,173.9408864624312,3.8172702081542136,173.85510965513495,5.147794214893239,104.44333955577221,25.404210770192257,151.60218709540342,22.55477767651616,52.633331298828125,15,1377
c79fc4b6-5bce-3b19-afb4-4a9369352c66,823381,4,5,9,167.33238283979017,11.407049628860127,169.40445004617868,8.311232471363526,81.42302863265068,45.61504417325328,103.78709516069745,37.64662004571484,41.7066650390625,15,1378
ef99f6ee-fe74-38d2-a333-46b8eaeb043e,823381,4,6,9,172.17660892752423,5.38189969917601,172.68756290370348,4.205554013453415,106.34638605704501,44.15822907197428,141.86189212366406,38.55356473599462,54.836517333984375,15,1379
3d0120e8-1938-33fa-afb1-71653bf90a1d,823381,5,1,9,177.86460519152433,1.4704167918939708,173.6731030290582,3.4688688683514304,101.25683608140133,32.146272798475486,139.92953541072018,49.88261857518662,53.4324951171875,15,1380
c7f26159-04ab-3d4a-ae8a-40d2de828c66,823381,5,1,9,177.53261213413487,1.0005670786796963,176.04119250521927,2.9169907320669015,73.57127587093093,39.516407038758324,133.64464399566072,33.81017931007786,30.880462646484375,15,1381
9350f2d9-9130-379e-8e19-671135519592,823381,5,1,9,170.6133291626394,8.635812889355153,173.38139860017017,6.65038592805437,65.4037834880516,48.54772164817289,58.94058480732196,53.237250575720914,23.133148193359375,15,1382
e1ca9ccc-1a6a-3121-9d3a-b9f77428d15d,823381,5,1,9,174.47739885039306,4.501126853875888,171.9007929713485,2.5770629854489275,86.03962971505219,29.15419588730209,135.12120138397722,51.046563701184745,47.6708984375,15,1383
80bf5466-a92c-36f5-a795-14d14246310a,823381,5,1,9,175.19465822172177,3.578567369620711,174.79878818300753,3.1164483536505547,114.99634754742455,26.607094506001708,143.12168852793278,33.30644047203155,66.85421752929688,15,1384
2ef09ee9-2cbe-37dd-b491-ec7f80cd884f,823381,5,1,9,170.03979630744394,11.552537610088054,171.95362997600057,6.148988685250288,102.850890562783,46.70258036668726,103.4868075686846,43.58396281398718,63.903045654296875,15,1385
2f956df8-2442-3b5a-94f2-fe26c26b635e,823381,5,2,9,175.90925565691083,1.8037273191352448,171.9854937163687,2.854911892652451,105.64737254007768,29.69323306714701,143.41644896083193,21.820033684107276,55.4464111328125,15,1386
d618af41-47c1-32e6-a2c6-77747d43cef9,823381,5,2,9,171.81857157194963,7.833936833268019,175.04815831598174,3.159948633427876,68.49229289169071,42.87920928087817,104.2350989670779,51.57963176733792,19.54718017578125,15,1387
5008371d-687e-3512-9505-2ff52213e26f,823381,5,2,9,171.44023369274194,10.628827842582536,170.5245818647589,7.42519812085683,90.83304151339344,16.28278775087447,87.63075963216973,55.61865153132982,20.0545654296875,15,1388
2ef8548c-2178-3e0a-a229-eeec8736cb8f,823381,5,2,9,174.55577872649667,3.1053604784488815,173.87604595807787,3.7719927873930814,95.38961143154786,28.203372018163197,104.46753884705959,59.91711231652489,49.10552978515625,15,1389
a17a7906-8bdb-3037-9874-1675dd34dcae,823381,5,2,9,173.68854232518288,5.455441881122282,174.25243958974892,4.774242470351165,95.01164177921397,40.97024461786004,127.07700457891912,39.17983178068908,62.17462158203125,15,1390
1713d387-aa62-3cfa-ab96-b6eb3568d582,823381,5,3,9,174.72703130364098,6.130819312070878,175.81419171931066,4.372168084834269,109.23517016797422,45.51626699272357,152.57514586855532,20.317546590361076,55.782470703125,15,1391
a3152722-bddd-36fd-9074-d559ca805f78,823381,5,3,9,169.6837943074538,8.465849253955856,172.0769784350258,5.7140061089954255,96.62891047363487,26.06342723904055,122.6096196321196,47.65997970368655,64.64755249023438,15,1392
ec270078-5aa6-37b5-997b-cf212b68a01e,823381,5,3,9,171.3483452766174,5.047423848066561,171.67763545579075,6.0495511632959795,90.49518533042897,31.42052453410148,121.210305888884,43.135687136774685,44.729736328125,15,1393
a62731bd-a778-3e59-97fd-4b7eb02338ca,823381,5,3,9,172.25208662090867,7.852727552170266,171.1298310700289,7.478386605295639,99.66870218075819,33.7578897996581,148.06643333056303,23.73209013832418,59.960723876953125,15,1394
76a522b0-15f7-32f9-8208-0f76bb414a31,823381,5,3,9,171.82841793616382,11.535170819176004,172.63258474298513,7.786938474469601,115.2751506799286,36.38874662938529,111.52516856175346,49.68168207603679,65.5191650390625,15,1395
eab8d467-970d-35c3-b6ab-3299691ff117,823381,5,4,9,177.52995604881517,1.764599338930065,173.2724916702017,3.551110543592401,134.4717583146998,12.561288610245416,162.52035758562963,12.85363028280584,58.0423583984375,15,1396
e5ccf8c5-ab06-3597-b3f3-cd88696ed52b,823381,5,4,9,173.73298128466053,3.746901440142172,172.21783678676158,4.8153591809728065,69.1981808492777,41.56207175106122,87.61777647327742,51.85203782023155,39.257904052734375,15,1397
c568a83b-93c4-3cfd-a47c-e7b215f670fa,823381,5,4,9,174.77271089582948,5.005925723177995,173.421733724109,4.38866748572421,81.8000057316448,36.71623169268709,146.36009283213687,30.722221400311213,40.436370849609375,15,1398
e1c6e131-8ae8-3011-b921-c3ed25ee55c1,823381,5,4,9,174.934508823418,3.7171958165014836,175.60669703100154,2.488121621600324,118.41822110830897,36.059706319013216,140.86926344697005,31.498501380292716,59.649810791015625,15,1399
d86d9098-b457-3453-aa93-2ba665aff872,823381,5,5,9,172.8519107273056,3.294232335739046,172.45566150960764,4.611740484132132,106.64909752237016,29.747408231364258,121.00106552996597,51.38665582445799,55.279266357421875,15,1400
925df1ae-6a99-370a-948a-c486a6481f9d,823381,5,5,9,174.64819992591376,2.6584065762583093,175.10722347610945,2.176917248553575,68.4676064205149,41.92182418261257,121.2378063774107,48.54701022517973,47.460418701171875,15,1401
96c6be50-b686-389d-9bfc-3291c314d5bc,823381,5,5,9,165.15280113089725,10.702218260097593,171.4734742647501,5.1435185820357505,97.64923565264111,29.26449372733081,111.48407371955788,53.63798104371797,69.3873291015625,15,1402
88d8c18e-0ffe-3149-ab1f-11806ce9d002,823381,5,6,9,174.4962306384667,3.821252375654454,174.1711318488762,4.16589736194478,77.90601556396187,38.5764419187356,123.51228926177515,34.444019274763974,43.8416748046875,15,1403
0815d63a-7db4-300b-93ae-2d0829b966de,823381,6,1,9,162.15150887715123,13.259907078292095,169.62252979583994,9.60550093603107,89.46073234252736,44.60386270652617,105.19463753935449,53.84979440236032,51.329376220703125,15,1404
387de8ce-c80c-34aa-ba2d-ffbbe1c2285f,823381,6,1,9,175.78609095654244,2.997578977149335,176.5131785207949,3.3406185827271417,83.05644084405245,37.163610297918034,108.31808956477815,56.73414508560648,49.3953857421875,15,1405
ea287ae3-9c24-31f5-8e06-8aa4f91166cb,823381,6,1,9,166.26578125583035,13.71200698484416,171.36910363060784,12.24875301161754,88.51727670676259,48.207114919419816,145.31063509845788,52.61959349191081,58.1036376953125,15,1406
f0196093-ebe8-33cb-932c-ed788a588ab8,823381,6,2,9,164.67806954384184,11.465123279566779,166.91921597767134,10.21880508312618,93.44027014374922,32.71898160278207,69.75152618132807,53.73258477992316,9.104278564453125,15,1407
0940ba1c-b4dd-31b9-90ac-46b90dcd0f22,823381,6,2,9,174.729249480146,5.0625133066166725,175.0997361372705,5.218594348884982,113.56772691210197,34.77989522655079,140.35892264346907,13.478932050695347,57.850799560546875,15,1408
16724895-392b-3115-a208-41b540beb113,823381,6,2,9,171.26225792074695,12.44348596191031,173.66325585359004,8.727410429541507,103.36737559372601,26.124955756761096,141.9067713182603,26.98398241789104,46.06103515625,15,1409
bf8fc21f-7a48-356b-ac4c-6b876de8236c,823381,6,3,9,170.6867815534702,7.566198765679969,174.14354468745316,2.8885896970337845,78.51046711773391,41.33145165107794,154.85067682892887,34.09091367665594,53.546295166015625,15,1410
391a893b-8ee4-388a-b8ca-5df8260093e5,823385,1,1,9,164.04091397907413,13.662873906536909,169.9143819441839,9.444842697151106,119.26084883932292,17.51613873323964,122.3472177510149,54.76322279433255,19.340911865234375,16,1411
5c32ca0f-7fac-3eda-8b00-805259fe3d21,823385,1,1,9,172.64588000194385,7.07485476098797,174.9898859727674,3.8158051910640594,97.99920279202296,28.681576792419026,106.09590935383773,61.89997210511189,66.21096801757812,16,1412
0f4b0d6a-1fb4-3b90-9ee3-b618fb91c362,823385,1,1,9,171.4262995479554,6.352523998343753,165.76561139263433,8.687774100320572,86.77671582922892,19.874822568008934,145.74083537152725,47.87495358973314,43.154388427734375,16,1413
655d9f4a-edb4-3d05-9eec-dec3da752d1e,823385,1,2,9,157.67803355248765,19.973931266151016,162.04948392660532,17.096918335380796,95.39635160030966,22.989196864177753,92.44041766907347,43.30488925742779,23.24609375,16,1414
28590c47-a2cf-3864-ab26-0ca0d213bde0,823385,1,2,9,158.26696766352194,12.366288308428452,166.30678758546023,8.766479256268608,78.69879103132122,36.62243856947382,130.60374462316588,47.08139731185576,22.734283447265625,16,1415
5b4af178-133c-30a4-a503-484e401a8ff3,823385,1,2,9,174.73060816531657,5.364261104346294,168.57508409065886,7.87526534059012,51.69637281963854,31.93950617415482,102.92645231780214,77.80382937643171,33.03399658203125,16,1416
1762a8fc-b847-35c8-8471-f30452cd2846,823385,1,3,9,140.7912437606815,5.860278824980282,146.6429218344361,4.95851138032566,168.04246927837875,6.681366153546027,169.72672293937612,7.029096654980076,53.416015625,16,1417
e2e0faeb-bfbe-3fe2-b29a-66016f490514,823385,1,3,9,161.5259915791355,5.634042744031225,174.11742608665358,3.721398313034233,65.17221416775405,44.386569332217576,123.28132507359354,50.17341186151821,23.658905029296875,16,1418
c585f4c7-ff4a-3819-855d-7fb967ed66a4,823385,1,3,9,173.6248993516623,4.620485197937917,174.48208563206052,4.312182679616362,68.1189557216628,27.18712882580916,98.2200461537227,69.53299717161995,33.756439208984375,16,1419
00478813-ea61-37ac-96d1-629b0a3eb03e,823385,1,4,9,144.6809579506302,10.9488746793678,146.65750361234893,8.225928612968444,164.92308989958258,11.230300202964523,173.3777199112948,4.688182044173572,51.204833984375,16,1420
8acbfeee-0100-3e4b-9803-f5fd88f62cff,823385,1,4,9,155.4325090496286,9.50911596883955,166.29996816959147,4.947949901744801,82.77817723669699,18.197797046409722,111.37763265734374,69.55800480372329,32.82281494140625,16,1421
cb28d57a-9b73-331a-bc66-65392af8b487,823385,1,4,9,173.12247068383374,5.851108216683619,174.82209909836314,6.992267497790856,52.08805755398352,42.99719164130696,66.65182737472038,60.544301132621044,33.8446044921875,16,1422
d165c29c-630c-36f0-8bb7-2dce6e742853,823385,1,5,9,139.24862469069967,6.9268408627645375,138.14208999158018,7.090503389114888,160.5053984058842,10.529559295267784,169.99295045447855,5.228793432466673,42.303131103515625,16,1423
0d841d6d-97bc-3f0f-aac4-080f38d6f837,823385,1,6,9,171.92207325051606,7.697551849573603,173.52733267776978,3.722853813150932,90.19903438210466,38.859035769011925,116.65230862435789,46.704681974696825,50.503662109375,16,1424
d84b8edb-1922-30d0-b2bb-f6baf388d973,823385,1,7,9,170.11847775124212,11.510965056153513,172.5577145144832,4.721856272744394,79.00740082913545,49.12460155724856,137.11545801445354,34.404448281152945,19.83087158203125,16,1425
f677f71f-258c-36c2-9561-1b87b85e1d07,823385,2,1,9,169.30816423538312,10.069985675891287,172.55414856701546,6.117111310132508,90.76472896523818,50.97750502968633,78.08693835689245,48.87830146238024,22.062957763671875,16,1426
0b59ad41-11e2-3daf-a5f9-6decd96ed549,823385,2,1,9,170.18120726840522,7.857735609253117,166.6231957784638,11.363902844295945,67.80115462889702,29.210381990818213,91.72173964086242,67.05811960361764,38.64111328125,16,1427
98dd04ad-cb1f-3816-b797-0fcc6b7e1784,823385,2,1,9,168.24825958845483,9.157143330457275,175.09367527730586,3.546616564142048,102.83884334438685,34.48860072781192,79.33606652659682,57.553101858186196,29.793701171875,16,1428
f9da3905-f004-394a-8b2e-d4aab7cfc34d,823385,2,2,9,170.06193590249828,5.390841948954316,171.41743995854515,5.584557844368234,96.56236994457056,12.84870350375585,135.69801807937645,33.66598885960415,45.70361328125,16,1429
dacecc2b-26e5-3d45-919e-d251ce0d9c0d,823385,2,2,9,168.76304574958456,5.698688885175822,168.34922654982878,5.465906013720319,90.01332869017945,32.85996395632575,119.6676753202636,53.18809061657974,52.19464111328125,16,1430
70ce274e-4d7c-39cd-b2cb-40683e370e99,823385,2,2,9,156.76636055691174,20.59843463644595,164.4379129121355,20.358553623198052,73.05193618027523,47.683865075768026,87.62503653172736,49.53304506813342,45.32794189453125,16,1431
0bf877a2-2484-3c22-90b5-8080a1a4673b,823385,2,3,9,167.6719046191231,12.167395228589067,171.296185976039,7.860595884170324,87.89948036531872,36.232567830187094,82.0578925558881,47.34135256650667,50.78814697265625,16,1432
ab3237ee-c202-3934-9d54-cd742c74a817,823385,2,3,9,171.77013500443314,5.194354434115791,171.48919634654993,5.270212507593263,60.098619790554835,38.12718075917861,91.84605274139633,61.827627283394925,40.642547607421875,16,1433
f74adaf2-8844-3a00-abf9-453af9e53668,823385,2,3,9,164.48823606922676,4.914885905187569,171.96333107235498,5.032054914830882,97.28310476275422,41.24180646925936,99.98938285205598,51.16640603605777,72.33273315429688,16,1434
e2aae817-79cc-3314-a1ef-b0bd7bcca012,823385,2,4,9,169.29910080151365,9.649905652179173,172.46916004927095,3.9457638982017964,84.52522705512393,34.058418774032994,128.0587671013685,42.65816176410069,39.691131591796875,16,1435
de3249da-019d-35b7-bea9-a4935c60f888,823385,2,4,9,171.18131648570676,5.523958156093628,170.17579280719536,9.61955113635687,72.98853290503126,29.65836967406436,90.2618643732192,67.66517718627564,22.454071044921875,16,1436
155e8042-e3f6-3706-a977-9e691d5eb123,823385,2,4,9,162.90493128797235,8.69679276407218,171.7695623085435,5.361581197517182,72.13820906094077,39.20309029629887,97.24756983860365,61.398444582699575,21.33966064453125,16,1437
060c30b8-9743-3eeb-89a1-f86ea18b6e17,823385,2,5,9,170.1162573903561,5.977982836667236,172.61431573905512,4.8751383597753915,69.52570840883803,32.78102005772468,36.41318749123813,17.812362023751344,48.270751953125,16,1438
f0701d6e-a23a-3acc-8e61-02d0153f49b4,823385,2,6,9,167.65350245439151,6.452844149924192,163.38706127363992,4.460224913539714,39.816482422792674,36.77606172934867,53.98256363963233,59.791102483162696,51.5855712890625,16,1439
9a8f5f66-3622-3d80-ae64-9fce619f71e0,823385,3,1,9,176.41116940909902,2.6027297819966866,174.5315222561755,5.650479540781172,101.9303752935392,30.99871441171171,106.76893427153361,42.29821258754728,63.481109619140625,16,1440
2ed2d6d2-ac1e-3d38-be69-3405b0a1ffeb,823385,3,1,9,171.0934831424749,5.028663295233482,170.19905292842452,7.2318489578013265,65.21825361038232,45.37141403101745,123.81622591045337,59.496818467462745,58.822723388671875,16,1441
a0828673-1aed-370d-abee-8f2f0119e56b,823385,3,1,9,171.74935669285978,8.063252403511047,173.1802696866205,4.252465543058778,112.02204312208785,25.331422974188197,114.6860774778555,49.57611159610564,25.73248291015625,16,1442
af63dfff-e6ac-3678-85ca-b31031c72ba4,823385,3,2,9,174.44973089244723,5.306686795470849,174.39976766391317,4.494304338017913,85.273238877804,24.614333116521443,95.03095851488837,54.60371892623866,25.550537109375,16,1443
211de615-f08a-3d32-a879-cf5d479b0c7e,823385,4,1,9,171.15050430644794,10.22866793405409,171.47989955251612,4.0231150383064875,83.96001562194031,38.65691019508834,138.4095945527549,35.992208551707094,51.943023681640625,16,1444
1357765b-36e2-3c75-9857-8c90eb772792,823385,4,1,9,159.73028676915146,12.481886466379216,169.2760832855962,7.172936486073358,76.46752764345894,37.815561407234206,84.49509718744129,49.56452866472173,26.665374755859375,16,1445
bf196060-c1b5-3728-a68d-a4a4136b35ef,823385,4,1,9,175.2077613073825,2.9588634432556824,175.28050519700412,3.985504725848997,83.09645950219722,26.894131489153573,110.40867193559949,46.696939722468116,19.835906982421875,16,1446
4159149f-7576-3fa6-be72-59c4bc2cb299,823385,4,2,9,165.14723944530573,12.416362713438408,169.19256018526607,8.884094218520792,85.8078078992292,31.35942668396387,94.63980076785819,36.00871451808952,15.417205810546875,16,1447
2bd61c20-6f29-34ec-bf26-7db80222be7d,823385,4,2,9,165.24503578297876,9.734666640318677,170.58148473962098,5.7898246427244375,81.81477398636632,31.941329139179086,79.93829174793466,42.08807054658178,23.9237060546875,16,1448
e55fc09d-ffee-3943-b60c-ebacf4016269,823385,4,2,9,177.26934364468227,2.38687883638641,173.2056791639369,3.2210805404456377,88.75196064983882,19.18192736277302,123.12388604165588,59.20543340244271,62.4970703125,16,1449
18068433-b46c-320d-a045-c1adb449a615,823385,4,3,9,164.0370613080847,13.431861022060417,167.08690733290132,8.180053409565744,90.33192486007981,23.49873954178305,118.7857326014171,54.62315764739177,41.456573486328125,16,1450
bc8d9139-6007-3bcc-9db8-5354f1bc86d7,823385,4,3,9,176.61282955108754,1.6837460459015783,173.77353830755806,2.702030404836434,83.80034889883979,22.07034358189543,97.5839402472129,54.40596583167672,37.62567138671875,16,1451
32b84c8f-573e-3540-8e14-252d6425971d,823385,4,3,9,171.7697134374087,6.299331566016752,173.3871178758288,4.379991917079805,64.03892866501891,36.536389157249545,71.73473747628714,43.584526561318626,33.493011474609375,16,1452
637b3915-190b-3ae0-9d9f-22056bf2ecaf,823385,4,4,9,162.7464967109291,14.334757131778074,170.86242045908662,8.210497082231546,99.71761441615695,21.26495684243015,134.86704399723052,31.77066551758832,30.869659423828125,16,1453
fb967807-fd29-316e-b7c6-99679cfb4760,823385,4,4,9,176.85756118183542,3.5412852771378374,173.25222909961866,4.2921014437905285,80.9605270540673,34.01820098003543,109.26895228299784,68.13310289279335,33.97357177734375,16,1454
240bfdfa-b5e3-30d7-a7c4-dc670520758d,823385,4,5,9,168.52213204803738,8.50793434845887,170.29429597681386,4.150091532759728,84.41494329477311,35.38737451620068,130.30720093856254,53.14814812176123,48.373504638671875,16,1455
9135cd7e-3cdd-3134-97ec-033bdd1af646,823385,4,6,9,162.47834173269433,13.405720970595763,167.01679024516275,10.310103891835729,86.88504714497822,34.769022102977374,87.60629518115881,43.30819738283756,30.400054931640625,16,1456
3074e574-70cf-309a-8baa-809401db87d0,823385,5,1,9,162.13421219367973,14.431321196374164,165.09505995091783,12.208436825498787,84.08051758644332,32.98643875803533,81.2612243782461,58.475137332047915,22.086151123046875,16,1457
f5ac9819-65e7-3a28-8600-a1d705a10bfd,823385,5,1,9,177.39480257762546,1.640859704840905,175.91890945042977,3.266480859284067,72.02980971639023,33.64119180925138,125.5711145362445,48.23551832683885,37.80633544921875,16,1458
8d558747-f8b8-3231-bae8-005c4570a28e,823385,5,1,9,164.2976669846083,11.167487382327929,169.86420588844396,6.852854008899929,76.18565759281952,38.928964811964605,61.61410360127267,59.879949524326804,17.124755859375,16,1459
6cd08a27-e100-3e72-abcd-6bd756f106c1,823385,5,1,9,171.8782867804064,10.57595102578169,173.37376925015874,9.211024562610756,107.15830858317207,39.98827610385595,128.5939763550526,43.128391899503335,32.741119384765625,16,1460
7ca00feb-7532-37db-affe-88403cc70bcd,823385,5,2,9,176.50588745826948,3.7292877262931405,174.26605276157616,3.6105871446569684,87.41602026064828,27.158108843908085,123.21076974255374,52.05638173879262,35.191497802734375,16,1461
7000ba8c-76b9-3975-bc29-84c595063568,823385,5,2,9,168.35641572513148,7.991870996106717,173.5616080904759,3.8125753035768866,97.21752748661953,24.381954022973066,129.84329740638134,42.27115835593455,57.849700927734375,16,1462
025575e5-f449-3e34-ada6-ac833b79e805,823385,5,2,9,171.99232320753592,7.522999383568408,172.9546362780379,4.081867130030944,93.10417687869557,29.57642489512214,124.6906887987037,36.9980871026074,56.25787353515625,16,1463
2d641599-10d7-367b-9a65-aaec64fcf744,823385,5,3,9,175.3532714663032,7.4017108112700924,170.79594694453814,5.558308710734105,91.90950896335261,28.28568971560868,108.98664722716687,50.88753498479115,65.40554809570312,16,1464
db76ff53-4fcf-38a7-92d6-dd9106b0d71b,823385,5,3,9,174.5122852570025,5.218590979247874,172.52783960239347,4.809347338673005,68.95548515493017,37.96404605110067,87.43081700216915,61.08139911090446,21.401153564453125,16,1465
a891d750-e46e-35ab-a329-c7568f84eb9d,823385,5,3,9,164.39966910766753,9.6380529302727,168.89728717196215,8.5784779562864,68.09953885296432,39.89022498408762,61.65620128808881,31.817303410663534,34.929840087890625,16,1466
ac7f93df-3ae3-39cc-8334-2d36bb2f6014,823385,5,4,9,168.90913722632936,7.586458327083486,174.44240527579342,4.135420286279654,93.38038606299271,23.63218218312287,79.65485390718253,36.2286320676601,41.693206787109375,16,1467
1513c7fd-3536-3c5f-a192-5f0002b6851c,823385,5,4,9,173.90555819349166,4.3604897460387,174.2768113719937,3.9129779125406072,86.25892920948985,23.544499169856945,85.45688444540158,29.58545334935899,17.683349609375,16,1468
1d84d196-268b-3bae-ae03-625091ee96a5,823385,5,5,9,147.12993375109167,21.627596294308752,154.94913129544824,21.77390859487771,71.17225800564457,43.26935363581006,95.67473893084228,45.75006362849574,30.147216796875,16,1469
41494692-ba62-3cd8-8a02-04c8055fb129,823385,6,1,9,176.27701101172318,3.8026629661817797,173.53443581512818,4.543792805181112,83.02338581751144,30.154149049813032,152.26378827715476,18.24421020745144,53.26873779296875,16,1470
65f33371-5d1a-3072-931e-48192ee4cb66,823385,6,1,9,176.21095413244652,3.0424596247783953,168.95380545624482,3.8019287601250533,80.31417701369917,27.56464034702877,117.65995287535105,65.262733156048,41.860443115234375,16,1471
4f4213ce-a52b-343b-97df-5c44d1170592,823385,6,1,9,172.3980241944407,6.218557888487082,175.1216685905993,1.9438443135016394,71.47498356322323,43.48630336638502,79.32500306314464,41.5975579438928,12.508392333984375,16,1472
bd1314e3-3fc6-38f8-87a5-a5774cf98d97,823385,6,2,9,174.7090384486814,5.780057792469575,173.6522772014827,4.673350379488956,75.57835433781842,35.5732791772254,80.24227288060408,44.073420829654744,27.130950927734375,16,1473
8fefa5e9-ad83-3842-9f3b-49fe8fa4e57a,823385,6,2,9,176.71889200180232,2.4478286328763024,173.65162994604884,3.101000660627355,87.52903466008408,40.42951886600219,108.48130213799612,36.60472442145933,61.73883056640625,16,1474
68df7e11-e449-370f-98eb-f524fbda99cc,823385,6,2,9,164.7214056087776,14.58369119577315,170.3162804465337,9.068698576996633,93.38575697481319,29.276582643965696,94.40984953887353,47.26567819542645,33.836395263671875,16,1475
e9e18a7e-5d72-3622-bae8-1e96e60558a0,823385,6,3,9,172.46711214176474,6.989114789355117,173.32864149079228,3.49291353415884,69.75912127607869,55.542722235545405,78.70770301813944,44.61584760099793,17.640960693359375,16,1476
35d7cbc2-ed2e-3876-b3a3-03f686a5155e,823385,6,3,9,175.61341559037055,2.9389049960992737,174.16060582264487,4.7189066916743165,65.42570476027751,33.468861486605334,78.9638031530458,44.95766164462064,26.633331298828125,16,1477
b2f8cfdf-d7a6-3ba6-ac25-db39c7ba4412,823385,6,3,9,169.3107206585871,9.99589316088219,172.8994952932993,5.322961863852391,85.66348413345781,37.95503328096615,102.70007642554904,39.481761233585146,51.1102294921875,16,1478
42657c0b-6bcc-3e58-9182-8f3933e6b805,823385,6,4,9,173.88270088164944,6.806999182370298,174.8702035288184,3.278441595267676,78.06611766300381,45.385474992473306,103.96961111576867,44.92953207056067,51.956390380859375,16,1479
9a1b36ec-56b2-3a8c-9955-904a0dfdc217,823385,6,4,9,177.05996147917182,3.7412683517101826,174.02211659286448,4.817987758748538,45.27864854513138,37.74985862450072,96.59836843778334,63.47064191208586,35.177093505859375,16,1480
551edee5-579b-3c06-97f1-24e9fb5ef90c,823385,6,4,9,166.615218671876,8.712895920072057,173.79723763340417,4.493902281900006,76.47289460977271,38.61949906002771,55.922312497097955,37.09368229908742,29.783172607421875,16,1481
f188f2a6-36d6-3202-b521-53edda0c0c63,823385,6,5,9,157.6622264760373,14.678898574812132,163.98458623231744,11.596811805858225,76.43227685726497,27.27614160512482,89.54686907619138,46.796260236197625,47.990234375,16,1482
111a0ae5-b58e-3499-ba49-234219f692d5,823385,6,5,9,173.61304829691937,3.4131587830544934,168.229711885412,7.561107410775101,74.08585938527384,41.85331319730725,88.26050202437841,81.16667255099048,23.3070068359375,16,1483
0b0c4c73-7cc0-3ff5-8e85-82d06f14c0fb,823385,6,5,9,162.6958570305701,14.00289862732736,169.25945395582607,8.136050649451109,85.6768850571719,37.080521972070805,84.93626912084082,36.39914778158862,27.597900390625,16,1484
4fc6372a-809a-3f77-b9bc-28df63c6bac6,823385,6,6,9,170.54952614790557,7.893257106808639,174.39771672857492,3.986548496950731,74.30198660991572,43.76908458550283,121.67952614149353,54.28725923716217,44.45355224609375,16,1485
1317b16b-88d0-339f-b1c6-8663345e76fa,823385,6,7,9,174.1020738109003,3.2611812498965236,170.91950138044285,2.609355679817353,95.48524133592751,42.86472671972967,128.5567613444857,36.91119087541106,66.39944458007812,16,1486
d0b74581-474f-3744-872c-51117518c2b2,823385,6,8,9,167.43080436423807,14.141457838647987,171.48488065984353,6.131177577552874,108.552360911412,12.898680499105849,120.93234936030743,30.20348865919914,47.28594970703125,16,1487
4d61801e-5c9c-37cc-b48b-73635960addf,823385,7,1,9,165.76679800809103,9.223960856311466,172.78535915328183,4.799623732389702,73.86726106207735,46.83841881079759,93.23739182279968,44.92115036318535,15.25714111328125,16,1488
c6fecd91-a383-36a7-a472-91888300276c,823385,7,1,9,165.65491289375453,9.708661489656386,169.51484643318184,5.2210279531115855,57.62647022802841,45.3096081184919,92.36543880921022,37.4820000263561,23.00067138671875,16,1489
6c2c6c4f-258a-3447-a583-c86aa820c4c2,823385,7,1,9,171.3012862043967,3.838529768976207,174.3757010812443,4.581567546804926,71.59005623184164,32.73164046090681,96.19712854689635,68.53342716909246,57.550323486328125,16,1490
1aff0159-e188-32e4-aabb-675c7687d9e8,823385,7,1,9,172.57565571323792,8.741438804052525,174.35247511339443,5.9357818836556,94.70795661717638,55.18546575464108,90.45224132580977,51.24040569123472,14.357208251953125,16,1491
c0b1f8e8-350f-3290-90a6-55b8d3142806,823385,7,2,9,163.95461252572116,9.395296720443405,168.78786084441424,2.432439857798232,87.08156141548528,37.588360709282874,112.89501305370962,30.77885969795779,32.69091796875,16,1492
1b97f069-3ad3-367b-be4e-c184d3064fb5,823385,7,2,9,176.08250152882485,3.1529537473828118,173.69758605627374,3.5006961742556704,91.52281933043233,35.1816955671485,116.64041433346145,55.765320439104514,65.41217041015625,16,1493
2d6d4903-ca1c-3023-a90a-86c0ea3dc950,823385,7,2,9,172.75254217851477,5.9721944345873785,172.35634465384595,6.427073917062854,80.13660299902656,35.024114212117524,88.25139640108358,63.84178413444044,26.64447021484375,16,1494
6ae04a1b-56d5-32a2-bbbe-338e0c5c5eff,823385,7,2,9,167.70322532157513,13.518300407210068,171.59175442585783,7.55586688101286,94.69934219894479,53.13837071474952,99.10160266642421,43.412435285777725,41.46771240234375,16,1495
da67ddbd-d994-396f-817d-31730a24fc24,823385,7,3,9,172.75029315357307,9.475349322667013,174.85540577325594,5.377915212077441,92.4750789834786,41.998976066744596,119.98155836613091,43.007278942803445,68.46258544921875,16,1496
05711e62-e181-3d5a-9587-693a3df55b65,823385,7,3,9,172.43322732603806,2.261600048732681,175.79546906020022,3.5767149462745125,82.6490008031986,38.87270741461939,108.54768241893298,44.193862561371084,66.15371704101562,16,1497
147d5844-601d-3319-81b2-179bf36fff99,823385,7,3,9,171.86081732704542,6.211197011026483,176.0082091737539,2.622555740417708,72.47374107488774,39.76250819126649,85.87419163435828,52.231997696102646,29.72503662109375,16,1498
65078060-1f52-35bf-abe2-5e56d9a6843f,823385,7,4,9,167.61771766640206,8.238865469708946,173.8255000407903,4.922775164577951,74.40770134075518,29.232329278240613,108.84952271589988,45.431284555566556,45.19061279296875,16,1499
42e4634f-8dd0-3849-b1a7-e997e85cf70e,823385,8,1,9,169.41599139296855,3.448709542430686,169.42510707079015,9.659500557486703,56.63170680871668,44.1003964044943,87.09090949607322,68.91754434682123,38.95111083984375,16,1500
b68da8a4-13ca-3915-887c-1a9b68c367d5,823385,8,1,9,168.34947094067454,11.881670218025468,170.98263858654536,7.766073183956692,86.78022169494584,30.05162885310166,114.95104718746838,33.754400882986126,46.0228271484375,16,1501
51844280-fbd5-3247-aca0-e559f059588a,823385,8,1,9,175.1332849792587,3.0378787256251494,175.26359410053666,3.164106745914264,78.4278988870354,33.173627483241695,110.13819265864737,53.35381957685233,58.46954345703125,16,1502
755c20cd-acee-3e87-b55b-9559b335905e,823385,8,2,9,172.39181002057788,5.850374833037683,172.50985282590526,6.141719757244297,59.20777726268597,37.13788959869694,66.83680814937537,68.61502637450046,26.4029541015625,16,1503
92550f21-c370-3968-bffe-d01e7c13c620,823385,8,2,9,165.45683944494502,8.850110655066615,172.38210982024546,5.133839711913633,85.91426463629345,41.521191735502185,109.17539308452811,75.78108951516869,22.348052978515625,16,1504
c33f3504-04a4-3c79-98d3-568fc5ba9b5a,823385,8,2,9,175.92714747614968,4.116792887568095,169.09924380530765,3.6893089601876863,69.4371258893818,34.464646833968104,119.94997194016618,61.116511475184154,35.778472900390625,16,1505
66087b82-b08e-3cfb-ad7d-60880fc9418e,823385,8,3,9,164.0076575782796,6.8097934915286205,174.19317311841553,2.4413742689188664,69.02096485256847,29.15477869884129,78.96291349091351,52.12559308375285,18.8974609375,16,1506
795c1e64-2af9-30d1-88d4-1ce80cd99605,823385,8,3,9,174.82352061570646,4.422385881842041,173.24457844047194,2.8738410310000035,66.59179239400238,38.7914452867748,70.3220886338662,41.99509344196032,30.560089111328125,16,1507
381d3dda-04be-3fef-93c0-0e37a6d4cb80,823391,1,1,9,170.92536958684923,5.578423020397879,165.9578243589055,9.793906875414951,93.0650316841307,41.52462651091456,129.32369493308528,49.6761883674642,42.481842041015625,17,1508
a6c206d8-ed0f-3c71-9141-662b2682bfa6,823391,1,1,9,171.43603701771093,5.705289381192042,171.3976005005302,6.317884551456305,66.59912197138813,41.953685272955354,115.10495065149114,46.97607875737345,58.8143310546875,17,1509
c1304b00-d5fc-36d1-bbfe-fe9e98f44089,823391,1,1,9,173.93968563916127,3.4408485958297095,173.87499411868805,3.5394729980319464,78.97193843609072,42.16769633761704,153.42392525349956,18.193228321722188,59.664703369140625,17,1510
9d26408d-398c-3354-8508-9036b8a1f3ba,823391,1,1,9,171.6717363446295,4.528707851237174,172.58837589903078,5.409905897912557,81.70568992568404,52.713377632147974,97.21040873986499,56.47309088237969,74.19979858398438,17,1511
a79eeb25-c8d8-3460-9ec3-5a8e1047dfd6,823391,1,1,9,163.0118144185992,11.893475136881145,167.493655345541,8.601043712253643,72.73304363174671,37.572532069717205,116.12720709498005,76.56333820866945,29.654205322265625,17,1512
382b04dc-0541-3dbb-a5c1-8e633d54efe9,823391,1,1,9,173.04421143642392,2.334579659297768,171.47056705539595,4.477025646038471,100.08339761423593,18.599590303878355,108.5919154814352,55.88248471736582,41.708984375,17,1513
90894699-8d65-30a9-89f4-e7c83b148b5e,823391,1,2,9,162.3070625633475,15.073559766773373,169.4938888074018,10.3813387470545,88.79605637421263,27.98346656544714,79.43160017202655,44.17890766250786,25.6466064453125,17,1514
bbd477d3-13db-39a0-9e36-a864e8b0f87f,823391,1,2,9,172.46292001209952,3.374909187561934,171.83173584125237,3.1097640967299376,59.11369882734333,41.68854072504291,81.88044615334138,67.24342583452913,32.745574951171875,17,1515
a17b6797-20e0-343f-8365-ae98e783e6ff,823391,1,2,9,174.12290155607425,2.4974381594980253,171.83494738895604,4.443560292902822,78.72330018363819,49.32284545302474,118.15940231648405,66.33732758224119,45.693817138671875,17,1516
17e584f0-33c9-3c7d-8b35-8ff318630e70,823391,1,2,9,174.49006672310065,4.601627238314116,177.24103066501516,2.9506157210766957,110.72716509176092,25.756231097673883,137.29636567603706,34.230298089105865,52.53656005859375,17,1517
5be356d7-c814-318d-8d74-96a04bdaf6d4,823391,1,2,9,168.43898250139952,9.47742479986208,168.638263727409,10.641430933751531,59.55609714164065,39.174166994559485,92.33598704435681,69.94207760109381,28.67987060546875,17,1518
04c3648d-7940-3fce-89eb-174db8487121,823391,1,2,9,168.45491278668408,9.051933223296372,165.21742270382097,12.336636819311886,56.301174305111424,27.334736254030304,37.94914785379673,23.24985053738353,48.2738037109375,17,1519
e3ecb31d-9453-3cc2-90a7-deb6ffbf9dc8,823391,1,3,9,173.51520464802502,7.037319100395113,174.4931964951766,5.504952550501032,88.74774595031965,47.74682538891352,95.92946464221153,57.14779212768172,16.736236572265625,17,1520
911f0e8d-d3ac-3d1e-8a61-30e74ad92460,823391,1,3,9,135.1627527144396,9.578149172358415,130.39301042544753,14.371338703914684,114.88959335774355,69.15926244511635,155.2908650353806,27.078344153592212,70.67208862304688,17,1521
024349c9-5c0c-35d8-9156-26988fde439b,823391,1,3,9,173.4214289537126,5.997503023906556,171.08728437764012,5.585010321585289,70.34657883200083,48.23063550900631,91.52354936782552,72.1129330943519,30.72235107421875,17,1522
d22980b9-2f52-3c94-8d90-520a7774ecc2,823391,1,3,9,167.6771041447404,5.23896134222872,168.87617178373003,5.347767627561639,64.53920183698023,45.447466724172806,80.44788778442445,57.30146488694038,41.2738037109375,17,1523
d3c179c3-a164-30ad-aeda-e85926878479,823391,1,3,9,168.0700871606196,11.72371764249145,169.04098090027134,5.164285447468963,74.80012159822708,29.251020249268507,137.30267245949534,44.5116988909375,32.12188720703125,17,1524
72d07b40-8e08-3a42-ba83-272e9782df93,823391,1,3,9,169.75403879264806,8.156814960852843,163.948385204966,8.424617795569873,53.05965019087527,43.05793856012979,92.38633507258326,68.3460053628458,34.5565185546875,17,1525
6762fc34-d121-3ef2-accb-2553c3d5c543,823391,1,4,9,168.21654804163379,6.122041797082815,166.08919573670713,6.696633413734328,74.61509221435077,45.26548047913883,115.93899148675561,64.41954501865567,51.06512451171875,17,1526
e0b26a70-a08a-3fb0-8e82-8a81851a1ea9,823391,1,4,9,174.1187003330656,3.1314878501200516,173.74497396264212,2.5202916002200544,79.16513158873077,43.3380305681813,156.6760870889568,13.305718891898717,43.856903076171875,17,1527
030e9779-36d1-337c-9289-46aa1eac29b3,823391,1,4,9,167.0781644813885,3.0042741382549147,167.71050860692492,5.072798899411247,57.221135629188616,43.8444882316537,117.52173507316951,60.67217431980219,36.6649169921875,17,1528
90e7bb59-1296-30f1-ab81-394b497107ad,823391,1,4,9,168.42655275405025,10.662856649781283,167.01754370709034,11.574085051260493,82.80403589137278,42.95435826826331,118.21327246242825,55.41513173201673,41.73828125,17,1529
f700670b-ff86-31c5-b90e-5dee93057f54,823391,1,4,9,170.7015472683413,5.282700313192101,163.54858009427406,7.825256751864796,75.41439914399685,31.541943819226006,102.17604577418845,61.38371887759907,59.8858642578125,17,1530
3f604765-ea9f-3f1d-a7a5-e3e898789fa6,823391,1,5,9,171.33939072256788,6.557812074217822,170.52763016528195,10.047271814513367,68.04560929653334,51.53065802275075,91.54609744356942,70.4557280209589,13.167266845703125,17,1531
8bbc7b17-5f74-351a-a03a-d45ba68ef1e7,823391,1,5,9,171.79758295723428,8.427435674608978,164.36948568470663,7.6605533946368105,80.67454747595515,29.669397336656722,90.32379332441798,37.22733195274797,32.58984375,17,1532
0ada4591-7646-381b-a956-a9c78da0fced,823391,1,6,9,174.03415329887585,4.883013432197598,175.21752164461714,3.2451654376718575,84.97400624942887,37.39586541622152,128.2877355291243,58.76532573954616,35.782806396484375,17,1533
3ca27f13-b131-3344-aaa6-cffb35e0d063,823391,1,6,9,169.43755598896288,6.8231351139238505,162.60886676297915,8.619836833703427,46.99414067727491,37.072925692569804,81.05334042383528,49.11545137942521,27.870361328125,17,1534
5aab072c-39a9-3f5f-9e04-12c71bb820d9,823391,1,7,9,173.91992089945447,4.310961021834001,174.44955336759682,4.334310630703548,104.3482878339666,41.47410204665611,134.62499622514284,48.39561809064092,53.523773193359375,17,1535
721262d0-acec-3cf9-b656-0734c0c9e2da,823391,1,7,9,172.85231833413673,4.581873299923909,167.11461252512402,7.181321152467889,83.34938602527433,28.54241082227174,131.954614382666,60.373732159508435,57.49652099609375,17,1536
a3af4bb0-203f-3dfb-8741-85410c448a79,823391,2,1,9,165.6355885829047,8.805989890839246,175.64720964540928,2.534287037669453,63.69166491102174,32.18397383837521,123.3370890415061,68.77874509788852,24.926025390625,17,1537
9429cde6-7453-3881-bddc-9304db52e03a,823391,2,1,9,169.76316190428417,7.397927554778728,163.0404759592846,10.111687402804089,89.9235906534345,41.32322387735585,137.01171942115786,39.006315879878244,46.6878662109375,17,1538
569aa819-e1b2-3e05-adf5-db6accdd00de,823391,2,1,9,166.60770508967795,10.258775631219235,172.34278803100727,4.152911507559893,85.51854315828928,39.84705453440967,75.64984357235666,37.11443958258787,43.451263427734375,17,1539
78abb066-a511-3ece-af95-9270239e0aee,823391,2,1,9,164.94909238927227,15.78280386542923,169.61863376567226,8.540601501619175,75.64545587520817,50.03936631514716,127.83605294365599,37.26077906375712,31.640167236328125,17,1540
bb8cf87b-3f1c-3bd0-8538-e9e16b198a81,823391,2,2,9,173.07258195536048,4.604453034452923,173.60201629638698,5.076544954496568,84.76978201156453,36.77167786342384,142.3867521716839,42.8561727441982,38.060546875,17,1541
40c70882-da43-3123-b59b-783f8a63413b,823391,2,2,9,166.70328041505022,9.899805305262817,159.11621727977794,10.564215097315433,72.55739052514322,23.8466433163466,100.68574068780467,26.280563461825007,31.949188232421875,17,1542
1f80989b-f1b0-3b11-8b60-dd029f51fd0c,823391,2,2,9,165.7496423733013,15.893614464049325,171.19571060331484,8.92382622366566,77.0714759540337,49.28768814522513,83.00867327819567,54.43258905559344,27.5543212890625,17,1543
4c834d5d-caa0-3c6b-85ac-7b80ab971a01,823391,2,3,9,174.2886457666873,4.756505939757311,174.51414719678044,2.725395682753366,84.27816437023019,24.87092480335622,160.1678062417758,19.612768958616332,65.72747802734375,17,1544
83cb71ca-9d9b-3b1c-a956-7c6eb589544d,823391,2,3,9,170.39303817620905,8.560287379175744,172.91004375403278,6.604547194630081,86.61303026436204,49.993716759286784,126.03207988210744,35.87733340742821,33.71307373046875,17,1545
acf7d161-0317-3612-b2d1-1dd28ee84d93,823391,2,4,9,174.397917640909,2.7083899837998864,172.7331244884601,5.7344598511019935,98.12564517142668,28.36576459737278,147.58764447698178,48.4745237792906,42.73443603515625,17,1546
0ff32310-ee2a-3480-913f-5054b83b46c0,823391,2,4,9,174.1422035641234,3.79806845278968,171.06493826372358,5.747170201164635,109.9298921084391,29.58525522545007,135.14845134038825,22.656343870862763,44.0726318359375,17,1547
b763354d-c7ee-35c9-a3bf-00c888680398,823391,2,5,9,168.93272354835705,5.379200726916783,167.8216027791662,11.28536239291574,66.19351646628151,47.95984671927294,116.89028736423967,72.07795776727436,21.376983642578125,17,1548
71dcea24-a400-3b7c-b798-fb581151f2b8,823391,2,5,9,167.39107900176674,14.265287116358541,170.37124849040774,8.45599463071726,92.7388878821909,37.78595075052635,112.62093000770635,43.800213980578626,34.51593017578125,17,1549
9ad5e5dc-3c32-3c67-8834-570a52e09216,823391,2,6,9,166.20191493449113,10.217187734204762,170.07811887756662,7.324036079899015,100.5277402202426,27.886839985439753,142.93250310030524,30.98824960559348,59.84906005859375,17,1550
f76f32b8-1d42-3c57-8758-f0d3cfa572e9,823391,2,7,9,174.83659645586238,3.1085838392648597,173.19130923485605,3.3275631647576844,103.2633300272977,37.20343932289961,122.29615034007072,46.68982205460724,63.392303466796875,17,1551
e5e8c3cc-d1f9-3faa-aadf-cc22a7cf4cc5,823391,3,1,9,130.78017797531513,5.886304472462432,127.99795760322036,6.635856987691528,124.9101016221485,13.570485094286173,104.21800060835699,11.956766665647432,17.928726196289062,17,1552
ceb005bd-7f17-3c5c-9897-2fe4fe4464ca,823391,3,1,9,173.12860309310798,4.512907638786297,175.02565147616434,4.34980131106336,87.85354044661628,32.3105925046701,123.09034680997469,53.25600360828115,47.59423828125,17,1553
08b70893-9bea-3218-905a-7a167f13ba0d,823391,3,1,9,170.54333133683724,5.536612117643748,174.19815235484242,6.149550666180984,59.78237260655151,44.36185631323308,84.69494407454675,59.71756161300046,26.6561279296875,17,1554
c71d61d9-06b3-3318-b14b-2b0ac2157367,823391,3,1,9,151.39387881837078,13.06145237307952,163.02730439006487,9.672712917628521,76.95953230685599,20.472168916671844,77.63493184557576,45.41678933201197,30.58807373046875,17,1555
da3f1ace-f185-30e3-b3cf-4af087325999,823391,3,1,9,172.08961863101555,2.0204210470340533,174.37683053353393,2.635911447369259,96.89312711224937,43.56150765969273,139.6011742951311,27.802773568450178,49.3397216796875,17,1556
68d725e9-217d-3fab-b3b7-3ed381c3c593,823391,3,2,9,171.5971716718128,5.0531008416651595,164.83830795821888,9.819035414687306,72.06100589419415,33.04285081330884,106.65927470229042,67.31192538403079,48.714080810546875,17,1557
6c3ece56-feb1-3dca-ad2d-b385e08dc3fb,823391,3,2,9,171.52817401489497,6.673807346201969,176.7687039690103,3.345215002060033,101.70877764415712,29.79446532007627,136.09464082227385,39.36357542851072,40.244903564453125,17,1558
096ff368-72c1-306e-aac3-4ee039f2df13,823391,3,2,9,171.2749631967106,4.10107431814315,170.45556438809498,5.249412136986792,91.68458999824317,37.75457993282189,143.96066763437506,27.586912917810242,59.587646484375,17,1559
c22de9ed-1b2a-3811-a377-bccf789f84b0,823391,3,2,9,155.6499414201848,19.76456759218733,167.17903028565752,11.596950514852674,94.31913405216248,24.141864919778786,93.93388034827625,39.60827462775556,38.947967529296875,17,1560
a44b5ede-1cff-3eef-ac34-ff9280fd4c9b,823391,3,2,9,172.2473150766424,4.462295711235063,170.38408524320212,5.1777447879402585,113.70592478150427,24.503081901547226,152.395836739388,24.43241615198598,52.0736083984375,17,1561
1f7ffb7f-1281-3341-81c4-fece20d7f648,823391,3,3,9,177.34950768910454,1.522606007801895,176.41233905637455,3.87360680616084,101.47638148844506,42.657527795289226,160.2223906763175,15.52984207901981,48.2720947265625,17,1562
c67352cf-052f-37cf-9dd1-de69965312d8,823391,3,3,9,170.18621615086988,7.529184521399032,171.9224026633913,4.4981837195022205,100.48409793553566,34.89411804531647,111.6197723329189,55.60346584702209,55.256988525390625,17,1563
99ed390c-73ec-318f-a9c0-c596403e3083,823391,3,3,9,172.41191528777722,2.95849787873204,175.19445261713142,3.0518836297492062,71.9986017138069,44.11329528723296,65.44123974020879,59.70432382703762,35.0701904296875,17,1564
f4ea88ba-3b3b-356f-8c74-7e9ce8679608,823391,3,3,9,164.8451599679421,14.749482567826979,169.43776551231466,8.09619211827914,78.8021777949168,50.61956813283083,99.3505122425975,63.7358245864635,44.330322265625,17,1565
0b2445e4-d3d2-346d-b6c8-cfb9231301d8,823391,3,3,9,171.9720832345931,3.9624521114011206,171.93326358897994,4.69993077318193,110.77420336254676,28.963048204599826,144.6586666039716,24.336126196401743,60.45562744140625,17,1566
44e97201-e3b3-3378-8e4c-a87baf6ee317,823391,3,4,9,174.67145405495404,4.81666428210422,167.49591179670324,6.893217339592459,61.77195519105359,33.33108724738343,115.83703704597696,69.0294612429503,42.75738525390625,17,1567
075a29c6-d057-3063-9618-935d00fb5382,823391,3,4,9,174.785648052805,6.404269904844971,172.5574851791796,4.40220875470486,111.0046328757288,38.54638966582553,130.03866130946088,46.06777511120422,35.89776611328125,17,1568
f9434f6e-8e5b-3a5f-a114-aed8a06c31c2,823391,3,4,9,168.02922864638913,5.492526496473426,169.98911511363696,6.2791346256365586,67.34006240535525,35.02902381792609,81.9273753943993,64.37561603648786,32.433380126953125,17,1569
f75f902e-a73b-3350-9a04-fda4b55aa654,823391,3,4,9,169.93221501991812,13.585327849608719,169.2397929568219,7.736954139192272,101.65539051199684,40.89735639475209,150.54801247188232,27.26672345536198,53.121337890625,17,1570
76e886ee-e010-398f-a565-d9a98ea1f643,823391,3,5,9,166.95229755499156,5.986653511122502,169.5125685907994,8.903349059687597,93.16844574572626,48.57698403260269,135.4860652940432,33.522489917698906,53.948486328125,17,1571
02ef6ab6-bce4-3d89-9fbb-2e6d0707f050,823391,4,1,9,168.4040521677938,11.238487512512194,170.61066858953376,6.27732851428554,84.91126037109115,52.948436304721646,84.8552739259571,60.16126974318895,25.987579345703125,17,1572
0758b5ee-1926-37e1-87cd-213573033482,823391,4,1,9,168.6242604051186,7.656082052371995,168.08184804166626,7.919666963511683,100.48083277685886,42.15289412366191,159.16879790127794,14.6529192814368,45.6597900390625,17,1573
8a6b3791-8a70-3adf-8bec-b2977292c6bd,823391,4,1,9,176.44476627262114,2.44620767201894,174.14096535082547,2.7343710250427304,93.312885922984,34.643000421534346,114.76275915274937,57.904519292863895,54.49615478515625,17,1574
a7643184-838f-35da-ad93-58c20a5ab7a6,823391,4,2,9,173.03080737123065,5.3911349776912605,171.3333995926622,2.877868204749212,74.60714127860349,35.630313958216064,125.68874117594694,52.83276080289778,32.8707275390625,17,1575
95649e75-8290-39e1-a43c-ab4d78c20eb8,823391,4,2,9,168.85872354466022,8.670008662685882,165.9754271548827,11.734528991411326,86.35648120100132,35.21875723324189,112.09661718919914,66.73366102808659,65.49691772460938,17,1576
7dd31af0-767f-3590-a5eb-69773cbf60b8,823391,4,2,9,175.52619293800572,5.532292553746097,173.70502462246316,4.999113874716225,112.19883602226103,35.5364045906349,146.00783104205712,27.56964118941888,63.509857177734375,17,1577
7169b46a-4f69-3106-87f3-0c809fa57e1a,823391,4,3,9,172.35440961353615,6.930604288081073,169.07807663673964,6.318348703706787,80.22819855171386,49.956813925886124,143.34673421467764,35.894234399945184,58.52545166015625,17,1578
aaaff8c2-f838-3778-ac9e-b50bae3f8985,823391,4,3,9,166.34411248731192,5.5500169794595235,164.16144176728852,8.127825527605447,61.14157464025762,44.86650072772295,88.57120956500184,57.67931863553584,53.03924560546875,17,1579
f7fc6566-9443-34d2-a6bc-c7ae5b6b6e59,823391,4,3,9,164.37456298173825,15.180971549573426,169.12007428753816,8.228017059058534,69.68271810784981,37.66714511629925,90.96593116806102,50.74810351726162,26.96661376953125,17,1580
cefac149-ca6d-31ee-ae21-e40e5f75d43c,823391,4,4,9,166.97362638410618,12.42392914391037,171.97328135162772,3.906974159426909,85.45528910472899,27.10342844323899,131.02537815183595,45.691721579422335,51.686553955078125,17,1581
04092b51-4c5d-329d-82fa-854481771096,823391,4,4,9,167.78359166695998,7.5327940953765555,160.98135183137418,8.794019668623447,102.64988159716646,23.65020109328736,146.55405967232784,25.569671327303375,44.016510009765625,17,1582
427a0afe-a378-3d9e-a15e-49c293232c7f,823391,4,4,9,170.61492988843273,5.511057318891054,176.87072854163674,1.7021903526608237,97.49379326713876,15.25006668345508,125.3365533799693,43.457503942552044,42.0238037109375,17,1583
5177a402-dbae-3632-b83a-9e98be7bfff4,823391,4,5,9,169.76189612395163,11.719727170381795,169.2518629869156,4.99905341943745,98.1171881478669,27.521562447847884,122.34967626312239,25.811743968381915,44.902587890625,17,1584
f9ec321d-85e9-39b9-83ac-a6fcf9880088,823391,4,5,9,168.09049124691023,4.704908829623832,164.55502365208557,8.335149157847235,60.34818466692062,35.49721746385218,99.09086370036687,55.055341301028854,61.426849365234375,17,1585
f6c26337-c6ab-3ff7-8892-2b2fffb7ce79,823391,4,6,9,160.72744755670183,16.48055006942952,167.38260852469128,9.76858266940062,84.68013740959314,35.52432617115805,96.43604060292074,47.473008654208954,40.453369140625,17,1586
fe9c749a-2525-332e-a415-65b55a82612f,823391,5,1,9,171.04218483628097,12.99674170543751,171.95786760259514,5.7484010121580384,105.99901629306864,25.94410263329165,140.93672728093497,34.39173812925226,47.0936279296875,17,1587
ea6005e1-8ca5-39a0-92a7-0cb6f5d6a647,823391,5,1,9,171.7706262952709,4.016837404551807,171.43105742935583,3.9967865998406307,108.91248943890147,20.67308976192423,147.55508851042276,20.264245565499035,64.59765625,17,1588
c62cf899-5a74-3845-bf49-a96ae33efb23,823391,5,1,9,172.36673666387279,3.466640283560514,169.4923075484894,5.442446923719024,80.17002065156856,43.445731355697724,90.32557989438374,55.22234256127438,31.446319580078125,17,1589
17f88a39-650e-37f1-9354-3db28dc79b54,823391,5,1,9,174.7441630984291,4.700285473346023,174.7293572165582,3.264713738601163,60.35375665171409,44.340486046344694,78.97519907539709,83.0588647220254,48.410888671875,17,1590
d3c10023-6c11-3edf-85f5-3ea001bca840,823391,5,1,9,171.5424695207865,11.80436282739012,172.61262252347464,6.5142029506877135,104.05963075216327,25.82208922032788,141.86239354668407,27.19956901271298,42.06170654296875,17,1591
98330999-6534-347c-929d-e3ff7ff2a876,823391,5,2,9,167.21186238337634,8.988831201344352,172.99877641742196,4.042268167024177,108.48299318357391,26.967758551017283,152.5234758707585,20.824792351815372,50.168426513671875,17,1592
f08a3291-7617-375a-af7e-8e2c8bfc2635,823391,5,2,9,172.54944257339076,2.2401550671636876,171.20714079267964,3.500021208461547,110.21881190753587,30.14511245332815,146.28932617034513,17.46429560437197,55.989501953125,17,1593
cf6f6e8c-a34a-3b24-b00a-3e3033462208,823391,5,2,9,171.86495962551285,7.262104894061777,174.40932093654484,2.9714440352698115,99.66053949644558,42.08968447959218,109.4786805447614,52.39363471974989,34.242950439453125,17,1594
2f63bc8c-2dff-390b-a802-76a07d353a0b,823391,5,2,9,172.42954841065546,4.458128927527265,172.99763469251513,6.114663224239514,56.15940066503387,32.44402674673386,69.25569162996428,60.55364375831052,20.7596435546875,17,1595
c457dc28-6837-3bac-8023-2fb6d5367ab6,823391,5,2,9,171.5650058474146,3.645357980650758,170.59436074436775,5.541869459655362,97.42970215971575,28.685562496375507,152.25899581329045,21.979583152836074,49.015625,17,1596
b89f144c-3e37-37e9-a094-8c23f90c2bba,823391,5,3,9,170.54431560385564,9.376553703577773,173.85474060846204,2.942101544941604,90.28098985926032,24.417856981822062,146.8517782603441,23.802841289998295,47.5865478515625,17,1597
f93545df-fb0e-39f6-8b68-aadb9240848d,823391,5,3,9,169.26078444452665,1.3741694440365795,169.6334119352395,3.640792169780068,102.32966756106686,35.92039442732627,130.36536308340402,46.01734869876818,71.5283203125,17,1598
c5b0d0dc-2c1d-3091-93b4-4303f15c8d00,823391,5,3,9,161.35214333522592,8.404985502860114,169.12334760931643,7.068679847690435,87.77964435172689,26.995577726492467,74.38988451137692,52.70383644725079,57.048797607421875,17,1599
44f8c6d8-d149-315e-8eb7-d3f76e95b591,823391,5,3,9,174.80701717560208,4.339627199495258,175.88178498555922,4.031063315587728,80.3474103763943,38.79702692670161,101.09853164652742,73.52848103369087,65.01339721679688,17,1600
e00bca4e-cdd9-36ab-9967-de89aa76449f,823391,5,4,9,169.07592665523558,10.171350758664785,174.684545133495,3.8556484128646766,81.83697753440237,30.13469789135791,100.21253897010033,45.03491640728837,27.772308349609375,17,1601
a0d50687-6fd2-30cd-b69a-723ebea3468d,823391,5,4,9,169.99700070568665,3.7369758968162485,173.9767346917065,3.391649363703587,71.1439269771735,45.47711699166181,85.51460008190155,53.7784105776236,31.38818359375,17,1602
17003621-9fd5-3309-9ed1-be49f57a447f,823391,5,4,9,169.73614824130988,6.316138576427875,172.81377376418843,6.429764219410902,100.42440461512433,34.0685742560691,96.2584969919777,54.24392707452024,45.01617431640625,17,1603
caab4200-0384-3385-b3f5-a4a21d2cab5a,823391,5,4,9,171.28555544020392,5.93735910410199,172.685613430055,7.427208844293241,37.883471035096015,24.364801338817685,57.8537757822074,34.64236914155683,34.156951904296875,17,1604
2f7c27d4-6ce3-39c6-a884-a644f358e446,823391,5,5,9,166.33735080742238,10.835556094542145,171.68876532284355,4.544607566700282,98.37164415416902,15.479233409821555,144.25455135133336,33.09831184024634,42.016357421875,17,1605
42364160-f551-391e-9991-7f848c1179fd,823391,5,5,9,172.20301967615896,4.595245264608093,173.40937858703973,5.106829835622764,94.04206068744104,47.350019004288974,112.315105639939,59.81765628038698,53.577117919921875,17,1606
81757b3f-9a98-3a93-845b-1792a6e7732b,823391,5,5,9,172.22343540122316,3.2762398785820754,172.86873645360868,3.6956554689596124,42.38559515330586,44.381937144362375,68.27882062926602,58.00668996302332,27.26715087890625,17,1607
f32f2f5e-3eb0-3f7a-ad10-72e4dc4c85f8,823391,5,6,9,170.8722309461979,5.797628710197109,171.4213628456603,4.182613951795766,67.3870618276301,48.832302021762374,78.50743286254561,62.04327419826796,26.184326171875,17,1608
259ef6c0-bf21-39d0-a6ab-2024dd240ccf,823391,5,6,9,173.8905687005949,2.809694455359565,176.6163281745638,3.499059767396039,53.83601392904985,44.45556754142255,57.885640570620836,56.10432183909975,29.39990234375,17,1609
e51fdd45-1697-36c7-bfe8-2ab011fcc4bc,823394,1,1,9,173.47273979062197,5.0597045581537445,172.18924862189817,5.510604333453561,92.33644099277676,39.99672914232667,111.36920745231606,43.442319763822766,49.197479248046875,18,1610
68b02f4f-71d5-34ba-b555-e882c25cb508,823394,1,1,9,160.46825118059894,6.732109206869008,151.10516880979858,4.704215983371563,78.67045214294942,27.961984722080565,114.87270935147704,33.844336965013866,42.291046142578125,18,1611
4c7a6f7b-fab7-3913-bd1c-2c61de09f887,823394,1,1,9,163.09020702134384,10.787352349205001,165.1149158852782,8.422403984923944,62.797635427644096,39.88984619010956,47.153430807555246,35.824282929420995,13.152313232421875,18,1612
1c09ff4f-3d95-357c-a338-fb2ab98619e4,823394,1,1,9,165.09833414734445,10.47194413436734,166.8745343505496,11.046304736833797,104.6846795626332,21.554945163109874,69.30207783078214,34.15257804705366,35.062957763671875,18,1613
868d01af-0b83-34f1-810f-a37cbd8a71f3,823394,1,2,9,162.2525370701833,8.352524490552424,158.8385404227377,10.838674065797811,68.42396802316806,35.70749027252484,68.08702986012065,60.628831219556375,57.227996826171875,18,1614
debf725c-7c06-3e65-902f-10b88c381b1e,823394,1,2,9,173.3937808198983,3.991444921613858,172.30167237036648,5.267327821959749,85.72082578070852,50.76578568387468,106.11865456405388,44.76626923627624,56.162841796875,18,1615
d709c3b3-4408-33fe-8cc4-87c41b596c7c,823394,1,3,9,161.6569449114896,9.399437205909175,158.54460364144677,6.8212103228010035,96.1171188254324,37.183267028827814,106.5948350530975,69.52301232339705,38.065887451171875,18,1616
b09fade5-0fcc-3c1e-8116-3b2155ad93d8,823394,1,3,9,176.60458412674163,1.2873373432987445,165.32282659050153,3.7016178658034655,142.50250057278737,2.1171840243835396,153.9700431521365,2.1236994228286568,4.982696533203125,18,1617
6c4ecf35-4843-3ace-8849-28eee1d9fd10,823394,1,4,9,172.92336525114436,4.8343236358290165,172.01032727569034,4.73862436024293,114.30054568224904,25.79984165380639,92.70795211575137,56.293483114787804,68.28396606445312,18,1618
d935a0e8-81e3-366a-9684-648d6efd9356,823394,1,5,9,166.8146919493442,8.609112636145229,170.0454565694909,6.936491701530355,95.42441727331841,42.41671806992205,68.41074934009583,55.890015918144805,28.186859130859375,18,1619
7ed637bb-6f77-3d72-8f5f-4b3dcfff6355,823394,1,6,9,169.54143662602323,7.386842105663782,168.3712902487596,8.1149514864839,78.19870630486469,47.39377564511632,69.47524457492193,59.36524854923948,42.315887451171875,18,1620
21f258dc-d566-39ec-ad5a-f03409e24484,823394,2,1,9,173.0571542511998,6.465198930347976,175.65153028013538,4.101971951819883,82.40029435696445,38.44599533370357,69.65524725914987,57.77489024964653,33.53533935546875,18,1621
d3ba9446-f979-36f7-a394-4f6116b3a85f,823394,2,1,9,174.04404759908942,6.409106618734754,173.26154773529413,7.056965622614727,82.75066839555726,33.17541808127152,101.3912482451081,57.184777508213166,40.02471923828125,18,1622
7d3a56b1-bf77-3251-b6e6-714bd2b27374,823394,2,1,9,171.63304656855976,6.288875168866352,172.1354558234951,5.426345140579075,90.78616256317056,33.500403863713494,95.89403209400501,60.754354393942705,43.47833251953125,18,1623
a7097e43-b6c7-3e1b-8488-ec8c65545b89,823394,2,1,9,165.24590633802885,15.458852099368286,170.63239599526955,5.500120160280991,84.6436933037344,34.92241679797324,98.1068673062621,63.195042476959145,28.2901611328125,18,1624
66576642-00ed-3149-b270-cf3e28ac67f3,823394,2,1,9,171.7235164075993,8.14056997306194,175.1690470523538,4.255575980512896,97.66681657501262,36.548679758147955,153.59245769482402,23.45164936435142,52.140350341796875,18,1625
e8af3fe4-6e82-3279-82e7-6e83a5ada35e,823394,2,1,9,175.29812368435762,4.073086719601258,176.27917124621757,3.865373124734639,101.0332737247968,32.09383487081069,136.28498196728611,35.90669456028886,45.58282470703125,18,1626
81e2eb55-a3b8-3984-bd48-2bab90a3cc16,823394,2,2,9,170.55655325106503,8.360119627652269,174.71116046663764,2.2665151337536162,90.7811210552702,28.34892706694257,137.67425401541652,38.16235976404227,42.71112060546875,18,1627
f07aa890-f01a-33f3-adcf-9e29d79934a7,823394,2,2,9,163.97466452550555,12.75183675873809,175.0913275235021,4.670235076836577,79.96773732865407,41.66853198097495,84.85120029987199,68.4228650984297,32.667083740234375,18,1628
84a24d9f-9e69-3de0-9a52-c0c3b286ff08,823394,2,2,9,173.1921554967028,4.162286253611697,171.2394489654234,6.629778331432333,107.52923930683751,25.51068048493439,122.05841626332932,42.10215635479385,56.199371337890625,18,1629
4581f2b4-b1cd-35fb-8e84-5511b42236c7,823394,2,2,9,144.7994825851056,18.52607209260842,157.60173754103576,15.809886134106904,68.56280323183051,40.01420215282649,69.68811394569096,61.33533776254079,33.42620849609375,18,1630
a55993e0-1a20-3dfd-98bf-2fc94e7d1216,823394,2,2,9,167.21557838767924,4.778942352787369,174.13840982632604,4.971316984656335,94.05751277948613,42.11418931563207,125.24535671838827,50.496266744186386,53.601776123046875,18,1631
c86c06bd-b1d1-39b8-9084-202e2579126f,823394,2,2,9,172.74670091537044,8.546751553452793,173.63564893621844,3.615336690149447,91.61904849746934,37.30585906531246,99.10074869177377,62.561465460599216,41.072479248046875,18,1632
182c374d-5cf3-3c77-a6d7-f5f3a3b9c9c3,823394,2,3,9,164.0099580535403,9.600530527320723,172.25758942177345,5.116645853111711,93.23144902301769,28.680573121014586,154.95741899473106,14.566062816891588,43.716339111328125,18,1633
cb1706bd-e9f2-342b-990e-048e5e14f72e,823394,2,3,9,168.69160994831228,14.604784023558048,172.16053994719425,4.643371581226991,77.24448894451918,38.9207854731505,112.50272502948272,41.0457381804789,26.944580078125,18,1634
73b7a7c7-5872-3666-b112-0cc4768e6415,823394,2,3,9,167.81731035250675,7.779221756405664,174.03671005751983,3.3665116871027174,82.57936194217324,36.69128742993699,111.0904072607421,59.469264444381146,38.40869140625,18,1635
96c9e23e-7cd6-37a6-9d8d-1f2678dbe1fa,823394,2,3,9,161.79968940170747,11.777882332939424,172.41448059742362,7.338590800932835,90.16264841803162,27.842060539098878,83.85017221604555,55.28917894851174,41.15948486328125,18,1636
565a98d2-4799-3f10-9679-81c77b40b10a,823394,2,3,9,173.44183832916315,5.667463156156058,174.10880880950683,5.674176050501673,105.61920649754096,24.2538232517147,134.88313650652634,35.183184019283985,42.5673828125,18,1637
059ac45c-775d-3b9a-8874-4ce003d59eaa,823394,2,3,9,171.83017958278026,7.999607953633412,175.46213982812048,1.8946909072763642,73.57520340062365,39.33367592372932,99.61868665693765,65.32617593409645,40.138946533203125,18,1638
fb4535b2-df0e-33fe-a1e1-84e7e92c2a64,823394,2,4,9,166.6091160350588,13.833884228173785,172.3542699494781,5.638157465822848,70.77408683134507,47.47370824261526,66.10651833292633,40.79492096316086,40.031524658203125,18,1639
76b40903-9aab-3b6a-a69b-8da4e980878d,823394,2,4,9,166.25024756112782,16.721159710296476,172.72306737391574,6.938467569530415,87.36518325181186,39.09096225768542,94.1944915183056,48.7909914498414,35.671142578125,18,1640
0242a75a-722d-363e-bdb4-942033fa1219,823394,2,4,9,,,,,173.98550974127193,1.0428162364939246,172.0772308196995,1.01152831079162,0.8353271484375,18,1641
35e22e9d-465c-3e35-b6a5-1d3158ff8027,823394,2,4,9,170.2196282853852,9.16503834164373,171.64986986267283,4.648270956857316,89.59342590270731,24.8201665891275,135.80800292946853,47.43502786790821,36.24664306640625,18,1642
a0c790b4-e5c3-3772-8e6f-3926f64e98db,823394,2,5,9,166.40063668861333,11.322256301399792,173.19931453977267,5.018335932093531,80.28893197331946,38.57003021684985,125.29472662585451,44.25447523994209,38.854736328125,18,1643
4e39c67f-4785-3e15-a7df-816a1f312a97,823394,2,5,9,172.1651841691855,10.590421502988107,175.51844629638583,1.805955269087115,101.95011356269144,22.150064455713615,125.61819007144815,35.29433033723565,36.901275634765625,18,1644
7125fbb6-055e-3a16-92bf-eb018aca12c4,823394,2,6,9,165.6186858704375,12.932530275287094,170.3247737577334,6.260039170460569,80.5064125932445,33.495175241130454,84.6094658346084,44.49435654294849,37.01043701171875,18,1645
ce5477cc-2f25-3e65-b703-8b0f75a5ec80,823394,2,6,9,169.55150934747604,10.163401055504464,174.30229603162562,2.709847405478578,93.22843328322944,42.821983256903295,141.5033984735834,24.11871640688996,41.027008056640625,18,1646
8aeded55-e218-3f73-b479-0022a8d04da6,823394,2,7,9,174.9955752105701,5.791024205371102,176.25199687780685,2.2287037226150876,67.66393228958766,47.727036577872866,101.15840484117582,57.49675907006454,35.206634521484375,18,1647
af75114b-45a5-3046-907d-b664b6e14b09,823394,2,8,9,160.5313098323671,14.310898566466815,166.61432187131902,7.921553919524685,68.82534196627287,38.593898338903145,45.90703855114804,41.703156884567015,42.37548828125,18,1648
72744ad5-7717-3d6f-bff1-6e258a716a84,823394,3,1,9,174.67309547285058,5.451252060594548,171.59696481456854,9.32477773071233,71.52933956300944,35.285905307591605,112.35642581802253,71.26483188323934,50.79833984375,18,1649
75f1da0e-08eb-3390-b4fd-43ebab91ab1c,823394,3,1,9,167.3075039722588,13.555445759957482,171.5674538161316,8.021776194111888,88.01165482901045,28.219444565901266,79.5647622956004,50.16016090530614,27.7861328125,18,1650
87983795-c45e-3ada-8f7d-51ae14a53f21,823394,3,1,9,173.63439605483956,6.137647871653926,167.48169983267314,5.044769464915079,95.1791484033434,34.11618825800642,95.55985193864518,44.5253137282487,41.449493408203125,18,1651
e5d8417a-6df6-3a5b-93d5-ddce06a97119,823394,3,2,9,169.28674215251908,6.117786616133974,159.66051296502755,6.789530889488066,108.06920280523939,46.24002904127779,156.01250300044336,31.56525437208854,58.166107177734375,18,1652
ae290073-44ed-3acc-91dd-0f8057cda8d5,823394,3,2,9,153.97112500011693,18.626977042378474,163.64277525646753,18.536858861219475,86.32244557434737,31.871321599451242,70.78237991403529,41.67245132409205,26.168701171875,18,1653
660a1bbe-21fc-39d9-9f09-e809d84a1dc4,823394,3,2,9,175.54422509223025,4.048245882554362,176.3770626057497,3.5438908071457154,80.80929752656948,37.22373317054391,68.12963799650862,50.94545197989133,49.453399658203125,18,1654
677bc4ed-e7f2-376f-b67a-74fa50765d3b,823394,3,3,9,157.8344531127005,10.539696741952826,148.95164029185287,11.869382551407506,67.59599213706836,27.64372810385297,82.27467276049724,57.68372686025121,26.420440673828125,18,1655
e2e54277-878c-3fa7-a832-ea142246b26f,823394,3,3,9,171.59952542623728,6.899789130843451,172.96371730913177,4.511199845208558,76.87165821648638,41.47655780002024,82.54300424810326,55.97188138312179,43.954376220703125,18,1656
7a75de07-8907-35b5-9a92-1628e2913a23,823394,3,3,9,172.65265064352926,4.480145073423873,167.62695700079226,4.791707287598484,75.49599387170022,38.71616684211261,91.28438435057313,69.38905621355873,33.25469970703125,18,1657
bf9f0dbf-6e93-3224-a5e9-82d0581195cd,823394,3,4,9,166.48816111830104,4.6840739040648645,157.01071688601215,9.732820911406488,77.67114466766434,48.16201762683774,107.2153463884988,66.57562997909349,48.966400146484375,18,1658
de6e5cf1-caeb-3045-815a-73ea18d630ad,823394,3,4,9,174.46333472194274,3.02638162087328,174.60192620916862,2.894982258674222,104.78173068485906,26.242690680956287,130.30768626971368,31.17360254219525,49.000244140625,18,1659
565dbac0-556d-3e24-be60-a278d00a8e83,823394,3,4,9,172.8396728541377,4.023215373781795,166.06217485470137,10.681742933666253,62.2833164211091,39.51480440099421,92.46598885381368,58.55965485390629,33.585906982421875,18,1660
62f35671-eccb-3275-8c11-d8b9914c22f5,823394,3,5,9,164.71512846324543,10.688857353799547,168.90492115481854,4.774956086770074,93.19989173283626,25.129493451215644,79.42051896187557,57.484835313462774,19.952850341796875,18,1661
7f1dc450-2091-33ea-96a0-e6b222fe766b,823394,4,1,9,163.96408509245367,13.51424309455561,168.54648611916593,9.959544574712083,79.59611068560216,32.982034151890076,78.66146191263762,59.54671669496923,33.1822509765625,18,1662
1fa7e7e4-3733-330b-8614-a04cd76c0cac,823394,4,1,9,174.16310374598692,5.782835869920322,168.4510858629633,6.19114103158748,83.7271835416232,31.311104790532823,84.38761728380571,38.395281835338864,32.985107421875,18,1663
9187a914-5ccb-3695-9d1e-f6946e43efa0,823394,4,1,9,164.85407639622176,11.038741073228408,172.89205914982625,4.121010971592585,68.79343343134376,46.02254753889743,89.13885771092832,57.74782419990576,22.4879150390625,18,1664
aeebbe54-200c-3e95-9556-65f6b1ffe052,823394,4,2,9,173.37476418764396,4.723540584485151,174.18419859629918,4.649541442431564,71.01060509604622,38.297238889403204,77.11927408765426,57.91883646560086,35.996551513671875,18,1665
c7da4d96-fbb3-3fce-82d1-8a988d267782,823394,4,2,9,165.53377177802903,6.470628519438791,174.08056577259373,4.794426126972448,80.57315976326352,27.76768686669406,112.45968532667356,75.4201520936677,41.48748779296875,18,1666
41786d1c-8cea-3f87-afdd-fe8efe654ddd,823394,4,2,9,158.65887590660546,9.844390861281985,168.17937471163606,7.112646235599663,86.56410463766085,28.798011775852743,69.69954260581869,60.36658225108221,27.52923583984375,18,1667
7cac27d5-3a3a-3b18-a09a-3f10f32ce316,823394,4,3,9,165.11894871351535,9.82950755504902,174.27081969565623,3.302474704426951,88.73209943147323,31.63507003062585,136.42808689638474,29.977903172429105,45.61566162109375,18,1668
1adf5439-b227-3455-9a9d-0fc409a6b7df,823394,4,3,9,168.5169446259466,9.181597403362531,172.90120617256486,4.924073422872795,80.80293475097109,22.180903225680858,78.60026137286155,59.845960092548005,25.68896484375,18,1669
a4bd59bf-c752-30c9-be41-d4122c15f723,823394,4,3,9,164.27812326140076,17.334804863773204,167.70829867886934,11.26073843572933,89.51266699590134,27.442535819402355,112.08531594611992,13.15260005261152,43.509521484375,18,1670
b16e4696-3662-306a-93c4-982dcf669851,823394,4,4,9,168.8196105987466,10.171226021397926,167.80126156647677,6.995703569153852,70.64779654888531,30.532557194387945,63.52702508290112,51.83688113626322,25.4632568359375,18,1671
0977e2ae-29ef-3ad2-bf0a-d0963b76a6ff,823394,4,4,9,170.06763376564675,8.971642501531234,174.40257199790904,3.8469808991662555,60.73381006101288,35.21829834699357,105.2755013264811,60.85299375674947,31.653778076171875,18,1672
b03a9c5b-54c6-31ce-b88a-dc96792c8f3b,823394,4,5,9,161.58847751921928,10.600464142793134,170.00675876169876,8.61474556227195,78.39565423207613,32.62262094593312,70.46525827441046,58.43268357435458,22.448028564453125,18,1673
81593dad-27ab-352b-a170-d3bd501bc1ae,823400,1,1,9,169.94794402555584,7.169959542893569,174.40780651282367,4.061316058893142,100.77244853141298,18.860823029711707,86.03640084736365,48.254113106520656,58.7987060546875,19,1674
96921973-ca54-3c8c-ba3b-5362e996182b,823400,1,1,9,174.43665444583905,7.352310071100261,173.6844271459251,3.945168037738253,88.95569676929522,39.77811668191934,109.54902790136914,27.396397734899715,46.960052490234375,19,1675
a78cc582-a082-3210-b801-ca7c661e0d64,823400,1,1,9,174.45351224395003,5.278224142419323,173.82815222049211,4.049652757570145,92.01455522019391,31.57515211155972,71.57166975895971,36.34112520372537,36.705535888671875,19,1676
fe484cdb-2c94-3f38-b8cf-e537d5ecbd19,823400,1,1,9,162.40387046411428,13.876882248219196,168.5058722911696,10.595274554022735,89.14868616411202,34.66492049388456,90.52241647574769,46.66039934363182,21.4017333984375,19,1677
88f28e2f-92e8-3ec8-9007-b2a751240a85,823400,1,2,9,171.81602758053498,6.484704534917586,174.91440325422315,3.398234106299396,106.73321897877048,22.495311632814587,115.4559750216765,52.54081784299929,38.947296142578125,19,1678
554e1bc3-d185-3104-a3af-0678c4411c61,823400,1,2,9,161.3907830175642,9.035092588964607,170.31167217057987,5.7388659228636945,101.56903579615334,13.245537685606743,98.00084508306581,44.23750115851634,27.526275634765625,19,1679
8379304a-e2ed-3654-8ee6-b8af4b6078e3,823400,1,2,9,175.0197125317984,3.774470984814102,173.46217507917876,4.338918987949168,102.69228099245565,41.29032454568141,138.05499708281528,32.350357287584515,52.71453857421875,19,1680
ebf21efe-bd04-34fe-82c3-ded0431227b0,823400,1,2,9,161.6826958912585,13.903898501075766,168.0685936887719,10.321044317357629,92.27554573982222,29.12565441467758,85.30841041097548,35.87275323268771,21.643402099609375,19,1681
38ee6b87-0afa-3653-a491-8c8d65e10fdd,823400,1,3,9,170.33800775382443,8.03154650982299,174.10683319770104,2.7539512802045314,97.9094239514507,31.648211404760392,108.13858929734494,63.855101037916576,36.347991943359375,19,1682
8d80c2f8-d2a5-38b6-a1d2-848e45dbad0c,823400,1,3,9,106.51467978192763,3.4429856199458664,106.62516926046109,4.323989587522984,76.86515684733439,7.150191836880434,95.60381364814599,2.614602914627499,24.3953857421875,19,1683
4bde840b-2028-34ab-9e68-b90870377d96,823400,1,3,9,169.89703446833138,13.603263408256728,172.05413115410153,8.225220647143058,104.23784063535041,36.46046347452125,91.01034019366605,40.39711988736858,12.50811767578125,19,1684
5bfa388f-b806-3642-b20f-eba1e7deeb88,823400,1,3,9,172.14998336358616,9.008490477011879,173.87850449160507,5.60011337594039,102.16078036650991,31.56645928386274,102.9526832669869,44.02462864246438,53.15869140625,19,1685
2880dfb0-f3f1-36b1-a00b-63f8e9596147,823400,1,4,9,174.2454969464198,3.956275434558963,174.81293801496588,4.672953111035756,101.70901596817015,33.70218455137998,117.04390832801704,58.494838327583246,56.1356201171875,19,1686
01325da5-a4a2-3b19-8c72-884e82e6e509,823400,1,4,9,168.09358380140387,10.424966193031333,170.38182854179024,4.790431873419434,79.698837430404,38.9553413786244,69.23755511992287,25.656895772497855,23.5037841796875,19,1687
b973de53-c3af-36f9-8c7d-4696d6e5ea6d,823400,1,4,9,173.9733062575602,7.3397596980473425,173.79868953846128,5.771620622891968,94.68010331151278,38.13780646074102,83.02352650497139,44.47474717131574,24.37353515625,19,1688
a7b772ed-ef96-35d5-ad5e-76e81c27eb14,823400,1,4,9,161.01193558870693,17.627471998632878,162.1169503441066,15.237277617474692,111.44885522527755,26.588006076371997,95.04015537813319,45.433300602692896,18.3787841796875,19,1689
ccc99e58-3f09-37d2-9731-95b1a65d8725,823400,1,5,9,160.31436940395355,10.650420525600637,166.6671715250119,6.8031698219241346,83.47469594597476,32.81548805430231,60.25497736714109,35.917129729795306,31.171417236328125,19,1690
8dd1c2f6-7c26-34a6-a339-e45d7f6c5460,823400,1,5,9,176.85029567883214,2.6666931049850806,174.71157234032853,2.5037644543407973,103.23983105117064,49.768366571401096,80.8708085445864,48.07337483415463,40.572662353515625,19,1691
24031a10-56fb-377e-bd1f-d4f73523fe7c,823400,1,5,9,165.34135387851367,8.601395706286747,167.76920512386963,7.485327778404642,98.49656316208497,24.784735653299094,107.47997846716248,42.886049291357914,24.648895263671875,19,1692
c1fa9517-db0e-372f-b732-519cfa22db34,823400,1,6,9,172.01924111878682,6.310408229907042,176.20203399929767,2.477617703827547,95.13099442583628,45.20622846932291,121.3198748527686,41.093758180227226,47.775970458984375,19,1693
94e519cd-f3aa-38e1-8605-8a733f8882d3,823400,2,1,9,177.43209347239278,1.1206486747704711,177.14494751601902,2.5642420775498214,108.79321613143082,38.774635205796,120.60871744165777,28.85850043867283,54.7708740234375,19,1694
46c153d6-88bc-3052-bd43-b32353ec45dc,823400,2,1,9,173.31112565384714,4.277464085725762,175.8463094640275,3.8984776019996845,110.61580154623383,16.287981206766915,99.97534672437746,55.831935589969746,42.910675048828125,19,1695
e12a0bbf-3feb-3560-9970-c1f7620ef65a,823400,2,1,9,177.1077047659586,3.662364999328487,175.2883067123733,2.851131457646824,104.95568829495046,33.57203687231454,104.1362387066057,40.47956027493363,57.81591796875,19,1696
ac08985a-bda4-3578-a684-db057154bb55,823400,2,2,9,171.36511052704236,6.667101348289177,169.75550892051612,7.573176501217861,80.78693174492895,40.690347286027276,127.66903455954713,33.13521284258349,50.01983642578125,19,1697
733deb86-abb5-3375-9714-9c357b46ab53,823400,2,2,9,174.58441064114348,3.4428756264441343,174.38287046373017,3.2943669499422557,106.15067645774434,28.698356980855113,128.6752449329371,41.16871600202545,54.70574951171875,19,1698
534ab59f-d447-3fc2-b53c-b210b5c25798,823400,2,2,9,175.48037581066652,4.856732035742444,175.2257677281405,5.077540637801757,90.96241716405193,39.07720642670248,70.17381499171648,42.05529799920015,30.835113525390625,19,1699
d399ba9f-985b-3b76-b744-62cc0549765c,823400,2,3,9,171.7447978781179,6.39197990202668,171.73628993903293,5.139153799986862,93.01103269173169,41.91713524916788,124.31854136703942,51.80836348032682,49.827423095703125,19,1700
f713decd-dc35-3703-8568-09ce5557b4e3,823400,2,3,9,166.51636413536303,10.683731672098963,170.78646303227677,7.91267628042093,84.46183247020173,27.480694988517214,141.16881295755766,42.71546022241514,58.5693359375,19,1701
b42b83bb-c5b1-3cfe-bcd7-7680a1daee63,823400,2,4,9,174.26122341274902,4.141398755697953,173.96751144083092,4.7005333985468685,108.4160869783247,23.73515964898638,151.5590596066317,38.16635515688123,50.2197265625,19,1702
b0dee9ec-99da-3ce1-bff3-d9fb63948c26,823400,2,4,9,155.42716662403234,14.725989301479418,163.65823449598895,12.230594618904838,92.34492643714835,13.960656638467736,91.2366964795469,31.815946334828617,29.637969970703125,19,1703
0d28f0b3-1522-3d49-9246-4043af864d4d,823400,2,5,9,169.51193299393708,11.423699655903151,172.83821266055378,5.999601337058671,100.73319295709697,22.820221927211605,103.64364362319526,23.526198032810182,41.4072265625,19,1704
1f539f5c-fbf4-378e-95a9-86c00c2f316f,823400,3,1,9,174.7937753583068,2.802078018393736,173.2482930063754,4.43517033069563,77.68126576353214,38.34410215581543,135.33322815492377,21.209472904346168,43.7567138671875,19,1705
a0b8989e-df43-3e27-bacb-802df9d77836,823400,3,1,9,168.08144441274254,6.735782748316881,173.05231514592126,5.8979759260933635,81.75122439572868,24.254081406191485,110.40809642745967,66.32207255023249,56.37420654296875,19,1706
61dd77d0-fdb7-3ba8-991b-562c700fb50b,823400,3,1,9,173.50374701441297,6.611696369272792,176.56006462044127,2.7590672803325464,99.3948607222376,28.710016663284964,95.36411717230277,32.54690563833242,59.52825927734375,19,1707
20a2b469-138f-316d-8d45-a1133ce489cc,823400,3,1,9,167.4167623921429,10.628738730513643,169.33819571019146,9.3961861657835,66.0687140856716,44.138019100247966,73.36904777941227,55.0063335651337,25.59869384765625,19,1708
567a4aa9-736d-362c-9eca-af0e2ca247ed,823400,3,2,9,172.93545979775683,6.870059435653107,175.3531259315308,4.4989489389958575,114.70756543947545,20.829442101284183,161.33269171423026,13.0110017842335,72.95278930664062,19,1709
24cf6b29-3290-300e-9c3d-6671baa83a02,823400,3,2,9,178.35542948051028,1.6675361765753407,177.48657924360157,2.017491151473917,82.9678187172581,48.94624699102421,93.70245577827501,31.15166963678465,30.943084716796875,19,1710
fc91126a-3e6b-3556-9f67-b4ba16a4fad4,823400,3,2,9,176.1138217935402,2.3035692634204983,175.00791425348214,1.5645281989848832,101.69276239588356,24.570855233253017,127.07291533913684,21.789543356759264,64.72601318359375,19,1711
57e4226b-c4ed-3ade-ba2c-b561977bb55d,823400,3,2,9,169.81340646640314,8.045828836015355,166.74354075949773,5.50154248332399,110.30627224964745,40.283662738191076,130.42262775225575,52.65943175369181,64.53347778320312,19,1712
c44d3537-e4ba-362c-8514-f84a7564a72f,823400,3,3,9,172.3753211795353,4.774324205648029,173.91572955801058,4.92059945139603,124.47326336583377,4.396709807028847,147.356487882095,23.618276398844323,65.07199096679688,19,1713
01fd1502-183b-3657-a07e-1dcadfb57f8c,823400,3,3,9,174.92820752832665,4.353985726022739,175.00652803304462,3.399380870885494,75.98127749007811,41.52686383353136,66.22237812471057,45.768960806849144,21.7840576171875,19,1714
90f701e0-f3bf-3847-96b4-76ce4b544e1b,823400,3,3,9,170.8147129853558,7.4432649217936495,174.20212707963543,6.917792164362644,70.6654234565506,46.33427562943994,75.12245006818686,53.21460881302435,30.006683349609375,19,1715
a0902a86-ce35-36ba-bd39-65a9640653d0,823400,3,4,9,174.61020917490364,2.671763051679477,173.5423955929732,2.2898226313505003,102.17321681637134,16.8759932541134,140.88339682866953,33.9806442057992,56.047607421875,19,1716
d21c5439-8ca1-39e2-b37c-1b7beccbae9f,823400,3,4,9,167.02732601737273,8.25463994243302,171.49278540656243,4.415812883429458,96.33055035471209,21.52316840399529,72.70675146435276,39.36357541352562,49.737579345703125,19,1717
db9b91f6-b1fa-3913-a9a6-f410d3213595,823400,3,5,9,170.27239495140387,7.519558678309063,172.47837198687205,4.362422083815481,82.77951998179782,40.21750872779201,114.03531206362284,57.66248677895996,40.1297607421875,19,1718
e27e1128-9784-3a73-ab22-a75a611894df,823400,3,5,9,168.1386132065757,9.179811415701202,172.05979598004274,4.539576090357582,75.82222461599784,20.67928703959451,92.12711556161138,58.50257371136124,39.136627197265625,19,1719
0c79c629-487f-34e8-a88e-072ddbafded9,823400,3,6,9,175.2635199123323,3.956502719687131,174.79280943273,3.6385641506922117,102.3150933556696,29.856261926505685,142.98665536158984,38.2987949833174,65.47341918945312,19,1720
b455f132-54a6-353d-b5d2-d96a7fb9b31f,823400,3,6,9,169.76015239448614,6.084810616233642,174.39357025578178,3.3396654044233784,101.44416797160854,33.85566362069952,141.78984359908412,28.717791978476615,58.353973388671875,19,1721
2bd5b65a-d721-3322-b547-2353d5db64f3,823400,3,7,9,172.6322007077223,8.208694019207693,170.88882611547007,6.525811136630219,84.36305685631825,44.59113897030948,78.5991061918907,49.360603833898075,26.150848388671875,19,1722
6693639c-8106-3168-9f6a-01074fb95fea,823400,4,1,9,162.24989834427726,11.044864136815676,170.6146603030015,2.4715370304804614,79.50379738648203,33.96097566630594,109.67734856523731,46.371660686590964,43.119415283203125,19,1723
a64d02b3-38ac-3b76-bbd1-4e349332c9d6,823400,4,1,9,161.34244674557783,15.269335602054614,167.2330819507754,10.104433204705604,90.51441136896523,49.580479477547605,78.36970461769532,45.95518846589088,47.18023681640625,19,1724
99d136a9-8096-39d2-9fd8-e3fa39f3c946,823400,4,1,9,174.87784288482584,4.135233532602735,165.99369649232017,8.153199076906827,97.58619193478857,47.8713060869111,132.92030578084956,60.982476638609064,45.97344970703125,19,1725
62abb1d7-3831-3610-983b-6fc9f5ab5286,823400,4,2,9,164.89066634485278,14.675340403386906,163.21042635572755,13.583192271136094,63.50700664829417,30.79231067340328,75.20153752672856,39.517187705253505,26.643646240234375,19,1726
0373986d-ccac-3cc3-87b4-41071860e85e,823400,4,2,9,170.04394451078275,7.147056237192989,171.73216476975784,5.027750275273833,74.80048375456528,32.864589793796284,79.36218996369433,41.195512788983294,23.013427734375,19,1727
1c2cf07a-ce1b-3adc-8d9c-be1c53c219a1,823400,4,3,9,163.3651215109382,10.010968308957334,170.18120511383736,4.051841916262671,83.36771734200053,37.787826496910284,79.98940542380645,37.81782328387183,24.574066162109375,19,1728
82f23822-f363-3970-8090-15aba954c45c,823400,4,4,9,169.48844036276697,8.966815552180158,171.32771973996108,4.3767663589570915,88.82206232420475,29.74703591657793,99.0133287785775,45.61391246276743,48.2105712890625,19,1729
e6806fe3-ea0a-3628-bbd4-1b49c14ba657,823400,5,1,9,153.08199635653438,1.7288440079581668,173.33929821448845,5.124532746796436,122.00328700792241,58.445149548372015,166.5463786400826,5.251700092202076,11.417938232421875,19,1730
e4676dda-f0f4-326a-b214-24f456ce93fc,823400,5,1,9,163.7520173628866,10.436573144593607,172.96596700797738,3.6422365275136435,83.56878092423929,31.671679208046385,95.96423830276845,52.99541781072087,45.07843017578125,19,1731
ba653a91-604a-3b0d-a3ae-eafec4006b2d,823400,5,1,9,172.2170561844967,8.796646599614595,173.38843871104316,5.084064428082926,63.948800231651425,46.56599080798765,96.84129341730156,63.86977487148366,31.744659423828125,19,1732
c7382db6-de67-3eba-9124-9421cdc48d4c,823400,5,2,9,166.59484680397975,12.607864064179303,169.9106087133043,6.379326061442085,106.32804457427882,18.772415032240055,131.93960239565806,47.63741720176873,47.722015380859375,19,1733
1a88db23-197f-3245-ad43-e4b20251320a,823400,5,2,9,168.47945427529436,10.074568916737183,176.2886900399307,2.225429875028345,89.3779855270543,32.622380885798535,110.15481046835635,51.013712271422115,51.062408447265625,19,1734
47209e0b-a986-3c60-adcf-153597430eb1,823400,5,2,9,134.2758888561558,4.613715026200723,111.29995967571523,1.4212469024491483,123.84502215478796,5.4271232683140616,175.05168708405915,3.7019665471883156,2.772064208984375,19,1735
2fbc10c2-ffa4-3fb7-9586-c5cdcce07037,823400,5,3,9,172.37166259847703,5.564790053311235,173.54132770168033,3.4876669965366274,103.75462065549773,32.62087187713404,147.85585895312653,31.15383811428118,59.02374267578125,19,1736
6772b72b-d5b8-34b5-b55e-3ea3d62d625c,823400,5,3,9,173.2689919784606,9.005564956059853,173.39312135256398,3.534381839091836,105.04851619044841,23.356813838381036,138.59739249616092,29.84914123568277,40.951751708984375,19,1737
f8dbb924-9953-3897-864b-0f2da82d820d,823400,5,3,9,170.17470863890335,6.427603262083628,174.44527612377357,3.7931876807483893,102.02531742981891,15.595115195700364,125.17433565599988,25.429045372263467,53.740325927734375,19,1738
a12734e1-b7ef-3611-9bd5-e08f52ad6c84,823400,5,4,9,167.77224353268355,13.287808097799557,171.179439162836,5.977154104756563,86.51297544862324,34.03614714009215,98.40220107104271,57.48359165333716,51.56512451171875,19,1739
d8113468-55f8-3726-b11f-b2fe606b23b0,823400,5,4,9,169.20718162001936,9.169899328468038,175.2134001917351,2.770605880135251,81.22536344034104,32.23736162040214,123.28269065487851,58.67763152112449,31.62158203125,19,1740
dda3e1cf-fa19-3fa7-9d3d-fe83cf7a2371,823400,5,4,9,165.84984334064333,11.129623123981546,172.68459638477137,3.938515216655028,71.06320190204274,35.693474611179155,74.72193603766988,44.172254211491364,20.381134033203125,19,1741
f23e4f74-6eac-3ed8-a296-13d8cecdb073,823400,5,5,9,169.5495679078298,11.016915960317746,173.16503104543816,3.436797996068195,105.30046308043487,19.63959925491993,124.65735313925497,25.515077001653964,52.414794921875,19,1742
5916e4d9-bf64-361d-83a6-fefc38c7e452,823400,5,5,9,163.56119430856157,9.291000256481338,174.3905181943272,3.5368109082342154,78.84279521383887,36.56860769039684,95.04857091524075,43.57554577399157,19.73919677734375,19,1743
902f78de-1809-3691-a013-571449341e20,823400,5,6,9,155.91387225947014,11.942356981360144,166.5753074386943,6.944705070286835,77.23122089842516,34.298051586653166,88.97720532160544,46.75405920567209,22.8021240234375,19,1744
8ebe3353-63a3-370b-af09-f022edf6d89d,823400,5,6,9,167.7120883249719,11.512280018655797,172.8432818748007,3.465592315398566,77.73436362473785,47.19903967276204,81.62574986040843,43.401304010009056,44.94903564453125,19,1745
e5302c04-c9a8-3f34-b3bd-9d300aa60023,823400,5,7,9,172.1401201840585,9.369817381307872,175.5241443059487,3.6108533175274635,75.59560371237784,41.408742694760655,102.62965674592772,47.68463798110444,49.17498779296875,19,1746
7ca88f89-4981-3a57-8f64-c484a1e1025a,823400,5,8,9,167.30204042292837,12.81674244576224,174.40327832115074,5.540987193977018,78.07780875374546,42.79925665627237,112.0042061446489,65.35323654619417,57.085205078125,19,1747
b5464d04-049d-32d5-8115-24cfb29a8703,823400,6,1,9,132.2575540738641,3.8078532433863703,124.54503031414798,4.019023257449162,99.43273803837775,7.17305831755866,156.49601797669342,12.152747200985212,10.826370239257812,19,1748
aeec9426-d3a2-30a2-9c9c-0c84bd257aca,823400,6,1,9,167.1890043618588,6.9687270429639145,174.39022862733933,4.90863129978602,84.97993674829779,34.12698517723474,73.3381690041013,30.228834586182035,18.81817626953125,19,1749
ad3225f4-6ac9-3ab1-b986-2cd22f732ff9,823400,6,1,9,148.73744476991624,7.298172380713278,158.7168755819097,5.659773336125457,88.03244392685646,38.71042343697454,91.8679093900861,36.369102230680824,41.88311767578125,19,1750
efd505ea-3c2c-3abd-84fb-31fde3db206c,823400,6,2,9,175.41321184044347,2.5371497024176404,173.5077776347383,3.6428976670774937,105.80464193457041,15.58655696194338,137.85097446301353,24.61071911124964,52.905731201171875,19,1751
01442e1d-0a34-3eb8-917f-d663bb058adb,823400,6,2,9,164.60244442354576,8.881457283982398,170.63887418678144,5.819540755277269,93.04423426467594,37.69953878530993,83.89089343329972,42.821348049464845,60.587249755859375,19,1752
255e263c-1b5b-3b0a-882a-5d0aa36dea9a,823400,6,2,9,161.3499494093269,8.954894017760596,167.45942496280884,3.2709195290270707,83.22024556642104,27.44887358882093,84.77836070406791,48.99179461881293,36.8861083984375,19,1753
ccf6562e-e623-311e-9ad3-eca28a0b2e0e,823400,6,3,9,175.74940603441115,3.5563213381929204,175.26148853716822,4.378042304792745,80.63598290347434,32.97302766836894,135.130281752874,48.306164073318456,55.00018310546875,19,1754
3db68e3f-044b-3752-b03b-22da6290e17e,823400,6,3,9,172.70171134483002,6.69654409243785,174.21133708995572,5.175067194067876,83.48158801412086,33.55574399824859,94.23267489999853,48.14105063057228,47.4169921875,19,1755
9426c9ee-6631-3976-a747-51f0311ec813,823400,6,3,9,164.78814168351207,9.472503359008247,166.58875640711028,4.481341318177063,87.36734759512835,51.217291807182605,66.60768127226409,43.940283988653185,23.878265380859375,19,1756
81e61897-2e55-3101-a15d-02e45213b16c,823400,6,4,9,166.34103758438368,8.489173373337712,172.62582358121688,4.823553706743934,90.31690219393187,40.46261829427549,130.81436409735846,49.787499792772806,64.2147216796875,19,1757
c879a037-e62f-3a9e-9000-5db24599c820,823400,6,4,9,157.6815245981013,7.566456996502233,163.79581472222523,6.732480804395056,74.49609123594287,40.228395271607766,88.2374135928282,49.33821593155278,67.46835327148438,19,1758
7879ef58-03bb-3d09-b7eb-389d05be407e,823400,6,5,9,159.99727297713451,9.758548690883202,169.68380914661347,7.816506663170091,91.25387420470769,50.08227058115112,115.74229714856185,23.149311050681952,56.73919677734375,19,1759
b5401081-6942-332e-ac46-f34e68f8036e,823400,6,6,9,167.40284161516823,11.692027630680967,172.20686704847807,9.059126444950413,114.17049290932147,17.292376075596277,145.11752302939647,21.702730569398376,52.833526611328125,19,1760
3ef6be25-a8cf-3818-b63b-cd8584a3c3ce,823400,6,7,9,156.74871791570166,9.711035651855823,168.416316864554,7.176748034613181,91.54924458227637,28.928901129467853,69.24696620345205,22.69306624912649,21.982818603515625,19,1761
e608e192-f66f-3b72-af43-e6587c9e1b70,823402,1,1,9,142.3849738517563,10.95131258607109,142.5938131521417,11.4689780813576,171.96120558079994,7.743389757231716,171.48559332745234,12.897597245369036,54.462646484375,20,1762
50507cca-92ef-30ca-9c57-a698f130bce2,823402,1,1,9,170.66740818085478,3.8012179089016973,168.81643993743046,9.099989280085085,110.60894939366926,41.96967976476694,165.15456363203634,9.940329510220144,37.1251220703125,20,1763
8436123a-507d-36d4-82a2-834f68461d59,823402,1,1,9,166.10052924748675,7.216472276382122,170.8333392195402,7.164160326756108,85.042340447526,37.267152180919474,128.86120330039,38.40736202323832,63.09185791015625,20,1764
89ee602a-80d8-3ace-94ea-0e6e2130cf23,823402,1,2,9,143.77662624734793,1.656883649795865,151.1914605829121,7.534952066555277,132.25519500621593,62.202464301025834,154.78826595341624,11.520761218757782,77.826171875,20,1765
c390436e-e44b-399f-a859-f173f62a82db,823402,1,2,9,170.80885833872787,4.893454577705245,176.49537037740174,2.3370158170263857,73.04446990823675,30.986109077110136,122.10036821787718,51.365328842563706,42.56988525390625,20,1766
5a76f6b3-7821-3787-ab61-ef61fe635186,823402,1,2,9,166.44495552432394,16.12607911509998,171.68264033311897,6.982990520905778,94.89881876949472,28.729491396004832,125.21326099963474,39.25386311696806,34.691925048828125,20,1767
94ab992c-5aec-3225-a946-e8f6c770bddf,823402,1,3,9,148.8027834000915,7.883000541386619,154.98426733156154,7.661827965893437,173.36126248401598,6.1749372492271535,154.92328665593988,12.895948376261613,67.51437377929688,20,1768
b46cdff5-14bf-3154-9dc6-1373d2261369,823402,1,3,9,171.6578868803614,8.559210327564617,172.49962295525694,4.458344356431186,85.64222454181387,28.95382800580677,139.9129319587528,53.542556674117044,49.496795654296875,20,1769
15034b25-d5eb-3d07-9f1b-005a847d34c7,823402,1,3,9,159.64310375184616,9.21477514127768,167.70454059735377,6.6533919050222785,78.64328398551817,35.00259157964915,125.01064894808928,47.75332993954926,58.698394775390625,20,1770
3cc539e6-1a69-3417-916b-10a9e18e7640,823402,1,4,9,137.43355080286403,4.218478030445343,139.7756380562552,5.279367364771266,165.43050583592515,6.427699945531238,160.54328248401848,8.944868066553095,71.787109375,20,1771
98ad4e2c-ff90-348b-acf8-a4e90a37e49f,823402,1,4,9,171.8207284775328,5.261543894777569,160.56996492049856,10.655984678414825,102.82417032699765,45.11174005906943,158.57190891998394,20.34822293824279,55.255035400390625,20,1772
2d2eff47-e440-38f7-84f5-5fb4d4ed6aad,823402,1,4,9,165.8936964213388,8.022698561359617,173.99697923929506,5.335412451245388,106.59456247015335,28.994322598203002,129.92821880764444,61.633496104792115,43.480010986328125,20,1773
691c0e0e-2056-3557-a61b-989c5dea83cf,823402,1,5,9,175.02627033531292,3.8214768715263645,171.72685353667396,5.357726849109788,95.27162889674136,33.35997851912748,125.43287521448327,25.79482450114261,49.91082763671875,20,1774
8c6dd266-b1bc-3dcb-a98a-afdbba09c9c6,823402,1,5,9,170.81624891130588,7.295504097871736,168.41653382860412,7.638139799279303,76.2474782814708,38.859171204925865,119.42853940317585,48.70721704002945,45.9166259765625,20,1775
309d4f31-4f9c-32dc-a26d-d1784dcba090,823402,1,6,9,174.01906323827873,7.321193764813439,164.0577426422131,5.273010051738615,97.32217207467495,17.139376292282567,128.0593909419702,41.08391816905622,46.0948486328125,20,1776
0216bc70-d8fd-38f8-8f56-0e088265320e,823402,1,6,9,169.6412006458581,9.43599106792955,171.05933805788203,5.579207775791632,86.59308655093245,39.09325845835966,98.01225042922972,45.838383644814044,30.5858154296875,20,1777
ba0b0676-1c6a-35e6-ac4f-3a5356159ac0,823402,2,1,9,175.55864848192755,3.700858455787635,165.8599645309281,7.542817012955968,103.54428336126728,30.706485202390017,149.55038671462515,47.842438778632214,61.60888671875,20,1778
a534a5c6-75ca-35ef-b7ce-e91529694474,823402,2,1,9,169.17674904167885,5.384215535453688,168.76228152921706,5.423355840852226,113.79627777671254,23.080310556862585,140.93499183446428,26.901428811310005,54.731109619140625,20,1779
c96dccaa-7b5f-3442-98be-f408e0e8f7eb,823402,2,1,9,172.36883075796757,8.342267759638947,173.85426185169436,5.495113000851388,121.31309839528565,21.4887096278888,122.33512587668868,21.218262036167957,46.52838134765625,20,1780
db9712c7-c752-3499-aced-2fa733c43c6e,823402,2,1,9,173.24539793255528,5.200105460524592,175.32201898261465,3.1352437052676927,99.49711711104207,25.593205556904746,123.50861769607417,45.76988352772392,40.483551025390625,20,1781
a0d24c05-14e5-3f3b-b5bd-d0f62e994fff,823402,2,2,9,177.02909711311315,1.7449169788032974,169.08970530383033,3.990734005970938,98.50564997552245,33.935379279119644,138.13123484017746,43.17414548346371,49.397064208984375,20,1782
518b274c-c3d6-31de-bcdf-f1818540cf6a,823402,2,2,9,174.82285044473622,3.4509849133503354,172.97822673610776,5.292414965172927,113.65517090488545,26.424424170647455,147.11274140222633,20.26549658536996,60.6541748046875,20,1783
ec7e4641-51c4-3d5c-a192-ea6b22e78250,823402,2,2,9,173.0517631038722,3.72833797309773,168.32274599645456,4.4094704349277904,118.98449795319908,26.508457920853466,150.0978147657351,27.0555107601277,56.8536376953125,20,1784
862ded31-dc01-3dae-9f32-adce44e9a872,823402,2,2,9,171.52466009706725,6.291185134756269,170.92837870465982,4.3601904167255,113.24381254495958,27.475031728741122,136.67362391382625,36.708717875702874,56.64599609375,20,1785
e72045c6-ab4e-397f-8b75-105b18496a1c,823402,2,3,9,175.92244865077947,3.4802911619859307,168.48508613702916,6.590723375749651,73.7457114197054,36.359710051197396,115.71175422007663,44.60828532992988,48.848724365234375,20,1786
4dad71e7-557d-32a6-9119-af86dd8eb632,823402,2,3,9,170.95953210245378,7.895158441239763,174.55561996502882,3.9856891396229672,94.63595110060292,38.99349031543242,85.67983776965418,51.552178618732384,32.6661376953125,20,1787
4a333069-d8cb-3ec8-af5d-7b9183f4c2e8,823402,2,3,9,175.08078469974944,3.4461894837413456,173.7138839553435,3.473901417510699,94.86861276608984,46.418387768175016,107.72522533445527,66.07115037144395,44.629150390625,20,1788
d382f322-1661-3826-ae9a-9847f63ebd7d,823402,2,4,9,175.59038856262518,2.375604181871398,166.97014091414343,3.620467325683621,85.35539249359742,35.30916116928751,104.57153580459055,43.843452466827365,23.4703369140625,20,1789
a85ec819-b4c3-3fa1-8c4a-ecbe6a8843c5,823402,2,4,9,175.44812911512554,3.0718204429647717,171.33233490617644,5.529429522892869,96.91903605909756,45.75528592483499,112.46272105336833,49.69989608265302,50.8236083984375,20,1790
f6de7ca9-21c0-3e8e-b496-acb02f9adab4,823402,2,5,9,174.57873886490555,4.545768253477885,173.25757256172201,4.241185396237546,61.42807480246289,30.72958024166267,110.31675968813428,66.55204479521203,40.82891845703125,20,1791
846d83e0-66a2-320e-8dff-1b7ef970e801,823402,2,5,9,175.75945043317105,4.033258594950063,171.1994084470149,6.893938708267572,128.42754589335692,20.906151926210292,144.88371029430013,23.542367399133358,47.1678466796875,20,1792
94464ebe-1c5f-31e2-a4e2-c7da2869c5fe,823402,3,1,9,176.74154170148879,1.84621045458074,166.61566512454394,9.01227278198233,82.27767856715802,33.430841741729076,129.77446746423604,44.809734744452456,64.3363037109375,20,1793
7df774f6-59cb-39e6-aea9-4ab6c2428784,823402,3,1,9,172.23856908177464,9.261431738097388,171.20556172824618,5.365625204891964,98.16721774203805,47.18639149169189,96.90492429328373,43.80852500141195,47.122711181640625,20,1794
52064a3d-a951-3e9d-baaf-20cedfd77899,823402,3,1,9,174.94994846703176,1.8190871214416673,168.14067083107656,5.9182648434554626,96.47603379903252,28.435036500236247,136.9166490818098,49.57845385288345,50.143402099609375,20,1795
d536f5ff-d3bc-3865-91ed-df30ba64fe44,823402,3,2,9,178.09919193129147,1.3562150368196018,166.05475785033013,4.515095706960274,101.98270889824617,34.14693248349831,158.39365962806403,16.810476437208937,70.0743408203125,20,1796
a9388561-6e14-3a3f-8c58-8dc6a88d958f,823402,3,2,9,156.86723201672834,11.247994842738924,162.8321979306511,15.114061605688125,61.88543686520083,40.92750637561123,70.61951848836816,64.37948868601651,28.07904052734375,20,1797
90cc1b62-0968-3f47-a4da-b54f6bbe92b0,823402,3,2,9,177.40565116947397,1.959447059722236,168.20153763735422,4.208988040781465,92.57900231559347,47.69886769148119,137.94508684268965,47.45924658536936,49.826202392578125,20,1798
36c6ceba-e01c-3432-ba5e-28457ca2905d,823402,3,3,9,173.452553341444,3.930238055318085,163.70094759909165,3.6499679362328052,111.46913074604176,30.355115532159267,159.35809168450842,16.894009249984773,48.8919677734375,20,1799
4eabe2b5-86c2-380d-abca-3abe073b34c1,823402,3,3,9,163.58260390286958,8.07777276931734,171.6921087631165,6.1488076410839465,76.54285250449726,23.09530146196162,120.0592921896695,49.057544364208134,47.3095703125,20,1800
608426e1-6baf-3312-a72e-889f445d273b,823402,3,3,9,172.133829850877,7.590747250391972,167.7988781326395,7.618806079096122,62.78425498282258,33.96783110228828,64.25867138588981,48.903893860918465,41.22021484375,20,1801
53cb89ab-3ce9-3314-8192-3d6d36209c5e,823402,3,4,9,174.84725047118832,6.314487337800506,167.43995429108065,8.371082046757842,90.30847112952671,37.86834654596488,112.91667736164159,53.490510270082034,39.0350341796875,20,1802
63ed937a-82b6-3bfa-ac0d-1c3628e53923,823402,3,4,9,161.98054270269301,17.45032815216347,168.92113608557096,6.9512824474165456,82.8347425336143,47.39600533544858,66.80810745893292,34.18461676352245,31.8974609375,20,1803
ed0a9937-0325-344c-920a-d496c936c954,823402,3,5,9,159.1351070646254,8.085541497700252,169.7252820373423,4.756362108323476,99.56880735070463,33.85849926624048,103.23674589751164,72.5315319425728,50.034271240234375,20,1804
a0c21869-7097-32cb-9b45-7f081a1af682,823402,4,1,9,173.0952998783013,4.255684466529974,161.21993940618734,10.003212653719006,91.65567587498471,24.033315007672297,140.75704273883179,41.182520068249694,45.3240966796875,20,1805
8668203a-98ae-3394-9a2a-e69c4b34e52b,823402,4,1,9,167.47356804713405,12.04078935124037,171.53504354863355,7.771747004466122,71.76488082851964,38.21060214247912,73.10675821792445,53.7331249611333,28.65118408203125,20,1806
36310a9f-ad7d-329c-83ab-dfc3f9365188,823402,4,1,9,175.92905911822788,3.759768150173747,165.66365934158532,4.304986168161081,86.46393326313535,30.652451213069593,141.10476022351176,55.99549437542769,45.079315185546875,20,1807
fad25fb3-43fb-38e6-b833-dc830ecfea56,823402,4,2,9,176.42383839788246,2.4510754070304985,169.8796244359737,6.62022579094614,85.79847872828142,29.228864263826573,130.81248122314094,62.5014798666166,38.409637451171875,20,1808
ac59d18e-22b0-3001-944a-31c2ce7ab04a,823402,4,2,9,176.39609286994937,5.484868873717996,176.46178688586485,5.189775328761706,96.97480587667805,43.904375558082755,96.25937222786193,47.153947504984764,61.281707763671875,20,1809
ce452870-f774-32f9-a677-502bba87c8d0,823402,4,2,9,174.84577655382841,2.889704254540567,168.9780671142752,5.471771334602685,99.31112515235533,29.49216218499481,162.62996544088588,17.810932254586568,60.0855712890625,20,1810
6da63c8a-4dbd-31e2-ad63-0bc640205750,823402,4,3,9,171.18941164771684,3.664858502285312,172.67633340053106,4.67904068848737,86.1998732961474,42.50166674944839,77.20237687454423,35.31716881151856,33.026031494140625,20,1811
c58d0125-a5a2-3b36-a971-30651eb68820,823402,4,3,9,177.06624754158892,3.0132899452030704,166.07138546787044,6.320964407328387,80.62502706184385,30.579627478745735,113.61333164860565,62.16646409714845,45.829864501953125,20,1812
ad136771-b561-34d3-a660-7ecc1c239639,823402,4,4,9,176.11106715323405,3.335679904724606,169.81016059232684,2.0970908558667505,111.68936748707692,24.88942651683706,167.07166184855356,8.824584200272092,56.231597900390625,20,1813
7e23499a-a4a1-3c47-aab3-510c3f2bab8d,823402,4,5,9,177.02524122629927,2.4429687388645536,168.55470263337773,5.2612216983478195,119.78751518216632,17.79157423860069,170.97342365764703,4.305339365080983,58.895477294921875,20,1814
6bd3e2b8-7cb9-3e09-956c-0bde8aaf99d9,823402,5,1,9,175.89204371109543,3.0728825207803543,169.14062330803856,3.53628028015952,103.17712458416561,17.30279181691214,161.8213199432527,16.62238469351974,53.801422119140625,20,1815
62aa0116-7c55-3345-b911-a2c40ce63906,823402,5,1,9,169.30370213071748,8.269511030238755,174.9324597836379,4.039867913287082,89.27889595695349,30.032360904186653,148.00085210212086,24.578998660337923,40.63525390625,20,1816
4cf9379a-3e62-3439-9ab0-2583c602bd74,823402,5,1,9,173.5546320879901,4.191486105466577,175.3431803907147,3.5577058209851566,81.84938310852338,33.43979228468524,92.29370190820148,61.85195912997808,47.2528076171875,20,1817
c66c5b3b-37ee-3ff9-85be-0032f7449461,823402,5,1,9,175.13527695007838,2.322441075987578,173.19795094079666,3.532009322788436,70.3173334170987,29.787589488031113,134.54980224595954,63.37792172395649,36.0810546875,20,1818
08b25535-06dd-3ae9-95a5-b37c60df0bd7,823402,5,2,9,174.5576962795719,3.0574551747872105,170.73680003151105,3.484774585244006,103.07928371562208,27.700597505583744,139.1704914041304,48.922025166618496,50.384674072265625,20,1819
ff612d69-87c6-30b6-a792-fcb4054f7f4b,823402,5,2,9,172.93481685238237,2.692612255349552,173.87054881009394,3.0915266385725118,78.36559093445182,43.06058200296232,101.96259853486146,54.04618163126185,51.512939453125,20,1820
0c3dcdfd-3e0b-300f-98e0-a924595a6ad8,823402,5,2,9,173.91210222321104,5.301521262487249,172.4543377614871,6.59341464034987,92.80702014246658,40.720125559984595,132.16887556699592,20.327755504491414,95.89639282226562,20,1821
13121e56-8593-349f-9b77-1ce40860b8fe,823402,5,2,9,174.7673630164265,1.954882228495224,171.87223494691938,5.212736951893718,94.30783490559821,41.065926135460046,127.88927916100612,68.31871678885216,60.001220703125,20,1822
ba8086b4-cb68-3c33-b85d-bd7ab614c18d,823402,5,3,9,168.3236920845465,11.213205440872072,173.58672092457604,6.591861422636343,96.08854824177087,38.022192581904584,85.69114664520524,62.987656639497295,33.811309814453125,20,1823
f1af7f54-4aea-3602-8add-9f225d7efd98,823402,5,3,9,172.5065465761478,2.5287172024194966,172.50033706338172,3.291117654564457,84.11560522088334,48.507897429210715,125.72815814728288,41.77173116751498,56.9254150390625,20,1824
5b11edcd-5550-336c-af6c-13c61ce0904b,823402,5,4,9,169.9467723383337,7.330860723706465,171.55442896711102,7.075999683658014,83.90486268422734,41.58565598827002,90.53982210296958,73.06335433901017,47.0904541015625,20,1825
d1c465e0-1cd4-3aff-b8f4-1731ad356b91,823402,5,5,9,169.27003895390965,12.556733132326181,165.0169368764141,9.36716962204259,73.99979036025377,50.909399997859055,102.05068076436405,67.24970600161976,25.11395263671875,20,1826
7e181638-b61e-3a02-817e-e790e0df9390,823402,5,6,9,175.6460878660822,4.0980103000954005,167.870569006494,7.122526053939361,92.6998367812974,26.00830004854222,127.43119654016033,37.84991422056923,40.452789306640625,20,1827
dde5035b-84d1-3097-9767-7c076b473b86,823402,5,7,9,174.59401900313318,5.502469086758771,169.41152732801274,6.0303577375236435,67.8110645503856,33.36597028877617,114.90654153146804,61.31107669566879,33.904052734375,20,1828
8968dea6-32fe-3440-90dc-8d914ddbccea,823402,6,1,9,166.61624612669468,11.814456148511209,170.05281151615836,3.7770884755561354,88.55954108762916,38.6899860493544,101.20706600879636,44.14233026733845,50.0078125,20,1829
e222aecd-efe5-3526-bd02-6c06af21ceac,823402,6,1,9,174.78340635145582,3.893953056264641,176.48696571642762,2.389097408307083,99.66778311014676,37.94419001595962,141.70078561594713,48.138671501272796,52.560089111328125,20,1830
44b99a6b-a4d6-31cb-b364-9c9ae19cf5f0,823402,6,1,9,175.9566671434945,2.870571573879852,171.19804687255385,4.601088339957061,115.22911391709373,27.995357211394687,169.39162742208936,11.160510268172525,62.371368408203125,20,1831
76b30fa9-b5a4-31a6-b8f5-dd74a32236b6,823402,6,1,9,170.0609458173743,9.666327339913858,174.0610280893354,3.0877229793134715,112.23724474169374,44.209576266056274,127.80176545669022,43.4609442511041,49.635406494140625,20,1832
986a79a4-a55e-3cd3-baf2-28d8ea7461de,823402,6,2,9,177.10658483517483,2.30347999295777,177.1612569947374,2.8524952209784065,108.23690862356985,42.31587398709165,94.71701546740066,38.36181651527533,52.4676513671875,20,1833
5977ceb6-5eae-34e1-9e6c-5d56318e2a7a,823402,6,2,9,174.37158478702693,4.617174266783836,171.7900031006546,7.4948880301303795,65.80924466132848,48.68486772028203,120.6121520389683,70.86739182920998,29.090118408203125,20,1834
10acc66a-63d1-373b-a9a0-ad841b09b420,823402,6,2,9,173.79236653077967,3.8699488969625815,168.8657655449376,5.028885467130139,76.08042600977804,40.55628426680113,129.66337385697906,49.25738537826792,46.3011474609375,20,1835
8987e77a-5ac3-352f-b03d-cddd51ee3f90,823402,6,2,9,172.90386941611547,10.059173130175129,170.55857020099737,7.798051046357715,66.95653948193348,44.958731839942324,83.14704868817401,49.89587720431145,28.1015625,20,1836
ae976829-edaa-3510-bf06-20c26f2bd131,823402,6,3,9,174.65536005133097,5.034120663616119,172.2951228469469,6.324682102413718,90.0130466170379,37.78354809549517,130.29827252991288,50.6157360431555,52.5599365234375,20,1837
3194f54c-d59e-3c38-8180-7b1dc3eeefc1,823402,6,3,9,173.9590233090146,4.412285944858313,172.8279586172487,4.493786436499253,86.99195254678278,44.8337034592148,110.40129160483902,54.52807786953913,52.8118896484375,20,1838
16cb7e44-d188-31d1-b4b8-2dbfba2ee98e,823402,6,4,9,174.1744521545196,5.78350452684996,177.14109798348804,1.7778350541940429,83.07871330724596,48.63267926748323,73.12808585264963,50.32836880868769,49.22216796875,20,1839
b754e773-bde6-3462-9bf8-5b23e275bf71,823402,6,4,9,171.37465088909642,8.815741107112986,174.49364889029812,4.184287736246097,101.97148528034349,44.917972720790225,101.41039147911766,53.16301705194597,53.1273193359375,20,1840
b8a756ce-b770-31c7-8584-8335a26147cd,823402,6,5,9,160.28522692497194,10.56131510925734,169.492083837293,7.425220825930895,59.867732227203746,42.95325032499096,59.32072688134159,50.39815166946447,24.12371826171875,20,1841
8f73a41f-ccb2-38ca-a2e7-6520b4c2fc9d,823402,6,5,9,173.21709868717255,9.304537014354274,174.64186168298104,7.188056722207316,82.01156250582363,49.640554309458196,73.15829408725278,52.99059553124942,26.94964599609375,20,1842
3447b982-11c1-35c9-a20e-046d2787212f,823402,7,1,9,172.9224477167317,3.8967738502095415,175.10126150543698,2.7264960225966868,115.24606327455811,31.194121202136017,126.0939260007255,42.49113078954865,60.087982177734375,20,1843
6551b694-bc7f-3a2a-89da-b2cd97c438d8,823402,7,1,9,172.17411913586517,3.42451991873168,171.75560563425194,2.957831381530987,88.92709750074854,34.19067959249207,113.75010378914713,63.050272772931976,61.99261474609375,20,1844
08cef39f-abab-32ff-9442-57f5336c00ce,823402,7,2,9,175.88663072009615,1.8259008650949953,170.46005529444395,5.1086776748713305,92.05040077277728,40.180595953490446,126.87793585918189,67.09038619626506,58.673980712890625,20,1845
dc0cf6df-715f-38c8-b5ea-41f6ff74cfdb,823402,7,3,9,176.3073613595249,3.9087125245391787,167.95838307767548,3.0474736718544633,94.27441302087254,31.03373366671757,154.16973735736104,23.730900869156642,47.7376708984375,20,1846
bbda1193-c9e2-3301-941e-5696dd302e85,823402,7,4,9,173.63695584458537,4.913537027670775,172.85045322858,4.862364997757989,90.69695170063311,32.21695260964204,143.83292668462516,50.46835033818165,48.7012939453125,20,1847
4adffd94-400d-3f45-9518-c8e3bdb4df1e,823402,7,5,9,169.64687443683147,12.840108347935177,162.00207279001228,13.831562067096716,57.321074363543,44.028205074404,116.94631571927756,73.9830769166265,33.90435791015625,20,1848
48b5fce9-0ec3-3216-8f0a-04ed644af96b,823446,1,1,9,157.05060394407508,17.421404633337854,157.9788745032347,16.050197855819906,65.70525405081028,56.11426575770136,58.35779759924966,37.549651070980055,25.4783935546875,21,1849
b47ef370-6c84-3929-8e1f-c3c3e7f70834,823446,1,1,9,171.21069860131618,9.949998787695426,169.27686646207147,10.588227854018447,102.64401816636025,29.85901119951007,89.6538684411613,41.01891254238644,79.95166015625,21,1850
dac00a0b-eaf4-3e2f-9343-700daba04284,823446,1,1,9,175.57280994244968,5.481301873001387,172.05345361101965,4.557051618241777,91.91161813714712,46.16398882096371,117.47448686717672,37.58504652450517,101.31326293945312,21,1851
245c469d-e9eb-32f1-9752-698da2707920,823446,1,1,9,161.37981991169897,10.914081397577235,169.52683752764722,4.195874065015086,101.16817697954689,42.7787648309133,56.636377267704454,37.36211919267616,55.548919677734375,21,1852
73b238b7-e18e-3294-8b17-32de479ea993,823446,1,2,9,163.13122228365341,12.508602859996216,167.59696151721087,11.625388771085444,65.44322517513905,49.166989982795876,61.06161165911249,39.53362373696609,25.77783203125,21,1853
d3fb4abc-7b7f-3cf5-9dcc-cf6fad36a605,823446,1,2,9,172.26378677754562,8.72755886786658,172.6106209082344,6.429776367166801,112.7577786957647,45.83506354502413,105.53573780232233,46.38662136564401,85.86602783203125,21,1854
f7a47156-e9be-3e78-902c-cab27805dd95,823446,1,2,9,171.01802084667028,9.325791647788638,172.01228219464917,9.128090286518464,88.33533040415801,36.8879473022312,79.1368707745841,42.392432853008856,39.355743408203125,21,1855
eafa1273-f734-3de1-a6a3-a832e3a0fa82,823446,1,2,9,156.04715904895062,10.51243850881228,169.01447906459214,8.141969225637698,70.10998686149469,36.356620744777636,42.50579113630259,29.012412164224582,40.5528564453125,21,1856
a04f990c-7786-373a-ab91-5a94298eb6d7,823446,1,3,9,157.59948251106528,16.904542649058307,159.04951672777537,14.751163130244473,72.00752638802969,61.54058618753654,67.99591802182918,37.14576402019247,33.028564453125,21,1857
b53308cf-694e-335e-8c95-3fe82d175b7e,823446,1,3,9,175.82547160018314,3.179793313889592,175.8178100024444,2.836062768669001,111.50608453826862,41.13485868152978,98.08761090991165,16.463276580570533,121.6510009765625,21,1858
e710523d-2a76-3213-b464-588022e03147,823446,1,3,9,107.92142503792277,4.3645702491017895,107.4976578586235,4.213183465979182,164.80334410089029,8.285937386477084,173.68671445005225,4.320801743746668,15.816436767578125,21,1859
ad48e5c6-538f-3f85-9476-d537e91ba815,823446,1,3,9,149.09062511135343,11.96106340450627,159.4931433438634,13.138998397694051,74.95991075988312,43.00732820352279,65.82706534521728,54.537833676534014,21.059814453125,21,1860
6aa76c52-a99a-3389-b7d5-df689cab089b,823446,1,4,9,167.07055348303925,8.100815498850992,170.68355845242854,4.3767930340789505,143.2806872343757,20.73574058066098,102.26739876522922,33.62484846021246,121.75601196289062,21,1861
2ca06ff5-a039-30aa-9dd2-a44080b2005c,823446,1,4,9,98.83072409382999,2.898847197590503,99.69114634908205,7.4750086733738055,156.57958787190614,6.661672749377879,173.02443933585582,4.734981924490926,19.5604248046875,21,1862
1563e7f6-f083-3bef-9af7-d9d510bdce3a,823446,1,5,9,177.20479637077088,2.3948731932131118,173.01799850507027,6.169728945535852,116.56685593638528,31.542857266165985,104.21286469074435,35.70896068818915,125.83639526367188,21,1863
4b54a553-bb53-3b5b-863d-ebe783d250ec,823446,1,5,9,154.32042400076676,13.993153651607809,159.76451728272875,15.439625493384149,79.782863194566,41.97357266125754,77.76290048118,47.23430812408336,22.44830322265625,21,1864
bf5467f1-77b9-3921-b221-abcc1e715b9e,823446,1,6,9,149.81785693627552,18.82561700424434,154.8189149391285,18.399134868351258,70.80348936626919,48.47053406318732,88.36825754410383,60.586608218052646,68.9793701171875,21,1865
54eb0888-c53d-3805-a150-5ddf2790e8a5,823446,2,1,9,170.37186138232866,9.863258697888025,167.0017444899264,8.285354492700556,106.27990218258782,39.94353587749727,116.05670859730617,41.879350110637205,133.30084228515625,21,1866
9dc39be0-c536-3b35-a28a-10f7814c8ea3,823446,2,1,9,116.34491227617406,5.737351389216325,121.09865655201043,4.88705127693875,89.6148911429777,21.11245618952212,47.99234766233417,51.03802671873112,29.3338623046875,21,1867
85d0f7d1-2ffb-347d-8f66-41f473fe8b71,823446,2,1,9,164.19304485362267,7.567810069547464,170.44373044500193,5.491715183564513,128.71477228749143,46.6935622872828,84.9131095321207,57.37944973005903,44.00360107421875,21,1868
973f5de7-c16d-3cd0-8b0d-7c059daa1fd2,823446,2,1,9,98.31645178635722,2.8659538885467954,104.05449464934587,2.8483303063105656,161.5399663137475,16.018967277962584,166.3518576541968,6.952573544097909,30.8607177734375,21,1869
3af03ddf-23fa-39d5-8a63-7bb7e53eaf00,823446,2,1,9,142.95943467197125,20.84711759969483,150.7312413203107,22.742395170159377,59.020039589007055,39.310070850685506,81.70127189069962,54.463518760480206,25.767730712890625,21,1870
f0497825-f623-38ca-a6bf-495fc8ce85f8,823446,2,1,9,150.10967317854258,16.561096507500096,153.4926882315723,23.668614338348014,69.91002693830606,60.537268134587414,73.87588805252308,56.805833668902345,52.427825927734375,21,1871
76df4a56-7630-35bd-864b-e3c630d8285b,823446,2,1,9,165.99138807976485,10.17894626234846,170.84937853903546,6.937880079512526,78.11655814165226,54.08271344550319,55.81271384523804,50.16061512928535,32.37109375,21,1872
1a4ef2e5-0e54-3913-80e0-1bc1fd83ea6d,823446,2,1,9,162.86066765004148,9.894098402305312,170.81529536298885,8.104709409170079,89.671320017686,45.17784915661028,67.41240830740954,43.11104399293481,35.255035400390625,21,1873
b50ccb84-84a0-3f4f-bd70-e42932a2416f,823446,2,2,9,153.50799120995146,21.978491499817203,158.31015797303678,22.64671527062435,89.6995966332665,57.65529560766675,95.07114924862915,44.388438938989076,29.761993408203125,21,1874
8927ad08-0fae-31cf-bc37-f1980e0fdca9,823446,2,2,9,149.56918764242712,14.107457243268584,158.0324984965407,15.479223217496942,76.9535782138747,58.74739540488461,69.4010802984676,52.02540167461965,40.882171630859375,21,1875
0a12dabc-d237-3aad-a906-18fa3561c1e2,823446,2,2,9,163.8007932653353,9.826937216179155,170.25198478183736,7.708749826573635,96.40537872297145,42.41559057894555,44.72767935629482,28.170148819566066,41.662872314453125,21,1876
ef2009b3-5f4d-300e-9af1-1b336cb5b366,823446,2,2,9,97.89620810670331,2.266819554264706,103.21304690713066,2.664210191635935,54.11985073735551,8.163685329934244,89.25503540002747,7.668838225328039,14.687744140625,21,1877
06fae5ba-eff3-3fc3-92b5-3609dacc56b7,823446,2,2,9,156.04842357807888,16.6708185822975,164.58665810458749,14.43052453547179,87.23462345742196,50.466105507513944,63.86368176063853,49.857261898293224,35.53955078125,21,1878
b8c5dd97-350a-34c8-9c32-b7742309bdb2,823446,2,2,9,161.15374680449233,13.172685202380931,167.68945283472286,10.788422806680689,91.09329523191194,48.843804613304876,76.05787450756223,54.198020042310425,22.426483154296875,21,1879
2c981ad9-f35a-3b6b-9951-97383b4162de,823446,2,2,9,167.0881242654678,8.626213918167409,174.6053597035975,3.0151245873908574,126.53612833863339,32.83595758424313,83.37132989536093,29.23132147966196,124.2279052734375,21,1880
deaaf9e5-304c-346e-b223-263020f97228,823446,2,2,9,165.16922122473144,10.871859506558094,172.72165101169801,6.641182822192425,95.56896209609697,29.125345636398304,80.57121219025134,40.79187767149981,109.85699462890625,21,1881
ccaf01a6-0a66-3627-8071-f927a020c461,823446,2,3,9,157.7962677664763,15.191659409431663,160.1259972025523,13.340661115587878,89.76967369856288,41.02429066799059,62.02875003779291,42.791865337856954,34.918609619140625,21,1882
0b1e5e29-772b-311a-91a9-d7d38f6e6511,823446,2,3,9,158.11151438601843,8.74624289231356,170.53456769223604,5.341919481171216,114.56701832124284,45.43373890362522,50.22840981290805,36.747267306555656,38.74200439453125,21,1883
f9a6a889-39f3-334a-bf0b-02eb711f88f2,823446,2,3,9,168.36599308967098,7.156347136742932,171.56493237097686,5.943202247127829,112.57071471325578,46.50184114677682,87.96231754383051,45.26416536389868,90.58486938476562,21,1884
af90443b-2046-375d-b4e4-76db1487a853,823446,2,3,9,152.41990407309177,9.180878922701927,165.02684345040416,10.7362694514589,114.9686250383856,31.018982151454967,65.52856561000625,38.94776681995103,77.33334350585938,21,1885
dab1a751-9347-3dff-92b1-ecf78f5280b7,823446,2,3,9,150.42649892608708,18.913685680801542,157.09370415441884,20.849978259601283,55.71451396338844,49.09430471420025,62.169023802867436,48.93053590383011,23.398956298828125,21,1886
91cac9f1-9c6a-365c-93cf-03356e27ee72,823446,2,4,9,142.14572681740805,13.86336463180008,150.90820844492674,19.879597565924673,59.813380159373715,60.05952003061908,80.35737895224658,62.98425981997887,37.971343994140625,21,1887
3c94965d-c39d-3c02-a4af-2c5f69fbbc8b,823446,2,4,9,166.4967502721104,6.057825441917427,167.9152833005085,8.172017973733388,125.13780734351833,46.88923036834308,71.16377058026202,37.86171526305833,54.111663818359375,21,1888
f94c064a-3642-3c5a-9e23-951606b44f53,823446,2,4,9,155.76213668446937,15.908720380305338,162.5506123966858,16.539965791379583,52.45504464585263,33.52301677043084,69.38055568108412,54.80650041124777,33.961639404296875,21,1889
c141aef5-f88f-36c6-bd46-e8f38124611f,823446,2,4,9,147.97688883689074,12.135432452924205,157.9134545028004,15.177204041690771,56.011764375559224,45.77875602792036,47.22821721788451,30.09178558056,28.3350830078125,21,1890
cf7fb4ae-a29b-34b6-9239-18f23190aa18,823446,2,5,9,140.51356394447828,14.83578494922441,143.69992702190243,17.000681297427896,62.7588933345833,53.72696626771807,109.3336985118104,71.10568913912097,87.30142211914062,21,1891
0b864420-d9b4-3f74-8881-bbedda694f24,823446,2,5,9,167.32536402545227,7.524309187120692,168.72591830503478,5.217602367588952,116.19546224684444,47.231044222723426,47.41415031544078,38.697765855704375,104.81863403320312,21,1892
76f974f1-e4b5-33f6-a034-e29f995c7823,823446,2,5,9,168.83000993618504,6.836371793553496,171.9970444375251,5.401178071732867,102.55726528067429,27.646168392706528,90.40316602580936,54.800457594507805,83.17599487304688,21,1893
2a82ae1b-b774-3707-8865-2d4e3664ca28,823446,2,6,9,157.70320424156068,14.179364823158243,163.9008761336865,14.646079705866013,96.62293798233549,50.96383401540419,62.446457615798195,40.029242496519444,40.470123291015625,21,1894
d7256d20-78d5-35fa-9703-4311dbda643f,823446,2,6,9,164.7354763812734,14.821940628992074,165.5756760619816,10.085710727515478,87.25290355076356,26.240026744932642,70.48117613402725,49.179517029591416,45.098602294921875,21,1895
87d74638-7260-3936-9cd7-e9933a76ad72,823446,2,7,9,166.6223384692894,6.792059943335488,167.88534895893247,6.600669976054173,99.95890602289529,63.59243189861811,65.4485023521328,54.97357310269558,25.04638671875,21,1896
9d1c93e4-79ac-3a40-be60-304f2a68c7e5,823446,2,7,9,162.35643142302607,13.380248649172922,168.9654116651335,10.390934858095198,80.41581347126376,39.71950385923893,75.58606316539274,60.64790389322303,41.372039794921875,21,1897
535c81a8-6de4-39f4-9ac1-c6cdf94cfdcf,823446,2,8,9,159.60312530116732,15.26616407058633,165.9600646074273,15.51035233825386,88.10801967925686,42.391253632554665,68.94019533677027,46.10426742885461,81.02056884765625,21,1898
436a002e-fc8c-3433-9218-bbcd322e045c,823446,2,9,9,160.74021789453408,8.448125751812285,169.39172437554927,5.615606347202756,104.94088967149483,41.46405215822355,77.60504188606654,41.838267863076645,38.500213623046875,21,1899
cc4e61a7-d174-32d2-b3fb-2ebc5d05d9c8,823446,2,10,9,162.31128094056825,9.863093392859248,171.54576139685702,8.62209418678061,91.1004889813219,62.47979493563021,57.854862308822575,36.900488297991416,46.535430908203125,21,1900
2e2e49d3-abaf-3613-91b8-f2f0f8e3b62b,823446,3,1,9,152.19278118660398,13.619605046693762,164.18031671771678,11.737212341978804,49.94771620948686,30.46451057435823,64.04450084068066,29.560619055872557,37.995330810546875,21,1901
4d353cd3-555e-38aa-8450-27f6ab4c92e7,823446,3,1,9,168.39036405117224,8.152819121069424,161.9886381167058,7.867483652127226,98.42785293868724,30.93708559482227,84.08255605152044,43.9004472328672,83.42950439453125,21,1902
67673a30-9489-33b1-b071-c8d7c5d18439,823446,3,1,9,170.1588006396682,8.96652141204518,173.7651128007077,3.8096790302205266,97.925098486886,37.625485021788464,84.39546297378565,30.797861178090876,90.5511474609375,21,1903
190233b2-dcdd-3a66-826f-247c0ecef722,823446,3,1,9,165.38549484658225,12.62099042560935,168.8962885077261,8.19929474986499,75.14289572028136,37.733952497195084,57.897635241762,46.994289364840775,43.121826171875,21,1904
70fa716b-2278-3706-b67b-50eaf87323d7,823446,3,2,9,97.12657195530956,1.2303127533507063,103.13771923079314,2.219352366355955,79.85412880660368,12.93341108659916,80.00812374045243,15.770122589329649,8.81671142578125,21,1905
3f605efc-4395-3a96-93a6-0483f094c49f,823446,3,2,9,169.85636645244915,8.55384774417291,167.45407881679958,8.701483191174743,127.1569677248029,23.95150974802076,96.48963240948802,15.649088127604015,112.40908813476562,21,1906
246c72b9-1fbd-315c-a43d-70977b80fc9e,823446,3,2,9,151.1852853646059,19.920078803849993,154.045425182604,23.149916963524227,68.47356233885698,33.04348671702187,46.426276031954735,38.55650650894056,89.56280517578125,21,1907
31e7040d-409b-3e68-aa51-d8274036c9b5,823446,3,3,9,,,,,101.79174021079186,3.549553216596722,100.11795448221056,2.352404057340613,2.05267333984375,21,1908
7e8fac02-a8b4-3ee5-bd43-7ee32b4bc74a,823446,3,4,9,168.5139676022207,6.929666172578145,170.8146352935448,6.554812391391917,107.13007582094964,23.908697413634126,73.48800693122404,32.52054447490334,95.77606201171875,21,1909
1824767a-bdcd-3068-985f-b357f5105a80,823446,4,1,9,152.09518235101234,20.153612893430054,157.54332034855565,20.29076418786025,69.6983249432294,46.44654031597431,66.93863059775134,48.18330061067077,46.840087890625,21,1910
b4576273-ecf2-343c-b06e-be4235987be0,823446,4,1,9,144.80484227562926,16.692174935679727,146.04239406573708,20.3246095600538,84.50081355093714,51.597820388294586,96.43430232149234,52.43211659153221,40.64849853515625,21,1911
ae53e926-83d8-3e85-99b1-94c9a80d8916,823446,4,1,9,159.8681148416185,11.0975176238778,167.82898882413826,9.756423651219725,88.29551415387313,59.42302203215008,75.39143583841071,51.456492231163814,36.397491455078125,21,1912
1ece607e-9fe6-321e-b3cb-8f1b9ee57cc0,823446,4,1,9,147.80417872454862,12.11116411666858,159.3416022940511,13.901273381388506,103.13783552202933,38.66539680720034,79.28725703790363,48.596932790759176,57.675384521484375,21,1913
e5a48fbd-084e-3c17-9b2c-cf08d01009e3,823446,4,1,9,157.50829741230874,16.257766175818553,161.2717974950792,18.09920501903924,64.05125467254226,44.94493015811065,42.07618373450785,28.990800210784023,39.561767578125,21,1914
05f91e4d-921f-30d8-a482-dc561ad2239c,823446,4,1,9,151.91481662763752,10.639185810058205,159.7103636150281,12.007056834479437,94.669605376207,36.33529894211712,63.07305471473843,54.68341616446453,17.4495849609375,21,1915
458ff9c6-f444-37f1-bea8-b209c70cadbb,823446,4,2,9,154.9142772419406,14.188301273591447,161.58842673624895,13.316365616609632,115.46292427152295,54.64853477812473,73.90153028239081,46.62981256522797,48.824432373046875,21,1916
f64123e3-c384-3230-b426-2639d0ce0810,823446,4,2,9,150.82882275640543,13.204514670774982,158.38767300982965,14.262521024134408,97.25889483770094,37.49823894880956,73.64277279107829,52.788600866635534,38.37908935546875,21,1917
a6f2dba5-ed74-3deb-be6a-a8c99f2c484c,823446,4,2,9,159.74872616948585,4.720103285973942,170.59512660910116,5.700775713901858,114.20093275277557,46.11150629606705,84.13343098968653,43.546565177217985,50.75335693359375,21,1918
b8484436-c965-3e3c-bb1d-d1bd6dbbaf5c,823446,4,2,9,166.39132410838707,11.581595239269811,168.06284874911384,6.7523733816185265,102.42430850915687,24.098756321523847,74.47740390727989,43.17454338600077,39.88641357421875,21,1919
d2f2aade-b7ca-3885-aa9f-fc04f2cb1e4f,823446,4,2,9,161.1063094549471,10.046730646198636,167.93360554611084,8.17351898926412,99.22235025103339,35.068418159301814,85.10934298372783,43.3198831240082,91.00765991210938,21,1920
a4a608f5-d3ee-3b00-9665-e6654a6af2b0,823446,4,3,9,157.15381903216118,18.3473646665129,161.7013121381574,18.095430918580114,72.31776557420837,56.42142103783883,55.898751246865544,34.34796245510754,41.075775146484375,21,1921
2d7debc0-8b02-3fe2-b855-1d7248171196,823446,4,3,9,167.64385699686053,5.577408301367405,173.6613383970734,4.054310576320595,100.49652004738202,54.113742234167795,84.32993519363062,31.86094692131633,80.46282958984375,21,1922
f1d93e74-1458-3475-b857-776530690e3c,823446,4,3,9,152.77316269797905,8.438212257735088,163.14222151441118,11.856680681290875,87.91043597238439,58.42984238239001,51.071330280853346,24.65106358501576,46.80419921875,21,1923
40070989-b45f-39b1-9df7-971d830e45b5,823446,4,3,9,149.1602839714784,17.37828914139147,149.75210148023808,20.903667116458156,48.95523840879261,27.55070123820844,65.94745154826144,54.80126009785759,33.594482421875,21,1924
b1c3148a-a816-37a9-977e-f0329967f938,823446,4,3,9,131.2175104519566,16.226777802688954,133.46143594936842,26.131769582749488,95.15382762866824,55.23244894449176,86.36456650815165,55.45524959090903,64.2586669921875,21,1925
43d4945e-85d0-3786-888b-dedab784d0d2,823446,4,4,9,143.82606471422434,21.568126725456917,146.95918594719694,24.824458459983397,78.33121919864963,49.608294558940806,70.10036480450091,55.17987214764506,60.689056396484375,21,1926
a62b7b23-1c22-366d-8fad-7138e7006198,823446,4,4,9,169.6782933321753,4.564769751447981,173.12848731940787,6.429946322353115,106.37543940253039,41.99981721474432,103.61456720024144,39.83745064139185,112.51296997070312,21,1927
ea019d11-50e8-31d8-b4af-f56f00774178,823446,4,4,9,151.8615367649286,13.294632166436909,163.8234659140088,13.154848228280557,89.35438937390434,36.60433801952977,57.67229426562213,29.70512663927375,76.57452392578125,21,1928
b24c3256-fad2-3b3b-9fe4-97413d1d167d,823446,4,5,9,144.66537016541983,17.34043944416936,154.32154083758599,19.312077023073137,115.53453932458257,34.97861038202443,107.43588531452346,39.297071516626076,38.797119140625,21,1929
50affc54-6fca-32c2-8261-fb8f547caef0,823649,1,1,9,165.78856882737819,4.307183730761755,175.0343127606079,2.717248720417643,105.72131795163534,11.009812438277994,121.65593667639251,23.298138181223898,19.075042724609375,22,1930
79b861bc-6404-32ac-837b-1e7eb8f06263,823649,1,1,9,164.866367800368,1.1627113368945448,178.708959968751,1.0330075563154344,79.70694537910248,8.091913059629,103.06640573193131,5.392813552346292,11.36968994140625,22,1931
5fde1ca8-90e4-3b21-ad27-49c8c7354677,823649,1,1,9,172.7878210342182,4.914841484986817,176.09492212152165,3.192386074340844,92.35931322509065,37.986505107045076,86.15869464260419,80.233408224884,56.502777099609375,22,1932
3349dde8-f8ad-343d-b7fc-7e164276dc11,823649,1,1,9,160.14943737077644,13.08066973931334,163.12291069288227,9.841483729388866,86.55756207887569,24.195326004323647,38.47594126911996,35.72181343655174,47.163726806640625,22,1933
977dfba3-ad29-34f2-a100-17d63497394a,823649,1,1,9,172.68566442130347,3.384778458391306,171.4379108069166,4.283723114103136,113.49957851497737,45.89569702277192,85.92670786952073,30.708004124293502,66.22430419921875,22,1934
cc7abf9a-0863-3230-912c-d3655cb3da68,823649,1,1,9,169.2962904517118,10.45200261430578,166.57855735045686,3.419482236810318,107.19880392065286,32.68143282976688,83.37209956788553,36.64990858416921,42.246307373046875,22,1935
e22ad727-dc2b-318d-a3cf-72498add59eb,823649,1,1,9,173.69529867038187,4.7210487717675775,172.10292252761448,3.103718016626339,132.07684771429416,17.54204271289669,114.37484290322398,28.822240082325006,61.087127685546875,22,1936
d432a3d1-04c9-389b-9ec6-115e5f2f29ce,823649,1,1,9,140.9549463066705,5.989721718659797,143.05058378906855,5.550126096572275,140.31229103662508,8.000735709250995,124.97246900077198,7.518133603899169,17.285369873046875,22,1937
be01334c-5cba-32bd-ad1c-45ba91bf702b,823649,1,1,9,173.27398455626795,7.318642558191145,173.1325819973302,5.66233771083341,96.13173410707425,34.70157549930706,85.33742201439263,50.807497697995025,79.67538452148438,22,1938
962fb880-4e09-3244-9742-92cec8bcfa4d,823649,1,2,9,175.6668016399687,3.4096135870215236,176.52195229332264,1.7159813062674083,99.7948591626365,24.92451390739459,122.72866372433815,12.753679358379834,62.498870849609375,22,1939
9dbf467e-bb27-3162-b665-3edcbd594c7b,823649,1,2,9,148.46514366924197,15.053361716493454,147.77159284466765,29.625876113860016,145.78013444932935,5.021954427172532,134.84832349728057,5.658941773522723,13.52978515625,22,1940
7aaf1592-f41d-3dce-836e-24f0a70adf8c,823649,1,2,9,177.11893853795743,2.0627270065926235,174.83086392452103,2.2824684366129313,115.0041651020583,22.546628372560793,123.1015555771585,50.28052693021789,80.39065551757812,22,1941
46244a4a-cf21-3ae0-9e67-90cff82df246,823649,1,2,9,172.7385132166466,4.06616944530211,174.62419586980022,2.995336215903052,82.47037460392886,30.40749179604106,59.00447188629909,57.088572162588775,51.399932861328125,22,1942
9602f8c1-7a50-3226-884f-d219cf3c3ba1,823649,1,2,9,174.2084593213873,3.268613487143447,172.24809205044525,6.113699359667993,123.80505300148661,29.497148535420223,124.15128894808537,39.771778307576625,62.7049560546875,22,1943
02dc7092-3a9b-3cbd-95fb-64807dc0cd0b,823649,1,2,9,175.58069568003106,3.137420343163483,172.9979709169632,3.9366926002429974,113.89991285584064,36.154153357047015,93.90123982938093,28.950088654082467,48.711456298828125,22,1944
c6b152f6-02f5-38ab-ae9b-e88e5a9f4c4a,823649,1,2,9,122.40210245177504,5.465703424383399,130.2421226901873,6.373804249913767,168.4676930361802,6.181768054874492,162.9919472767763,9.189647265652914,10.430419921875,22,1945
cbe5cce1-57f3-3a98-b757-e864ccb30e93,823649,1,2,9,171.7914735704913,1.9210868534629082,170.8037142524944,5.375885788229827,106.10561948399332,42.57925809089789,86.85055290637386,36.31303214771727,61.950927734375,22,1946
cb37a89c-4d9b-3dd4-b63f-8487c77c782b,823649,1,3,9,177.2635747761675,2.2277410671003826,176.35642208045763,2.89704788147136,122.61353454152885,19.75152940682326,125.67534034597985,24.72337539665781,68.61807250976562,22,1947
1eb05457-8750-3ffa-91bd-0aefab76779a,823649,1,3,9,84.76757943291281,5.349299479381622,89.96089330289598,5.178895622584388,132.6923841017149,12.30525711038419,155.28462187615517,5.327087631520206,9.71453857421875,22,1948
c6adfb46-d74f-3ac0-9367-180b3d5abbb6,823649,1,3,9,168.0753538059491,12.805934144340844,170.04035905225226,12.875184547466816,78.49434819031376,43.56892355392642,33.09974647625145,44.20800293261573,64.97689819335938,22,1949
b96dad7a-52a7-3554-b006-c1574af0e7da,823649,1,3,9,134.625832223168,2.0654755911134868,141.6854451265551,3.0642550900597922,164.4405657110827,12.994282987872735,163.10977864538503,14.723668399993365,28.667587280273438,22,1950
7f7854ed-1eaa-3010-9fad-6d994b01cfc9,823649,1,3,9,172.6144988279507,3.650069053327547,165.3912287377481,4.906342967370949,127.22221508458246,20.474170085438633,104.25888709310205,55.11117129514085,58.522247314453125,22,1951
00a99abc-64a5-39a0-9125-6eff179c961e,823649,1,3,9,120.86550285412591,6.3683423128997365,125.72783832147189,5.439320597085508,162.4295324374915,9.871583100662784,153.69281316886335,13.12309076402811,10.2861328125,22,1952
8510e7d0-7565-3c6b-9299-3d3008ae6973,823649,1,4,9,176.52592267378267,3.7294749678375005,175.61043716087067,3.029489597044921,98.35942695779923,27.94229567155666,148.60609745464114,21.636138428886834,59.75079345703125,22,1953
d854a460-f773-3ee0-8a62-8f4ff3b9f880,823649,1,4,9,91.98317115538283,4.101749110051361,91.03700391324699,4.607384987906757,72.45358366217124,6.451575510165459,163.6940650022213,7.156194254384284,3.847564697265625,22,1954
3bcd3bd7-4195-3c56-9dbf-4cf6e4afd8e3,823649,1,4,9,175.94678482068556,3.1994696068634996,174.90761632209072,3.936020185730518,76.16777483572419,49.71626951261472,32.975932827684446,27.78146628518112,40.77374267578125,22,1955
77883d53-6481-3b13-8537-6461c35f332d,823649,1,4,9,175.9824845095668,2.933908502908804,169.16479462529028,5.788830861081092,123.8936144487896,15.68219144381608,90.02968303396788,61.855861765331944,67.4296875,22,1956
ce022742-d4e4-3105-8eba-d8fadcfa7835,823649,1,5,9,173.220774264302,4.455860360165213,176.57445587702296,2.9390418837181396,90.51110798878749,13.592058604007251,115.75464821970117,61.35924374480531,68.78945922851562,22,1957
d29c6cba-47f9-3fe8-92e2-b3d0b963a05e,823649,1,5,9,162.35345401501414,13.190661050315198,169.6749747954342,9.083651076367527,106.48369271475505,40.9171741982872,108.2117672269593,69.6274638527589,21.720703125,22,1958
eb67c6df-4f2c-3972-bad3-bc6bf758a2dd,823649,1,5,9,171.9121136702398,2.1377020297596716,165.9992454910516,7.995051305191904,124.22046389458468,41.44738019786883,124.67291246808776,41.1086968517756,72.22882080078125,22,1959
dbd123a0-fae8-39eb-879f-7a4be99a4802,823649,1,6,9,176.3397575642982,2.8944567397847782,174.94288062352993,2.0948045220762306,69.86887201371191,41.241932705523006,115.56088723257984,59.564162657232174,52.490234375,22,1960
756317b2-ee34-33c4-9d09-8770f2fcd841,823649,1,6,9,175.87801623049938,2.921222553089998,168.79787386768834,4.4159906036109104,122.12192609240782,13.528705930103174,108.5905930210242,53.1897139762477,73.432861328125,22,1961
d5e89293-b5e3-3904-962f-d642861f9df2,823649,1,7,9,173.35603076422154,5.579898476846285,175.6226713966072,2.682996265643619,99.31759247118889,34.97614950665074,116.31835552325998,45.6244180281452,75.79013061523438,22,1962
e03a1db7-7d4a-3940-82cd-ed6fb040b971,823649,1,7,9,174.86085668989338,3.5786695520727663,172.908015934834,4.551390058773142,120.0666901682604,40.71108043381854,108.13014921440846,74.30712806428043,77.24905395507812,22,1963
d4c706d2-e57d-365f-b6c0-344d1b9587c3,823649,1,8,9,165.87240761467626,9.325819413720618,175.70110911332802,2.17061103308504,92.61421106477762,42.350762716025635,26.868248846817238,49.63217627360483,70.39059448242188,22,1964
12988243-f605-31aa-ae03-1a6117bc2692,823649,1,9,9,173.50781761162176,3.6824930032575987,162.55687815087748,4.079394391273226,96.22709294719698,33.99491694616433,57.08863968027285,61.52642656769017,70.80630493164062,22,1965
d508060b-2cd3-3818-a15e-0292c3a54032,823649,1,10,9,171.0100168252626,3.4389131513517,165.5736199670114,4.393417252541761,115.66035839455046,8.695924795296262,109.05002278122562,43.21255057067924,53.757232666015625,22,1966
f7f31f32-cfea-3445-bec8-3ed754167bc4,823753,1,1,9,155.85387312766804,19.51128000407848,158.43291963075765,18.350085656220582,65.94333130922476,41.993425305783234,92.35485242019584,51.47190280203294,92.9442138671875,23,1967
172839f7-38db-312c-b1ac-1476073ec60e,823753,1,1,9,171.18974380222818,5.6055940295381355,171.86217805212982,7.782330686908034,84.91345830163316,34.49100784501998,98.90250687520908,61.63884016606606,84.30670166015625,23,1968
6ed82940-5e69-30f5-a017-0f305ba93ae4,823753,1,1,9,171.6584599234729,5.904151618719288,174.20110633465197,4.43035551773384,64.76018912924361,39.034439907342794,86.50214840942482,49.32631754135906,29.77294921875,23,1969
820e9009-2ab6-327c-99ef-b5c6b85bd2fa,823753,1,1,9,173.6947279351368,4.440823685398025,172.3975234109608,3.4856380664725597,86.12499370070992,38.51074042889368,80.14342008834748,45.23479330387147,67.02499389648438,23,1970
dd98c54a-2cd8-387a-b49c-23b3783e0a75,823753,1,2,9,170.9433229615612,6.069858466025242,170.5594158642327,3.46135244987745,96.10368848821693,47.5404841588889,88.42390679009,43.10090700522435,91.721923828125,23,1971
f69c0821-6bc3-375f-929a-45b6974d086f,823753,1,2,9,172.4898967593899,6.744544905817785,172.06201205210465,8.476889614162037,77.23311750274895,49.47372954390203,93.71930960707277,60.11392643238613,43.250457763671875,23,1972
361b0717-6fcb-35d9-a08b-659064c9e0c6,823753,1,2,9,164.247352534249,14.398014486714155,166.2040068985338,6.85369409964639,84.94238795096996,19.97645369077659,125.3395719929074,44.773159170182666,52.718475341796875,23,1973
920fc12b-2e20-3f5b-8a74-ebd22922ddb7,823753,1,2,9,171.82707158447135,4.293994766582867,170.17071532236807,6.093377011823619,76.4221180611238,44.656190416985666,83.79210011643774,66.15737886695734,54.28863525390625,23,1974
05f28870-b9db-3a8e-bfe1-4550c7c4e64f,823753,1,3,9,162.49544152819487,16.69464961489887,167.43010672116645,10.8857679322754,76.97702970742183,44.503997789546034,116.45350415352284,47.97711709864895,95.97561645507812,23,1975
c5a85125-286d-3ed5-94db-7519d5810de2,823753,1,3,9,151.51728113673224,19.306822883231053,152.74517677997068,19.95509740178682,47.50129834734839,55.67601216350892,105.06762367235103,58.491521475880944,97.80322265625,23,1976
080f2c35-d580-3e47-bc60-ec18bff8c779,823753,1,3,9,172.86452764813373,7.658455273013755,174.84262018099037,3.902903448745712,75.98293547693181,41.88227572496784,106.49739470913254,57.455939243804565,59.93487548828125,23,1977
350d8272-d359-3de0-b20f-53230b1691b3,823753,1,3,9,175.08748698641523,3.8838761181354635,172.73796675719203,5.409794333216561,87.72147363254497,30.2724859114038,101.5543097012919,59.2352909204203,78.4327392578125,23,1978
598af007-300f-36d4-b42c-7e9662b3d9e9,823753,1,4,9,146.87482371195284,22.377970423494922,151.22840943863184,26.47484969542702,56.23060084618816,39.641775081219656,123.58708672749633,55.19273738542663,60.16864013671875,23,1979
bc840364-1187-3f90-a3fd-5bf7237b83bf,823753,1,4,9,161.63647752358065,8.912667713921568,164.34995954991624,9.760877103001354,63.38840644150221,33.689302703399775,43.3125873100381,42.40820125196746,56.60455322265625,23,1980
2e3c061f-17a9-3ca9-be89-8134def27869,823753,1,4,9,173.01887713440954,6.045413266993874,169.95256071104646,8.998641148880823,89.8802111103774,36.69377284999864,116.67495408222925,40.544021506519016,58.79315185546875,23,1981
b49232af-aaeb-3287-ba6d-6323558c4123,823753,1,4,9,173.19003343141688,3.3074862215281096,171.9126236595104,5.283068705638087,84.42631270372017,33.16269333365936,112.46973922572542,48.89824863741171,59.7960205078125,23,1982
b7c9bba3-74ef-34e9-b600-3710acd40203,823753,1,5,9,153.70508953877655,24.348180612393737,156.2388935405897,24.86778104232687,43.439466032319054,33.09575170240938,72.84216273188778,68.95414655444361,69.2645263671875,23,1983
39499d75-dd83-316d-948e-8b8a797befbd,823753,1,5,9,169.37336522277735,9.120890145974181,173.1232179926302,9.288581158767307,86.32775956856524,46.83506510118725,88.30124035487052,47.69033396001714,77.30673217773438,23,1984
2028d621-e064-344b-8a11-25a453ac7d79,823753,1,6,9,157.41058712724217,16.53458292313127,163.11950895472063,15.809372165221774,64.15521932832058,59.25856074481411,82.03162097277907,72.9269481336585,31.4329833984375,23,1985
346521c0-5787-3a24-81d7-25977396d4d5,823753,1,6,9,171.37316343709546,2.144084979256962,174.38109414505323,4.610721896831008,80.34109460764577,51.30814049854173,63.60162862710482,56.99109169332,50.46856689453125,23,1986
a06f2fd3-a362-3ecf-875d-fa379f7d9b4d,823753,1,7,9,164.830353206572,17.757227736018766,166.11133712113164,16.31283798832257,68.52433979329584,43.23448553530538,68.05133966094132,51.442289949078294,93.80026245117188,23,1987
d5c52a69-6932-337d-bc8f-53f2b6477e87,823753,1,7,9,171.74614063275894,8.786556758687055,171.57238131279658,6.532103469223495,92.29427701853525,42.910522302056464,66.99433592257225,53.65317691232774,30.09246826171875,23,1988
ae86db41-f510-3e72-be94-dbaa04e3dd4e,823753,2,1,9,174.86009732415687,4.697806494198135,174.39365374449022,4.29379721805719,87.04762906701295,38.63255380843644,101.72543300229714,39.565208758303115,59.716827392578125,23,1989
4b1b06e4-d957-3da1-a493-b7b3383667a2,823753,2,1,9,171.44498698869856,7.504596323286399,172.48960018753945,7.4900284095114085,79.70568891301869,33.73852890418952,77.25850820481122,76.95599837579023,78.08584594726562,23,1990
ff46d75a-ad8f-3dcb-9df0-c47dbda00dbe,823753,2,1,9,165.2773627868208,10.964166576207358,172.49674757006972,5.129526144967547,81.36274619527377,22.036295731023646,109.19213662850157,57.45991758449829,85.79638671875,23,1991
517ba34e-091e-3c49-a0e2-d468f20e6244,823753,2,2,9,173.51529837814184,3.875610530729629,173.4516260236398,4.166439080674461,85.65092653792226,36.93380498277154,117.4216982658955,41.07246128573704,68.980224609375,23,1992
456e4ac5-e612-3162-a54b-5172822e7a70,823753,2,2,9,165.78480285465383,13.658858735207984,164.48081345627932,13.901475284619853,44.50682473738871,30.393725254669224,58.2518128170759,48.92871926625524,48.57623291015625,23,1993
46abd07e-0ee7-3aba-b52b-f15cecb206ff,823753,2,2,9,171.13793944366014,11.411830494931253,173.02985052540942,9.51700956643957,91.2977021194998,46.46714400279794,109.91275216773434,47.35738684225255,82.93353271484375,23,1994
a4752a55-a2dc-30fd-9782-8f41beaa90b5,823753,2,3,9,174.749556735299,4.290997403301076,174.45849937882673,5.514489454757945,113.48664517527806,24.544004592846928,101.73567587607774,31.41520752601058,106.0208740234375,23,1995
05f83f17-d0c3-34c5-9b15-3305c5c4779f,823753,2,3,9,173.67020755793484,4.307660072504808,172.4141489513285,4.403950398115901,87.18009509102437,40.08936650530678,103.62062320692289,47.93320148014207,73.028564453125,23,1996
b3c2721a-8243-3ce7-b890-e97537a8d6e2,823753,2,4,9,169.84290667473377,12.195900818132294,173.17878363301088,6.806526103229541,93.52216320962481,38.906720135176926,85.28985677448921,37.03133476486021,76.88595581054688,23,1997
87728090-fbe8-366e-93c5-afa534304968,823753,2,4,9,172.10063432052988,11.291938183297479,173.50104530734984,6.5830222485899075,86.67438049927603,32.8442422239204,101.48098979879828,52.44489447819302,82.70208740234375,23,1998
dbe6f4da-fa7f-33ae-99cb-7f9b077941e0,823753,2,5,9,124.90551009778594,2.4983605513481075,125.49554881109881,2.713130724719771,156.7506357077283,3.5336633105390733,152.79072731337155,5.96425946123072,7.36273193359375,23,1999
a4523aa9-7351-3af3-a3b5-ca1629cc2362,823753,2,6,9,176.51565699775662,2.6052669366525434,176.99526965572898,2.614769052399807,101.05115438454183,40.21650182913181,103.26930277267223,34.586291642119456,87.43844604492188,23,2000
d0a979e2-044b-37d9-9e5d-b8f7b6e9d935,823753,3,1,9,171.60544589385393,9.621940051126778,173.07637345362934,7.036182365286287,81.32132794624081,34.47770537481772,90.2406422847975,71.51974078213736,49.576171875,23,2001
2f0e09d8-6ca3-3c42-a558-471902c760fa,823753,3,1,9,166.76818206173238,10.528839624284334,169.06250112318145,11.577348628139,83.50463333032755,46.672121116213674,82.48743988242762,58.769049725674805,82.0211181640625,23,2002
176bbdf1-d25e-3f74-b211-cd1c629dba32,823753,3,1,9,165.74899078283065,10.284974668743097,169.69567138635003,5.634022850303399,74.3690679637839,27.404722050495206,126.29244553825589,44.8529859333313,50.157196044921875,23,2003
8f3a4c53-a327-31fa-8135-659f2b86d8e0,823753,3,2,9,171.88291228539595,6.808679817924092,174.10320865668388,6.2728036377875265,76.9032775438018,38.014670740680415,69.21239934601593,64.59769720141267,65.9215087890625,23,2004
2c245806-2439-36dd-aa5f-a5b7fb5130fd,823753,3,2,9,159.00711088142998,21.130571101227332,163.30669788275884,18.164411132229365,66.64710904958541,50.09444505931326,102.7088955030568,61.10541653609275,31.25897216796875,23,2005
5451795f-9c6c-31d8-90ef-783dc57ff425,823753,3,2,9,169.95678048645402,11.408779271307768,170.9558244929429,7.310087912435938,93.90797342179394,29.797152752887975,117.96567703451325,29.525667535988415,84.771484375,23,2006
f7ef93a4-ea9f-3248-bb27-a9c3076b700b,823753,3,3,9,166.15539304527323,11.744046653246743,166.46765230983195,11.961644298101131,67.8170143743703,61.85829384748768,69.93020032201451,58.1920947072397,121.34268188476562,23,2007
8c870d87-b2cf-33b5-a12c-5a383aa15c04,823753,3,3,9,164.95627894076432,13.923819056037477,168.75229298424918,6.825558252087915,83.51402251065228,30.64507202481775,115.1773964610746,44.69855098346948,72.65957641601562,23,2008
71ff6ace-0b59-3717-8258-13b6219098ee,823753,3,3,9,162.20695071217932,17.040327672512117,164.6914724505499,8.720724792294744,88.62435134788849,25.497893721707154,104.83856820348313,59.794463147471106,77.2147216796875,23,2009
48f708b8-ff0c-3790-97ae-201f2d860e17,823753,3,4,9,175.00227813464764,3.0589228095743928,175.48784114729563,2.6036179399274557,96.33583693000622,29.01093604426784,97.99945124670025,51.221534138511345,60.7470703125,23,2010
13308c43-bb4d-3eab-98ff-3b8a9cadcbd0,823753,3,4,9,175.80144693877605,3.395251429568575,174.9356498493886,4.398440272742416,98.3333009446382,30.344720023950398,113.52464626844068,47.50539710459814,66.52340698242188,23,2011
7381adf7-00aa-33b8-8b68-ee2dc892c90d,823753,3,5,9,154.53033210861108,19.324087752868238,161.81003147715563,19.862649345078296,82.92870948590678,43.50626256535241,109.80385426988428,76.89984013160925,78.32568359375,23,2012
e93d018c-81fe-3913-9baa-970a2ae5f46f,823753,3,5,9,172.66011094538186,8.393376225444085,177.20473665340387,3.020591172752634,80.47918976791514,52.641358132607756,93.61671516225381,46.60182932989036,85.29287719726562,23,2013
940d6d12-5930-3b4c-a828-fedf2be22762,823753,3,6,9,172.53602875577025,4.3581789124258545,172.52819711413622,3.809029437501361,75.4801361038794,36.77796370229365,91.49020904845455,58.29717320862069,70.4923095703125,23,2014
93546f3f-976b-3056-aca2-f3d41091ecc4,823753,3,6,9,174.6852879023176,3.8232169756426013,173.84215595718862,5.305590120024718,82.92913455211612,36.09805761853017,133.37376202475178,32.4516930416788,58.3074951171875,23,2015
9f2f7de2-4695-39d7-b023-3756072cb7b5,823753,4,1,9,170.83242475826427,10.667358671277363,169.81482989843727,8.643908740578876,68.37446023754573,34.29747429306636,52.68973353222663,50.47084604996357,37.481658935546875,23,2016
5e1f8551-9678-355b-b78b-2789b2d9dadd,823753,4,1,9,165.00818239302785,14.225651403050128,169.18725587930652,10.310841536262018,67.93784029262399,37.96016235250294,110.06374637923977,46.92394358106932,41.90234375,23,2017
0c3f3efa-05ab-34cc-8890-e8f103617eef,823753,4,1,9,161.1416776553509,18.619040114704696,159.9965903419194,19.192859216291925,65.07592597105587,44.66789041331159,66.05528820840584,46.07495101296774,85.2489013671875,23,2018
0f7f5bb5-8bab-3ee9-87e0-f2cbf3e18e50,823753,4,1,9,156.5872263752568,17.298395248707365,161.45161291777103,16.23477282875038,95.7550334473415,48.17855465783411,121.88380152918899,36.883806908230255,97.11917114257812,23,2019
d2e6c98f-317f-3f84-b46b-c703f73c28b7,823753,4,1,9,176.87218273156535,3.2336975226927622,174.8191424911672,4.083470088319958,81.20205301949966,47.482514815171605,80.16983901682781,56.68385787558611,81.32937622070312,23,2020
afb1eca3-a982-3a66-8645-e285230046eb,823753,4,1,9,168.7499095933781,9.481083688456467,172.94240617357931,4.3622316718336585,77.71687438643133,39.070435411870285,108.84305121836994,53.39372382809851,62.96893310546875,23,2021
1d54d78f-961b-3ecd-a3db-12346dde3345,823753,4,1,9,174.52274873868475,4.254767721157246,174.82029392681233,5.252836396516007,93.07217882473704,42.7229154097249,108.89265673951077,60.18141172863336,75.48574829101562,23,2022
6e08d06f-138c-36fd-926b-56ec3b1cdb1c,823753,4,2,9,173.29599358702774,3.005068838901709,173.73443611749633,7.115707263538969,67.11880498529794,40.6308657794346,78.72504024277556,53.42446247226136,75.28485107421875,23,2023
4d845725-61ae-3962-9ea1-863dcbf202fb,823753,4,2,9,167.11008039326484,9.054525437427607,172.79062893615134,4.142721211443027,88.3667712234915,45.326963274565934,105.14122169189486,64.98007366495158,66.6163330078125,23,2024
a40a4429-bfdd-3ad3-beb1-9546b29e0788,823753,4,2,9,173.94634117309113,7.441654198554997,173.40693343607592,4.164600507785701,77.4115183608618,43.292033217115616,85.52658984310729,69.89126665857447,51.836181640625,23,2025
9368770e-ac14-3b3f-a4bb-99a999e09b7c,823753,4,2,9,155.75240937353996,19.531098298935962,159.27846741151566,17.294824512984494,64.50498773196546,55.861423196296194,99.93491595953475,53.876617069100796,84.694580078125,23,2026
8774ad40-9e45-3b58-afd6-b18086f5838c,823753,4,2,9,168.029509218203,15.527146361478673,168.88764698867433,16.32717806385684,65.66834057976527,48.76454585719023,64.6026439229372,46.94073775196924,95.78884887695312,23,2027
144231f2-2f9a-359a-9688-57ea42ec6955,823753,4,2,9,165.36666759159505,15.501197858640465,169.69554251528282,9.950087822238604,91.16366973243821,37.99527353977068,95.49205930087686,42.74722415130592,105.541259765625,23,2028
be9c25ee-b6a2-36df-b832-9e143119e834,823753,4,2,9,167.96553433762713,14.023362972094088,168.34134186519705,14.207162643958348,72.13717194525967,34.486337131409066,56.40122593024675,43.08764739979309,69.37490844726562,23,2029
9872fb33-f16a-336b-9c3e-f0eb064d54bd,823753,4,3,9,175.3034672513122,4.577285113552961,176.25646866705148,2.738601147520186,62.871236608737085,31.50244793753911,83.4843662029113,48.37069022363541,62.328887939453125,23,2030
8154d996-44c5-3667-8019-b4b8c74d6600,823753,4,3,9,173.7778446208495,4.096730534285869,173.3155986843025,6.077215676312646,91.18186400228278,30.599185406446686,85.05502109358318,47.94600181705686,76.04248046875,23,2031
b203672c-4121-397d-8e47-cdc75469953d,823753,4,3,9,163.72705985857237,16.66775644530245,161.76298208231364,16.501941058594664,58.35082429291194,19.250693828337337,95.79863814161045,55.73242233471352,50.899261474609375,23,2032
b4a0b6ae-eb5e-312b-9721-db9664e8e934,823753,4,3,9,161.6482056590817,15.235688625305245,164.98150057818108,9.621668527982235,94.26710841156599,47.9903567840583,123.97358228294712,33.59603895452662,130.60427856445312,23,2033
8c194211-bc05-345e-99eb-3b1e9bfb9f7f,823753,4,3,9,173.13950805946283,8.471403088731353,170.7165831616507,6.633015844411738,54.21940588111516,40.15300939269387,66.42513096321142,60.47769764024686,22.419891357421875,23,2034
9657cea3-f97c-3f35-8161-268fd23e461f,823753,4,3,9,168.75027107746251,11.021126415718946,171.5711498934535,7.042097309357718,77.517231113921,32.55325374964096,96.18546671973598,63.16466193057874,69.40811157226562,23,2035
02385606-7075-33e9-980c-2a1367374a2b,823753,4,4,9,171.2580597690971,6.546551355043242,172.8563915301056,4.720572768642237,66.43958012963883,55.30245838348563,69.32040199638864,43.5294619700006,82.21572875976562,23,2036
a3dfdf2d-a0c1-34ea-9a87-fcc24ced7078,823753,4,4,9,166.45830702239323,9.743429568455685,169.47817022562893,6.523696797535248,60.70744103657325,44.02576006083951,109.79610505264554,50.99338111054715,57.825042724609375,23,2037
c768a9d2-125b-3185-a44a-80ae1287647d,823753,4,4,9,161.176758865635,17.909509993580283,159.24059536861796,19.44696826858141,38.07670799117595,26.095886305095707,72.05176289149593,58.18345957477139,68.4185791015625,23,2038
16d960d4-e4bb-3900-b444-481de0d1766a,823753,4,4,9,163.69946876659552,24.252548840322284,164.17624641755168,20.03007283786466,95.12059203355761,20.43857954752182,96.96509519868172,39.87499521892513,31.9910888671875,23,2039
a970d5ce-4e4b-3300-922c-00c0d29eca95,823753,4,4,9,166.21445869028312,11.56944033184074,159.7949213137497,13.246163097064832,112.19821093074923,16.10109776375894,112.31635114796775,52.69978627464672,80.50143432617188,23,2040
047c27fa-f151-36b7-8122-f858cde0faaf,823753,4,4,9,175.2540254402914,6.090133496561568,174.56717561138183,2.5958350955492575,76.97959388598422,42.09196160792283,96.40018358960187,47.548006033768665,74.78192138671875,23,2041
bcdac01a-83cd-346a-a8d3-7368158ffd90,823753,4,5,9,170.91094933600854,3.5382796749058083,168.3443495320514,8.80593353115499,65.86369615827759,33.86059545990721,108.57600947460894,60.707161006459174,64.31512451171875,23,2042
3a799530-26a2-3028-942c-d24b8be121b0,823753,4,5,9,174.2460675279487,4.855149075296625,175.49631713366765,3.8898024009931165,82.99289890240289,39.44762835802706,155.52040055669727,30.220550592454515,61.72174072265625,23,2043
e54f1973-9fb0-3677-9a62-f39a6693cafb,823753,4,5,9,165.3668582927496,13.383396084066161,165.82410817356742,14.947422118861969,57.114614426104644,54.195648779734746,64.08262558890613,47.15368963709112,91.31573486328125,23,2044
76109b6c-5582-3a83-8096-a6e3e3c0fcca,823753,4,6,9,167.85229965907442,10.185413746681292,171.10231196680954,9.208657208788527,75.99633137864241,44.75109750163216,87.82230894097705,67.06109543994168,24.249908447265625,23,2045
d853f7da-17c0-3ae5-b2fb-53dd85716a10,823753,4,6,9,112.54530723041998,4.328678145232212,116.22708128136323,4.259718234382591,87.33616414415059,2.088385442833923,88.00074963251924,7.889947349584249,12.3017578125,23,2046
90e02a1c-cd50-32dd-872a-5d6673ba2b30,823753,4,7,9,169.9230155027747,10.443579813057152,169.66393818938823,9.459802780275945,75.85334234055108,37.497252252278216,60.71100180864025,45.96812026777339,81.19155883789062,23,2047
0c5f92f4-8d61-3068-b2a7-dbe2126dbea7,823753,4,7,9,168.49743385573262,11.755777678997045,170.53205522213904,9.927243159609676,79.13416144791347,45.25857687657207,101.24003016320664,53.541292620099675,96.59646606445312,23,2048
8094ad34-eafb-3eca-b0f8-e9931650a065,823753,4,8,9,165.45925616395647,13.684251206595803,170.20524450066452,12.5239830531904,64.91601365386673,49.56429757260804,89.99627344874426,57.32602893798863,93.6072998046875,23,2049
d3e5cb1b-f25d-326a-9a0d-324cab7be728,823753,5,1,9,171.60947290726708,9.40553460273165,174.58500618358147,4.470910965704606,54.915920073427564,41.73045236928036,100.50651000916402,60.0000372075907,43.8199462890625,23,2050
6e916fc9-f4de-3ac3-babe-58afe591f402,823753,5,1,9,147.07849353135646,20.91023068484082,151.69306793651924,19.810151207913314,93.57222308657096,43.95234861282177,112.22417779651363,53.26258695789471,107.06405639648438,23,2051
a3c3c1ef-9038-380b-abcf-9a263519af19,823753,5,1,9,178.23355898468557,1.0645284480863089,175.2774200999089,2.9841665096384395,95.94884695581989,39.443426260683765,123.25908112272344,44.024264497091984,94.16998291015625,23,2052
74d3c933-8f39-3ecc-86d1-87c22cc57ecf,823753,5,2,9,156.76920958032977,18.916910162085223,160.83152381817865,16.696372369873014,102.99967574164926,37.915798921118494,111.17819962820955,39.425649881131825,100.85269165039062,23,2053
c3c583aa-406f-3656-bf12-276f6cc2e2ff,823753,5,2,9,156.06739825582503,14.62713667008062,161.04513658405747,11.064027699507196,105.00721266651341,43.11584742452882,114.9325835169321,43.922542744969036,128.14639282226562,23,2054
7f17c90f-2ea5-3540-96ed-09acbe254f02,823753,5,2,9,175.2836338780438,3.0130722724761205,174.5968828964506,3.3841898281806824,91.49998502669274,22.956121472913985,128.87904599184014,33.27464773892444,63.80084228515625,23,2055
14159376-d2ce-3863-baa5-0ecda5c67c91,823753,5,3,9,158.33545822384536,15.686395508337709,163.38304691931103,12.915671544727285,102.47922639877719,47.54394323383222,117.83250712474998,42.1089489046646,113.3792724609375,23,2056
d25c27cd-6d41-3c6f-b53e-433d121e8cbc,823753,5,3,9,166.06412052953235,11.28505381724618,168.7040557306124,6.0561997336417415,109.58285459889443,32.15716060261349,135.90076791868128,42.52448475725011,118.97161865234375,23,2057
a88ee62d-985b-3fcc-8a13-6b5697d50516,823753,5,4,9,165.20862044655658,14.17919080795785,169.50214746060794,11.687562611055684,70.60216022660306,37.256550855153165,113.64493594536975,47.678342686787715,108.5728759765625,23,2058
0963742f-dd99-326b-9610-e1a49e33c2f1,823753,5,4,9,170.20227292685433,8.816487054130967,172.2960894502304,4.311779794704468,105.73038301292067,38.62522347214034,121.952412364027,39.06270139519224,103.8099365234375,23,2059
993e7fcd-57fe-301c-a3f5-472048a43991,823800,1,1,9,148.74059314774934,16.869218059670416,161.16480809241432,18.861877298710528,84.7570039335149,57.243738185578906,91.75940547899545,70.12743325918574,49.570709228515625,24,2060
f96d537a-85c1-349b-8da7-84f1e002a721,823800,1,1,9,172.2333570158656,10.272604734832017,175.78052902860415,1.3172377583537176,87.09199571546182,37.41431452247889,42.18207641871969,27.829934263888653,32.6173095703125,24,2061
c10ead9b-4b9f-3222-b536-5dc622899540,823800,1,1,9,157.05909075211468,11.080408194811842,167.3531830388743,7.506797188555953,91.14942248233302,25.593729570206982,48.203621853644876,40.67027117614605,36.90704345703125,24,2062
81279d43-252b-303f-a614-c2fc193775c0,823800,1,2,9,136.45664898361167,18.940799510690137,146.03804982156228,24.02978078335207,87.95624797332373,39.79855429499218,90.88119920925435,71.82764949678746,55.337646484375,24,2063
fbcc80f4-45ab-3c2c-b03b-bc8617c5931b,823800,1,2,9,163.0855616732955,16.49529783668184,170.83761369366295,9.756279395002663,74.71209578644103,28.93953617597111,37.94591102411521,33.48328977449892,23.1688232421875,24,2064
310b37d3-9ea0-359f-a8b0-18d5f06c91b6,823800,1,2,9,150.6662745308337,19.785783169705176,160.34784000725924,19.156679934241335,76.73906043292749,33.01433165034906,81.35215003886952,59.31792741194463,41.0687255859375,24,2065
e3e0ee0b-ac8e-3862-8ecd-0d7fae6ed689,823800,1,3,9,151.3538818813896,15.389145564840657,163.16866848170912,14.694784809718342,81.27143661740251,37.49509904861641,82.3561015799299,72.51503463542875,71.85824584960938,24,2066
f54f0cd5-81dc-3b1e-8632-42b482aa9ab0,823800,1,3,9,144.53915192137023,18.195968546977756,151.0076389462987,24.105082260304883,80.73003518043438,27.83908098729156,63.16323279107179,57.105268353172185,42.79638671875,24,2067
5cb5a589-8508-3e8d-9db8-f0a2dbf65720,823800,1,3,9,171.5509551613383,5.675896420462055,175.0566796695281,4.008495659759821,85.59204596936759,37.47307219346661,59.70006142470147,42.55964801371651,67.85897827148438,24,2068
e9fe8106-ede9-3264-bfa4-fb99347ffe23,823800,1,4,9,151.1455192526039,16.320371312098473,163.38604410602204,17.56756507879548,92.64035599745954,45.62970646806533,92.42458171628095,75.19650015024435,68.71798706054688,24,2069
e50046e7-3ca1-3f70-bb46-64478ef22ac3,823800,1,4,9,173.51439883682255,4.432724465708847,169.08065166385356,7.7032944776478685,94.75243825605588,32.82004603070257,84.64666671785004,52.231788887803454,60.88916015625,24,2070
6714451f-ce6a-364f-9255-d2f4e375d638,823800,1,5,9,154.6834375845602,18.57038742851034,164.23138933251641,14.115279505311733,71.38008874395037,38.757147547093695,60.23777102617584,69.15342868218652,38.964080810546875,24,2071
93c712ba-3aae-34d3-a513-58defb40f304,823800,1,6,9,166.55744174115011,10.632820360298776,173.03707474582131,4.689688468604377,75.82732707641975,28.181048273093914,40.7097047397143,35.45040668151515,66.21722412109375,24,2072
cf6bd848-7618-3f4e-a399-9d2205a7d40e,823800,2,1,9,148.4751985169842,17.44135985484599,154.68738605634022,20.604118428542353,71.21689999244455,36.75167680102759,81.55831027763244,73.38056266801163,46.99139404296875,24,2073
e4f2e26e-6577-3edd-8bbc-d85496d38190,823800,2,1,9,170.46167949053626,6.327618076429118,167.58246284365572,7.402799466111131,92.51982918719145,27.355992973430112,75.8169063832169,61.60995003911267,64.98373413085938,24,2074
afa06848-dcc7-397f-85fa-a01710ac07fc,823800,2,1,9,166.2827984482448,6.918227363719118,173.9117967920561,4.036170191557219,83.98578293225687,34.84997966776536,101.85705374007347,66.86854174354505,52.596038818359375,24,2075
202e0a7d-5ee9-3767-88df-f7ad293d3d6b,823800,2,2,9,166.41399964768567,8.069079625955473,173.15319610490116,7.2201642316142145,74.66256313470326,34.383595330441615,47.387657390299424,58.32143969094496,26.14892578125,24,2076
c8e34c1a-a50a-3513-a33a-af39cdb791dd,823800,2,2,9,162.50154626115267,10.81444824846947,173.99328177124198,3.975847108075464,88.68306538010341,24.17680310708238,85.17550565583306,68.86463567208419,39.381988525390625,24,2077
1e424066-b56f-3af6-a67f-8a027e10b95b,823800,2,2,9,161.9127511226755,11.028780288606969,169.810819328692,4.915894430739613,96.70182495170519,18.232784728752428,45.50227516338083,50.64480382608563,26.981353759765625,24,2078
c76d98c6-5b20-3020-b70c-bbf68858a7fa,823800,2,3,9,172.63230704564492,6.5474821781437695,173.79106350532152,4.407616183980093,92.0631936907531,31.428945692113082,84.58036165190565,35.53158173135901,81.5548095703125,24,2079
ac7f9cd7-baf5-38b1-acb6-4f4b6fe094e0,823800,2,3,9,169.6244300097054,7.320537400833713,175.54236984118128,4.226294571903474,88.24666459878175,24.676284356230365,28.91655070854732,23.778074218957073,28.224761962890625,24,2080
ef196fd6-4c4d-3071-b4f4-4fd63df78823,823800,2,4,9,149.75477521348918,12.665803167365961,159.96412382544088,12.959887149891491,117.51918721702438,31.934365163280876,69.60643012576017,61.72277421277264,22.5325927734375,24,2081
6983b774-4dc5-33dd-840b-3d08f07510cd,823800,2,4,9,165.5097327571326,6.274808518208245,170.04524181728377,4.331182388998754,80.10843872456495,31.59278096716643,39.07649749201631,37.877440737171945,34.000518798828125,24,2082
2979f483-dbb0-3138-803e-366353874582,823800,2,5,9,157.79428472833519,15.655779725791254,166.11426797951196,12.485261504852625,83.39843761097191,32.552820150799505,75.20591853395413,52.06411335491689,50.58709716796875,24,2083
32964b51-a723-34db-a89e-2d11b2915f3d,823800,3,1,9,159.20376341410878,14.719256779206287,170.50241867366705,11.889236641040458,89.39907053176233,37.91512937890415,60.205274225461054,43.4299967291823,19.023345947265625,24,2084
94ae4e40-1564-38aa-aa85-7b6584aa68d7,823800,3,1,9,158.60866032698092,13.472332660667274,165.56637690319045,13.877400260759437,71.81516428743792,26.072881703150873,49.05138710926054,25.467142285110985,42.938262939453125,24,2085
2288a556-4d58-360c-9618-6eef5a99d6ba,823800,3,1,9,146.25201337796142,24.560541872989067,150.2710141452167,26.165482048942557,64.24094013099767,36.993933110953066,78.29758934291259,70.21163496717416,49.13836669921875,24,2086
974f034b-9199-3a82-9094-a1361768881f,823800,3,2,9,163.84516971381248,10.885406474421423,173.27898523563488,6.976756631831705,84.9119978800723,50.452530070513305,59.13417056094891,46.320131572769235,30.253570556640625,24,2087
8d6f1f32-a132-36c2-a05f-43e41a38872c,823800,3,2,9,168.06828570282244,7.889943733681842,175.7869007207895,1.7813178548830964,61.6282725697954,37.267722265633616,61.85545144694007,42.97362164036875,30.36016845703125,24,2088
0945fa6b-fc2a-37d4-b469-7bd96e9ed3e4,823800,3,2,9,169.82197181763752,5.873854444286538,172.76865668532366,5.426702867430138,103.20198055707345,32.67503469887537,72.97106198240843,33.14250659321455,96.95941162109375,24,2089
e7cf7012-0fc6-34ab-8c64-1634bf9b691c,823800,3,3,9,173.21623133913786,5.724704531199852,173.68984483093774,4.510494250852089,93.62109756440363,39.53375147050892,62.08572646491824,38.93345811202442,84.06878662109375,24,2090
3a7da4dd-e2a1-34fc-acfd-54d2a90a1f1b,823800,3,3,9,166.3777367534459,12.90798084603449,172.56066103393542,6.409778767337259,51.68644025579448,36.05278052033276,24.549072976636197,18.239509934877734,43.485870361328125,24,2091
5fdc581f-5758-3f6b-ad2e-2e5a42661aad,823800,3,3,9,122.41118180820204,3.878933155955891,127.9369211096568,3.615537988826232,75.65141384220868,4.142629468987445,94.77984370181159,6.53836378374078,11.245635986328125,24,2092
89f5eb50-5295-358f-9ede-90282f6ce122,823800,3,4,9,157.2187809608877,14.822098810362355,164.34824940256118,14.97394758780128,75.96278950951688,43.698204847287215,98.2214917208402,66.79233331935394,26.7884521484375,24,2093
11da654c-9fe1-3d30-9da7-c82e70ba7168,823800,3,5,9,171.38099825031998,4.880677550206365,171.18703085865684,6.062543260634211,81.11527708639477,41.40273631999172,61.88533189163948,35.33124339039731,53.26995849609375,24,2094
cb06e237-15af-323a-9d88-d4be7edc27b9,823800,3,6,9,163.67228207984152,11.524542232081133,167.78890427536604,7.8561382310836505,74.2989284696003,23.185193442585323,100.0104939424649,51.206313887771714,28.04461669921875,24,2095
01cec62e-8b8d-3205-b249-60c9bdd069df,823800,3,7,9,154.00366948103715,11.96722268606274,163.12912043923603,10.543568278463527,79.94350565779708,29.4374411683734,57.40011951840371,53.165793212211085,25.917236328125,24,2096
c94dd44e-df79-3b78-a8bb-a6f37c0bf4fe,823800,3,8,9,,,,,105.41415204513689,2.293747443898047,118.75194765373827,0.7461170891697475,1.3559417724609375,24,2097
a588343f-0e8f-328e-9146-264f28c0df95,823800,4,1,9,153.3509476453395,12.500480863504713,160.61690828436002,13.924576663219865,72.58547783964607,58.37992598492706,77.48971132930414,38.52426220105684,43.73065185546875,24,2098
044d037e-a7be-3c84-a5a3-0a8973676a65,823800,4,1,9,164.27449805234284,8.357120891484795,170.47954634209583,8.274976046349416,79.41001346043858,28.57743277992566,77.57664897909181,67.03851563501486,44.940521240234375,24,2099
def053bd-5c50-328b-bb5e-79908c730f2f,823800,4,1,9,157.94740744750573,9.106304331428737,166.61148106707066,6.082263618504055,87.23757539259383,36.48489043965247,80.36106807866355,47.345273355241225,43.674957275390625,24,2100
e0ea8dda-e87f-3afa-8ce7-2dfd6b88c042,823800,4,2,9,174.38091526441178,3.973175942846989,173.9355669106205,3.97595293481624,104.7799522602484,42.80896212272464,92.1695425241466,30.946413410462018,79.17239379882812,24,2101
a7fb0298-efa7-3985-9388-301d990278d2,823800,4,2,9,172.0911295619087,4.786256578085463,174.20105744217668,3.477103157272919,67.30468883127976,35.35023212342768,64.93674658587912,49.32350357176393,31.420654296875,24,2102
ed4e657d-2e1f-3cc0-a739-319a6f49c917,823800,4,3,9,157.04575463971418,9.937381020767017,165.9143857499435,11.754392349855332,71.13465537811254,32.043366355503224,74.90157108629937,49.266173921091415,61.387298583984375,24,2103
24caff11-142f-350c-8b60-5db1ef210a2f,823800,4,3,9,160.41221847776706,16.341675143536527,165.38980908413595,14.502283394818232,97.06984367045997,40.566806199912605,70.27478617543731,46.71607871882697,75.75494384765625,24,2104
23896755-4eaa-3863-9f4b-2cfa24901bee,823800,4,4,9,153.21320645411805,14.327423947798888,159.39575520988706,13.783979027065266,96.60557167337186,47.57157349566466,87.05608800681358,62.21121559258926,41.545501708984375,24,2105
d8494fda-44e3-3682-a5e2-e0c564e0d185,823800,4,4,9,156.30043682082726,14.279762617800989,160.84360587353964,15.95933570778887,67.78817072355041,36.755084864562676,50.85785325999673,27.948359493521032,101.97174072265625,24,2106
2710718d-25d6-3c18-8a4b-f9f5afba07f6,823800,4,5,9,163.91607599825315,9.388106993952544,168.39378955002314,6.656409996749557,79.01638047267173,41.01926162566865,72.36267295521829,48.98192041443615,39.802734375,24,2107
35c1d0ac-c2ae-362c-93ed-67862a1bc24b,823800,5,1,9,108.865827315247,4.327396887352932,116.16423922265874,3.9081053200082025,158.86394152929566,3.3201309468959956,131.07108620531892,6.959194269514118,7.1143035888671875,24,2108
53a4cd5d-29c1-3dc7-8566-056b74a0bc05,823800,5,1,9,96.11051543961086,3.689483499920266,93.77266710500196,2.881175877757463,85.36049802921823,53.866790745745384,124.18565560516407,29.2365294962437,37.19853210449219,24,2109
1654a4b1-ff8c-3277-b853-f4bae7711f79,823800,5,1,9,169.23484811811585,9.636026999242706,175.51845868236285,3.347241083186301,80.37748005387806,39.20328943813978,82.45621149514743,52.5138815740204,33.4573974609375,24,2110
e0ed8ce0-97b5-3a67-a2cb-48a8e467bf2c,823800,5,2,9,173.2158585553319,8.18989970487418,171.419741298639,2.8087484755042476,84.96547908588272,42.00033819761023,102.61801351464786,51.82514960066237,58.5904541015625,24,2111
f88e3e9c-9296-3095-952a-c024018f1501,823800,5,2,9,166.47965219931558,11.511009595157198,174.76585213841068,3.4473734504394287,81.47460048564365,33.89378254829273,75.1340506979184,60.948428482625744,28.039459228515625,24,2112
983bcfa4-dc3a-332e-9407-345bfec474b1,823800,5,2,9,167.4219505982487,7.2577005225418185,170.81860665203965,3.541911313929124,86.17474971979061,28.90738935999723,48.050397139559735,33.104119048475106,67.5692138671875,24,2113
220e9ea8-7e8b-36c5-8640-3acbacc8c304,823800,5,3,9,176.45538655422874,2.821403780451795,169.95052978847045,5.5702954338541435,88.72499433967226,28.82779334191568,111.2575487277829,37.28552962458678,66.59048461914062,24,2114
9ca1ec50-7932-39c2-8ab8-79fda67a2689,823800,5,3,9,162.71894810368704,11.111945421610276,170.2571748784775,6.588755752972055,85.26760990898218,39.263472099422614,85.37928992678309,55.65597059521392,24.92041015625,24,2115
c6e4efe9-b7f0-33bd-bc42-fac1a45ef2ae,823800,5,3,9,157.46006101227476,11.863701891619712,165.27267721045502,9.753221838215277,77.74010856648663,41.495984486205195,67.86202194502486,47.21603983324548,28.864898681640625,24,2116
cd30357f-4401-3b8a-9464-68b3019c4e99,823800,5,4,9,158.97126787143532,12.017464707521793,166.90158390679954,10.943777156989952,76.63758311301154,45.615509993973355,41.09608408272457,47.43234542568032,40.323150634765625,24,2117
e198f1c2-b1e0-3065-83d9-713b0af02897,823800,5,4,9,164.85642767309417,11.278629653530508,173.66441490867905,4.010522613402575,89.90459657305941,48.971976851447074,80.38722993114294,52.2271693762281,25.078826904296875,24,2118
ee7f12b2-7455-3796-8a66-d59b03dccd04,823800,5,4,9,168.71095707440315,8.319729195263797,172.32977194150538,3.2011781869819527,82.88867062726479,37.163600962776286,49.085246177859304,47.92376863750253,58.776397705078125,24,2119
8a8965df-f29b-3870-a049-8f4e0015c0f4,823800,5,5,9,171.50811743640438,8.723115262320636,174.38134666323631,5.091852215201749,78.51593457110931,46.62098669479932,104.32331541740083,63.74030989331591,42.55010986328125,24,2120
87bb0465-07d1-31ae-8e59-6a4f64a62ca9,823800,5,5,9,167.6794057520243,8.969613871428928,171.5058735779271,4.3166304778581,105.06542694738123,30.757898039735604,95.59873775519989,63.53796309585418,86.64797973632812,24,2121
6bbdeb3c-2829-3240-b2f4-0eaf5f519e04,823800,5,6,9,172.48788907106564,8.238426934266656,174.44215229454963,2.4253636635527034,101.99868517244761,21.531302151151067,106.4015524317586,52.2137251727974,67.35516357421875,24,2122
a4394a29-b32c-3980-8661-e66b602110b5,823800,5,6,9,153.37949439710238,16.83405131624854,158.88954643358377,16.478572205484305,55.68725223274689,41.02515285637356,71.95600524749058,52.09076348462016,32.223114013671875,24,2123
8cb3ff94-427b-3322-8022-6b39a756dc7d,823800,5,7,9,166.43490155153938,10.565727088911041,171.81281963972125,5.9950696341821645,80.27523751425672,37.108771057743446,74.87897459855952,47.93932368924954,41.90081787109375,24,2124
ae27064b-0c99-3bbe-814e-603731b2732a,823800,5,7,9,163.24220824054666,10.851559366167768,170.3342772787276,8.871747959019972,76.25186371015761,36.85892200679818,53.95562108536455,54.39964529208806,30.50848388671875,24,2125
b4eeb813-eda4-3c42-8030-4b3a6c66a23a,823800,5,8,9,165.57896315312414,12.797418976183835,171.46396874508662,5.5908529379469325,99.3840324917407,45.94941322116849,72.73231475515321,47.797308651344565,49.681304931640625,24,2126
264e7c68-5839-3979-bf25-864482b5aabd,823800,6,1,9,167.13237967569123,16.22821720103175,171.2013025949015,9.54307028466365,70.89379208336891,36.993199599561514,79.34111816330837,56.39418757418141,73.644775390625,24,2127
56c30188-e061-370d-a567-628c33c2f025,823800,6,1,9,,,,,92.89783365056448,2.9349315876821334,74.43621132294196,3.6457241232629305,4.6932525634765625,24,2128
c4ca1b36-c99f-32b7-9284-d1b42b9d1c35,823800,6,1,9,173.62447473941356,5.048757288428491,173.7130859481768,4.185807864594643,93.21067862618173,19.658594387674018,106.64592851253697,31.206118028438635,75.16976928710938,24,2129
94960f03-19ad-3e69-8375-4afb997e3b1c,823800,6,2,9,173.8540304232152,2.917463631521023,176.64602265584108,2.5606671729958674,85.91571523209988,36.81914126423648,85.15365030818913,46.866576068220766,83.28201293945312,24,2130
7535b444-7b61-342e-9784-6c7db8da6866,823800,6,2,9,166.76080410208047,9.51231186627161,171.40690303878984,6.852895125397212,86.5692085543718,37.3872938161342,67.14033238074553,38.500901784856644,62.755462646484375,24,2131
df461226-e240-3c1a-8ad9-2af6508e6422,823800,6,2,9,170.92160387555228,7.8854380050767405,173.3317781575396,6.18772696701571,103.05309739949571,20.999382646424362,100.39917512482599,57.97456762587421,89.30380249023438,24,2132
2bd7d9fc-45ea-3d54-aa2b-74da37ac2c83,823800,6,3,9,174.37446399157298,6.536501237795909,174.46964320579613,3.653732663152884,83.24926829922917,38.35427205233388,94.77201831746217,54.16066651083436,53.800689697265625,24,2133
1c983db2-15d1-3646-b2e7-e9b670f32ec2,823800,6,3,9,169.57123323386315,8.053474682699568,171.1275281041969,5.840548057964748,90.60615637465023,29.063840641646465,79.07878096946459,46.81304063857262,81.77789306640625,24,2134
70b09e54-dcba-334e-b81f-d7a28c5a50de,823800,6,4,9,172.8377439357006,6.978738641779316,169.77828802174625,6.592462048182833,93.56444784893323,27.511881886938202,116.50704110739632,41.491382762414304,67.37777709960938,24,2135
ed9f6ce7-e3c1-3a42-9c42-a2d1402aaa72,823800,6,5,9,171.94453085857572,5.754266343426595,174.67560892596856,3.3625377859657943,80.44396755271175,49.86475341499057,87.32177790148415,43.014690108889724,41.775299072265625,24,2136
1b5e3321-63dc-3f67-bc54-669b96f5df74,823800,6,6,9,173.16645703393388,4.965996127676418,177.53581093682112,1.6919949537413657,89.65676644151272,43.628697216544104,104.85321680846508,57.89510749284988,78.506591796875,24,2137
06d3984f-1ac3-36df-8e88-64c32fc46326,823800,7,1,9,161.82885147678252,11.00873792909304,169.2161544905506,5.922404075474922,75.19374837572815,39.07824217280073,47.55613457993675,30.80665087819736,30.47802734375,24,2138
86316004-dfe4-344c-9275-0d8976af6a75,823800,7,1,9,168.59162744251842,4.78395677797975,171.53566228669268,6.287960182558985,81.35189694767456,29.037374329991433,77.10686815606387,57.89854817934427,50.79852294921875,24,2139
8f9e5c80-2cef-3966-b097-25ed762a6f04,823800,7,1,9,157.7417640122079,9.383272298924002,166.65371279198632,6.923548229900001,75.54951040297429,43.990569817015015,67.87711976476209,59.71551930157687,27.60302734375,24,2140
fc7eb640-9b0c-30af-9360-db3ca3b2e213,823800,7,1,9,56.350596465824026,2.9255329878526974,,,118.54728402865287,11.743674949179008,143.85573906712835,4.468979127494608,1.4166030883789062,24,2141
d6fe30c6-fa7c-35af-a0cd-8ca2c2731f31,823800,7,2,9,170.52802441679455,8.83868260878337,171.40820023055227,7.14054023515556,85.0690929837223,14.880550209884735,85.55017612348557,53.82791829190686,79.28219604492188,24,2142
78287d1e-3d92-3288-8bdf-5a99f7942bf4,823800,7,2,9,159.8252571170453,12.848007643767385,168.9934901730174,10.651184222155035,94.15885175219806,54.45790287706455,56.90233172569145,67.85552830872224,85.824462890625,24,2143
77db757f-13ce-3a00-bf7f-315bc807a5d8,823800,7,2,9,162.2306444529959,13.463820876953706,166.64133571216345,7.33179210377855,77.14483852575222,50.24905792981602,66.32999251541428,48.17016570797724,35.48175048828125,24,2144
46ae9e9c-40e7-3a06-a30e-ca8d9335393b,823800,7,3,9,146.31221134738146,42.80819111387262,135.69659110170582,14.94435041147238,112.8522129439613,12.357502544341548,154.57795446972423,7.926490445517163,10.680633544921875,24,2145
127eeb15-66f9-3104-bb3e-b03e22a5a73c,823800,7,3,9,146.72924465494617,16.76228656089607,158.21580944134578,19.902785267477288,80.00330897094119,37.00430687364541,82.96396749787718,59.8537269848167,48.2559814453125,24,2146
7be648a4-8724-334f-95e1-d127840357b0,823800,7,4,9,155.2934415188456,11.710959125119778,161.1883255258713,10.918796367286003,79.93137213839168,36.32490948371043,78.0796106370978,59.48698572299749,47.73138427734375,24,2147
b2848527-ae8e-3361-bd42-221c9fe760de,823800,7,5,9,143.29390658332443,18.548431066049517,150.58748497689396,21.343614342277625,81.70767256973848,48.48329559956221,70.62908182535008,68.38252540332374,25.90093994140625,24,2148
a2e5e324-52d3-3a2e-97e7-4769904c9ef4,823800,7,6,9,162.97144030016955,12.609021969225145,168.15370262803674,7.890090854929085,77.18030810988779,26.87206223072986,43.50014517172237,30.351562192059376,51.583160400390625,24,2149
9e312797-e83a-3bae-b69f-b98d5155989a,823800,7,7,9,146.36594484726172,15.163394253918304,153.61060819964007,20.45754582776792,97.7670298210377,49.73014311355254,67.73383710911152,63.475135345533666,95.93621826171875,24,2150
6278559b-c23d-3f03-8dcb-d5ab6789f1f4,823800,7,8,9,159.2994403866192,13.386174524310851,164.7641205371211,8.498764627610953,64.83998274201,41.135411270758446,55.03832074903381,35.14045258057058,44.773345947265625,24,2151
2928982b-eb03-31b0-9eb5-006ee6b6d894,823832,1,1,9,169.94125822208744,8.047198644504245,173.7020045932755,3.9104771834634757,60.76754405159477,39.4340826125316,51.343413504890655,41.984876973976526,49.2650146484375,25,2152
33b88936-21f0-3fad-b405-8aa6d089e463,823832,1,1,9,174.69055388188534,3.4550090729968344,172.81745585619208,5.582895036433306,111.26143781466101,20.688719362571078,92.24824757602937,37.21502134820023,97.4293212890625,25,2153
b39d591a-22d3-3803-b77a-4d7230a34bc9,823832,1,1,9,165.47767384121497,9.576253907286908,172.61690946214762,5.170139039839314,94.43796276844415,33.73478378278789,33.268757901920154,30.375870006848803,100.80380249023438,25,2154
93401a9a-864e-304f-a869-60d7f780e118,823832,1,1,9,174.4554434246804,3.9992814869828353,172.8763706779974,4.790895105591175,105.91509943562075,20.41863877379886,83.75326542971946,33.127002766301906,92.70877075195312,25,2155
19d3bddf-1ab4-36c0-8f0b-749adaad8a28,823832,1,2,9,168.02164238712368,8.193413658591417,169.40385423566443,3.3093476527286616,72.28248976007521,47.963304858110334,35.64019094213955,24.998533782083047,50.862396240234375,25,2156
3ca77f32-7498-3e1f-b0b2-db12f6fd5b9e,823832,1,2,9,175.982385841738,2.6980452570597033,173.36529711130507,4.49547116116639,119.84146127526972,24.99679636256772,99.85950360303397,35.775633127832876,100.21054077148438,25,2157
a2701228-44ff-31db-8a57-d58281ab3b29,823832,1,2,9,174.91294886697835,3.390031380192708,171.5984863604878,5.515081570760591,110.05323102725343,25.17280388876898,83.42412949835904,23.282394719081353,97.198974609375,25,2158
576f5624-31ad-370f-b6d2-bc73d798f025,823832,1,3,9,174.74855177837517,3.4188885599264305,171.55505845125845,4.508213524985735,120.11088884195861,15.746562126316723,116.33722404596818,39.00855412344408,89.71923828125,25,2159
a134ac16-9c57-373b-afe1-6da4df2167c4,823832,1,3,9,174.65034151743475,2.7105784314500054,171.85086831519473,5.123120185344124,102.57943693541137,21.189710856173058,72.24496743158575,35.92206160576274,96.4644775390625,25,2160
dae373f4-92ac-3528-9682-102e9f3f6f94,823832,1,4,9,173.32693021527055,7.7065248869282685,171.71805022774836,6.838063261655057,80.76181313244528,26.909147758748343,55.60683496196756,46.074727633130635,67.052978515625,25,2161
88b804a1-7048-375f-a1f0-876c2f70c2b4,823832,1,4,9,172.18160364469634,6.960787306764157,170.86267793048532,6.702122806209563,104.98712820292522,43.96016895134542,76.30763276397035,35.74266655207276,115.94189453125,25,2162
dae4dd3e-764f-323d-9d13-991996b9d902,823832,1,5,9,171.92503204822907,3.6292910707905097,168.49818053033175,7.990459393293262,112.67020482838261,25.0868030375392,104.61828295492373,41.244569763854145,94.27597045898438,25,2163
2f6d4669-a594-3c41-b6ac-9fd91d6a00ec,823832,1,6,9,175.81269373498714,2.8075606560693065,174.95577331599654,4.183576287300044,123.81126286942845,49.62065118579058,135.9300749933294,39.95039787323896,101.78750610351562,25,2164
f77b3307-c112-3d1b-846f-b1c1ff9df673,823832,1,7,9,175.1351908975872,3.2939969167874015,170.97764546725148,6.77626144289791,87.33007932328078,28.870609514551074,66.934794915825,49.743078057194275,83.16812133789062,25,2165
61a1fa4f-2a07-3b0a-9da1-403515a22a0d,823832,1,8,9,177.03987978258624,2.372068038940403,173.88866530809207,3.888174508459833,92.9714705145268,25.011365806557524,56.492666355607724,24.94790050828604,96.25613403320312,25,2166
21f8008a-1caa-35fe-9174-eb12585a36e2,823832,2,1,9,171.0975476800832,7.662628128015935,170.5436463289361,6.002965132888753,88.86664303993953,32.68374907228101,57.211168481852695,45.75929348788644,73.18353271484375,25,2167
b1cd20f4-bce0-3eca-8f4f-39a13037e5b6,823832,2,1,9,173.15521517685022,4.026491803930264,176.32221228182246,2.5195437634835787,103.5910650780035,34.521235923546946,108.27139848610636,49.25307069149237,85.54702758789062,25,2168
3c71a6aa-b0a9-3184-8668-e7d542b56b9a,823832,2,1,9,172.1864755113329,5.648826699972853,171.51402919483766,5.248416678074438,100.06119394200759,23.228738008511762,47.7199734083173,35.81948412972444,85.59722900390625,25,2169
6fd79f82-71fe-3135-b6bb-9cd6cf57eae2,823832,2,2,9,175.4371762841458,3.3349972386534854,173.4115437116114,4.579465413831754,106.84347849350826,30.387179475481915,108.05191241749418,37.88504639519875,79.8427734375,25,2170
abf3bf74-ba9a-3698-bd7c-94638654f995,823832,2,2,9,176.78014025199712,3.4442374317425677,175.79490251170532,3.2795908568839085,91.62794886732075,32.61810565371435,71.76318085555903,33.64522783923506,94.86569213867188,25,2171
e4486f3e-fdf0-3976-b660-c64f66b0c731,823832,2,2,9,173.14071771127084,4.275233623846338,170.2079279292883,6.59556708983825,95.47090701390353,26.874285968667685,69.16298505643752,22.068782118725412,80.78665161132812,25,2172
4f71e3f3-5639-3851-833a-199c6cf63467,823832,2,3,9,171.40107223725926,7.455129195655704,171.66337555859457,4.5626389899486615,86.06717122100832,30.0266659730115,56.592142385518564,32.22873791538738,80.68670654296875,25,2173
337b64c3-2218-31e9-839f-b831b6885fe9,823832,2,3,9,175.2482781743942,1.840905805529936,172.2269622245923,5.171029099331806,119.00147857129485,40.217261404290625,122.11761106291061,54.77198049923445,92.1279296875,25,2174
a7d3beec-e52a-3e0c-a687-c3549f956547,823832,2,3,9,172.3940700180405,5.036847462271018,172.96922799348306,3.759119301914802,96.65123578801344,40.81962625234009,74.00574920837578,41.07354848189342,88.4932861328125,25,2175
8d352923-51b5-3805-8c4a-96414596f7e5,823832,2,4,9,175.47015439758172,2.4832291687434824,170.40548679388598,3.70694050158104,81.04237504173332,35.764280194905034,75.1882458136156,47.09015379253372,63.902801513671875,25,2176
434ad3a5-602c-3810-b726-3fe396a6dec8,823832,2,5,9,167.8384529440696,8.029491525605915,172.60566824987325,6.145138521292466,73.65666938595129,41.10045030730358,27.75605411148896,22.476111017594096,70.53762817382812,25,2177
bac1bf38-132a-35f0-a092-fb6e2f8465f3,823832,3,1,9,166.81846337894942,9.016075064542328,170.58519623536571,5.272371094465616,83.97769438794582,30.97795379802012,52.966958133952886,32.4424847623881,69.9652099609375,25,2178
c3449894-a4d6-3dab-bf1d-bab1168763bc,823832,3,1,9,172.36681026405128,6.553454173751908,172.7399035841701,5.105804711468132,114.80194181810043,43.619270631169556,96.09646118227417,38.61107469652631,97.56381225585938,25,2179
6c40f327-55ac-30cf-9b2f-bb99c874803e,823832,3,1,9,171.3761117733885,3.5578652210158697,175.79278492168902,1.977617763794967,89.33747748865977,32.08160092526145,72.87600655398188,23.168700915528085,78.62652587890625,25,2180
5cd5b93f-9937-35d8-b9b6-f0812d314d6c,823832,3,1,9,175.9880435864846,3.7097604803654014,173.43139501139603,5.010962597926974,121.55556825812313,25.856300325380676,84.44461760696205,38.07825468832452,102.23193359375,25,2181
66dc839b-df36-307a-a904-d63c7a60887d,823832,3,2,9,172.2403892692262,5.068321646910323,172.63499127244737,5.542982902204251,86.60288656158474,32.720750538030785,45.041888324776835,29.597658654185594,63.988983154296875,25,2182
44a670e7-5033-3d79-af1a-15a2aeca7310,823832,3,2,9,164.15309737068222,10.4231295836072,168.4316185239504,7.094414781037944,101.575944961069,51.28529894551806,33.56577386775196,25.792807790101453,102.29620361328125,25,2183
5ac2f717-16b8-30e7-b6c0-57c790d4a644,823832,3,2,9,175.53362019780627,3.3067847185288413,172.9399524602925,5.736615556021141,119.0809927243087,27.852539498662995,92.15757198792217,30.157874805701056,105.24008178710938,25,2184
b75010a2-a7d4-3a69-9f66-4794a915eaf0,823832,3,3,9,166.18569983668428,8.59708088778869,171.0514785105518,5.974809558552007,93.34597388259732,43.626794779653814,38.05650240601379,34.516264670261286,107.97216796875,25,2185
63c36d42-3b78-3e1a-8438-8db23320abd6,823832,3,4,9,162.67157372353216,10.6211197393342,171.14848303373958,6.914634205141952,67.05679849316446,32.04159318639748,33.274325336248026,20.687858818211662,56.164642333984375,25,2186
36a8282e-9e9b-3ed2-ba48-8957de74a4a3,823832,3,5,9,163.81037115473117,8.751726106546283,168.29253095215552,6.5351218080191185,102.28043459014846,44.83298836516104,50.28972789770441,38.3585585212829,110.93539428710938,25,2187
34da9101-18f6-3b32-bee6-532ac2f792df,823832,3,6,9,170.48346429428668,5.857213634030881,171.30607602599022,6.170048898916469,90.9582070030835,36.005545935218535,68.85684993320233,34.588456297367856,88.65335083007812,25,2188
f99ec102-820d-35ef-8a7a-e18726a40cc4,823832,4,1,9,172.1959295438528,5.30106781104148,173.0923810017174,5.952285281690282,99.37152361239268,26.065537891368194,65.86364274577886,49.36895829160879,83.96282958984375,25,2189
0181f74d-538e-3bad-96e2-7a8a651b1385,823832,4,1,9,174.49206393079936,4.489168342210252,173.62687634865955,3.317610556041758,118.57417971593269,34.144552654609974,109.35917379958147,40.54730092068379,98.85296630859375,25,2190
bd11537d-efe7-3c25-9388-4062db16723b,823832,4,1,9,169.29347328521374,5.89907459822427,175.85955895394463,4.7550804430610425,106.2343912793852,25.0718111004147,77.76753244249511,61.37001614781651,83.0711669921875,25,2191
c4d60e1a-d511-3e7c-9adb-e683a574e4e3,823832,4,1,9,174.84394340316658,3.6050618559991823,173.0350770725132,3.3646764044791855,96.63479061714801,26.650694399025248,66.52437052593399,29.66195551130475,95.8577880859375,25,2192
940b8b22-94c3-33a3-b9b6-dc675c9b95f8,823832,4,1,9,169.53404360114803,7.340636562506953,171.21538826545253,5.942098660872752,78.46028754103753,33.87410631106747,43.24564007860023,40.424731701430176,65.2889404296875,25,2193
2f3dbd3a-76ac-34fb-9a64-335a49db1ff7,823832,4,2,9,174.5220206679617,2.914922404585065,172.91428281061428,6.474639503693305,97.34721112277387,32.05717555850808,68.60150671952229,34.65889192319703,87.54254150390625,25,2194
ab1cacd9-3e69-3296-9afa-b9f9ff73bba3,823832,4,2,9,170.51523448337528,,164.61038331920062,,90.20111284062325,14.802586000355383,80.15510942781444,13.208732139081889,376.0291748046875,25,2195
8e3ccd13-af78-33c1-9bf8-02192e334b08,823832,4,2,9,173.71856303406935,7.839100670669517,170.65820324788046,5.268421737298699,97.91094319248666,35.49063086849688,75.84606236782714,57.148887814600855,79.9207763671875,25,2196
0f16c762-19fb-3d44-966e-61ab2bcdc947,823832,4,3,9,173.37979648699158,4.085018455115121,172.75095707809731,5.19820167702081,116.6630218474432,19.51864637621115,108.7863150270626,45.923673104195004,89.36923217773438,25,2197
0abc4489-825d-3265-9065-828a90790464,823832,4,3,9,174.2506553785708,3.53857259405493,172.2376768628516,3.958591519182201,86.45460681329332,39.86289849903159,59.255297686963154,42.85068770668534,86.37567138671875,25,2198
f1639940-6d4d-3d45-a518-4b1d920755a1,823832,4,3,9,168.06255210314018,7.580490281201313,173.6126816819578,5.107590922372569,78.48668511631438,39.14057522719487,46.192642728050444,42.258210068403415,36.487579345703125,25,2199
f82cacea-2db9-3bd1-98a1-22a981e699f7,823832,4,4,9,131.4192313812953,4.2519746014968,127.68273244527762,4.821663372334902,120.82308339198097,57.27916702557491,113.93357445683084,33.296496990335974,61.90850830078125,25,2200
df4637f4-e771-37ac-aaeb-2494ca935ab8,823832,5,1,9,167.59016279268405,10.47310746626454,172.40159924837053,6.5528753831266995,103.50470087069546,36.381521275256716,50.18029394409557,37.38380026043831,101.42971801757812,25,2201
743558fe-7ff9-3503-9e06-dae820f2efb9,823832,5,1,9,173.57924947304724,4.2045435649004865,175.28525357996466,4.311602856912038,95.4416940717851,23.905049080023158,62.03203155182567,39.533285966649835,84.79144287109375,25,2202
acd54aed-59b0-3479-8a04-c46c1773b14c,823832,5,1,9,171.8795335841369,6.986006393679323,170.67970920225287,4.281394311183128,94.18218313489513,33.337182265045286,42.06624588919046,47.59734406056617,96.05731201171875,25,2203
0e4a8ba4-53e7-33ef-ad44-2e03d0016f7c,823832,5,1,9,175.14984850369677,2.4579342253965493,173.77351691803904,5.358064179219729,116.78357498162401,17.155791014164166,96.33043921207855,48.908139104735845,94.51290893554688,25,2204
ae20d36e-0302-34c8-b954-a934ef869dea,823832,5,1,9,171.2022506724293,8.586648864067609,170.92414467468188,4.675555756368442,100.04337971391071,39.583978071191815,54.94432565030291,63.817338438066926,101.4111328125,25,2205
18c42449-caf6-358b-9290-bf5fbfe3f45f,823832,5,2,9,170.96707157864887,5.312066688640072,172.84951733816905,4.71231032028727,90.75278062648484,41.97179704707831,54.66650817221635,29.483875894662116,72.53506469726562,25,2206
ffe33334-d234-3bca-bd72-4e687056fb67,823832,5,2,9,174.29735721173756,3.908606765639982,175.47064387590825,5.417381709762568,102.14765547003061,38.421287628220725,96.70480310736397,56.1618297143518,72.3807373046875,25,2207
b05de6f9-279c-3b36-b1c9-d3868f4d0263,823832,5,2,9,176.12042437355146,4.255816862653708,172.7750597650471,4.3566378893628634,121.7860418174271,43.223135399875446,111.79243423899385,27.930405303756338,107.3079833984375,25,2208
338263a3-7a64-3ee4-8145-c2f9102a5217,823832,5,2,9,170.55623127307237,8.166907274802227,170.63264402039806,5.868434321246202,81.32886317913812,42.44876870630683,50.41813662750439,40.688100482501234,57.568450927734375,25,2209
f171cd08-7510-31a0-b426-821a081ba645,823832,5,3,9,174.85720101651535,2.2666508221677955,174.6638773704039,4.426967866960213,96.41727648193091,41.06304608579474,76.86961640127852,37.39697280995047,84.31631469726562,25,2210
3f6c3ca3-9816-3ef9-97b0-acc7463e9617,823832,5,3,9,170.71045699593898,7.450580012530449,170.11000783031153,5.1183051332600105,64.06087854978536,30.515686604582744,22.359053449338134,24.070645106585836,70.56497192382812,25,2211
abd4ead8-d344-3b47-965d-23cee358fb86,823832,5,3,9,171.19239147354753,7.375215600165825,173.15995494394804,4.399332973770451,88.15501209618989,42.027059657716634,59.20695209313309,31.569960086500846,97.0555419921875,25,2212
a36c855d-d6d4-3596-8d91-48e584517e8e,823832,5,4,9,175.31100094506013,3.446639418586046,176.44474297977797,2.8660476488367443,113.85769824240771,19.674680894061673,90.12910157071951,32.31570498063137,85.40652465820312,25,2213
3693b6dc-8bf7-32e7-b1b0-c383ad3b5471,823832,5,4,9,172.68190026297665,8.471974331425455,170.59638881794154,6.2075324403878955,82.58798155196024,32.535926101518136,51.891995780637664,26.911451238773953,79.64471435546875,25,2214
4f6de403-86da-3d64-864b-db7c63a9f73e,823832,5,4,9,173.79247177365974,4.182767818453636,175.3378504122166,4.153094217828142,98.65433954649464,32.6703905051142,44.91294985986331,56.3548699483507,86.992431640625,25,2215
857221f1-0881-3d1d-86ef-14646c7f4a4a,823832,5,5,9,174.6101778884775,4.227638355412816,170.7086415956504,5.8259925178002065,116.77220117182515,42.78398696456682,127.56866219572544,40.589695412304955,96.34625244140625,25,2216
86530d30-34a2-3702-8ef8-bdfddbf7d0d8,824188,1,1,9,174.05017760862697,4.309759983907147,169.3616049807985,4.876223907694809,64.65574188455771,37.19038558254194,115.03830661098401,74.37728046287128,59.739166259765625,26,2217
e576dcde-2de3-3724-9d03-d46dd4602987,824188,1,1,9,172.1795990586138,7.6179149459693445,168.74822806802842,6.943240812632272,87.17011326792993,33.7730379022911,89.71340828168121,50.52964069104937,69.06076049804688,26,2218
eb245de5-5b7e-3aba-abf5-0a448228232d,824188,1,1,9,172.9692973308006,6.03450180576139,170.7349259052553,6.548414782442859,83.5345541632634,30.57079341322565,108.20413479885022,67.83748251559989,69.48345947265625,26,2219
a48abede-54b7-346d-a654-e0f542ee96fa,824188,1,1,9,170.74577254786465,7.555698289820555,174.99658370995624,4.997286774066831,69.93127199364184,36.81244417992856,64.31765112359031,61.31680177427307,22.7098388671875,26,2220
08f960d3-05ed-33ce-aa34-a733fb59033c,824188,1,2,9,172.9846094859496,4.479726137765256,165.09453343369248,6.9431065483842636,109.50306423862285,26.71027660656894,165.31439262941154,10.410037550076357,76.59005737304688,26,2221
2edfca63-0ab7-3998-a701-75dae85cab80,824188,1,2,9,173.6265863112872,5.961247472084532,166.4662742588715,9.400139967323062,95.53858371512463,28.40265973573878,120.08997831571956,47.06527483765512,85.4613037109375,26,2222
be92848a-2edb-3956-a782-625858d19c8b,824188,1,2,9,174.0672122983675,3.301012712010762,171.065586993508,4.995403624777526,86.9876444847632,30.221039838616168,106.03249211895096,46.74171808157257,97.00723266601562,26,2223
c8b7cd86-802f-3170-a705-5b628f8f583c,824188,1,3,9,175.16310756616187,3.108540057268969,169.43461464934316,3.65772334955039,104.12259846082016,38.51454480894361,154.34755493627043,21.486076113432247,69.70037841796875,26,2224
07d8e472-8947-3e27-85e9-a420b1e73b10,824188,2,1,9,173.4386206906751,4.907256074009463,172.84273883533416,4.619526552692028,75.58994522815932,27.63269713314037,119.06931269041226,59.46122518947742,88.6666259765625,26,2225
2dc1c757-260e-34d8-89a5-999694737621,824188,2,1,9,166.60126403353178,22.8289418059413,159.0506461503027,17.87542267138508,140.56748555603892,4.966680226957612,139.83700189525092,13.586643823237692,5.82122802734375,26,2226
3828821f-060f-3c15-8e32-533afd93f79e,824188,2,1,9,175.2191707215545,2.5264840517118206,170.86606641433102,5.489611063170774,81.80713013905643,48.22100827972593,125.29131138723103,53.24209045899568,93.68893432617188,26,2227
f4ea470d-6def-3e39-b5eb-fc1c97ff449a,824188,2,2,9,171.2757772048103,6.948449720520573,171.67754294704181,7.692583105586506,87.5414983104393,26.87148689012877,83.20052679776887,67.2458683026615,17.29644775390625,26,2228
aae5ebd4-abaf-3532-9ee4-73401976a65a,824188,2,2,9,169.17132509685123,9.784080472601866,169.60925306876223,8.526112692682693,60.82350706700215,18.94605495032606,81.90042455186705,69.25448027484941,16.2496337890625,26,2229
3804ce00-33d2-319e-b91b-ae82e2471b92,824188,2,2,9,172.6368741229132,5.246653068120953,168.08242032696955,8.04140623298749,94.76524079653187,34.931998779832256,123.15669322318887,53.34156606961224,82.97149658203125,26,2230
e32f8fd1-09d5-34a6-a1e7-14ce4ee6e99f,824188,2,3,9,170.69418127341012,6.716256449551468,171.57330417705225,3.9682892109473507,64.96985718588704,24.752278006805117,101.12616298642503,72.2667019471203,56.586578369140625,26,2231
a162d58a-3325-3ad1-985b-edd8da329b9b,824188,2,3,9,167.54235433444126,10.777436876355782,168.78527365251307,9.619041146440901,54.47586362767944,23.435008728534875,81.04167665261053,61.71365443552457,26.15655517578125,26,2232
23367024-e510-384d-9e39-6c269e01a6ce,824188,2,3,9,173.898568883758,3.0139815757063793,165.4378835776525,5.591682326889197,103.88627223277372,34.73030909495932,151.25344207348843,23.74639176192883,74.117431640625,26,2233
9e17c634-6113-3871-8b02-a003abbef9fa,824188,2,4,9,168.13085089999853,8.93002357276189,171.78915190222824,5.2466353826707675,89.84871834544822,22.153586927257695,80.11259380328426,62.90994814507308,21.84814453125,26,2234
0a9cd3f4-b3b3-315d-a80a-500e285b7950,824188,2,4,9,170.43369481571256,7.681354731318408,170.8195828767618,5.87963563122469,73.42235497389748,38.56408015421719,88.68249959915013,66.38426452888848,25.6907958984375,26,2235
abffee42-cd20-3c9a-93e8-612b200f58ad,824188,2,4,9,172.8210543476731,7.862510284611791,169.6926748809846,6.961988888647081,80.70449914745093,29.20692452382764,83.72428738493929,64.50081063758239,30.943603515625,26,2236
0e7c716d-8a48-3077-8c85-26e3bee71db0,824188,2,5,9,166.84613699430903,12.498506266101169,169.2338347208117,15.702516077708326,64.87720472889156,47.49101611421029,48.17345463174352,32.65213912107059,20.198944091796875,26,2237
87903f47-f3d8-3836-8071-99d3e7ea2d12,824188,2,5,9,174.1279061002006,6.511980990985608,173.0646442982092,5.18696132903895,84.01050239976081,29.5590691591999,103.49038636637556,74.98940906496304,63.203582763671875,26,2238
f12a4ee1-d7a8-329e-86c9-bf34215b988e,824188,2,6,9,171.93586432013524,7.61817749304038,172.7517862459366,6.479573963115495,62.24785211069664,34.59819448790702,57.536196245769574,53.12563787194017,24.33551025390625,26,2239
58a96428-4d55-3a37-9de7-613654ab6b6e,824188,3,1,9,172.0493619380084,7.049932830733937,171.18196634199197,4.719223219304489,82.49617396114516,26.853278930970035,95.73488642387878,65.07274836608494,47.712615966796875,26,2240
d738601c-babe-3dfa-bd69-0a902de63116,824188,3,1,9,169.9350889630638,8.468025967953377,171.63762090532092,4.742839771122412,72.91436116595563,37.852651966300876,69.91993946113092,51.70743159082064,23.558349609375,26,2241
9bd62842-fb14-3f13-9bb3-52495da07747,824188,3,1,9,174.03835891278274,3.733497541078098,172.981979284877,3.7553998379719014,77.35554581275493,35.90215904995509,96.23585976211419,80.83910307891261,36.853057861328125,26,2242
59b29bce-4b35-3b88-a5fd-eeaba91df2eb,824188,3,1,9,176.49148594645925,3.480793198206383,171.15076133662288,5.250668039711293,95.06204624882578,34.605589410464525,128.49010589597853,36.84874921593937,76.98471069335938,26,2243
b00394a4-4b49-3b66-9c1e-f51174480f41,824188,3,1,9,175.8152041295277,2.9355350310846497,174.57665730810083,3.7819205675216874,78.36313370126425,31.53124099251613,89.10287938389664,63.24516863756708,62.068328857421875,26,2244
7ef05763-b63a-3c38-87e8-51f8a79068e7,824188,3,1,9,171.9446666953896,5.269892937497542,170.69579865339486,7.975492008003281,74.00127863589526,45.06572425458671,105.38203491176986,74.57973958501523,73.6513671875,26,2245
1e69c53d-6b0c-3fde-bf8c-5f8024f34890,824188,3,1,9,175.88389835382083,3.0986262765704335,173.40066904304868,3.8631786090934694,67.22559952877258,34.65797469328137,109.41856236847724,76.10099004399252,62.73004150390625,26,2246
5f2987d5-5046-3220-8946-de5088fb53f2,824188,3,2,9,168.42106870002084,10.211051171300937,169.51486356351896,7.979418665411913,66.35080707413954,32.54549865327878,78.69391036078086,53.48998996692313,18.0577392578125,26,2247
fa4a0a02-4d22-3188-b660-e5565bb81df8,824188,3,2,9,175.38537861152065,2.630971760896204,171.70450609767414,5.713735085965963,58.96491290678797,43.724847871523195,100.72391970639721,73.8808777218535,41.805389404296875,26,2248
5bf8420b-927b-36be-ac33-74482b3b61d9,824188,3,2,9,165.02425897648214,12.995333013957424,168.02137511587506,8.57749742265636,55.62990652345331,38.065909367805965,47.69069866327671,36.149575483302996,15.51300048828125,26,2249
57543f85-ea08-324d-ae86-d0b85ccb7036,824188,3,2,9,174.11209929266363,4.864414031617929,170.0176061522681,6.350942611129641,84.38346087613472,40.09142510361688,94.66375450960975,60.752483223307756,84.46627807617188,26,2250
293e15fc-8351-3389-b51d-8d45989d9d2c,824188,3,2,9,169.61116546445325,7.276524829823381,165.05474727776294,9.179556642425258,108.3725435940384,27.66936892527427,124.61184653899383,36.89754016932815,74.6448974609375,26,2251
586a7826-8d22-3626-8ea6-7780579344d0,824188,3,2,9,165.80110505659664,11.367533240158172,169.46616517272423,12.082355213432312,94.23221955486748,40.16066742137119,89.01204492097999,54.654069320443064,42.819854736328125,26,2252
e37ce0a7-7d7f-37f7-b567-5bcc5d6462b3,824188,3,3,9,174.24882943892874,5.495213363534687,170.64515033131704,7.519316380186755,86.32308916884008,40.2108784607292,95.56106379245935,52.46340373993395,95.03143310546875,26,2253
ef6e4159-f316-3dd6-9277-5ab9c1138861,824188,3,3,9,173.3420725030613,4.7930218237962245,175.04904281740158,3.497288065864223,80.83652932062228,32.31330552010793,71.19170474403978,63.186222156576704,19.939849853515625,26,2254
e82cabb8-7465-343f-974b-06d34c8e3c79,824188,3,3,9,174.2617893045806,2.780560425764543,172.98318760525103,4.8586597623324,91.71033130409934,30.926440210554823,94.31807184188827,52.41608105538781,79.88479614257812,26,2255
29e1b0ba-507b-304d-a4e0-a5448d0da837,824188,3,3,9,173.95144702213648,5.097837344407539,172.50110987655938,4.588274289995397,87.54187446051503,27.67251028279342,108.40869336048705,72.80472363369525,64.89224243164062,26,2256
acab21e3-9717-30fb-aca0-71705eed0b47,824188,3,3,9,173.39461486470853,6.062283463514998,172.51402055843565,5.670842265113955,80.68403439899897,36.55538664650128,101.90268722313056,64.62575670913894,65.889892578125,26,2257
d4c375ed-3b9e-36d2-b843-63422a100ec7,824188,3,3,9,174.45410213020517,5.6264839053875875,170.03013009809567,5.745630339088688,83.61744236973786,37.99352531739685,75.39336305873672,58.78909789582986,23.243194580078125,26,2258
b6f849ac-af42-37eb-9303-8518a4bb9312,824188,3,4,9,172.95316981656396,6.884403938173184,175.03592783136364,4.620948057228262,80.62612615281543,33.26309036991163,90.4240857868065,73.39883977288682,24.572113037109375,26,2259
4ae5798e-e634-37b6-92bf-f1d19d42f5bb,824188,3,4,9,175.71316263894883,2.9118699547162095,170.22433599818908,5.36209103442093,94.38500480706216,36.1370971215602,148.41581264036142,42.19796393099371,72.69406127929688,26,2260
3904680f-c7f0-3a7e-a88f-4d6b61392a58,824188,3,4,9,173.14349940812647,6.479772824223712,167.6897301155448,8.214535545722564,102.19261013938245,32.61699350615447,136.64968673936963,31.64697648922605,78.98638916015625,26,2261
a026a7e0-d3a1-3ad9-8612-bfa1efe238a5,824188,3,4,9,171.4530792221687,7.756405895986669,172.71803920914965,3.1549011072272286,85.39603344643118,31.94968098379577,88.92502955924013,58.73020188982569,14.300323486328125,26,2262
3f186d01-abd3-3097-84c4-c2e9fcb2f9b9,824188,3,5,9,171.96487234216178,5.743060776809148,174.44632693366287,3.7845277379420628,76.21103918731104,35.86397908981474,92.40556505029674,65.16750094644735,23.321044921875,26,2263
2cf9397f-687b-3d60-94b7-ac4f41b5498f,824188,3,5,9,170.48576476940173,8.6064605127966,172.39380711668912,4.224917112400406,77.54916937590582,35.081727749827515,79.42356331702241,46.10052497730325,31.402008056640625,26,2264
abb1b885-c0e2-3bb9-a5ca-ba5a9348764b,824188,3,5,9,173.48441696764337,4.812854782137526,174.7428951436783,3.871513116598964,68.90047104626163,44.1050081838142,109.53761489677775,77.22450624589862,46.26007080078125,26,2265
9b1035ce-bfd9-3a19-bba8-6cc55c332f51,824188,3,6,9,159.7123041656939,15.834464135036207,163.87159651221907,16.132544070855268,42.13966503950647,21.327911938055284,69.16369961489681,60.77313216476334,17.361480712890625,26,2266
01e79651-27ab-381d-8675-08ffa2ac5806,824188,3,6,9,171.87195346689575,6.3912104740239934,173.0856937194671,4.400607114592389,59.08621145034028,48.612301254777414,93.94487497341235,76.09092775721074,32.665618896484375,26,2267
2160e735-7f20-37c0-a155-26406d367e7d,824188,3,7,9,174.06542065390718,3.42335132220218,174.21720166862823,4.597868929175306,91.32824216098076,36.38790118795996,117.2711283160161,69.8258438434071,84.15936279296875,26,2268
3df7b5c3-b362-382d-8dae-c389c913858a,824188,3,7,9,173.0699647158914,5.7048662566921635,169.02249885040823,8.453279665045402,79.34264654849802,45.82899393828825,130.83513428005483,63.88933331719473,73.67691040039062,26,2269
a22c93ad-91bb-3532-a90c-9fefe66cee55,824188,3,8,9,175.36776967698438,4.077356672585779,175.3022970971748,4.1712269175194345,86.13778865828357,28.620759790991496,78.0205607586063,42.0425392858649,51.32562255859375,26,2270
3330404e-aaa0-3024-815e-060ed0eacfcd,824188,3,8,9,174.50192408018557,4.794808999797227,175.82468748982464,2.875227227805297,80.18765572206952,54.408928335440656,79.03818782284978,71.31305987659321,23.125823974609375,26,2271
cd496006-60de-3b36-a8cf-e0b5672ad5d1,824188,4,1,9,173.48746371720193,6.849886054576524,170.5475768317698,5.142108364646286,72.1107568200069,41.35485377163724,115.28270736038968,67.80813260168884,75.66790771484375,26,2272
394769b0-562e-3f9d-bed6-9265c7131668,824188,4,1,9,173.3025188159853,5.991605374125044,168.6815927468787,9.106636674410185,89.02888368985975,29.49888777943514,117.0511771584073,65.38128449607106,85.41482543945312,26,2273
2fe23842-18a2-3018-be90-d22f1bcd55f3,824188,4,1,9,171.55763818657292,6.495695440267123,176.07158482240268,3.8068826325706118,73.82000219930526,38.15867520821129,70.83286033469886,53.836629231344844,13.93560791015625,26,2274
fc225c6a-7ab1-3d11-a2ae-cbee8176575a,824188,4,1,9,177.0557682630392,2.3182115040496383,173.49261306759723,2.873366766127576,56.738440391053636,39.99508624528992,79.63135208519205,77.1683857260836,19.4248046875,26,2275
a1614292-6f65-355f-b142-9562b727c316,824188,4,2,9,171.362085904805,8.572772612268798,171.34354356635225,4.981212185095441,64.27516437883284,40.82504350324467,95.56370388448383,78.9469941262026,47.911102294921875,26,2276
6b79f932-e932-3c06-bc12-c6e1a3695313,824188,4,2,9,175.89580264562522,4.552381121405207,173.74770139688317,4.226264088922686,76.58413352726885,37.31496921728791,95.28701013391225,67.80677851688893,37.369598388671875,26,2277
3124af25-f7cd-34be-9d41-3f69bf683d40,824188,4,2,9,174.05366944823106,3.1631453290812503,169.29929360096602,5.245333663468598,88.91297380202136,35.427260406293264,118.9496108071973,49.027372582589635,94.24313354492188,26,2278
8382f986-d248-3e2a-89ad-fdc0a7b82b04,824188,4,2,9,171.50057749127848,9.343012506255311,171.51485891817916,9.661587751653993,59.90832586799687,25.770715888224267,67.24171243148817,64.75509025146236,13.21624755859375,26,2279
d7bb4b73-3230-3870-9b9d-d37b8ac07ff3,824188,4,3,9,173.57743279151438,4.871369309741949,171.34563962574396,7.467691856971155,76.36218542783992,37.94197866344068,97.57681349699929,62.03419744463151,77.50100708007812,26,2280
e814e043-e304-342d-a221-5fca8dd880be,824188,4,3,9,170.18654263275639,10.128523056934624,170.6841256860677,10.664785545051814,57.04908987854724,22.248852856736374,74.0600751056176,58.60341288598586,29.874908447265625,26,2281
3071f471-687a-386c-8d41-b9cfaa2fd4da,824188,4,3,9,153.49631732717458,20.023499041968666,154.66484568377876,21.954794177756394,51.13182619639989,26.46514519774384,74.88736485469174,52.46933277405954,23.637664794921875,26,2282
9813aafe-bc50-3b7c-8e3f-d1df54970c1e,824188,4,3,9,174.28338897205808,5.350896841302271,177.28267252139312,1.72463441475993,71.3101500722617,33.06692580509329,76.05537765178127,65.56089999722846,15.6663818359375,26,2283
50939087-bfa5-3ea9-8e76-fd02f17e4b91,824188,4,4,9,175.111133016662,4.174123233808956,173.3100311806112,2.7401604894617493,76.446289178379,44.4970513560065,108.27627225335596,60.78026234470676,75.30429077148438,26,2284
b648d4ed-2c88-37d9-b63c-34c607510d48,824188,4,4,9,171.89610509873722,6.730441220005476,174.52699984907832,2.6429645386280356,83.84712380080778,33.272351686097124,113.69927168525015,67.17134838397403,27.036285400390625,26,2285
664033e5-39ca-3656-9b7f-ba2e51ce18e8,824188,4,4,9,169.0947761179237,10.109031402156042,172.30905847448696,8.786169201540412,68.4945408293427,26.21003111779529,89.91034022352525,65.63040863940367,19.671417236328125,26,2286
0bc6f131-e412-3731-bab4-f89e3c63212e,824188,4,4,9,174.85620046903216,3.8205832101239317,174.96463400813587,4.195817490665176,78.39912997552324,37.456833575102785,107.22240901947927,76.23891413044183,67.15972900390625,26,2287
cac72ac5-0e8f-30d3-b66c-b8b8e7017718,824188,4,5,9,173.68741660055542,6.689024368525975,174.28077316017124,5.0430938692425835,76.60544126907027,37.581591393764796,97.29287127781788,60.68020983947633,19.4339599609375,26,2288
ed2573f0-c8f1-3cf1-8f8e-fa3331db3d58,824188,4,6,9,173.38441795232058,5.238292740582809,173.495507541961,4.992696160642443,86.75796025526735,31.014531432451033,102.24905208217103,60.4547710198293,15.205780029296875,26,2289
d84125af-9199-3e7e-ae92-cd385403c449,824188,4,7,9,174.27060755715354,3.179668433525965,174.51685778968744,4.784459313916451,71.77716186078295,34.687718042862535,106.18672919922072,71.13854663840635,56.2781982421875,26,2290
aed35856-d87d-38a3-9e2b-9679bccf04d9,824188,4,8,9,175.7874168360549,3.7573592416016117,176.60776533333112,2.7289561533088182,82.40805737545897,39.29585444063335,96.38338622528394,69.38872130344954,27.8162841796875,26,2291
3e715bc4-9406-3e07-bfbe-f944caaa53de,824188,5,1,9,172.82551344449817,7.254434711672045,173.77420716264555,4.1131003752519995,72.305459842084,36.18025350723385,95.53107576317247,62.979763735415844,17.399017333984375,26,2292
496e2a9c-dfaf-33d8-b494-43041a453d7e,824188,5,1,9,169.13188717061107,10.021540930657974,171.65893442473032,3.9083260182400434,77.7795134813021,36.54839184518401,72.11683485622137,57.97768835336911,36.7789306640625,26,2293
eba7ee02-e271-3a8b-82b6-cbf56432170f,824188,5,1,9,174.43094292819276,5.431113691834926,173.20908802348666,4.781891833173028,79.65763464718991,31.30447938366249,100.35416857143335,76.10674618776079,56.54180908203125,26,2294
3fca2c95-ac5c-34c2-9619-79135812798d,824188,5,1,9,173.19964036192334,4.083954388674228,173.98525967474495,3.7944604824576302,68.70094006322019,49.63747009148307,82.19074130667094,55.84110193125869,87.55960083007812,26,2295
3aa4c2ae-794c-3a51-bce3-a1e96324aba4,824188,5,1,9,175.19763757429214,4.565496640179334,170.15328983168286,7.446719990417593,82.93151293722866,38.98158392599975,103.52786113537644,74.72906785992072,80.449951171875,26,2296
5bc88d79-2d99-35a5-8d8d-8b4b9fb66446,824188,5,2,9,170.19073753689656,7.200413358579582,172.25248712788016,4.0136536063932144,73.11789839186318,33.5096521062016,53.58041799709861,49.25075526262016,13.530517578125,26,2297
6fb81e20-388a-3a53-8e4e-d6eb11652f0c,824188,5,2,9,175.37235739442397,6.5315635784634,173.5149834280778,5.651942507607839,86.48143923227131,30.1593380249948,127.54735146925039,57.2437249625727,74.377685546875,26,2298
dc15dcad-8dc1-36bb-ae57-2bef086ae93a,824188,5,2,9,174.26214606143512,4.914407442422852,172.1007131975124,7.87729000442251,63.5997806796635,31.139828482961498,89.7787772178419,69.65008972038,55.26995849609375,26,2299
4ecc23e9-8cdd-369b-bd92-51740bacf3a7,824188,5,2,9,168.25547217271765,11.295426990518216,171.55802963787346,11.324688469494319,58.62809083888447,25.599291010742224,57.46433315840012,53.03415942581999,12.716552734375,26,2300
56a29a06-311f-3fcc-aa4c-b58c42e2910f,824188,5,2,9,176.59592300363371,2.554702553673946,176.27693357960655,2.344596272751853,102.4340647589048,41.11680869909574,123.6576145356594,42.26794560556574,86.53353881835938,26,2301
76410508-9bd0-3228-9dde-72d3d2a1804f,824188,5,3,9,172.55542007108116,5.880465163007913,174.45015154410652,3.6559611980116227,72.30990642075106,35.090245184203766,76.15795683379626,59.40755979970917,25.33428955078125,26,2302
76aec541-0d8d-3f48-b010-6f046c1aab60,824188,5,3,9,174.51306953453096,4.553801760389572,169.60015673245235,6.022225040955241,109.65779436675331,33.979872245603794,137.70950731870752,35.965891536830476,74.14892578125,26,2303
b0d9c14d-5083-378d-a63f-110cde554fce,824188,5,3,9,174.3011255445267,4.965579368636712,176.72830342639924,2.04598569159953,77.05033899081587,33.35264935812294,72.10408526450392,58.43727598686001,15.20947265625,26,2304
5fbd0afc-346e-30a8-8930-6f7b3f4d6b1c,824188,5,3,9,174.42826024757665,4.159086839275561,176.8661665875835,2.678739526941136,90.85309594130652,46.307126380524814,87.49519461720894,57.50846872468804,22.741912841796875,26,2305
35b02068-d6da-3989-8008-bc2f2c27d976,824188,5,3,9,175.91049753897903,3.834182486012945,175.55875747947576,4.960578926162432,86.42396760482958,43.809194378284104,105.73784644157591,75.32867917200215,85.98367309570312,26,2306
caa934fb-c830-37f3-8c9d-7c38a4caafe2,824188,5,4,9,173.85669588525806,5.640272584431892,175.14393138523877,3.7658135496812086,76.63856745960865,42.8616489991211,89.96562822666776,65.87678634845687,15.44305419921875,26,2307
935deae5-bf0d-3216-893e-402473675bff,824188,5,4,9,173.00119402981383,7.103336004646078,173.26693250633278,6.715527971800788,72.02565883555629,42.925093083628035,106.98488848691068,71.51441302369155,78.08709716796875,26,2308
f650e23b-6f7e-3206-9494-4daab06184ba,824188,5,4,9,169.83935777551974,9.000547909255289,171.3955457561357,7.10916383068122,72.59320638519438,25.784270791217104,84.3728310247465,63.882077084056235,28.667999267578125,26,2309
0cf08e76-b86d-309b-8fec-847c2178140e,824188,5,4,9,174.15674784663943,4.338710550404766,174.3435331701621,5.593082189277635,75.00447565213304,49.396040457353585,108.62387038112314,58.29525441515409,75.76852416992188,26,2310
386f7217-0897-3631-b0e3-4941a7075a6d,824188,5,4,9,177.02267770355903,2.332364984476133,173.4348482090992,5.079017171067686,76.12669279306883,48.68752403736504,114.11170210216193,67.95132903390895,76.66500854492188,26,2311
47bbf294-5d5b-383c-8b9b-6273c82a473d,824188,5,5,9,173.63459060192278,5.06253461479727,172.89493689928923,4.913251663915781,75.38842965372268,26.730702981514696,96.05426679044065,74.74063533229315,47.378753662109375,26,2312
fa131477-2884-331a-91f8-3e8aab4804bd,824188,5,5,9,173.11627515498307,5.674656433510335,171.4468824989865,8.603652743689148,79.15171645370602,45.208727074845214,122.11888421082017,59.25181391333919,76.58856201171875,26,2313
cf2f4791-7134-3b14-ab3e-9b21cd516690,824188,5,5,9,174.47480556023189,4.098970167521046,173.7442124292495,6.760998466954883,79.40222010595008,38.99747805547519,105.94083249221318,68.40109762613835,86.80792236328125,26,2314
4a76bc29-d10b-382c-a89e-d3dbbd4932a6,824188,5,5,9,168.39191407909328,9.462981145989867,173.1722652054488,8.229051692060516,62.998546464035776,28.892370509360383,71.85442348350027,69.3663747861431,11.664947509765625,26,2315
8b948ef0-3260-33b5-aad2-be25e2d3eebb,824188,5,5,9,175.9843374898684,3.293309119052884,176.44505673619145,2.8126382042881817,72.29741217509293,48.30700020862736,102.28097717650972,57.19444887215575,67.24615478515625,26,2316
da61f6ce-a580-389d-8e46-db57a5c10386,824188,5,6,9,176.72740130214967,1.373993001692638,172.01684222253465,3.4049757957753735,97.15219438149006,42.132575083871636,154.10277860810754,23.591476090355165,85.92623901367188,26,2317
334f36bf-0854-36d2-836e-88a39366155a,824188,5,6,9,171.47312228201676,11.059507899195278,172.79341030607753,4.095834611990954,68.74848455385099,37.80465870802731,78.8407388312979,62.761513702502036,40.013885498046875,26,2318
2dca484e-7a17-33e6-8a83-83337e55bb83,824188,5,6,9,174.8944278365956,4.186349621133069,174.74068658464637,3.29169888978198,78.53611365134842,39.57932616366304,106.98657323583517,64.07223863343427,86.9051513671875,26,2319
8ed5bf4b-620f-3317-9f9b-0c96135e841d,824188,5,6,9,174.25331593240696,5.672491446859328,173.58677471856117,6.042278930970549,85.42985574143125,49.2871928985025,106.41414352900328,63.198087983443685,21.75140380859375,26,2320
072da119-d61d-3d60-b0d7-dca6dc1f7959,824188,5,6,9,175.79852434353535,3.9291466870850043,175.87132288147154,4.2112903115182405,75.34030019847215,32.5591723657551,86.47806524553062,71.55196854168231,22.2830810546875,26,2321
c54169a9-1df1-3869-bc20-f7b70177d024,824188,5,7,9,172.53574722825365,5.166207407127972,169.42671768139024,9.166358594410347,77.82555958572885,25.575749253013054,89.80568233405928,67.30561648913452,60.65740966796875,26,2322
c83e71ba-d65b-3c2c-a7d0-770c30abb97b,824188,5,7,9,171.97258991302525,7.760339245458558,174.52764409827773,4.99527132509798,61.73085665317558,45.31618853136888,98.20949581125595,72.40299508737428,24.39337158203125,26,2323
d4915d6b-2bbd-3406-8a04-3469c29f1afb,824188,5,7,9,145.2250807610543,23.214325424745958,150.8126234970449,26.999432261942847,70.68555328676332,42.51705375111409,93.30561613312754,62.53180901959348,25.20465087890625,26,2324
712594aa-5e25-3bcf-b42b-1fdf58f28182,824188,5,8,9,168.81234087339175,10.210739623953156,170.92443479467818,11.635295018611222,70.19711230385434,33.66024332661881,77.0993527915004,49.91405269609063,19.40789794921875,26,2325
c36b7263-d5d1-38da-9b49-0c869a1c0b24,824342,1,1,9,172.0186106417638,4.171802727268557,173.34856101851514,6.099870039227489,79.75518491348102,30.102470911126787,38.23687482116548,25.677320769141872,64.48513793945312,27,2326
e55b4c02-e9df-3dd1-b790-40b598945a99,824342,1,1,9,175.33660258672663,4.957247834358488,174.57850406951428,4.219107432740917,103.35698062711043,35.67280376620117,110.74438452140232,42.802984884305204,83.4732666015625,27,2327
309b72d8-1a4d-329c-87e6-8b63e5999d50,824342,1,1,9,173.42003917201066,6.071447101000241,172.71452236904886,3.9206714441843844,105.0539778759314,28.302088518045164,86.1762361257251,37.70747409938974,60.579864501953125,27,2328
599ed466-2a05-379c-9b13-ea8779bae706,824342,1,1,9,173.74187662651448,4.1280461353987,173.56535401565284,6.117313846076874,81.25209644709702,52.70029398377121,70.53451823771866,52.07662143716862,72.537353515625,27,2329
1e01a23f-a3e1-3187-9afe-8b42b2fe8190,824342,1,1,9,163.55068061758433,12.36617350738419,164.1811132382869,4.623204483340424,109.24021632341677,17.947994974254573,87.58330533542369,15.604184602033861,82.3365478515625,27,2330
cf7cf7ed-c189-3276-85b4-f70d8833f8cb,824342,1,2,9,171.91592309426693,5.815280139245457,175.4946899133603,4.392767538769308,111.59866103103555,40.715940586463994,105.06309335534723,51.84707455129545,81.67947387695312,27,2331
c14e0c9f-a46c-3f64-9124-eff02e18cdba,824342,1,2,9,175.31235164027623,5.372417376706495,176.3407077259114,2.622328130268805,106.95585314697746,46.59634647681517,97.57632940697313,47.56177638403172,85.18710327148438,27,2332
42e0462f-b66e-3954-88b1-c0c8d7d648cc,824342,1,2,9,171.3747341860691,5.6480453215010415,172.75914431404397,4.830729755303696,76.9366485872668,43.45276790362698,48.77267105760247,28.182464055120423,37.770904541015625,27,2333
8f6011ce-ace3-3e65-8f13-b8bd0e8c456e,824342,1,2,9,173.663552413308,5.6254375438129935,168.95256628822398,7.847465527028058,73.24408680871268,44.40922735113316,84.65115629933153,56.23233897882936,54.842010498046875,27,2334
8e3e0bb1-b1bb-31ad-a6bc-934cac0af724,824342,1,2,9,170.20139246007557,6.375743521382402,166.81267950578174,8.221508114397569,86.1205302643212,49.18469040347714,40.45217097877024,27.323737957771026,79.33392333984375,27,2335
15765cea-1103-3874-94ff-7a420f882d63,824342,1,3,9,172.82761483287925,5.935418042342198,176.65996120416133,3.3296040135213563,110.6106081371928,37.57579438742507,109.24994003016948,46.47237642634765,90.02432250976562,27,2336
1e4d6a15-5ca2-3453-9f34-1ad14ea1245a,824342,1,3,9,172.71944617975794,5.254266157102352,169.77659623194495,4.259560301230823,95.61653547135519,34.817634031801376,70.75273715727026,59.05852371014472,65.54080200195312,27,2337
c98ef466-19fa-363c-9c7c-5dddd9d12397,824342,1,3,9,169.11905063790866,6.974827427176075,169.85983798107208,6.6318320038131215,109.90272414393573,36.17735001424501,74.12782523743145,52.52743832735464,98.49691772460938,27,2338
d120be31-460b-3de3-9d8c-87ecf37af991,824342,1,3,9,174.93655398134243,3.3685465388415157,172.92566783276044,3.5266835191885892,108.01552945092547,32.03071648806694,94.65063982637668,38.983821433557665,87.10546875,27,2339
5277ee12-7487-30da-b485-aac9e65a4f90,824342,1,4,9,137.52948296145138,4.722448424300803,141.6890894982113,4.244384448281603,141.87278020259174,19.80732354991567,164.80463108409776,7.737980482708988,22.866287231445312,27,2340
23e4ca40-c87a-3ab2-a4d7-0742b1d1e92d,824342,1,4,9,172.72346283321826,7.290117276896141,173.55468641637992,4.125805545844562,102.78953965722886,36.598692227115976,103.42484076328525,40.830508358753136,81.52572631835938,27,2341
356448f9-d99e-3e4d-8dd8-24bdc26dacf7,824342,1,5,9,172.60227423908236,2.34320324919612,171.1097939804143,4.612547563412262,86.23734740628214,54.14219384511512,84.93753633956652,36.64970793777896,84.13687133789062,27,2342
0d0fd653-0230-3869-832f-95ab654fd109,824342,2,1,9,174.48566666323936,5.325907805518587,173.90986903569748,5.397281196118629,121.50701453117017,42.95114094448453,107.01782945503672,42.8769712388142,80.09246826171875,27,2343
1271763a-45ae-3bc1-9f24-9143c6b5021a,824342,2,1,9,174.66715635511838,3.0781050295171806,172.21901487263366,5.368639402347868,107.2172008928706,24.21408982132157,84.39778493581167,37.060761506940636,59.532867431640625,27,2344
92f0dec6-cec7-34d0-9e88-288568aded39,824342,2,1,9,172.85816027682532,6.101671227932718,174.38059630225698,5.750674829484854,112.35821228892347,27.235289142733567,72.25570505210246,41.38545687393336,68.173583984375,27,2345
1a3893ab-82b0-32f5-9487-64795c93bd15,824342,2,2,9,171.70038877214404,7.3171735567518486,173.59194212073703,4.491890208811472,79.02167988592723,40.92712848052635,55.4485520086071,32.51484341696322,70.17889404296875,27,2346
ff9b7caa-6aee-3a96-b685-891dc0a41e00,824342,2,2,9,174.89304752718394,2.0345066338587046,174.07667537525717,3.7535599570869134,100.10927748228846,36.86445326386257,96.52386127568438,40.471268442771944,68.93212890625,27,2347
890caafd-d5a9-38fc-92c9-46f4608cfa54,824342,2,2,9,173.62244044473755,1.7090680343811666,173.69972241365716,5.540157261252796,121.23009137183206,40.262171502167824,106.14482439207103,45.53431585485357,84.2215576171875,27,2348
7052ec03-72bb-3f83-8ef3-8f2574b5dc69,824342,2,3,9,169.44899673004969,7.077329597314402,174.7562767743848,5.037709265848513,130.2056581356318,26.209273606456602,121.4095360914677,56.116180107806585,70.74188232421875,27,2349
50ef1728-baa6-3b50-a6d3-b9dda2b3ba6a,824342,2,3,9,169.95975391122522,4.60433777799497,168.41907725645044,8.488926558106753,122.46860673613475,27.767939875670905,116.3216704578235,59.286548346626056,68.5120849609375,27,2350
4697b43a-5cbe-3470-bf39-1611d5342684,824342,2,3,9,173.12579802613712,9.563744888866918,173.5635775385009,10.390660475244985,91.91257753331237,40.896045204680604,47.47082232127221,33.590744809572705,27.077972412109375,27,2351
96406aba-dd1f-36ba-8e11-44174a6c90d5,824342,2,4,9,173.14045280062635,5.797334348614929,173.6671470514291,3.987915962891719,105.16921375018667,37.75500404325536,110.50974909564269,58.832001160679766,87.7066650390625,27,2352
b753fd4a-4236-320f-87e4-23b02654113e,824342,2,4,9,176.10500545834842,3.166204667471595,175.46748544381524,3.8027676277737905,124.66698391479255,41.85945297755591,111.20686125913234,29.60948279663497,87.2362060546875,27,2353
2bf9ff82-6d3c-30d6-a5cc-bf0e3bf5fa1d,824342,2,5,9,174.25405766324664,3.2072901372863254,174.08992578435922,2.4982213032606873,130.44759331807464,13.985268003686546,134.22919934993124,36.89623898003325,65.44216918945312,27,2354
8913059d-bbf9-3f3d-9e88-0f751bc57f5b,824342,2,6,9,171.61158957254779,6.033441505211357,168.96709351641502,6.120233788099628,117.60823649472766,25.31109070413881,124.48546400826598,41.68152360377303,73.22647094726562,27,2355
96d855d8-6c9e-3883-bf6e-4a9697633e9f,824342,3,1,9,174.88902536531424,4.090318136962672,174.98345024326488,2.6677888007765946,112.4569530050315,43.476212881001345,75.50161171373661,23.677059376015293,76.10205078125,27,2356
abbb3c87-98b5-3cd5-8333-3fc3ed5aeacb,824342,3,1,9,161.0905453185864,11.060046286776894,168.85291229641746,9.75488976518129,76.47414434381862,31.652452148540668,54.653590649580345,33.556749861842626,44.213958740234375,27,2357
2087bc6c-dd49-34b9-a15e-a0703d3249ab,824342,3,1,9,172.03266123090495,5.996284950009948,174.34976960920346,3.1561477229406516,106.99401986950346,35.56854386227833,94.12368601630313,43.58623259719083,76.04052734375,27,2358
dc49e04a-a641-3cb6-85cc-24b4dd449147,824342,3,1,9,174.7625353935534,3.9364757009037272,172.7300971448849,5.9567390493044,105.39769873528697,40.75859383540122,95.85990519285704,29.005039525639592,82.82015991210938,27,2359
f52ddb29-8ccb-3521-9b3e-29b4c3bff40a,824342,3,1,9,159.50844228783282,10.812414157924538,172.73583192612472,8.666554216757376,35.366643915505264,42.76682677388441,161.73925902606848,16.10889528602873,101.05941772460938,27,2360
5883d379-2ca6-34b0-b6cf-be79003727a6,824342,3,2,9,168.64831420723218,11.458096043179305,168.34869163106885,9.473958725652757,82.9649606553318,39.706051858339244,48.73238075983121,28.71459669355581,50.3450927734375,27,2361
b2a11e30-539a-33bc-b4b9-715ea1c4a436,824342,3,2,8,,,,,132.587276965143,5.9897400927009885,140.92842583106565,6.250785662590804,77.43351745605469,27,2362
11497ac7-4b89-3a40-8095-410134460028,824342,3,2,9,174.28699915476363,7.3672010801114025,172.51934070164776,6.497150724322184,92.64890190816881,33.61750267864689,96.19242245632935,24.853888566315984,76.28680419921875,27,2363
5a6aebe5-cd43-3a4c-9044-7eaf9d4a7eb9,824342,3,2,9,173.21166201463694,4.603849880161743,171.3745613172158,3.688954934838245,103.54469266756882,33.848341578588546,70.56435379259771,25.472434046711403,83.0367431640625,27,2364
f502498f-e864-37fc-9b4c-b21991c0820d,824342,3,2,9,171.9370599737366,4.40130014051108,168.8151768051352,4.620693629056383,92.10415244354648,34.94618180046393,53.449685754876235,13.428457094227364,74.39898681640625,27,2365
2d3cd453-80be-3ede-b87c-b54c0c16ce35,824342,3,3,9,177.76127566545352,1.4371339731797255,176.04702329446647,3.12132613790616,86.06215162212919,34.889194734300744,41.42817988067903,19.52977113535057,69.1702880859375,27,2366
2d9b6a96-898e-390d-bc96-1884b0531045,824342,3,3,9,173.2118915322845,3.5846691176157703,174.80306104244886,3.156248669598172,117.89002575868764,30.382882562806614,100.77392092550015,30.649527216777344,94.630615234375,27,2367
1a0277fb-7512-3b82-a652-2aa3aebe5fca,824342,3,3,9,129.09577264423623,2.9001829006178768,129.9223085400887,3.628569127034767,165.95461694886737,10.76996911187895,140.53921633857726,10.12597580808879,9.1146240234375,27,2368
385af303-f743-3140-8ecd-e9080fb24ac9,824342,3,3,9,172.3474491059328,4.519471161608303,170.16298709911842,5.367218066445955,122.00932440087452,31.528459267978988,101.14594455591497,44.94253076706804,67.43603515625,27,2369
9aaa10eb-a4d0-3556-bea4-fc27db4540e9,824342,3,3,9,168.59343364747812,5.866793894458734,167.79291808038727,5.526129042650617,95.61547092901414,37.40570795385442,56.61394761025942,28.22629076519905,63.952301025390625,27,2370
40da5ad9-2176-394d-bd3a-9ca941958e5b,824342,3,4,9,172.63146569079285,3.7613922794799373,171.73277824081913,4.4388188832797315,85.7371199891644,31.44051051574204,69.33802567851407,25.283972487527503,70.87094116210938,27,2371
22abaae4-686b-36ee-9224-5d73cbb44ada,824342,3,4,9,171.96768618279512,4.630429543767753,173.1536616965112,5.77669091069585,108.07842255890802,45.44759763556215,104.0640029770542,42.879419639520094,95.88247680664062,27,2372
5acbce3d-5e35-3137-9831-d0407fa381f4,824342,3,4,9,173.2009321118323,2.857457502212068,173.38752954875943,4.96596223423275,80.64390128038534,42.1199980034731,73.47363771595167,41.121155697997814,76.32907104492188,27,2373
05850df9-988d-3e1f-ad64-beedf8ab69bc,824342,3,4,9,173.83750731858493,4.023713817761862,174.09912308350465,4.639445732045696,121.52945771894451,30.842576082636466,88.22618853170847,48.83560189528492,88.43594360351562,27,2374
5dae1e4b-3bfb-30e0-91d9-a28547754c1f,824342,3,4,9,171.86264966795582,4.535876794446561,168.25191617115013,5.762941382517646,99.73378240490888,38.29381337879536,92.68854779512665,73.67072073184389,77.915283203125,27,2375
46220af0-c606-34c0-ba80-5c3d4accdf4e,824342,3,5,9,173.832742140075,3.357753473164628,173.14684493010722,5.346765935596528,113.96244276819044,34.056580198306584,96.03545529556199,41.47828445640806,78.77154541015625,27,2376
b39e4c5a-a296-395b-905c-6fd992ade283,824342,3,5,9,172.74994288067924,5.621549535514568,175.18727152726453,3.9706545719963824,134.5521962522091,28.29469296621006,128.33470956928693,40.30880288762146,37.541015625,27,2377
72b3574f-41e8-3bb1-af32-7fcf1269fd2d,824342,3,5,9,170.84475538684902,7.614530870525172,170.00842709705813,5.521743830877004,108.5914792319092,43.41294503620863,115.20916767059268,41.53969915152633,78.03121948242188,27,2378
8b0d1712-ae61-3c2e-86b6-f7b6f25000d3,824342,3,5,9,170.86118419701896,4.936723065826973,167.29479139162518,5.668923167843205,80.02763125508984,36.13743808386876,64.0603495603944,41.94721745388333,48.564239501953125,27,2379
5b40bb76-b73b-3aa6-a52b-d58243a2d4b9,824342,3,6,9,172.14545091509194,6.095171496601677,172.53789583385264,5.728431609162054,85.4140281307773,26.26939497637869,49.15258498044963,12.993991283555838,68.131591796875,27,2380
5b33c627-2c95-3386-a0bb-db18a7024bd8,824342,4,1,9,174.709628098854,3.8851548910226255,174.27707249105333,4.207486399448838,108.69131474498421,27.77634126553841,69.66406061100047,42.83333115143633,78.67092895507812,27,2381
891f3ec1-b0e3-3746-9b49-1bf23ce18f47,824342,4,1,9,177.003942645169,3.8856489225535715,174.69160367867715,5.411506900667873,105.0439998745278,38.307070075148786,87.64166876319064,40.30457245728761,75.55328369140625,27,2382
6ea9fe41-2753-3d9d-80c3-298b79b58080,824342,4,1,9,173.1768249272489,4.845452461062032,173.25691743910642,4.412809934385586,110.79907254808414,35.76469133237162,96.92441729999514,58.199163325910696,66.60476684570312,27,2383
61a4c379-3a98-3061-82f3-b3b38d128264,824342,4,1,9,171.2267102144932,6.411128696185183,168.32708162472608,5.17135998932877,121.49972961762624,54.632827551696096,91.52058523938163,26.407632823362793,64.72671508789062,27,2384
9919b303-e086-3e51-ad11-52cb92033e0b,824342,4,2,9,172.4602682899256,3.4392177751038346,174.72047187474448,3.7258514630899584,85.67920645072948,33.86617228347339,67.21698412889582,30.048504684236327,74.332275390625,27,2385
150ebf2d-c7de-3630-b1b8-e306497a18e6,824342,4,2,9,173.68541986966645,5.047992123257868,175.0912258400318,3.6001373249716018,123.10397589581527,25.65387991562328,102.74489650580443,36.24951916965808,64.22549438476562,27,2386
2b42f1de-6bf1-3a29-aafc-9288bcd3a9d8,824342,4,2,9,171.50053179461025,4.900494152243424,174.30249328934386,3.9502732440004853,123.01986712204656,24.376870502115374,108.31179154510319,46.11419450741682,77.8946533203125,27,2387
5f5a0ff7-2071-3d7d-929f-71357655610d,824342,4,2,9,171.28875669412253,3.240948162182788,168.7301447803333,3.954041994559138,93.09455530115923,34.48998440847959,52.63581283365346,37.29901019822544,74.8040771484375,27,2388
d898e151-06b1-3469-9a65-38edb388ad03,824342,4,3,9,175.2529391287112,2.1171081638983384,177.5005331595163,1.4755453619246903,99.63921993847957,44.2456046295304,78.75207826685391,23.292242750954156,81.7432861328125,27,2389
811dfdcb-7021-3cbb-8c3d-dcfef2b14f55,824342,4,3,9,123.63405813293626,2.2593326102706293,126.67250166461261,4.7775466739808685,131.40472466787813,25.167035922196103,132.30232548615055,6.1580079780693575,19.8460693359375,27,2390
54e3ecfb-8b85-3308-b7fe-c68cf73a46ff,824342,4,3,9,171.03333278485644,4.280856003648914,167.19910372698678,3.646954337743525,128.72248029948577,31.221302205328975,112.2032899230458,44.1733762175891,70.94412231445312,27,2391
dea5920c-7c40-33aa-bd83-aa1637f71596,824342,4,4,9,174.0597441962251,4.7221118296852636,175.66442643994236,4.312916532393405,76.4124587055504,34.34259475630659,40.77283500397245,30.203997209404275,80.765869140625,27,2392
fd09544b-3cea-35a4-9f84-7c2edb2243f4,824342,4,5,9,170.32025295744018,7.975252209337266,170.08613725305858,8.371992430901129,97.4220211905785,35.38101175351967,28.59166841726278,13.596950878570164,59.175048828125,27,2393
15497846-3b24-3d86-ba8a-5f888a967b9b,824342,5,1,9,175.00398683769365,3.5538525401588883,173.6600880824768,4.621925190050552,92.81927524020776,40.27209645074566,44.788736385302386,30.755896545059013,83.30032348632812,27,2394
2230a888-bbb7-3b6e-b8ad-8cac6fb114ac,824342,5,1,9,174.4650412106105,1.478390415923414,174.2061273128485,4.8545316558021385,128.70712723381632,40.963334465853805,129.70247394800097,35.73368417197794,52.57623291015625,27,2395
9bc2f699-20a5-32c6-9d5c-948b7462e703,824342,5,1,9,173.39224515032595,2.9734701222995996,174.31821311222345,3.595147738375864,95.62116022074105,46.58723596562476,81.3053052152644,27.909113452621842,63.93438720703125,27,2396
fa84965b-f823-3d86-94e4-1542b6b34aa9,824342,5,2,9,174.76819546146027,3.7135738377358454,174.2258794549523,4.5413696629347795,93.09051830366745,27.850616757727998,64.74758519936454,34.303361309912646,76.58004760742188,27,2397
91b4cce3-9ad4-3de5-81af-82f27f924990,824342,5,2,9,171.10385316162737,4.86951850829091,175.13841382031708,6.125459654445017,109.0043985868943,44.3925848842082,107.39327551555296,47.20509574775625,60.8743896484375,27,2398
5361aa7e-2973-3249-9eea-4f8d8243f9d6,824342,5,3,9,174.3952602661577,5.077583800225721,175.43477860703103,4.294332529574071,107.0060449803861,43.71853673403929,89.82651623028633,57.081147236766306,56.4576416015625,27,2399
66384976-d6ea-3579-929e-b3841ff9f888,824342,5,3,9,171.106390680475,3.660783614290486,174.54448610754116,4.642432879834492,102.09290684330881,40.620923847315254,118.01710773915349,37.759787295684276,63.9296875,27,2400
01b7797f-fb87-31a9-b323-581841aac369,824342,5,4,9,173.7996331609032,3.99915230799318,172.18164986404253,3.8874149045553557,110.38057547597299,41.41696413963879,88.27512391753741,40.54096306046118,80.26077270507812,27,2401
28a9ca15-dddd-356b-a910-e7fdf9317543,824342,5,4,9,175.00228064313615,2.9291489008276015,175.51714672556977,2.740589722481673,115.25860730302118,43.072253674489545,99.66427984708722,51.04379206867954,80.69287109375,27,2402
1098f40b-9a8d-31b7-8c34-4824d1fd764b,824342,5,5,9,176.68200894689593,2.0723963269452064,177.10566577275446,1.985522699792321,89.5811328526692,47.625834806034646,72.3828304952266,25.95514861713938,76.68927001953125,27,2403
85f424b3-6b52-398a-84d6-37d3a4d2636f,824342,5,5,9,173.0479846036311,4.024182679156135,175.1587130439732,4.017854587505838,80.91640066229617,32.2905993429263,53.37098954622939,16.410240070571476,63.8385009765625,27,2404
e2e73930-72a0-3980-96b9-2c4759b133d9,824342,5,6,9,172.83580346936262,4.3543789604770575,174.05148821227104,5.480507171158224,96.36352654814971,48.03120711351896,71.87655176931715,25.324375217432937,85.56689453125,27,2405
0018da3f-4b3a-3047-be14-f8e5f8fae901,824342,5,6,9,175.72570074422987,2.3711606401222527,174.20119750828292,5.237810885425086,84.20036065180079,42.31399834925924,67.62490715381938,14.722020325469867,68.75787353515625,27,2406
50ea3395-fe73-38fd-b384-a8d40fc9b66e,824342,5,7,9,172.67650277497455,5.874817464667421,176.07757218618138,2.0130364399277023,120.88651497036423,46.03351041838685,107.07921328140881,52.309239421473706,65.22610473632812,27,2407
cd4cdcf3-00df-3df6-b1ca-f01a9f932d22,824342,5,7,9,173.59685687833726,3.7284710558495493,176.0083162126643,3.5873545524725645,117.47868581669816,34.77682763967253,104.40961416401848,43.947014030879615,67.63955688476562,27,2408
753ab2dd-d4f1-3f13-948c-151fba3192d3,824342,5,8,9,173.3027605530589,3.944487126633854,171.72628275028356,7.517569736919049,112.83942839200061,41.07260396535244,83.65436341812133,51.53438839153006,68.24151611328125,27,2409
124fcd1e-ddbb-3960-8436-4456acbf3d90,824342,6,1,9,175.3937289433326,3.098884100133999,177.09719240429592,2.883467207533294,106.51468783016503,47.76738869958045,94.61161132756239,33.373866708949066,66.56771850585938,27,2410
fdecc7d8-5f10-396f-b6b2-d96b154d2cff,824342,6,1,9,171.22490688640937,3.1126751055297426,171.99165474963442,4.786460088710592,98.16441109467699,47.18023662588076,81.59531030696768,35.92388838518381,79.76434326171875,27,2411
8a2b9d7c-cc81-3367-8e24-f642df1042d5,824342,6,1,9,174.4456250192806,3.896722653451103,174.86609515980606,3.92245184137944,104.56962609037724,35.56325156453622,75.03366930488637,40.8518762490919,73.0830078125,27,2412
7f2d61ed-c327-3c05-bbda-a98b7fc0092b,824342,6,1,9,173.3690788266973,4.302591768285381,175.02656346164693,5.374415567518022,105.02842666006873,39.248901278481924,75.7929939838785,62.61086499302712,70.85894775390625,27,2413
12385d11-701f-3eae-9fbe-04ebdbe71bde,824342,6,2,9,173.73248269913864,5.228030951407142,174.582442789849,5.135267596357884,122.59738292142603,29.10918125469874,121.18242009799921,34.865739150532306,72.31707763671875,27,2414
f61b4b83-72a9-3687-b7c6-fd56ff4bf776,824342,6,2,9,174.33099670447825,4.301255776081486,171.43423196569964,4.838147938457665,71.99959136609031,42.07555704905998,62.44162274308769,44.7997732243599,71.0081787109375,27,2415
cf85ce82-14f8-384b-ba13-7df77102fa42,824342,6,2,9,174.6387350443445,4.67321603884402,174.9360084016877,4.020456833510509,92.99338348842292,32.44197989189951,57.39156748030603,33.22050006354049,74.2264404296875,27,2416
3d7a0a21-3b92-34d7-b17e-873e178635dd,824342,6,2,9,171.2016554398901,5.216061531020116,174.02525956984124,6.1089068534832345,117.65114106557982,43.41088552469868,115.59954842277745,48.569735985991336,69.33822631835938,27,2417
e42e0302-194a-390f-9e67-a7a227230579,824342,6,3,9,174.86005205855534,4.780309139646413,177.92340517725881,1.3125932321429117,112.68031290763548,32.763411824033135,107.73457751620762,35.35858587967714,75.82962036132812,27,2418
29984734-9559-3af5-b256-35eabfc14d18,824342,6,3,9,175.23939823525166,4.125962367791968,171.68945817352338,5.6501573310288045,123.13811058546003,30.842740123655147,86.39585598058459,51.723112686424514,70.41110229492188,27,2419
2c84e76f-742b-3003-86ca-4c65c6c1515f,824342,6,3,9,174.91652910400094,2.77360538057562,176.99632428802062,1.5909777161925847,102.76462099785297,34.85680192802373,69.68722457220545,28.845670104232664,79.2325439453125,27,2420
d0c67da6-65df-3ebe-8713-5bbdf20ac03b,824342,6,3,9,171.7487191864337,4.541449597581017,174.5769672297328,2.977012713544825,112.40920858203054,41.571139086918585,109.51453959441353,51.528598206784,69.296630859375,27,2421
1e106d98-6b0c-31fc-a5cd-98af6d92d6c3,824342,6,4,9,172.29248535230678,2.6154499367631203,176.36012230499304,2.1453902571312726,107.97382542363223,39.971434231154475,104.17607357610486,29.84016312929779,80.13427734375,27,2422
f2419e70-21b5-3723-9037-4d9d93c8760c,824342,6,4,9,171.31411669309634,4.416490462814783,164.6282566372866,6.300595457412158,100.51720047717599,33.35643371669172,73.95754637243617,30.738520479526915,81.90020751953125,27,2423
b0cf983a-af1a-3fb4-add1-0b00e078842b,824342,6,4,9,172.1152393818114,5.265858606286516,175.27196209703666,3.1994606574121356,87.46246963259475,45.168598405559045,49.753232609614,28.591763132665143,80.71420288085938,27,2424
81f47d10-f96a-35a5-a0bd-8bc0b175d597,824342,6,4,9,175.87310106141024,2.266328040829864,175.9176564200158,2.5940990722177335,107.76726999214571,44.840532522859746,75.46927499653654,35.28214406582434,83.84637451171875,27,2425
7e2486b6-46b4-3745-9363-9b30591465fc,824342,6,5,9,169.91085913734705,5.082107054717674,172.3070464248958,3.395753793684573,77.77391744952193,34.87859759058637,63.62230640305495,32.90977459036217,48.6654052734375,27,2426
70faf91a-6606-329a-8f25-1d61912a3d0e,824342,6,5,9,170.93879856771153,4.310528437383061,168.0436007934003,4.941509960585285,105.77708435467525,39.262540861984164,57.16832791421679,27.700160166898996,83.78384399414062,27,2427
1bf111a7-b6bd-3eed-87cc-191996306d9a,824342,6,5,9,175.97511775414216,2.8152775218618853,176.46140052029938,1.771431195687474,103.94815019634878,43.31042815911368,63.88772453451509,42.22049626309041,87.42660522460938,27,2428
b2071359-f59d-382a-b16d-3a66ab84fc55,824342,6,6,9,176.96923599786533,0.2502375381346655,173.1577536692906,0.13738272284638187,141.77295275395457,0.32361675282961405,160.15961112499767,0.20205331980003588,0.541748046875,27,2429
4593aa25-eb35-39b0-b5d7-88002a286302,824411,1,1,9,160.44130858926985,3.8428093980624434,164.74812374860727,4.541286438627617,160.57243003238085,10.305625415688104,73.61295549513876,23.455810468548517,100.3045654296875,28,2430
0ab1c076-f6ae-309d-a95d-234d2e177195,824411,1,1,9,173.50004495944518,3.0207943028565896,176.53914518634653,2.409057027949236,114.84521432710397,47.572016397711124,80.8392860057724,9.461797410187524,140.71182250976562,28,2431
a2e62c75-0f7f-3473-90ff-cc6969eed1b8,824411,1,1,9,158.95155419336405,5.544970605652109,164.7196630281759,5.878675104033164,135.88557756001458,26.530446744945255,97.85571440798914,16.54563131285026,123.4058837890625,28,2432
94395411-8d69-38fe-811c-b713e7101ab5,824411,1,2,9,164.56864107236808,3.427459175394862,165.93735126284253,7.257517845602836,151.6695969751822,9.473829654761829,82.41596347631736,36.29282985788009,95.0374755859375,28,2433
a8f05b2b-7aa9-349b-8431-9c6b0dacde20,824411,1,2,9,171.75386035011132,5.813898060080883,173.44220972010473,5.759039042756835,132.15950745605323,36.414679071711724,77.4923566829582,18.9158406852091,113.89834594726562,28,2434
39aac7af-ac68-3800-8f25-44da2d1d826e,824411,1,2,9,165.22316415427903,7.978642607129316,170.37169161273192,7.382764205079343,113.7663650905965,27.42319094754955,67.7247871297662,27.43779917806803,125.89434814453125,28,2435
4f4103ef-6e5e-35c2-9a5f-ab7fb00d7557,824411,1,3,9,165.2915236363048,5.015169237393197,172.6261168058969,5.220307856397993,138.84375477695977,19.848067994725387,76.7853755114217,22.557584593250958,115.12380981445312,28,2436
51dd0edc-088d-3fdb-ada2-5f358438595c,824411,1,3,9,169.9621519906092,8.958051576734293,171.03357755109238,4.882915057535965,110.20562313012725,42.06392495809195,75.33487261107075,28.565342577149067,120.98529052734375,28,2437
af11ab35-5fd7-3200-80b3-9136465b0215,824411,1,4,9,161.9480675763454,6.013210827841083,165.09077507706633,5.672488885332684,121.51374419653808,30.290488345369532,78.92408811395663,18.360722899581145,159.56857299804688,28,2438
b51a2da3-5372-3fca-b2a2-3774d6c36b2f,824411,1,4,9,165.65669976286867,7.338014077205186,171.23978440467434,7.27200092020062,138.98940578206472,22.177075825549654,82.61736810497236,30.856489127453763,128.946533203125,28,2439
0e08d011-1c61-3638-b2d7-752d50a2b68e,824411,1,5,9,169.88543037831874,4.866267114943826,172.83314400022823,5.244367716204184,140.47012176007945,37.861187377659945,89.68496286672382,17.759257683074026,114.71823120117188,28,2440
7e6fdd10-12f7-3dfa-bc87-1d8d3b0b2d7e,824411,1,5,9,166.7876372806365,5.386989871759357,174.63545861940773,4.663708997730005,129.55506773484902,21.62689555424231,90.13804753867042,16.37866547116048,117.33847045898438,28,2441
ed3fbb40-ea47-3a0f-bb51-d879da32b962,824411,1,6,9,171.5324389723777,3.7809508898794078,173.0860894236703,3.9434976825335535,114.13629986385932,21.912184520307232,86.82459358759598,35.70610430723119,114.9136962890625,28,2442
f2c969e0-d67e-3f7f-9027-6f70b757bf4c,824411,1,7,9,167.09243131828015,5.220750578993068,173.42124581609949,5.387177957287392,144.18072705047575,21.123143661582596,88.96826536423552,34.080340944204195,114.52325439453125,28,2443
ebddc7aa-970b-3cfd-ab12-b1f471332e5d,824411,1,8,9,170.5787524461905,3.9044782554322803,173.49020480533545,5.768434486614568,116.49453588771874,40.67089329319686,75.07281614992938,44.94405163079328,91.25289916992188,28,2444
2caebcbb-a1cf-3a73-88f4-3da44ee2e658,824411,2,1,9,164.8501788228559,6.409825165766192,169.82175730167725,8.73679909535516,111.51707128458185,52.63730647275842,77.82753511629998,32.29747185444723,117.20175170898438,28,2445
8b4ca401-e629-3e49-b7f5-c1637acdb5a9,824411,2,1,9,166.02122658378042,5.88694627198113,173.334682717083,6.27679753978594,130.23853489413148,19.769383045200744,117.21952135149816,13.041687899415793,108.93740844726562,28,2446
e48ff29b-24c4-340c-91ad-ce4c6ab46038,824411,2,1,9,167.25952294648164,4.704876989829173,172.4308628594638,6.6053673278777545,109.16451476513764,34.1008638350075,100.06879915634846,32.40023129246243,121.83541870117188,28,2447
4a50a573-16bf-3930-99c5-a312d490fae1,824411,2,2,9,166.40033103737687,4.700706591112349,173.76688008406464,5.335922815454131,135.268132205644,12.303044302938302,92.10176906477703,25.08680872014942,112.70449829101562,28,2448
9d61529c-a13e-3cdb-a1df-27fce8ee464d,824411,2,2,9,169.37683360784823,4.869461118565237,170.23363494719501,6.4592095519928145,106.74903683133665,42.9552385537111,73.25920480721143,23.182667555326223,123.73760986328125,28,2449
d7ebbdc0-89ee-302b-a70a-38c30b54d302,824411,2,3,9,168.16769058866456,6.2818165905902825,174.32427324614542,6.289636001631846,138.80137318141306,17.309366525363767,98.08475298617628,18.701472247168688,100.714111328125,28,2450
d0ea10b7-22b0-3110-ac44-a5f14cf020bd,824411,2,3,9,130.73303014938898,10.75343203567558,123.81519423908395,8.346678750475938,107.84234519705355,14.295079303860419,154.0453928213743,14.23602119930583,13.00335693359375,28,2451
ac2f1239-fa4f-32df-acef-cc21f6b4a132,824411,3,1,9,167.4151611321577,6.090048355808619,173.38184515200805,6.49496562357334,126.8151346317107,26.174450926199277,87.63702412199994,25.07769192768673,97.62936401367188,28,2452
7646320f-8476-376f-9afb-cc71f258d556,824411,3,1,9,165.41795949374097,7.191506424614169,171.34487319574222,4.831560177127169,125.40165021453666,27.27990389373239,63.02327757548351,21.520736523877797,110.72311401367188,28,2453
2352b5a7-3b50-32d6-a775-c797ddc4161d,824411,3,1,9,147.99157078842003,13.657446121964435,157.37390121881478,14.045542395327724,120.70560901898563,42.916242978604906,56.77608591544194,30.940940614009996,125.7294921875,28,2454
d46a1423-d1c1-324f-b98b-0803a7a9585d,824411,3,1,9,164.48682317171537,3.7331873019564115,169.96531800031684,5.415514926904394,123.57288158639793,27.0218657441459,59.246171857445994,26.541590331052188,65.34323120117188,28,2455
c9ed65f3-47c8-360c-8b66-961c3adb62b4,824411,3,1,9,150.20861402865134,12.419954845010194,164.28123941040198,14.85178134764033,125.70479143475966,37.35059737249011,41.6376813944997,26.06837681182607,128.07760620117188,28,2456
42c603b3-d4fd-3ce2-82ba-82b283584e3e,824411,3,2,9,167.97474711385016,10.542467180482276,168.73721307559944,7.57569284613294,112.22137663178596,50.33685847599625,67.74570461505631,28.132222696168803,115.28173828125,28,2457
f8e14b61-9f66-3b3d-aa7d-530dac9b8ef9,824411,3,2,9,159.97108079562787,6.760424597791772,171.5498785836229,3.8296272916700738,119.72764131991782,28.985837275222817,70.79334797781888,16.397749821532756,105.405029296875,28,2458
26cd90ab-feb8-3044-91a0-eade3d82d2b1,824411,3,2,9,160.3515799359533,4.820077264630306,166.4259908918203,4.487523644273321,115.60425362810257,36.9584274963792,77.97548988773606,22.90176952571827,124.66867065429688,28,2459
0ff9a20f-b642-37d4-8d08-cb2c37769721,824411,3,2,9,148.12291206937093,12.430788186792602,159.63750285083614,18.092774113772172,108.43667980091976,57.617168722032496,33.59214806347138,17.96599221154437,108.17413330078125,28,2460
657fbef2-2d03-323f-af94-5d25b250554c,824411,3,3,9,166.62190252508015,6.678379108494538,172.63434100994226,4.259865260288342,149.5017137067069,17.822250933216605,89.58443546951197,31.56931492567392,85.14031982421875,28,2461
1bf43b53-6997-34d0-bee5-c6dcb7d00df7,824411,3,3,9,167.3892969652404,4.8775548271960325,174.74349932303124,5.156438004558901,126.9680862938247,29.610886825402506,101.13394431932312,16.745256145956972,117.50457763671875,28,2462
8be74311-c9db-307f-bc4f-8909aa969216,824411,3,3,9,31.65488012621218,11.922943318785329,99.72122456707739,6.9157277312602545,74.98374627500152,7.667988335577869,176.45145474176175,2.2430714697702236,4.967742919921875,28,2463
6eaf8ec5-8586-36b2-b02c-0cc83a213b2a,824411,3,4,9,157.65207140501647,6.09035768043634,166.4030656599826,7.5160362545551385,122.89204055699955,28.19827849412079,70.73368365755658,19.58104615573848,123.60409545898438,28,2464
cee7c8ea-e022-3c9c-ab08-dc486cfef3a9,824411,3,4,9,162.45170365093836,12.073719096580488,165.03502914964497,14.13296360299496,93.08014318673395,40.101377849130046,51.6394574595719,23.563874244945115,46.542388916015625,28,2465
c860a997-f76a-3e6e-b131-f5faab16b2fb,824411,3,4,9,160.12381375604863,9.623373203531184,172.95000255610267,6.187307723003248,121.47821681813745,39.780717430572764,87.26049630468408,16.92159777153136,134.01007080078125,28,2466
c3e71d46-a791-31ad-9a66-eb6686cc92c9,824411,3,5,9,162.39540032043772,6.502637966719263,172.06930706705464,4.068700273147254,141.40547351453102,24.747070332116245,80.55591208673047,23.255557996075964,98.5386962890625,28,2467
64581641-b58e-3012-87f7-a85c7391df83,824411,3,5,9,164.5146954041114,5.1137485717052735,172.27397744248472,5.075549783894149,122.00638721206057,47.14706128143339,81.3650230674144,16.995001450706646,130.25564575195312,28,2468
609d3ea3-12ec-328b-882a-c1dcd7291297,824411,3,5,9,168.213841855517,5.390870085626195,172.41063142567907,4.985319523128585,140.88045074497992,30.64437172226363,77.12191763328724,23.48065055115878,122.62542724609375,28,2469
27363229-1ea8-32c3-895b-4db704a938a3,824411,3,6,9,152.32637931222942,9.292303250727752,158.90070661173422,11.128228700106797,103.85140751857699,41.7689147231093,76.33600562704463,37.2426521018992,146.89614868164062,28,2470
2223952a-95a4-3f4d-ac28-305056e94f6b,824411,3,6,9,160.64736427848462,8.954906246689015,168.24597296100777,7.46877597439028,125.39985607713518,35.35578524181865,73.50639444623634,21.137859753859516,134.30667114257812,28,2471
1ebb2399-00a0-3e0c-a71c-eab3473e66c6,824411,3,7,9,161.9868082069494,7.566387665462299,168.0754839938952,8.31398766130429,122.508932636544,28.707290275032793,81.31986907249355,19.498181840742383,127.808349609375,28,2472
446df350-4ae7-3328-b759-61b86b5844f3,824411,3,7,9,166.27807501448422,7.171009293106342,174.42030407949676,3.3890441485972955,154.11050160864974,12.184889563162635,94.80007433772036,25.50554065458995,98.7353515625,28,2473
f68b281c-114c-3e6e-9d89-6d765ca9093c,824411,4,1,9,154.86827641573416,9.660270359154424,161.35569057513447,10.763569174538052,121.5095633383463,47.732817418605634,62.01644599527812,42.79580297263595,154.75863647460938,28,2474
09bd9ce5-4f1c-335c-9347-e3efe1ff8926,824411,4,1,9,164.1746295716339,7.355133064745126,173.90936190042734,3.841391493102818,133.40092421018096,42.66059854129894,68.24781807497529,18.632082490935847,112.45498657226562,28,2475
40f8ab8f-506b-3485-95c6-7590931c3529,824411,4,1,9,171.92748336620005,4.628354730402876,175.91281892178645,2.620195253613381,102.5279366756393,26.134363415590418,96.62548883077658,36.27568573056861,90.37322998046875,28,2476
77bb00ee-1e46-32eb-b678-8f4b9ce22eb4,824411,4,1,9,167.2123797910231,5.37395339545296,172.74115336545375,4.425461483070754,126.12625592244291,43.935810507314265,81.37233184554897,35.67423285407997,98.049072265625,28,2477
3f9c6b7d-ab85-3525-ac7a-5d2687224ca7,824411,4,2,9,164.73059874653885,6.980538494331068,166.87501491467867,7.441834302821495,110.34795052938543,39.81205015383628,64.3794966440487,26.796294066915884,115.83200073242188,28,2478
0dfd98b9-45ea-38dc-9806-ee4aaec0613c,824411,4,2,9,161.83498204294565,6.474460886058868,176.35425164479432,2.1176880859872433,133.65085006886326,44.618413431055075,85.59197093962092,36.466142300082716,108.44937133789062,28,2479
99778d89-5ea0-3bcd-be14-900639abaf41,824411,4,2,9,171.44482092752932,3.029055110909431,175.24447697414467,3.39543202984428,118.18191084225737,27.52558869066291,93.50395733121415,16.526964884831422,110.7203369140625,28,2480
dec2eb4f-2205-3645-bb66-862d9f849e6e,824411,4,2,9,166.90465465337482,5.803556509926936,172.1956640931556,5.624777358747029,96.16529956944288,34.862056993595,64.29999809060351,28.12505529368913,66.29336547851562,28,2481
df9dd197-925a-37fd-8a56-ff758ef42ea2,824411,4,3,9,169.926808141698,4.787897122651886,176.33768201182704,3.881803788581654,110.69978521668233,31.904975441078903,87.92249005222276,25.28041022948319,110.27511596679688,28,2482
4e02aa73-81fa-3012-af76-fac669ac639d,824411,4,3,9,172.4394747065823,2.203574757416843,175.8408875415424,1.7882851097657846,119.04971210356682,45.750710101843815,115.56047272038869,21.147536713687025,100.77877807617188,28,2483
14119d9d-a5cc-360b-b148-2582f9221589,824411,4,3,9,172.40402078284475,4.796700842416529,174.68281193770508,2.638773986847422,105.78938381523086,34.55738038672738,81.27248055146158,15.606193430907984,95.26089477539062,28,2484
6056fe6d-700f-3630-96ac-051581e48503,824411,4,4,9,169.31964263244197,6.704084166703565,174.73363274622403,6.2634515665039885,105.847365709545,45.61837140096873,60.62119712961706,23.170602907816985,114.02850341796875,28,2485
7d8d3609-a65f-3bd0-ab71-c0ca6f890fe1,824411,4,4,9,173.56871870590913,5.0000890442115375,175.09043088173513,4.218530653172369,115.23367717199189,24.65365130620158,88.19868775191499,21.477425392489746,108.54376220703125,28,2486
36601cfa-2352-32f3-b20d-f6f5c0c09467,824411,4,5,9,162.47837352484268,9.143827550174327,169.5749434397642,6.3135902927534735,125.98233049413638,23.790040694817208,65.08677982932531,22.72647927929361,96.87313842773438,28,2487
06249ba5-f8de-3f6a-bdaa-f6fe05e7c28b,824411,4,5,9,170.3705063336462,5.012471081008906,177.13692032021248,2.581309625415049,102.17180837065486,33.24475131846982,84.77787296450474,32.302480684391675,101.72607421875,28,2488
f6f9fcd9-c44e-375b-b06c-fa73cb2f0941,824411,5,1,9,156.71583391935468,12.534700191941427,166.93750920473934,8.977685563051784,97.61643332991886,47.166883375271816,61.992273672031324,34.29642105189808,103.86859130859375,28,2489
a8136d7b-696a-32af-983c-6166bc243735,824411,5,1,9,155.39513890838717,9.783437098984425,163.30702863643702,10.502197344559068,107.8391641276359,48.37459150035652,59.33600133148367,37.52349378686212,152.95574951171875,28,2490
3dad34af-f396-3543-8885-9b634c307f13,824411,5,1,9,168.14340304364958,3.535452260067936,171.480970327978,3.7515273176679798,146.1795903009829,19.32793257900869,97.5416480525252,20.853379754790858,119.27084350585938,28,2491
0e2b8bab-cd2a-3ae2-8939-39faf73a5746,824411,5,1,9,162.51339119020332,4.124653952305341,168.6652921034126,3.1612641133185386,125.15317637605477,35.78900680281786,87.21868392844775,11.735589527191506,125.09652709960938,28,2492
6046c998-d99c-32a7-b9fe-8e1c916be484,824411,5,2,9,156.7861723589737,7.948421695262017,167.07683465301358,6.275722013919899,98.2209165743378,42.67365970568822,63.53644350936773,35.78045173714021,77.600341796875,28,2493
fb5be1ff-bc14-3b8f-acc2-bf94f8556dc8,824411,5,2,9,164.39281999443745,3.6754995101718304,170.4170437153372,5.26420284491362,121.4415370953925,25.36447452120861,74.65069533181595,18.403555433027954,118.88943481445312,28,2494
2e733a0f-1893-3ea1-9e8b-2d0d39cc6fe0,824411,5,2,9,160.28064840974469,6.733832993284113,168.40092903423536,6.118994672273186,123.37191115694662,40.13001370523544,75.42775234030442,20.163384069278976,118.47842407226562,28,2495
55750ca9-3b65-3df9-baa2-3095342d2456,824411,5,2,9,165.763947316604,7.235353494235979,172.17962081473732,3.1567253461099085,142.65906062008173,20.033900808499677,89.75408873709797,21.97465231411308,128.63589477539062,28,2496
6c2baa69-31f0-3fad-bc7e-e2e3afb5dfa0,824411,5,3,9,160.40684790049178,10.531236564495686,168.65984005601584,8.663749171326195,120.74775566247263,34.806531107264185,70.60409489208973,28.605206767287882,113.66415405273438,28,2497
9dc7d245-fb1d-31ce-a206-ba8f7db598c7,824411,5,3,9,161.1204267126967,7.03305633323313,170.39698379414682,4.6931819387798885,133.5861539368314,29.786722750445687,94.56807784823918,29.457933744930862,119.78515625,28,2498
5832d378-7076-39e9-995a-565fe2bba853,824411,5,4,9,163.45725948408207,10.225897821052527,168.48321582003948,10.00502244123165,113.7869868929216,40.989494653833106,76.1199385542405,31.739763877814646,72.4202880859375,28,2499
5ebf65e0-2e84-36b4-854e-a2b2cf6ba044,824411,5,4,9,164.79079946187258,8.022549019665815,172.17823749615684,4.923858829183068,135.17404084717413,31.239473677528014,68.86708108659514,28.950061820699233,121.214111328125,28,2500
1725362d-211b-3148-b0b2-e53a60a03c14,824411,5,5,9,168.61097113245845,5.327286831426712,173.24790306164167,4.565348513214735,118.9451746286081,32.57745004267445,76.92245232383756,32.1698770814537,120.35037231445312,28,2501
ae8d3af4-9c26-385e-85df-9ba032320e89,824411,5,6,9,162.41187966212465,4.748770007138403,174.20271232475818,3.444952501950144,140.68856236788204,25.148540723993555,83.19641436666795,21.00999072212777,134.85848999023438,28,2502
41985803-f5bd-35eb-b127-15fc280bdfc1,824411,5,7,9,164.53073321463515,4.590884404875299,171.0031752965927,4.487309894540458,109.93892109764676,37.83705274292418,63.822439868079364,25.43586264424282,89.61819458007812,28,2503
ff6c22d1-50c0-3f36-81c2-7951a3d3749c,824411,5,8,9,167.61166054341882,5.423968380044924,172.31050125543413,3.8147537255854904,133.55646054341204,39.58310657103867,86.77114101731055,24.94270533518493,115.8861083984375,28,2504
e09e66f1-b76a-3043-9b63-0237ec0767a0,824411,6,1,9,161.3020480915999,11.081988910514323,170.57371802681007,9.827798635095572,130.42897533734887,15.915836127142304,76.61255497130165,26.960410574974418,113.50927734375,28,2505
c7308ac8-5f75-3963-a448-ff152298f23e,824411,6,1,9,163.0148762022751,12.091262137443207,166.84752409876515,11.225979317479363,98.34721593448684,37.347525073083105,67.96914468373289,24.394571706887458,86.73397827148438,28,2506
2a15160f-48d0-353e-9691-0ba061e725c0,824411,6,1,9,157.0148580871081,14.87853113811099,167.60883087970862,12.244224477389952,96.1767474631061,24.44308682442643,60.541460371637186,39.27239049303041,72.58697509765625,28,2507
a245134f-77bf-3f86-8b16-db3b404866bc,824411,6,1,9,163.97631576364446,0.4178517762843283,107.55916714375192,,89.1227241593862,4.744537141849398,105.3201532037184,4.300157259229296,8.457283020019531,28,2508
e8b6ecb7-b911-3488-892f-07877c16ef72,824411,6,2,9,156.39139563288788,7.487480489107823,166.02369172938347,9.819390752130357,139.0649509055334,29.967156266425057,64.81131067742005,43.19642044820349,63.698089599609375,28,2509
6e5057e2-9570-3367-b1b1-1887b6cad745,824411,6,2,9,160.44470647207947,10.233593706634812,168.84296524545724,10.437771364892358,109.04924664528615,30.29005952918748,66.99671764517625,31.62133416156376,88.42919921875,28,2510
65fe5bf5-ee6a-3926-be5e-916563ee2f1d,824411,6,2,9,164.9313925410191,10.127506441586416,126.22646905251334,6.011117118068447,169.23915236088698,5.982401958439003,54.515582694100495,8.476366077710303,9.2103271484375,28,2511
a5178cd0-fa2c-3a79-8e0e-fff775a9d011,824411,6,2,9,154.81755761783074,11.772149899435549,173.39107924880943,7.9985530329264805,123.99102135343914,34.24556248784118,59.52147838328878,29.187322949509294,93.56332397460938,28,2512
131fd07e-53f4-3fb9-8a9b-d16579a5890c,824411,6,3,9,165.16754860945184,8.38545875993482,173.93515637751347,5.858237716113092,113.77586862975883,27.080375814815667,70.45130171875024,31.506694551127147,141.39834594726562,28,2513
eca85fbe-da3e-3d4a-9b59-fc5480e9bad1,824411,6,3,9,166.92695043431385,10.515240439223515,174.57244332701546,3.73099504115033,152.80685014386458,17.298127752770736,83.33491970694146,19.25124316297737,119.0694580078125,28,2514
d7ac63fc-6eb6-37d4-906c-842c53c6d616,824411,7,1,9,171.1980753726526,3.0326160812884146,176.56421337022323,3.513746027069274,109.33567978292382,35.349786146945924,95.47934871805552,22.196071702267062,93.01419067382812,28,2515
61ac81c0-e205-334a-a8ae-7b1f0a314d95,824411,7,1,9,160.97648827205805,13.748925330281898,165.42745454867634,11.1474597741583,96.29461635165224,35.400971960510695,70.49579082601984,31.676679897592503,64.2130126953125,28,2516
2f5491d2-3e60-3df6-82a6-ee8af80f97aa,824411,7,1,9,165.64869661563426,9.632898368206396,170.74413929997215,5.570778842278096,118.42010754799873,31.537440373501685,63.799797833054235,32.672482106023004,105.99752807617188,28,2517
790e5d74-c229-31a8-a3c1-a28650237059,824411,7,2,9,168.09195231502846,6.015165409938282,172.56763685520286,7.818157228865774,114.88994310824829,24.558477656930243,80.26088407281112,33.59025177831846,102.96658325195312,28,2518
0b77c9ad-8c49-3ab4-8660-a59a3b5714ba,824411,7,2,9,161.74500449514477,10.021641560265659,166.3955550404187,8.478330969995127,115.15416822247987,28.440694406550573,74.55535587151253,21.890032817207285,84.1376953125,28,2519
2a2bae75-d78e-3f16-9faa-97245c81489f,824411,7,2,9,152.51422218182194,11.319926656988631,164.22835265438135,12.693678340529509,116.24832953577538,36.955365160066336,65.75476390320598,60.45564256919422,79.52499389648438,28,2520
df0021f9-fa99-3123-abf6-61c5ff2bfb39,824411,7,3,9,169.87698913715354,3.605047559712706,177.29049272562588,1.98365379154159,129.56539666956775,21.621007471617364,113.32702119648133,27.889875035905746,100.867919921875,28,2521
0bba045f-f9d3-33d9-9548-f9d8541b853a,824411,7,3,9,168.58303694434866,5.38873518607305,173.1076755736122,5.295053705085777,101.2875212553783,24.59312735252421,84.3095462671497,27.107374126211226,80.63262939453125,28,2522
908e207a-83d8-371e-a5f8-ab279e8a7861,824411,7,3,9,166.4483735285244,5.370348627171226,172.49757329793567,3.7852820288857036,136.8326952629529,30.882764577781504,70.58102172265423,24.949243822115758,111.77407836914062,28,2523
14be5b23-576f-3b7a-8dc9-579dacb0cbf3,824411,7,4,9,156.38203714246404,10.090056307500642,160.92998714794004,9.560296876958848,113.45820190871122,17.79317657708934,71.04563164707031,29.966489981428587,125.85321044921875,28,2524
bf1709d8-1241-3f8c-9399-41909bedb99b,824411,7,4,9,165.09331835677938,6.095967555891724,168.60734311529126,7.6557675592963434,102.02158019054276,29.581473127818093,76.15673848632541,28.85506279177249,35.1583251953125,28,2525
1cdcc8eb-d1ea-39b3-8d24-c19e1b98b032,824411,7,4,9,168.94607662005967,6.107128311763346,174.57111493420854,3.307162871360724,114.23894800654115,31.999434706078606,77.72072268222328,38.50988879689458,117.44619750976562,28,2526
ee25c8b9-6f99-3927-b236-f6ff7b3eeeea,824411,7,5,9,164.22407957738506,7.272732938548547,169.71145604566013,6.814169208422411,109.04095813380341,19.62284727796431,70.18577426306462,24.907986939109808,108.48455810546875,28,2527
f1b6b612-4f69-3780-ac10-b44303c7bd06,824411,7,5,9,169.71012616355435,5.447628383311622,172.68088533857937,5.8290361139325695,117.42474560291492,30.94268981985094,66.15373818898972,28.866487090425572,104.23211669921875,28,2528
6c2c2c69-ca0a-3912-861a-8b9ed6f89474,824411,7,6,9,174.52712739234218,2.3816041179212344,176.34801943215535,3.2065357130980634,120.98632143486546,33.92992234356672,105.37524766534823,24.34577630588932,120.54086303710938,28,2529
d800282c-2bc4-394b-96f2-2f73498cc232,824486,1,1,9,175.20208242551647,3.8791779912481137,174.27785750255978,3.967124618231762,84.79577787965738,42.732509341240025,83.06303070603765,30.900686639572903,73.52896118164062,29,2530
599442d3-b4a1-35ec-9138-2937b059cd51,824486,1,1,9,172.5296959970012,6.5450659928079125,173.04076430703103,6.162818549671989,88.70118497020063,29.43164146147687,41.38356492731855,29.770758991846623,26.88043212890625,29,2531
6535a8bc-2e9e-3ae6-b94f-ae75b7f54d74,824486,1,1,9,176.86803191616062,2.261877757063264,172.48120016910391,5.588818758739701,65.47166911180994,38.19693914144336,97.55819417862249,50.401163556274135,66.814208984375,29,2532
1319f139-9a68-3e5a-b7c2-0a15e835774d,824486,1,1,9,173.8403489689772,3.2571929753865807,174.18947844735226,4.539112019556929,96.10478852833337,44.41876770124677,83.09086636257759,25.579495594905627,84.03677368164062,29,2533
c80ce0b1-d30f-324d-9379-4c0b58496440,824486,1,1,9,174.2879623781979,3.8832720719103437,174.11199027069327,3.829238739457156,92.33476429645832,44.58036120394408,110.19540189161152,44.58354165338491,78.380126953125,29,2534
bbc38a48-9ddf-308e-9e85-ffe54f6a9dc7,824486,1,1,9,177.28888491724587,1.8863030688719844,174.52975195120408,4.483944771295505,104.83532448306015,37.64521749841554,104.20688299813867,47.83387967493741,66.90841674804688,29,2535
a86ceb05-8132-3b5d-aa52-ab6e2f932ee1,824486,1,2,9,176.8625912061384,2.6199758804115056,175.26308419128316,3.470057493210008,120.93962141095396,41.235555124451174,126.91169327139167,31.688170804801768,79.72296142578125,29,2536
169eea4a-1306-36fe-9710-8afc363ada23,824486,1,2,9,174.77775934827974,3.3962469679462375,176.78200250795027,3.4496063800320838,86.86142106847697,47.79745618653133,67.43858852454991,35.66956673715499,24.04571533203125,29,2537
4a9cabc8-d7b0-36b7-aff3-226bd785dbe3,824486,1,2,9,172.8285862833042,5.074211858610098,170.05924601033786,6.421018056205882,60.857642975479926,22.981229164417076,85.60898849654112,55.66621830663317,32.798370361328125,29,2538
48ee89c3-9866-3a95-8e30-b3aa864f9aad,824486,1,2,9,176.26606384679576,3.323014015407144,176.7951346823548,1.82381180711881,101.478131920451,38.33228304706783,116.49362462720926,42.43126096689565,73.6146240234375,29,2539
ec556a88-86fe-3b65-8b3e-0bbbceedffc0,824486,1,2,9,174.09190860111903,4.752109312494852,173.14351977521108,7.191544458373524,78.61290038244846,32.65121290047293,103.53613586776231,59.61110371165154,62.04052734375,29,2540
0480f467-8ec8-38ac-90cb-b1847977f74e,824486,1,2,9,173.4069934185772,4.870866993370495,170.74495066460062,9.610775757428813,84.57971430527006,59.72905022147166,68.39356768839399,44.21026503473166,76.40451049804688,29,2541
b6c03219-ac24-3c58-a315-6ed1c78d5a03,824486,1,3,9,175.38889669178863,2.437962498852082,175.3064454339757,3.7895164062027207,82.16710300510115,45.2180479452988,71.12439660112454,36.42288612586744,72.3935546875,29,2542
7851a350-ab00-3a6f-bef4-c29436244f0c,824486,1,3,9,174.2126028454201,3.1987872908097046,174.07154380938445,5.238198023654041,77.03528368760254,48.15255327549932,61.98134911540529,39.479480761461254,73.7216796875,29,2543
f54f9823-2caf-324d-b786-b0581a3ea06a,824486,1,3,9,173.4594106279518,5.32557154505533,169.2713208783826,7.752080703681345,70.73763676837383,44.25946669784217,85.03460216809387,55.880098869995464,71.64053344726562,29,2544
0a0a50d3-7811-33e1-84db-f57db733fbfe,824486,1,3,9,177.82513968033348,1.6302427716733863,177.1220234112224,1.6621820533502127,103.69459247007711,49.91274615977902,99.52313976465183,17.468917321434805,84.11090087890625,29,2545
71d30c57-bb77-3cff-a368-0a1a304d91e1,824486,1,3,9,175.75667234902224,3.0571318565928634,173.3682882252228,3.0683563789084043,90.37643092050578,43.40678878249808,119.72303089736728,57.335082241895215,66.30581665039062,29,2546
d4fba46a-9793-3a75-939f-5e7121597d7f,824486,1,3,9,177.04961328083476,1.836791081847995,177.8300403232901,1.526137163225764,93.0657373366067,43.73288991218615,92.03893734405887,37.94437368444147,66.57669067382812,29,2547
f12166fb-f886-344c-baf8-52e303e3fcb1,824486,1,4,9,175.63392577788863,2.8993100569426944,176.39076474211333,1.9135029986731196,94.51694472423112,44.755753196272515,75.2829952479083,22.344898270206688,83.7503662109375,29,2548
93444aff-3115-386a-852c-c9876aa6f1ff,824486,1,4,9,174.48300377208864,3.145341802906576,173.44479185736247,4.810733832743479,93.29417476994696,48.47753977402649,86.50672199802533,44.53834866649939,73.99319458007812,29,2549
a8c752b8-12eb-3de2-b476-e40a5e28fdf8,824486,1,4,9,173.53448020033147,3.862652762711502,168.885277892026,4.725907600107412,67.5630157436935,36.55911126708847,75.54559556385267,32.38191151553119,60.203582763671875,29,2550
4446af55-f39c-3ebc-8d93-482be52b1914,824486,1,4,9,175.74944925300048,2.7190350792436795,173.6851111467001,3.563896237280447,119.11997710740782,40.869059626150225,114.16110342994479,40.103848370534074,83.44674682617188,29,2551
a89a1c14-a352-3f58-8bcc-64e6c5a50587,824486,1,4,9,170.9402493902834,4.228183970773372,174.60770712337128,2.5475665825406413,116.87715755019642,44.47731674761754,116.58166129151626,37.71373002365553,74.7705078125,29,2552
b453734c-096f-3fc0-8e28-250d2871954d,824486,1,4,9,174.64054281477434,5.085483993555299,175.3441635663853,4.997791605968506,104.96507204195727,45.61352576080704,96.01932989354574,32.73079403301099,74.74249267578125,29,2553
1a1fc479-c704-35d8-adc9-8d25126c07a0,824486,1,5,9,175.4901987614616,2.2760120902627654,175.51924681987464,1.797881480750147,111.88752164436369,40.251546359611844,91.65677693557392,59.50741197590932,75.03445434570312,29,2554
8223a642-64a8-3330-a8bd-ec5add782e5f,824486,1,5,9,173.26689652889524,4.186453859218933,166.25482041582885,4.206352739383579,64.68517148710112,43.32375928670214,95.7499093589081,61.94202911373627,74.68353271484375,29,2555
2a3b3fbc-4b71-3194-8d0d-5a8796a5ac99,824486,1,5,9,176.38301525185565,2.0647888393520066,175.81034139839977,2.1080084359296194,83.48648203538178,48.44165020959205,71.1112466911809,34.860038848786026,78.34259033203125,29,2556
7d9c6af2-5327-3013-bce0-13ba6245d71e,824486,1,5,9,174.88021939135115,3.3884897059260206,175.22510981108806,4.524838462552674,91.06559663347987,45.68516030307738,109.884544157959,52.572188631281044,76.69903564453125,29,2557
e5c42780-be57-36c6-b5d5-0163de5b641c,824486,1,5,9,146.41673479909454,7.7525350863217115,147.2240045312279,5.797453160114652,82.770328024275,41.91512380620963,64.60531990802446,52.15827375289278,35.58445739746094,29,2558
f6cb2a29-caf3-3f0f-9fb9-05823fdda263,824486,1,6,9,174.64310935548926,2.997407663796437,175.81749913709916,2.2577902856682193,70.04827462818224,46.714565520657956,65.03899560245368,36.640683366924094,67.007568359375,29,2559
e738cc7f-8caa-307b-91ca-f37ab2d7eef4,824486,1,6,9,173.80568811201528,4.864843739708545,171.96129405460732,4.894591735826188,55.638379532998506,34.39101657882995,67.3433981902198,64.4915909722926,28.219757080078125,29,2560
539cda04-7bd9-3328-99d2-97f4f5f1984e,824486,1,6,9,177.98199271036103,1.7112441363935933,176.42056838369203,3.6473287868040107,101.26263401194504,44.20379197149651,105.88133260504146,28.458147633569094,82.0478515625,29,2561
d3e70cfa-3e18-3834-99aa-01885dd78274,824486,1,7,9,174.91264342744657,2.4026747077792012,174.55945807347234,2.249009246542983,101.10064931223411,43.458434422975934,89.01308775634642,53.12247887765532,73.50018310546875,29,2562
e4460db4-8fd2-309a-9866-1b9db79d07f8,824486,1,7,9,175.14070236605784,2.9649580004846006,173.52200806973264,4.111634838335063,97.60752961690804,42.867227668626676,123.47610331090823,41.37590800056919,67.09896850585938,29,2563
cddc0353-05ec-38d2-b1b3-c85d1e1f0db8,824486,1,8,9,175.30248357938714,2.289951626206342,176.10424801702018,3.2930101958581717,106.3250553775252,42.01158159175751,107.13040856344622,16.538401439741826,75.77328491210938,29,2564
3beb52b8-5b47-313b-a65f-d1eada5c505a,824486,1,8,9,176.27979701828045,5.10437211477063,174.05976594773085,8.2518783281191,80.4530721083041,39.62993154482838,116.46478276907786,57.98687298732223,69.3492431640625,29,2565
c14d03c3-6ea0-3be7-af0f-ac2f039c5a44,824486,2,1,9,176.4805434634683,2.895260728182124,176.24167647724025,3.5695766221155667,77.15932984215894,35.06114254903051,73.36687250849883,45.20018888727894,41.352813720703125,29,2566
719338fd-54eb-3455-8fd9-da384666b11c,824486,2,1,9,175.69231449503954,3.8448819555340785,175.253397295463,4.127876522084661,95.09471558003384,42.166682097398926,92.3280880548517,41.16925585844244,74.65518188476562,29,2567
780186b6-66ef-3bfa-8215-523ca1a4da65,824486,2,1,9,171.67998474241142,4.170887554602293,173.11881447283233,6.188357526216708,71.53622034784215,44.71957141976687,96.27950434509562,66.77273209905901,60.458251953125,29,2568
b37dc2e5-aed5-334c-95f9-46c2ea7e40c7,824486,2,1,9,173.3841081541054,3.8188002133648458,174.77856129739138,2.661566183760941,105.1048034975234,45.694164297802715,144.1224894479592,39.45381273282632,60.59686279296875,29,2569
7ee689cd-2be9-3039-a8a2-bfdddec19286,824486,2,2,9,177.94020339047108,2.269296119788659,177.31068674222075,2.5738221510043178,85.60372345944342,50.420144037173046,81.18666525704668,39.53403145759246,75.5487060546875,29,2570
23e94065-7bbb-35f7-9268-c340db438adf,824486,2,2,9,175.09221448871975,3.069971490549554,175.04969373438234,4.136151588146984,95.56622664697676,38.86504644524013,105.12027030962214,29.262966845191446,73.86126708984375,29,2571
7273e4a8-0bad-3fe2-93f5-224a064bdd80,824486,2,2,9,173.06383221773714,2.7058889841026854,170.59337536663458,4.877891539727915,84.3072792294741,52.0130910628055,112.92904515602531,46.206346713381,70.8017578125,29,2572
21550685-a482-3a38-8cc4-3cb2ba0c9e1d,824486,2,2,9,175.7128320990645,2.81428658318791,175.73083733991518,3.243830118606224,71.18761823452391,47.70300999094284,92.93806568653966,64.57011640631717,28.1116943359375,29,2573
a231c837-3549-32f1-9c10-1f7a99688571,824486,2,3,9,175.60651949624054,1.644711028439159,176.7040940872418,1.8594749570375755,86.6322469259069,36.96187669131036,86.80734339963752,29.92109495931328,80.72512817382812,29,2574
951c993a-b1fa-3198-b271-ec4c39905257,824486,2,3,9,173.3071603462211,4.052776846281577,173.03432635751838,4.08947559881657,74.6427530330231,30.118353115755767,68.98788869545302,51.216171463909745,65.07540893554688,29,2575
abe17a29-339e-3edf-8554-a3a855a14192,824486,2,3,9,174.1732320845116,4.104641916846469,174.94060077086155,3.3530511230802666,91.20943807184558,43.98502225520517,113.28524041208271,62.82060052416653,73.3310546875,29,2576
f970b176-2cc8-36c1-b9a2-3e80a7a4eb2a,824486,2,4,9,174.9797385777117,4.775602144869508,175.7609954460121,5.932991794432532,71.1177651055357,37.12197008387726,57.58503338539257,44.202394674188064,24.696258544921875,29,2577
0e8b51f5-e0e9-35ac-afd4-a68379b0964b,824486,2,4,9,172.41389038510704,3.9120429336248668,175.20706831340632,3.511833121073609,84.98191891722496,31.25959790397329,96.76387613444939,49.36957043514102,75.08224487304688,29,2578
9ce96cf3-d28a-382c-9dff-fa9167f42672,824486,2,5,9,173.91177833123913,4.2570626725195675,171.78391547762885,4.108486497863365,108.87717934145891,39.495386091256265,146.3893697782016,47.57590133358232,70.12371826171875,29,2579
af29ad08-b7c9-3f28-8d87-decb7e32f957,824486,3,1,9,143.33827173413036,9.422720150386883,166.8448680477643,3.8983728162485227,160.93076660486187,5.661958805210809,136.44953625144896,12.51864169754507,7.19970703125,29,2580
720b0bdd-4ad9-32e1-8d94-1c17a7e39fec,824486,3,1,9,175.66533549904662,2.8806573038792433,176.11089109523084,2.2135708729342465,81.78488075043194,42.59216754853101,125.6518981665165,43.27150149470108,71.53955078125,29,2581
44126992-1fb5-3f83-b688-9670d7d3855a,824486,3,1,9,174.72381522498378,3.063380697410782,172.1839313995389,3.5977883180210948,74.62815011199888,38.136907841744595,96.39108649268721,62.86839731822497,80.90444946289062,29,2582
048d958a-c8e7-3b6e-842d-ec2ccd9cee81,824486,3,1,9,170.0428023623046,7.923097529483417,168.901165132071,7.285268732933178,63.09250430036583,38.88293860515323,38.83596975782047,31.23612655153508,33.161865234375,29,2583
45141090-ec30-39c4-a69d-b958b5f3a6f3,824486,3,1,9,176.44977582116897,3.151014160162461,177.9915570440718,1.524647629367672,123.25587283790249,35.80585829082971,128.2954707684382,29.49377333489114,80.118896484375,29,2584
6eff85f1-354c-3b20-9c1c-d2ad641f283c,824486,3,1,9,176.14540247246015,1.849976577518182,177.19692368997946,1.6938557652752522,84.74833495047994,38.47684876286436,79.85915569308192,40.97522136428382,41.104736328125,29,2585
526e4cef-fbc5-385f-aad8-e8727453aded,824486,3,1,9,173.15016547981065,4.731349373027576,174.66148609406943,3.4525597525446114,66.72955847528188,35.16375228241042,67.26733755753179,62.604766458111534,31.284881591796875,29,2586
3689825f-308b-3260-9aa5-ccbddd5fe361,824486,3,2,9,173.49690227187224,2.8452509617239565,174.6179541507493,4.10402210123288,127.52142244443823,41.88456393431953,126.70211979820968,45.398313598341446,76.39340209960938,29,2587
a9b84667-2045-3663-bee7-81c5c386428a,824486,3,2,9,175.89868166926578,2.464523641602704,176.3370029326509,3.497116426130027,98.71540142642799,45.91586792308527,121.61498175467233,35.30664580068384,75.7164306640625,29,2588
e748586d-8ab3-34b2-b4d9-c0162cd66298,824486,3,2,9,175.1489482293724,2.467322216049911,176.35608285190554,3.190880206413332,95.68247423691648,51.80536272145607,74.44638486452871,50.58521863955573,80.304931640625,29,2589
43ef84f3-b4cc-302f-9de4-b04e5463fb1a,824486,3,2,9,175.26092563329456,2.354059586845449,172.69107076576006,4.240905730496247,120.81336648452617,41.86985401988264,111.766016653182,51.573102439249034,80.41470336914062,29,2590
bae4b0e8-ab9c-3b14-a42d-265c97d37ad3,824486,3,2,9,176.92199630901072,1.1594752487478353,175.79057889822343,4.183250956328046,94.03422253532784,37.96371101986915,99.2977698483948,29.52814646285802,71.57052612304688,29,2591
e1fba127-220b-3464-8962-2cf5b41b5aa4,824486,3,2,9,169.94173201521565,6.1131248481164375,173.45438239681104,6.073875376947435,83.79497794950024,44.21904222088786,98.06847394288927,57.584222120873044,79.88241577148438,29,2592
d0693e5f-56de-394a-a4c1-9a0ea8f4a866,824486,3,3,9,173.9526865063134,4.5119619821022345,173.37030498085193,3.8724947434996757,76.96227626078358,46.38270211018525,98.92988350626386,55.5954879224025,79.904541015625,29,2593
5d80a289-52aa-3ab5-80d7-40b9c7a93058,824486,3,3,9,171.99977742262874,4.261162129606181,176.70251562403263,3.0990949147811246,114.66121828059856,43.60379483945343,132.93709813611477,33.9190342601217,74.304443359375,29,2594
07033577-8987-3b9f-a1cf-318f86951cc0,824486,3,3,9,176.6330136463211,1.871682846231527,177.84289427448707,1.9564888253996897,92.45165190405896,42.39088841573184,100.1023327490298,27.684444873710405,86.22064208984375,29,2595
baaabedd-f870-383b-81a0-06a82c9f8946,824486,3,3,9,173.6308393831473,3.939828138680426,175.60937260040902,2.731978723442967,86.12508864102027,40.28395812084549,92.90495248790242,51.27708419881933,80.00592041015625,29,2596
239446f0-ce3a-3776-9013-f974c2f26844,824486,3,4,9,171.3844478892467,4.159040454742275,171.41124558691408,3.7464202152963098,73.43703618793721,43.332872903689434,79.3124250308323,49.7345093477524,73.25234985351562,29,2597
ab7a8447-b3f5-3668-8537-df49cd74be93,824486,3,4,9,171.30725118684236,2.4045152076015257,176.76079573677657,2.847911813216726,119.18095099173735,42.80449798087108,125.17852136710411,52.538844731008936,82.53054809570312,29,2598
f5ed1da9-71c8-397f-a46a-2cb437fbf1e3,824486,3,4,9,177.6498266811977,1.7856578836357064,175.5330443321704,2.0593360169043735,94.00351572531116,43.37751954274626,107.49578918714063,25.853809274416683,86.0316162109375,29,2599
12b579b6-203b-3289-a1d8-4b92fd1a718e,824486,3,4,9,171.20981638431488,2.4399961572126707,172.84902380012088,7.196557112736566,73.55420526526062,32.073654440454945,85.34189784034581,58.01053002136483,62.267242431640625,29,2600
d51e4115-2331-3f8d-a297-8431fc0a7a25,824486,3,5,9,173.3742540837066,4.928581739197438,173.3418139206746,3.290951898040284,78.44685070151131,43.22184199492448,70.32231151786593,45.03780497680773,66.915771484375,29,2601
0fd4fe63-9016-374a-b422-aea5f5c33156,824486,3,5,9,176.3854388186329,2.285771685299089,175.69509866716666,3.1942456348953807,124.66642411206213,48.85531944231716,136.6219006061679,30.576646120363893,81.45828247070312,29,2602
11260521-25bc-3c20-b688-3cf8f227a896,824486,3,5,9,175.4872906386125,2.1407591725646893,177.3972175742617,2.010303853504051,115.43495928552892,45.52488045538105,132.56214239764714,32.397981795611294,81.902099609375,29,2603
011ac219-a514-34dc-85d3-2a688fd240bc,824486,3,5,9,174.44715645426146,4.457381125249839,174.43606170965805,3.1165421297650395,88.70772341658304,49.656792222997936,102.4303060417642,54.086038285717684,81.70791625976562,29,2604
574b2c70-4ea1-3b0f-8992-7551239ba8bd,824486,3,6,9,174.03814893778568,4.0841077897304165,172.8716388510088,5.813374650216342,75.29992995830138,30.930713747137087,95.81823071085982,68.7297480608691,33.66009521484375,29,2605
03765441-f5e6-3329-9e5c-c6487fc45b46,824486,3,6,9,175.6268408389584,4.023696343206106,173.24012625732286,3.371738972230887,116.1067142078812,42.285603075421214,112.2293683853215,55.82979321647458,72.49777221679688,29,2606
fb92a2bc-200d-3d22-9196-a38b456cc88d,824486,3,6,9,176.36252704010516,1.7831886816281985,174.875362423501,2.933945241882336,97.27483282246111,49.737631982339714,96.60500363250611,40.65757918914939,77.126953125,29,2607
518297c9-acfe-3f62-bdc1-a2447ace1121,824486,3,7,9,176.16058406811752,2.775096969383606,175.89085113661304,3.1413283444897955,77.45549842787587,46.670026839622935,59.44515105271603,44.76530740948553,78.107421875,29,2608
9f4073cb-5203-394f-a172-597fb2b4df00,824486,3,7,9,173.86366251174866,3.23179996915116,177.77279535190056,1.833481234388842,128.82603586143193,43.11664653941327,116.93990301354123,54.38599115310654,82.33663940429688,29,2609
7d79a6e8-b139-3f42-b36b-49cfc54c9884,824486,3,8,9,173.22025768367837,3.881368357792036,175.19070400370433,3.4109829399713254,114.82241232395387,44.976125405621296,151.38856986108377,24.728656838472684,79.15802001953125,29,2610
b0b9be04-5273-33ea-8253-e36554191f11,824486,4,1,9,173.99154645291682,4.472214458686645,172.7698429844313,4.9690196191942935,91.94038683147737,42.76443681906182,80.96354320758418,55.05632154676808,31.6090087890625,29,2611
40bdaddf-298f-3a39-9468-3360e96f5c8f,824486,4,1,9,169.4685880254309,7.694153216898252,175.13560794159508,4.005909089942233,96.30540479547408,46.50847995552475,93.72481073835213,31.32013839412117,68.1966552734375,29,2612
1924499a-e5f5-3534-a40e-3df0a52caa29,824486,4,1,9,178.16140110415031,1.1901998844244006,178.1239198965454,1.3038431151787746,91.49365500676251,48.03424340970494,80.58127359930097,33.67680813053762,76.44448852539062,29,2613
74082a77-d57b-34df-a40c-5238765494ed,824486,4,1,9,177.09540786477066,1.7166398513099572,178.4168611289001,1.7620909368980355,106.73387053139436,45.2949844775383,111.05774192578662,24.289186626283048,83.00015258789062,29,2614
7dc86d88-f1d9-34da-ba08-d3f145ad4fdf,824486,4,2,9,177.98990833602664,1.772749135614685,174.19828133070823,4.968825832890243,82.47368523574454,38.58931832758746,116.96200990376022,44.82116195054229,74.8994140625,29,2615
0edf8406-7524-3ddc-a589-006724ca289e,824486,4,2,9,171.98815506444953,4.197036456274084,169.041473216536,6.595640957131431,69.31356960004237,45.54509294244357,62.394596991526136,26.553867632556152,29.13848876953125,29,2616
6823c5c5-f1c1-3335-b45a-09d853b0a55a,824486,4,2,9,175.64142652928865,4.057876541275997,173.70941037261716,3.7102686411163956,82.98590500528006,48.47841525146063,127.09475645696827,45.08704103116647,64.4356689453125,29,2617
fc6ae3eb-251f-3557-b38d-23b9c9fc3dc7,824486,4,2,9,178.5319756593054,0.9871625717761267,177.44701125213612,1.4558131132002083,92.85843753109667,38.15252997954841,98.87276607239043,23.848492200671977,77.26300048828125,29,2618
0a212b60-7a56-32d1-b17c-606408de05c8,824486,4,3,9,173.36550865522764,3.4170323547262624,173.97388595898713,4.829320265027386,71.0522924903055,34.09686756566789,52.043550422173944,45.288599690564084,54.176788330078125,29,2619
5f9fd6ae-dbde-35ae-aa1f-7c570d5faccc,824486,4,3,9,149.17322839519258,4.7964097048281245,154.97014980265996,5.7363505169648565,128.93271428759306,6.353521987212346,133.17190903512096,5.1917256573630794,6.8160400390625,29,2620
65350da4-733f-3575-8019-3a1870f657cc,824486,4,3,9,172.2708875431594,6.301339939901341,171.78139606766797,6.28698807490321,97.94816483624133,32.83208130813333,77.73425557351601,42.396461071466405,53.199859619140625,29,2621
9f07be3e-a32f-3ed2-826d-a22dd432e10e,824486,4,4,9,175.79306058820006,2.9204479511727373,172.02460231344548,5.444185914621601,101.00550353215398,40.312709129549056,124.0827768223123,31.25826891900501,85.785888671875,29,2622
12452e42-ea3b-3681-b311-5e998cc47a89,824486,4,4,9,174.35494932894224,4.487364326411534,175.39871924993108,5.228523349442046,88.61062853043524,50.68162456377356,107.48988231785331,34.91590102770616,84.25845336914062,29,2623
9645b74f-3b02-3254-bca2-21fcb79d344e,824486,4,4,9,175.62800167927082,2.2504176702758394,176.19881241473269,2.442680425730814,114.34208464841913,38.22244392134202,105.43432359699513,31.37005707425936,81.01284790039062,29,2624
bdb07052-1213-36c3-89d9-4469adfa1dbf,824486,4,5,9,175.32608759535484,2.3681237377862754,173.67205576807183,4.770961092593527,118.00725104730824,40.54430448914375,120.70416022480592,46.190387808627975,75.53829956054688,29,2625
26a295fa-4801-3dea-a484-52cf53859a5f,824486,4,5,9,177.75262143195832,2.060889323489729,177.56611291040028,2.0650047459369825,106.18038972695477,42.55144629733957,107.52920301816604,38.73567746770733,80.26397705078125,29,2626
d9eeee55-8dbf-320f-bb90-5c2751d69cf9,824486,4,6,9,175.12988261315385,4.188142690629645,172.19069740605832,4.250943686385149,110.65102381306173,38.938120213163465,167.7063914086158,15.109955799395067,66.22998046875,29,2627
7d2b6483-98db-3436-9283-d6719236f7d2,824486,4,7,9,176.36142899368195,3.6323758842829372,177.7045884751028,2.458412567822358,118.1567723834395,39.92521670435103,126.7319995130095,29.820012733466587,77.8294677734375,29,2628
f25d1b12-d967-3900-b346-1caa99fc5ee7,824536,1,1,9,174.36584496431556,2.890500202082908,171.5932784685821,7.713904725427325,94.82984927085795,27.21373551093361,106.34553629788607,47.099571933830674,67.50604248046875,30,2629
265b38b9-cdfa-3da9-9c48-35e32bace0c2,824536,1,1,9,172.26621593605947,4.225083792790454,177.90896582215137,1.844945574507467,114.68823727376879,26.744979379207937,136.06032429295084,35.726271092257505,61.161865234375,30,2630
f3a1c37c-9266-3075-abf8-ff67dec0fc58,824536,1,1,9,172.64567459984704,3.7313336655570533,174.74864987247028,3.3877358685182015,115.17466423940716,24.805442583804684,117.94022878559241,34.927142698747886,49.940338134765625,30,2631
45effed1-d338-3eca-9c2b-5b49f845af23,824536,1,1,9,176.396828343212,2.46836866764592,176.35745094906085,2.9568697487164224,88.10924829727611,49.242625226905616,112.52282818922747,42.15720718361329,84.88262939453125,30,2632
39647689-3c6b-3263-83f4-a961a8b03ee6,824536,1,2,9,176.9530639098192,2.5113863415919866,174.29374807550417,3.7685070859985834,103.96522533353111,43.22421207494667,121.68389906616557,27.069069065027257,59.7259521484375,30,2633
0cb2ed70-750f-3b2c-89b6-0a814f3ae357,824536,1,2,9,171.4852465823311,4.310771556122934,171.50109585769758,6.531032137238345,64.35590060683768,35.052677484087305,93.81638149534572,70.11191132019037,46.1864013671875,30,2634
ac644112-dad5-35bb-b2c3-e72c91485d52,824536,1,2,9,169.3963698303612,3.566119393348186,175.83588835995963,4.805699559755187,75.7020947229518,38.23560315170951,108.31959200887127,67.70111313401344,42.12396240234375,30,2635
76aefc89-906b-335e-846d-e36471c79224,824536,1,2,9,176.32207150933024,2.0994246965565124,172.26720227721455,4.489728964541408,122.56319860859824,44.102482227356916,171.63654322679108,10.759604354238004,76.3397216796875,30,2636
4ede2db7-f967-3929-a1b2-47b21a9a3c90,824536,1,3,9,170.7301210418478,5.988414471443443,163.72408547111255,6.102423699058248,117.68098428465532,35.794301167716206,137.6060856483217,13.47315715080704,62.277130126953125,30,2637
aa775e0b-dc5c-3b51-8657-a49f517f3024,824536,1,3,9,176.79670660576207,2.432004680780396,174.92439046128572,3.023945247518743,104.48261789022925,18.969540706359744,134.46491876843123,27.68816542589312,65.99533081054688,30,2638
0e0f73f3-1b0e-3d8b-8561-20219cfdd1f8,824536,1,3,9,175.3463807671772,3.1166198926118587,173.72548287230657,2.85448327825926,69.22709021499882,47.1400454433215,117.88315741455426,59.94199358556322,67.7288818359375,30,2639
03d7ace8-6e2e-3de9-b3a6-7bb6d44c75cd,824536,1,3,9,174.71112801016758,2.1243209474461486,171.448631248194,3.3639954945729778,114.25538228605127,36.0024503668103,153.41950061722574,16.539963453759896,82.46929931640625,30,2640
4b16a50f-faca-3460-b1aa-b929858aaa57,824536,1,4,9,171.2482013485648,6.54881705784169,171.0184207399076,6.818499821533918,105.84519452541356,28.158743848885344,118.20759883896045,27.62133590403516,60.323822021484375,30,2641
33cf6019-1dde-31d7-9100-9410314cec31,824536,1,4,9,173.04268522287546,4.511658495196361,167.8205501329834,6.4033495110412915,98.49595949725618,41.36483119834426,122.25021177289874,44.034891811779836,72.55435180664062,30,2642
b27e9267-9396-396e-b372-2d7f0d2a4941,824536,1,4,9,169.41840603119832,7.8152797711420625,174.7200620443786,2.9653870900098243,100.5310156208371,19.364555394172147,151.95834880061597,29.83187577474022,55.4423828125,30,2643
e13e35a6-ec98-3ca5-8230-b8c32f95a20b,824536,1,4,9,174.96313226974968,2.692141359250683,171.36585016414494,3.165658977381507,112.1143142998232,39.362197993159704,160.88188789217003,12.660853360861955,82.18670654296875,30,2644
2b7ce97b-dc70-3a70-a82e-b3865603705f,824536,1,5,9,174.7838148941388,3.361121393471102,171.7430438738339,5.653842999763701,100.70412738451039,36.296593963187426,108.47816796969083,20.332529433716562,72.27197265625,30,2645
6cc243ab-02b9-3896-8fef-43c2decbcff6,824536,1,5,9,174.03604676809334,3.229237092288925,170.3144307154263,6.612650903882663,77.86981702180762,42.3914506894815,105.41910700356587,65.41751103271824,57.0286865234375,30,2646
d31688bf-7327-3a1e-a507-09c08f827b00,824536,1,5,9,173.68004560957436,3.1709443371755657,173.32403943268167,3.813616054954249,85.19326605536146,46.88307082267453,114.92205265599316,35.161194373317734,66.47842407226562,30,2647
a284c3a1-e5e9-396f-a5fc-128da03375d3,824536,2,1,9,170.8640607180185,5.048272451838322,174.26253520107355,4.012814520268122,75.82690918816995,40.16004664043034,108.12737626976805,52.52990212919343,71.60354614257812,30,2648
4b406d68-84e9-3991-927f-924708451599,824536,2,1,9,175.7187885699494,3.4868487555171135,174.7677079263753,2.787089414558685,86.44744913053799,43.75820245181971,127.77917949157963,54.375316023806946,77.73907470703125,30,2649
3579182d-a763-3362-afc1-38d62862eaee,824536,2,1,9,172.3482386892851,5.425626757456288,172.563891784547,5.132727190712661,123.4720883817127,35.292201230380165,131.85244379307775,37.142042400484755,68.4354248046875,30,2650
21707b0f-c550-328e-9fa7-3cd8a0c0a606,824536,2,2,9,153.99890867266242,20.531312784007614,153.34838315941437,23.000268836327937,54.94814446136476,18.920964706653674,64.76455136130915,49.218630541944584,35.94921875,30,2651
5ee781d7-0f5f-39f0-b931-0d95972e17af,824536,2,2,9,175.7576974941079,3.069678587904284,175.54628866670768,2.9562473709010173,87.10545546860024,42.94178762725306,123.19180092358589,52.619110277827744,67.99221801757812,30,2652
964be624-66c5-38b9-a549-19b7dade0e08,824536,2,2,9,176.4525755031257,3.5498483250666126,174.71564121568827,2.8741521723694174,103.5403888277083,42.64803337266428,85.37127232912036,26.41324289591588,61.895294189453125,30,2653
a408fc5c-a0c4-35fa-b599-9b6684462205,824536,2,3,9,174.39201529148193,3.0486122029004936,173.73970095781604,4.450311621801649,86.62015617009232,43.29365652282069,119.55431954299395,52.70159476859442,74.8101806640625,30,2654
e72a8df4-475a-31df-9ad7-7a8d9ea92d3d,824536,2,3,9,175.37150370408176,4.162369431674723,173.96371208976598,4.042330280414607,92.22648266324768,48.53572192634842,92.66357159787407,40.82743906855209,58.1817626953125,30,2655
c6a96033-441b-3602-8521-9a00d946c278,824536,2,4,9,174.93266373471658,3.1124417826929687,166.45379832243768,6.6704817876697655,106.6121844802496,50.39071681047456,154.5872781565034,28.825022181966812,74.75238037109375,30,2656
b65c099b-0cb4-380b-9afb-802b5bd38fa8,824536,2,5,9,173.1556600325506,2.7321043434484418,172.80424947794725,6.966679902265741,62.41735433786953,34.549844776215934,101.47942546486183,73.53680203987426,34.507843017578125,30,2657
ccf6c11e-4ed7-363e-8784-59d0140815e8,824536,2,6,9,174.36600070121835,3.7292807815179376,172.10612213909127,6.093448600802073,118.54294478358855,36.20063669317604,123.28224253170394,32.04708676951426,67.8653564453125,30,2658
1da7c3d5-dfad-304b-901c-c0571e7a2ad5,824536,3,1,9,170.44691562017044,7.526898686347046,169.33014569106982,7.633237754002652,72.76028993152188,34.96624624406569,94.41717831124171,70.7460136104427,37.162628173828125,30,2659
4c8c8c7c-acdc-3dfa-9031-688d7147d4c9,824536,3,1,9,175.52870236237527,4.082852923779082,171.70025471379378,5.494399526527168,85.50972943679307,44.243345896537335,80.17486253627925,38.106176099275096,66.33770751953125,30,2660
c5737219-758a-3bce-a4ef-16bbea31938e,824536,3,1,9,175.7948480118763,2.5291973160778447,171.77977517559157,3.5478107607062612,93.61123249826503,47.164747550756836,130.0773738432794,19.165401803483586,74.32540893554688,30,2661
b24de475-8442-39f8-b9bb-7db5c1ea609a,824536,3,1,9,172.0115902151722,6.519842984752469,172.38220290875796,6.212155561916264,60.146154574443926,26.532545251089125,85.83808194143509,62.838438969222,26.789093017578125,30,2662
7a915124-4523-38f7-9e13-4c7afe6921b6,824536,3,2,9,175.6644370112665,3.284908787778703,175.6469119966047,3.190046520960852,126.66744857274196,31.856006915025553,135.51144135055932,37.15036556887588,67.599365234375,30,2663
d9ac6030-7851-3a6a-8cbb-b415ad8e55ec,824536,3,2,9,174.9849104663414,3.5946262441856307,173.92837245264718,4.258617624396299,102.59785441688213,44.17973576166912,99.75985033154146,23.570643893451628,62.4822998046875,30,2664
4c443117-31cb-340e-b09c-5df536630394,824536,3,2,9,176.0888391877121,2.718008994850994,175.13806254724653,3.40285593176791,90.58305406296928,48.96665751879208,130.58668467988034,38.3807061381312,69.47869873046875,30,2665
c4824859-5343-3a72-b524-5432ef4c2ed1,824536,3,3,9,177.2312337563691,2.0201820997374225,175.30322574292344,4.130233644275832,119.2839290483531,24.584029056419908,119.80616217378626,34.071023000412005,59.9141845703125,30,2666
c408b7b6-901a-300f-a127-4053211b7443,824536,3,3,9,177.32548571276186,1.2225853563573612,174.5125555850735,3.196447326918416,114.39309344901933,25.090537121943132,105.62863985479764,18.30911779556236,64.41018676757812,30,2667
f95678e5-2eb2-3ae2-bb54-367df81ce6f2,824536,3,3,9,172.64843505738017,3.7849343071928265,172.4288567142413,4.688568351577165,109.77837971631534,20.378808160986615,132.84213487350246,34.23490285670009,65.62152099609375,30,2668
fba062b6-fe75-3e26-aa90-6a957f004a42,824536,3,4,9,175.03692098895743,2.108506833824561,175.8167983513621,2.772758032675397,109.59193375744836,36.11093050814691,123.31522346316372,35.784292598640306,79.35372924804688,30,2669
45825dac-10ac-35fb-a4b7-14d1a3274d6d,824536,3,4,9,177.70771548225267,1.2666581312566585,173.72667058194682,1.9197926863970154,130.4506007316142,15.616206701697541,122.87940060877607,28.21965731376858,64.145751953125,30,2670
ba884b62-1fab-3c5d-8027-dc539bc6d2da,824536,4,1,9,177.50140854764558,1.5171330197642443,174.60255691269592,2.749456913342757,111.67197811998582,33.001090567632716,102.54726667917275,24.475731157612735,59.90789794921875,30,2671
64324c09-468d-3954-a568-d06d3dbbe812,824536,4,1,9,176.25409677809634,2.052267741557856,175.0980701974558,4.373274609465259,74.42457673853625,42.59960787084304,110.32478839008328,56.10757722478506,79.65155029296875,30,2672
fac5672b-a868-314b-9f4d-77cc84d8d2a3,824536,4,1,9,129.91060181312363,9.295224572795773,134.15060684378062,9.212880338743568,92.76558598903183,13.07996273259495,111.11098006449346,10.991029791805225,12.776565551757812,30,2673
b6be466b-dcf6-3cfe-96b1-58f8528caa0a,824536,4,1,5,,,,,48.484238854498756,17.74515073177535,,,45.811126708984375,30,2674
545107af-6417-3168-8c71-ef8124ae45db,824536,4,1,9,174.81333533941861,3.033258448838974,174.47400062815922,4.722811435388714,127.96723803318471,27.19509859490365,119.7336613288806,22.581292952833277,67.79852294921875,30,2675
dd0a0da2-32a9-3967-a394-b74466396e2d,824536,4,2,9,175.64892032396293,4.880456955536939,174.4471433698039,2.7359749421839776,136.20804161350276,28.96782905536071,143.8866651924341,11.349588801061469,69.651123046875,30,2676
8229bfa3-7730-3cd6-9332-a752d5cac220,824536,4,2,9,177.9451075619676,2.066612084063985,176.80187095144433,2.774619907774249,93.66054768614427,50.95281567733841,120.27423685290766,14.560928986194028,78.45391845703125,30,2677
c25019ae-f1a3-313d-9fdd-d14e707e34ed,824536,4,2,9,177.19380984277774,2.3549320715260573,174.3008489510364,3.754292464201425,91.40168618346343,48.122210937452024,92.85466150367334,22.4299286307493,68.44577026367188,30,2678
63fdb738-96c8-31c4-9581-4f983df95f70,824536,4,2,9,178.25856481037218,1.597926152834838,177.02276573124047,2.5965645680973886,100.2111890396264,52.46763293510177,84.78955447779055,22.00951578020914,71.86544799804688,30,2679
acf2ee66-d353-3492-be7f-1d3186fbdad5,824536,4,3,9,177.42741229243325,1.8963613982079315,176.14020489004022,3.147897556776977,107.98360079591804,35.938791306182125,127.64696506740421,21.222057972952257,64.6156005859375,30,2680
e79f7c9d-bdf7-38b0-8dbd-046201f10f1d,824536,4,3,9,175.76582421404123,2.7565056285626914,170.37989303772386,3.3027225142295324,116.52868663052067,46.22872424779352,146.38304204169037,26.39143494089968,81.28662109375,30,2681
bced4848-4bdf-3616-9f2f-31c407f0ad83,824536,4,3,9,174.70725363876986,3.1966894320825854,172.91239625753624,2.868346632438864,123.60491992567505,30.990430737351375,134.74296766660993,15.610804434469255,69.73876953125,30,2682
d3a5b757-54e6-321f-a746-c165a1ea870d,824536,4,4,9,177.32732545562453,2.129070378017304,175.13447151364372,4.972488345362044,94.75361335505949,41.59840276868227,117.28998400978169,30.18134377357698,68.8272705078125,30,2683
607479f3-9ba5-3fce-a061-de37ad6a9a6f,824536,4,4,9,175.59252347047777,3.259154756178929,171.82887337269688,4.581381071078996,70.14664118313839,37.71502934272683,66.20456101182555,35.88607775313708,26.3037109375,30,2684
e27ef2af-b5fe-3eb1-b999-556810123bc3,824536,4,4,9,178.82314125943174,0.9416154722090795,176.62020459955355,3.8322397067862504,116.86968277751619,47.25482942164909,91.94368759473524,32.74651567579566,68.38626098632812,30,2685
c57d3022-45e2-3ba5-b081-24916d75f94d,824536,4,5,9,175.8876262924812,3.26372578588309,174.92386577507062,4.616063864625229,87.04476166539044,45.7914405612608,103.6606921809801,36.043592345627026,60.419158935546875,30,2686
61985d69-5268-30d2-9523-8a7b16e6194c,824536,4,5,9,174.88788441813605,2.682830254108095,170.4881867631289,1.9151633415341973,119.17852590127106,25.883171886003254,118.93777979572158,32.10676742786487,65.0169677734375,30,2687
350b4c93-31c2-3e9e-b089-21e1317c3b7c,824536,4,5,9,173.967523403595,3.8740432570218277,172.69264543616114,4.36421580157724,117.56992671465552,35.26576282230203,134.52390876095365,25.984008966649704,71.34173583984375,30,2688
9d1dedc6-dacd-39ee-b7af-94274396f59c,824536,4,6,9,177.93642547054267,1.2846085069068727,176.4252247324645,1.923728848741317,119.86415239009573,57.14713999522447,139.34836503541294,21.184395308737216,73.65182495117188,30,2689
9144b7ed-722f-3343-8090-4d9d28901ba4,824536,4,6,9,172.6067298708214,3.7487974290273476,169.0751872971064,4.074645586197056,96.178957022798,41.198193300892555,112.297452266076,31.870207830697932,66.62374877929688,30,2690
2ab3bcce-2ac8-33af-9a00-e44b207280e1,824536,4,6,9,175.95655374618318,2.5102841585138456,175.60691139460604,3.6648884958249,127.256761534431,27.731636668621498,132.48031386126132,25.717494874091535,69.84054565429688,30,2691
2f9b8067-e887-317e-b4a2-795ac0078b5c,824536,4,7,9,175.977392958396,3.4441284081370744,175.59744215807711,3.3763276402254063,106.85000247708655,40.92251208425574,112.60084493488203,32.31045534653735,60.4326171875,30,2692
ab6dee17-045a-30f5-a9dc-ee08033a21b3,824536,5,1,9,177.6109486019375,2.966032084662356,175.45519973885285,3.151721164380819,97.69279447818394,42.96172595565552,138.14334257364172,21.14880531062757,80.65151977539062,30,2693
8de28f50-4492-3c1a-940c-2d5815140706,824536,5,1,9,177.04552855862516,2.5158695454606863,173.72330318469767,2.939539041767507,122.5424500571006,19.960804763856,128.7968849477487,27.06524840091777,69.07626342773438,30,2694
6dcc828b-afb5-374f-b7b0-9767f6e78f0b,824536,5,1,9,174.70306403346999,4.314148526506026,172.9552424026342,3.246351312787057,85.31938519606362,43.54543201603588,129.5296665974064,52.28300125084357,79.7489013671875,30,2695
e036c29e-a68a-3ef9-85ce-37e8ecaa3e50,824536,5,1,9,173.70081832988205,4.547584503277885,173.8761322719168,2.708711631647916,95.67116041222529,52.458082629634504,133.06600890220054,24.066458373843957,77.22238159179688,30,2696
37d85421-c99d-3a64-90d4-96985c896765,824536,5,2,9,176.19964227552111,2.081593917339809,176.25604066096815,3.5741581184483935,101.9816934641243,39.64766181727943,143.12532784544095,30.004493383647038,58.7471923828125,30,2697
b9bd7386-502a-3b2f-b0d7-8dbea5fc73b4,824536,5,2,9,176.13374919651858,2.9172099274794854,174.7413984945371,2.581890258358702,108.97285779058099,39.82023329157741,131.1827273510375,20.294359891715057,71.64279174804688,30,2698
e17a2187-9baf-3a63-af08-bbfdf3747c7c,824536,5,2,9,174.42322793514288,4.183466194549004,174.56225947047236,3.83116324634749,103.60700771869716,43.085250194101484,166.23036886616964,11.355915636192242,62.00555419921875,30,2699
43ff57a4-f4fe-343e-986e-aee352cb8917,824536,5,2,9,177.46368773872393,2.6029896062537796,173.11039227153682,4.531467699302686,113.26218656722045,41.61856032113969,159.97785478228272,21.098184791859648,78.50894165039062,30,2700
727fbaa7-815d-3107-9273-6b574bc559bf,824536,5,3,9,175.36751182594816,3.1145441696178326,175.37308431511389,3.2962106489592307,123.41194554986994,41.288125237114016,142.01474889091116,33.84445174792148,61.993743896484375,30,2701
85734c91-381a-3d5a-a709-9659b0530fdc,824536,5,3,9,175.4021565841638,3.3472387953018488,172.47188363214684,4.148997144146803,77.69951164305274,44.08190728180157,126.7105178257734,69.41606265170786,73.0455322265625,30,2702
87707c82-1ea0-3b18-a5c8-7c5b3b976ba7,824536,5,3,9,175.8118434487675,1.5746462605651341,176.61603890679555,2.173101795912704,91.1105251005493,50.5472189184806,145.67647687685357,36.3334929371753,69.8597412109375,30,2703
e84b8a03-83c3-3cad-b588-476a8e2ef8dd,824536,5,4,9,175.03910807035493,4.216729000578014,175.73870652456452,3.463699566049176,107.48265874834178,31.852107384538023,153.43917569861705,21.660128456622303,71.01837158203125,30,2704
66b3fb85-1875-394a-a5cf-c06e7e24e759,824536,5,5,9,173.77193654551178,4.928623000939574,176.200572139972,3.9223996768992664,117.75201182185775,28.56880186320569,156.933163695901,19.06903291596496,65.74462890625,30,2705
9f9e6b83-a589-3672-abb9-6ed59948f2a8,824630,1,1,9,174.77863190484402,4.2820791018500985,176.80709738923645,2.6881571883585913,90.63136472325647,24.59161456616386,78.90602686525914,15.233417761631383,60.794769287109375,31,2706
edabc81e-e3d5-3ccd-a462-36ab0f34ee30,824630,1,1,9,161.6264087556918,17.255486737693904,164.77760651040535,11.36318515532342,81.13961677638662,44.312855045175176,71.91268623298797,42.09204809636063,104.9114990234375,31,2707
a48ee5be-f979-3b1c-bc4c-3cd63fe7ca76,824630,1,1,9,172.3619303813687,8.22325885992991,173.34386604721055,5.0468397543007,104.79546280186972,19.136886673884973,101.60776469961223,33.97832554298943,65.696533203125,31,2708
a6357df7-07d4-3558-bd6c-c4f7475ff82c,824630,1,1,9,172.0797342340703,4.778286697810803,175.02156919810153,3.5245252469381922,93.88393770375872,24.77067743474175,108.3347109933288,26.872981171642085,40.964630126953125,31,2709
3525788f-6fb6-3b4e-a881-f0ab301c5c43,824630,1,2,9,168.32684550078517,9.560697895671334,171.51681311207975,4.978656762739938,89.8921249892929,38.36795340846144,82.5119922260706,29.50084281671346,87.89532470703125,31,2710
5000e3ba-3067-3a92-901a-e3dc0af6f7f5,824630,1,2,9,176.4023810310379,3.2142291586492027,175.4499355957625,2.6900563292792383,109.9170310573858,16.12779480629299,67.65594030330959,25.084985432654914,79.89059448242188,31,2711
3bc50899-c6db-39f4-8e1c-a7b50a4f43df,824630,1,2,9,170.33741823736344,10.459281851013252,174.10002942546078,7.312003662199784,90.5202565207551,36.75459275618285,84.09104721033958,28.61506811175863,45.8443603515625,31,2712
a171e009-6ac4-319d-8fb3-9fa3e4cffe65,824630,1,2,9,171.6001712642859,5.7329827975468515,176.8008835052241,2.732096998468015,83.18961702543783,33.3256977787457,125.8349157152631,25.66514934604111,34.93658447265625,31,2713
6693f7e3-c2d8-34e9-9368-e83a4958d9e2,824630,1,3,9,171.08193301890742,6.1656066168256505,176.17217692876508,3.2646615457829866,75.56446474018567,31.81973234515276,79.0339534816923,16.73755822073879,38.658203125,31,2714
297a5f54-ac72-3de5-8e3a-4743ec429add,824630,1,4,9,174.34330907029758,5.092144128567545,174.62035615255283,3.298180404592912,95.38815136682267,23.427541543833982,60.3434571513564,24.752362804729096,63.350494384765625,31,2715
3f6a5775-8a85-369a-a418-137f660199a0,824630,2,1,9,175.8004937274925,2.6141794155047213,173.32374626318415,6.75295612649993,105.21502803513451,41.99926311805272,98.00467397187907,15.892225451236353,81.61300659179688,31,2716
c33eca99-e9f8-38f4-8c77-13fcd752c6ea,824630,2,1,9,173.429045782442,6.830386865048765,175.602128961035,4.128467672974777,75.07472138509053,34.28232383029026,88.98418905912358,29.60367793472756,58.508636474609375,31,2717
d0d471a8-a911-30ca-80d0-6b716de91d21,824630,2,1,9,176.68130249782345,2.0768874289891177,176.90443608761464,2.877565849976262,99.248138773289,28.4957023699077,69.32810821799347,19.289406514982176,90.01806640625,31,2718
4b4a6fba-82eb-3816-8d87-03bc8257226a,824630,2,2,9,175.68750295768217,5.036983619359623,173.98121124253663,3.810397136355555,106.58834771846266,24.08548072337365,94.8355185059396,45.252721201892236,70.32391357421875,31,2719
5b7bca5e-847d-3fae-bde3-e7a5a8d59443,824630,2,2,9,163.2903874776806,9.723537911366808,170.9964239511221,6.642893439609092,98.37364140014529,23.885511817920218,78.20304215229598,23.359307951128603,65.47119140625,31,2720
f23130e4-ec02-3a11-bc9e-620ca0b85195,824630,2,2,9,175.8885718343243,3.484921031158383,173.9159003124248,7.870375284307725,101.11447844933579,31.738444572848145,62.5947424693386,29.53045615429313,95.49078369140625,31,2721
8e089d7b-62ed-3f30-af61-526006a8545c,824630,2,3,9,173.20840586447815,3.9982040115868336,175.56750070174732,2.3508641702269797,110.12406581735351,40.28472739040059,102.69909883054808,19.85607707674366,82.033447265625,31,2722
8a6c6059-3bdc-3ee2-8ddb-aec22a81118e,824630,2,3,9,170.8932891877183,5.580287633328787,178.17027957760854,1.7579471495165249,102.39713869983812,27.68800189020614,89.8644860697254,18.10998189304737,71.47991943359375,31,2723
1d4a1fc7-577f-3de9-bc01-0fe2d350da15,824630,2,4,9,174.880062276661,4.691269206936006,172.6180403609603,4.484605666580045,123.51037430452399,21.467111636391977,112.41073197062211,16.311311030357327,91.1541748046875,31,2724
dc748b5c-56d6-33a4-88a3-ea8014bd8da4,824630,2,4,9,160.30088170917006,10.458166220939413,170.23521172104822,6.806811228480305,97.30889227720432,39.14362605476618,72.79269592861701,28.06384841650267,62.04754638671875,31,2725
3a99d75b-52a3-367b-addd-dcb71c7beae6,824630,2,5,9,163.11081410491707,6.650200956747221,172.1103705031859,5.829180564135364,86.60600398627253,19.123461938503606,65.91900873012197,20.810736595978735,67.29974365234375,31,2726
c708e779-ee02-37c2-a23d-6a3ad5bb52d0,824630,2,6,9,167.65321792411203,5.763180689917432,173.42796080402846,4.015382113537384,95.50391107406841,26.043526220521397,73.2684593147996,15.042035713632366,61.0714111328125,31,2727
18853546-df93-35cf-96c9-a2a38469c94a,824630,3,1,9,168.17467749967622,7.433332737213309,174.88890097603212,5.322937579333761,85.72480806425317,39.42598869003773,94.08049294796598,30.749606427486412,49.000518798828125,31,2728
d33c5713-0f58-39ae-a97a-b32db7e9f3a1,824630,3,1,9,174.39394531347367,3.954146506116673,171.04686802095375,4.6197360159124266,90.75469007980999,42.79934136776099,116.91407464530204,47.079193267884456,87.20254516601562,31,2729
632ffe6d-36f8-388e-a6f0-9bb255489ea7,824630,3,1,9,162.00785773242978,14.134498959503995,169.74786337020169,10.69218735748812,78.98337883436157,32.586271711068235,90.17686979852758,18.9726980423302,16.53778076171875,31,2730
0118fb28-5ba0-3661-a7ea-d462b5831daa,824630,3,1,9,175.75002081748832,2.423664487532916,176.21167414690333,3.598200644045063,112.38285376531786,38.69935051131198,109.49698731163825,32.70243549110879,80.1728515625,31,2731
e6297655-2d59-3890-ae7a-c89ad2dd73b4,824630,3,1,9,170.16360377422674,4.999389246872387,176.22007300877362,2.534998268311682,95.3685692484307,16.326390493698554,121.98543390953462,36.793226035539455,49.550750732421875,31,2732
2ec6d2ce-a869-340d-8f75-320b2e30aeaa,824630,3,2,9,169.31827731215995,5.281457133845436,176.25310026859813,2.2028924288667118,109.01854050688912,19.923293074351495,86.90976437370608,8.460296699606358,66.5955810546875,31,2733
a6aa0ffd-ea81-3cb5-9a62-739ed40e208a,824630,3,2,9,175.99201824714137,2.229108490088673,172.62611993018706,7.134112725138994,97.22344300227915,30.482693170365984,74.78203053260411,24.327594586051436,83.1392822265625,31,2734
29d7de76-6777-35b9-addf-914709e8dfea,824630,3,2,9,168.19883758301603,12.046535809655055,174.18371443452352,6.972868479291197,78.74767016747337,33.550994405290865,88.98302061728396,21.70294356074752,44.039794921875,31,2735
90b15c40-4366-345a-9fa1-4907ef4bbb8e,824630,3,2,9,170.06717536603233,4.077964189095314,162.22655682346482,4.910701843215039,120.36148073769725,12.129067475919319,150.38395128584403,20.29186714865493,71.84130859375,31,2736
2febda96-5373-3839-ae9a-2b4eac075878,824630,3,2,9,173.4501530239682,6.891790909122706,174.83718150630543,3.1749737424208964,83.39202947198095,35.426186663471796,87.06254189293928,46.40946648737418,51.231719970703125,31,2737
e4b50006-3d00-3b50-abef-ae6645e8c6aa,824630,3,3,9,164.45377365159024,18.16608723037409,164.11365256056322,17.802656688915043,103.72692447121177,28.13182737136159,83.4936450240093,21.708512151791286,82.38558959960938,31,2738
b0d1a1e9-e0e6-31da-9bca-fe3fa007353a,824630,3,3,9,167.27757474834598,5.896073145854843,173.44960458652818,4.134110187770093,104.15257699273066,25.520110596736313,99.30611974073503,38.58216013698431,72.31527709960938,31,2739
16f402b9-076e-344d-99c4-cf0fbeabddbf,824630,3,4,9,168.35481893638516,3.2961967639873917,174.27469800692035,3.238571586855728,104.20871292813597,35.16273113486102,84.75119135081134,20.35183538719818,86.42391967773438,31,2740
2911e3cc-3a5f-3bdb-a825-04d844c0a16f,824630,3,5,9,175.17357827466782,1.902371393369555,176.41790987734245,3.0134850781578395,97.31716743507803,24.614114818267314,99.60778142493697,19.109817045026105,72.77975463867188,31,2741
93587a37-fd49-3727-901e-275223907661,824630,3,6,9,175.05916634450986,4.998386450723542,174.43015439684376,5.0310591397461755,89.61262689424493,30.472865922322427,67.61151079533968,16.53139985757491,77.4493408203125,31,2742
7ce11399-8ed7-30cb-a15b-a1d35741759c,824630,3,7,9,173.97391519937855,3.7389651214912267,172.44019210697968,7.98287523725881,91.40073666593953,35.38827847591552,100.94370406039829,13.905517599265037,78.60531616210938,31,2743
b2e9c7f6-605f-35a3-920f-42b88f00fe08,824630,3,8,9,167.70715875867816,7.120399339571502,174.04950050634477,5.512631682169764,80.66176994212952,35.16885065798316,86.00863423697898,48.9564572361281,51.319061279296875,31,2744
abcfbb54-1c03-366c-b0c6-f52eebcdab07,824630,4,1,9,177.32673311207662,2.162789212121799,175.30822069983665,2.716980270797001,98.7040529493733,30.843341333306842,94.65473595116389,38.8962772764803,70.62796020507812,31,2745
ae3aca41-b604-32ec-99b8-0ecf07ec6df4,824630,4,1,9,175.4297353939144,2.532610140602354,172.18948915358564,6.5722827421205485,110.42886451575235,23.533369249573266,105.89457394509552,28.00215068262203,68.51504516601562,31,2746
de65dff5-4fc2-30a1-8c8d-5fd505279499,824630,4,1,9,157.0534886584558,10.775691151985223,164.69701572177274,6.883143083434482,100.41758379360834,30.019430441578145,95.20851952364532,17.11565453602907,71.266845703125,31,2747
bcb0d156-a8cc-32da-b3af-94b34c23ba4f,824630,4,1,9,174.3144983576218,3.1329532716419637,169.37736846385096,7.202586430214122,112.78823422463448,32.371053300346965,93.62720925141424,20.85541903802867,97.31707763671875,31,2748
1781ea0a-f193-3d7c-be59-a063b10c402c,824630,4,2,9,173.57802024716935,9.189774744942042,172.2288474150144,4.376012738326622,60.90675925217967,24.104382770162964,99.9234917163151,52.41834872225563,52.3575439453125,31,2749
71385272-602a-3883-8520-808b9419ad89,824630,4,2,9,173.8610724073401,8.105909301442559,165.34105727541194,8.113434187981058,91.57925539389764,34.06997884630428,97.15325894939787,52.53901643178375,95.9884033203125,31,2750
a290f611-0a01-386b-852b-38d83e949c83,824630,4,2,9,159.68774327504917,10.643767599888934,169.68555656761987,8.678829316431678,76.68357433321266,44.16113976391044,58.648438384554915,33.075538423996285,12.4239501953125,31,2751
a840e0f5-3a2a-3da9-a998-81b9da9b50e9,824630,4,2,9,172.3450516282124,4.704336227033656,172.47267483956531,5.787837508606474,106.31579791823305,18.54238346238892,68.2974263531726,36.02320369345351,91.35739135742188,31,2752
1f99db9c-2d9c-34a6-8077-2e838254578e,824630,4,3,9,173.68706360635375,5.417408975165238,171.6540567354256,3.8435735585650646,95.09397990719249,16.387619526577303,114.82525740144297,12.350582074536348,34.978546142578125,31,2753
7a362313-acdf-305d-bf47-f630ae5437bf,824630,4,3,9,171.91628087644867,6.419494438958254,169.7713643002558,6.038441606085749,100.39627126929858,39.26230644930765,56.92742154922677,25.511329135603496,110.04833984375,31,2754
25c3af6a-350a-3a17-ab80-f297182c6ee3,824630,4,4,9,175.31461593766437,4.592250564804806,173.24995900813272,5.053523511871756,86.11741341745835,22.648020227689784,111.95126322654214,28.52907359933946,52.1815185546875,31,2755
1fd6e7c9-566c-3d41-9cc2-4375ff72f4d4,824630,4,4,9,174.76970903184895,3.539400295117312,168.1232782592958,8.838700780891775,111.95866683226109,25.84569197292626,124.45791939409845,24.93323252616682,96.6246337890625,31,2756
771ee297-a873-3a70-9f82-b3bce8fac2b9,824630,4,5,9,171.91636427094934,6.246741207248456,165.47070458720918,5.4089053250733174,103.34599994535084,30.197919626655402,92.44442399671605,45.30270643067985,104.48980712890625,31,2757
01baf2f1-decd-3e7a-b562-52704bb49657,824630,4,6,9,171.87730061978732,2.668220346742516,167.93660435903178,6.04415091790911,102.6959511554325,20.32346438102116,87.07748510281023,49.733325140032726,71.20913696289062,31,2758
32ab5217-c89e-3b95-aca8-7da878d40413,824630,5,1,9,165.04103128908952,11.349780860203538,171.10723507945255,11.750312413428711,102.92724220729771,33.90997601333732,92.77376954028885,31.489264876860744,96.9140625,31,2759
3fd27084-16b2-3f9d-8de3-3e789c052fc2,824630,5,1,9,175.00229494428058,3.1443194128521412,170.45501110450337,4.514956926234135,100.2827606920493,21.82026253012368,101.46292487889802,44.30971582049012,97.43243408203125,31,2760
2bbbb59c-5497-3d9e-8226-7bc16d3e57e2,824630,5,1,9,165.76691713647975,10.12359329755731,168.79738819497322,5.289159551478915,66.73365940001023,20.04226266865769,62.02578381483173,16.66173814871996,48.9700927734375,31,2761
c63fb963-7f31-3e83-bf64-e0468c644641,824630,5,2,9,161.97140219817481,18.109157678003942,169.14894633461168,11.36871603289099,96.04149535582941,39.12086138808445,88.04705401594929,37.743197330839656,83.7781982421875,31,2762
57ecc28e-aa56-33f7-a8b0-5543191979d4,824630,5,2,9,174.16514045716136,4.25086019292253,170.31487368761657,4.327708122608785,103.44778587503939,30.498717338446873,92.72697324690027,21.9294623012377,90.81787109375,31,2763
4e2be93e-96c9-3b21-8ca3-5ebdea7f9c4f,824630,5,2,9,172.63644460684716,7.254083106270167,174.07037573703332,5.395842287954376,93.92610174274407,32.48180311366662,88.02519014790522,52.16648945163807,81.37380981445312,31,2764
c60d3b5a-03eb-3db7-bbb5-e4fa972da857,824630,5,3,9,172.22464056506246,5.562187569393229,170.80439292446968,5.331578384297255,108.3482534773605,44.502679091740724,73.00728692388367,25.749189113449447,116.33218383789062,31,2765
0d4acdcb-6e08-38ee-a06e-acda10e6ec42,824630,5,3,9,168.7705596762572,11.290867482546412,171.3385703861997,7.137303518292909,94.88487439902487,28.978752656661126,84.0505198120223,36.38175031753528,75.06918334960938,31,2766
a1b3901d-7c06-3310-87a6-845d3fb6433e,824630,5,4,9,173.02785922522636,3.513270109064312,171.9243225433437,5.235916383765377,89.54745601627734,44.5571907391431,74.01685885385145,33.866128055102536,85.88143920898438,31,2767
8f9a905c-7dd5-39da-80ff-47094a26c95c,824630,6,1,9,172.8549503615596,4.065280404214296,170.72476690556562,4.330483150762076,114.1946198812676,18.010796985212753,83.37825780152116,27.759215499674557,96.40994262695312,31,2768
2cdf614d-ccc8-3607-b8af-faecf4f0dd1b,824630,6,1,9,172.38865022795358,3.229522650352569,175.41716169908085,3.80996151256783,105.33626444028778,37.75693144939245,85.12625464227997,18.864670085313975,90.81732177734375,31,2769
e4fbb487-0be2-32f3-a128-52822dbfb9c9,824630,6,1,9,175.64117159225103,2.5819092214286643,176.2140563238673,2.925861913770098,104.65891643718697,30.081982377368014,90.64840128734232,33.86030730767951,66.98818969726562,31,2770
e0a8312c-7ea2-30dc-9150-af6f43eeccd4,824630,6,2,9,173.53016276921926,4.827711059539657,175.75862166407057,2.3161634670060303,92.31034886580663,29.020166784412552,84.61738334265357,35.77500635031925,81.59518432617188,31,2771
d523187d-bd48-3d49-b9d8-3f34a43144d3,824630,6,4,9,164.21130232617972,8.01128005873127,173.838539888102,5.970867121227815,87.69665438625677,32.72446193801844,76.86945947629296,32.13375135352795,68.220703125,31,2772
c867848f-214e-30f4-af5c-802ae41c83e8,824630,6,5,9,172.76638151310948,4.200484828323669,176.15183243183867,3.712556967837284,78.40418177485031,28.5801206207789,48.23882008262522,19.67393731114327,73.0264892578125,31,2773
bb273e3c-cbc6-322f-a09f-f175f55716e0,824630,6,6,9,170.50188879537905,9.69429855729246,171.0599983845741,4.956067395131173,73.68234493038149,36.63651621906572,63.2136598460549,28.456341678387396,48.0233154296875,31,2774
7de6606f-746b-3059-9b82-a8ddc458f8aa,824630,6,7,9,175.1098740455421,2.539011129369143,174.2153389840175,4.865717476684596,104.5342106934984,18.87920074505896,81.68022210108919,26.035641263208543,70.6448974609375,31,2775
3ffecda1-7742-346f-acc2-fd4983c3e788,824630,7,1,9,175.7419347296376,3.0742269023715654,175.3180416189601,2.9598852745361826,94.81538293411907,29.08116758992137,90.05609927370801,20.893213589372987,96.40231323242188,31,2776
b67d5617-fa38-3f05-ac2b-17d875def2fb,824630,7,1,9,170.10188619668548,6.714667315420095,175.9016145498221,3.2936104773142256,97.67457410833282,33.39842508477591,91.644736900505,26.011784556470413,37.38037109375,31,2777
00adad4c-4a3b-3278-8df6-0d286f8d34a1,824630,7,1,9,163.71138318149866,17.072794058232354,166.02400491574443,10.873092581839721,103.60376239633791,24.049870461814237,89.36852492860963,34.82541119532819,85.4903564453125,31,2778
0da2c96c-29e5-3702-9714-d61eda5f9ef9,824630,7,2,9,165.99596048244697,17.45146915051303,166.78753429813446,12.274436452502158,95.83464036545394,51.209954603831854,80.62159143944929,43.51491939257422,129.03305053710938,31,2779
4da9e56f-f875-3d2a-a040-5ed778b147ef,824630,7,2,9,145.66043797034175,21.915081471072916,154.83413984317352,20.89286378678886,99.61333984512308,44.86027923930428,80.60637391438442,36.432708135637256,80.29534912109375,31,2780
0a2a0fef-ddb3-3e38-833e-600e758aae9b,824630,7,2,9,175.49637451680616,3.0298876886257413,174.68302839656835,2.8716758585031528,92.82120108985447,53.675204944020315,102.04394454371207,15.30311153488866,100.89889526367188,31,2781
932f71de-cfb6-3e08-b1c4-83225d0e53ce,824630,7,3,9,150.97421842355232,16.047412591157563,164.78260463195068,17.856331013025923,73.11831069168471,35.27372770048164,82.49303622663301,37.16933271234266,21.83837890625,31,2782
9dccebcc-aa8b-3554-9425-042964fa2699,824630,7,3,9,176.76615782783418,2.4311816202317913,174.06258854869887,6.05937072939767,102.18305210758706,33.59825854231903,101.04933673999093,34.75793706288576,85.22113037109375,31,2783
d43b59b1-13a1-3a49-be0f-64c8f4990010,824630,7,4,9,158.7321469825668,17.538855406378023,167.2423368338542,11.97939238505275,74.09882324752148,39.71970333851611,98.10682692169124,40.47656727242057,40.728973388671875,31,2784
206e7a72-705e-33f3-8082-ba03044f9e87,824630,7,4,9,172.61161535117807,5.598749502403323,176.06582353321272,2.706008673739664,108.78875139361257,32.94422452284584,100.77025878294839,26.481059294148174,88.67568969726562,31,2785
6e70a2c0-4330-3e7e-9ec4-a10b3070e46d,824630,7,5,9,154.38347670057033,18.660869491201073,163.3735774179236,11.949678397743547,86.71515019090843,50.15528499113434,85.81855669597547,34.807987109485474,74.30044555664062,31,2786
a69e5f44-41eb-3848-a85e-47fd621e2b10,825091,1,1,9,175.20191141912022,2.608924935062675,176.51990706639663,2.6590975811101165,118.36752776092938,27.18825043876661,94.75854313328449,13.522060650646754,110.30020141601562,32,2787
6882f689-4091-3180-b1a5-19915a8d553a,825091,1,1,9,169.92756197061362,8.73319563838333,171.18960711679324,5.77994933962129,138.45629064974958,33.55465574310284,101.2550903873294,44.89921003884479,104.71395874023438,32,2788
d108ca5f-5388-3cdf-9d92-888859627011,825091,1,1,9,175.33718336210052,2.621403502717711,171.63718966417136,7.165927306296285,127.87470793821892,45.48805278549653,126.4558437834183,37.18233769864905,92.94577026367188,32,2789
1413bb2e-c36e-342b-90cc-0957c5716bce,825091,1,2,9,171.54703008634544,6.570747077633736,175.47030791411333,3.812743366005545,115.64711656993089,32.257556189438645,85.45515440421127,21.43165260214549,101.72552490234375,32,2790
163d2de3-bba4-3ce0-b605-0a50c6078705,825091,1,2,9,174.2251563909664,5.833927198400768,173.84888797250622,6.316963488491663,132.82070253540212,46.354202126458546,109.42521839860915,35.915115116028936,85.55029296875,32,2791
18cbbad8-09c9-3ccf-ad78-8e1a4b4e558f,825091,1,3,9,171.87156864979943,9.182931148698968,177.09719893367253,1.2960300118319223,133.43889936005178,48.862088275640474,89.40942278868269,22.88914041760523,100.28823852539062,32,2792
ad80f203-f82d-3199-9ee0-5c98f272b2bd,825091,1,3,9,170.09284210774518,7.585756366555923,173.79821163825588,4.356887380700572,142.88627096220387,35.44881170707152,80.34066791831762,31.40345685081599,101.24777221679688,32,2793
9159edeb-7111-3ff2-86c7-a9fbb280796a,825091,1,4,9,176.09616450469247,3.6544429193593606,172.82768004110014,3.1136664845303077,145.27913346421136,24.22802808919909,123.31947654201147,43.604777677959106,86.07952880859375,32,2794
32a27b48-cc22-3c11-b93f-f0ef2eaea056,825091,1,4,9,171.69356775501794,7.689396711341836,176.20739451133278,3.116303020469202,125.01802721107333,34.2512565688493,100.8546176602013,44.94116116309432,103.05645751953125,32,2795
124d3a8b-ed2d-3276-a4fa-a320c51004dd,825091,1,5,9,175.54502560020984,2.270635974928056,174.1322179925532,5.2696234662622485,142.48769381788475,22.979594521762067,136.29034038452642,32.90138532392908,39.975189208984375,32,2796
7af4492e-cf5c-3b14-8367-652f191c2ee6,825091,1,5,9,176.2123280081452,2.5979283597282543,171.91470393332773,4.092120168129752,149.80457180022165,27.69086116925505,112.53144343230342,37.07348731717979,77.2706298828125,32,2797
94d99544-1a2d-336a-bd54-f97e31484634,825091,1,6,9,175.22519850159364,3.6933659033594264,172.02457940498263,6.908353636099286,148.62562532342264,20.677499776941733,117.54907532370856,36.69108157431069,74.8828125,32,2798
33b4fb66-c1eb-333b-aa5b-2b7a341300e6,825091,1,7,9,175.00770669674307,3.23737075346939,173.3890499486945,6.787477860395827,156.47373465426742,19.712998997098968,116.90248108924597,38.36686633049052,34.7708740234375,32,2799
48df5954-3cdc-3609-8de1-34dae1e7c0ea,825091,1,8,9,172.0630324532171,4.834274573834439,174.10212098252703,5.348619043595171,141.62531092521397,23.348502194544505,113.75723721544975,35.67496027643742,94.4844970703125,32,2800
0f6bf251-74f6-3809-aa13-8d3c0391e6c6,825091,1,9,9,169.91914571061332,4.676539667463847,167.90561011613676,8.449215546012656,156.50032342599005,16.228712104498257,119.92095846534578,31.15721154065871,35.538116455078125,32,2801
329f9386-47bf-3420-8a9c-190f815317ce,825091,2,1,9,120.82869995891785,3.5755203630810946,128.15033210620084,4.448434240640162,100.84068303266095,39.23892997292325,93.6665287603098,28.561089163355582,45.64068603515625,32,2802
06872a04-ba70-3e7f-ba54-c2c7cfe6c9ba,825091,2,1,9,172.86797868754277,7.011990736559633,174.9450448387347,4.396789806083624,132.6360494113289,39.15774486565645,118.90855219715243,28.425293339978072,105.38034057617188,32,2803
d0112756-9948-3e6a-a7fa-8c10ecea6843,825091,2,1,9,176.4781178556828,2.9797742869283432,172.01536145780202,4.672577607402949,130.09526676280956,42.85623860195714,112.80944752476768,37.00977933557516,105.90914916992188,32,2804
479e1753-4744-338e-9934-2e3b379d3b88,825091,2,2,9,170.149496423414,3.6123550814658314,171.05610172633592,5.871031664815729,150.1736232562447,30.22060797941235,116.77571693612335,25.836793614550345,81.34317016601562,32,2805
e8466367-90e8-3ddb-b5b1-8265208c656e,825091,2,2,9,171.51165107315276,6.81153294993352,174.11181229465652,4.309235385618,135.17288438537446,33.299673253923295,91.59401747158827,40.19256154248471,117.74215698242188,32,2806
3e6664c2-bd1a-31fb-ae88-362d40ea4a27,825091,2,2,9,174.39338237635343,2.760931580694708,173.10703136049275,6.892866966061915,128.65433568450737,47.311058221625146,117.6228948533392,38.4877407922974,112.31646728515625,32,2807
6dcb2306-2c96-3869-8b1b-a6996032b365,825091,2,3,9,175.91692520343844,3.3009924431549527,171.14520661265158,6.339788973797332,155.90266288842187,11.608369770961906,133.4908763226354,34.87958567140883,16.0594482421875,32,2808
6f8feff9-3161-37d1-8b81-fb5bcb649f0b,825091,2,3,9,175.4472527203117,3.0327737351360344,173.60102813330025,4.023551353746166,127.3187591603878,21.516922133844,120.46065841882543,40.2779581798408,94.21627807617188,32,2809
c7195c9e-fcba-366b-ae6f-4725a852695f,825091,3,1,9,175.59794555337749,2.661299690088179,172.74283363214195,6.436882751145757,128.34436637665493,45.36860544130913,108.4746062113872,40.00558882703028,120.70135498046875,32,2810
527b2031-a0c7-30c5-b798-e74593f8a597,825091,3,1,9,175.77537063950453,3.0758880602161445,171.11682275710893,5.081554892154165,139.1872289394934,50.076053315788855,112.51402691418781,22.953331358496065,51.049285888671875,32,2811
4b6f159a-de7d-31af-a09c-da07bcbc5ad3,825091,3,1,9,176.5139697942351,2.7638614899231304,176.01655639118434,3.937381801048829,140.55179056449913,47.653089673613884,113.58956377037055,33.40883200562452,61.9705810546875,32,2812
af4230f5-79b1-374b-b0b4-ffe57fe08aba,825091,3,2,9,175.03011401873877,4.595943400930131,169.11067245915234,7.1441553574736645,135.1647916327808,35.96431994388885,113.31226564423245,46.4980045761802,114.66378784179688,32,2813
e95c8a22-2bd0-37a4-8665-9ff6239f19ea,825091,3,2,9,176.91758041053205,2.2637497141275307,168.0711983152261,4.450360509992547,132.55041946937138,19.236412830344356,109.0887158749178,43.774257189382666,104.54766845703125,32,2814
d55e059b-1b4d-3c1b-889b-a5dbd2a1dacb,825091,3,2,9,175.74194540191434,4.043908170456484,171.9594261639756,6.737196589310685,151.14686839412127,11.99095061103532,124.26187761125529,36.11698172590048,22.2996826171875,32,2815
b533ee7e-eab8-3d8a-b43f-f01a5f37069c,825091,3,3,9,171.93316822299008,5.34082790438807,169.82371602480356,6.666834823768062,133.6089064948535,34.77304517061535,119.12474947609189,38.79995152315542,104.68496704101562,32,2816
cfe8c240-239a-3839-b2ac-a215c4c1c18d,825091,3,3,9,171.4543909707279,8.398254634263136,172.51275717262902,4.5812219484260845,137.2960403435041,18.74022151589732,95.62718411133515,21.78262151704763,104.5914306640625,32,2817
7d331906-32a1-3603-a5f1-bd8f3659b016,825091,3,4,9,174.15664392175833,3.998726826769381,172.04630757990628,5.942615963300691,144.23168213994012,19.51438817240129,118.82948014352162,22.172251036470332,24.273712158203125,32,2818
9999348f-5f6f-3039-83da-ac64a8160fe3,825091,3,4,9,174.27619527839576,5.902678047046399,172.58343161539835,5.614107951903452,136.0085536395905,17.01416607241432,92.13613709454961,44.55194746913116,97.6221923828125,32,2819
dcedc4ef-41ed-32c5-b92e-1af6b0dd22f9,825091,3,5,9,176.6288508635624,3.3778543676358757,167.40820384633665,6.657932415179008,133.16345269621394,35.70458684287763,118.01050956298208,24.220090207292728,119.25540161132812,32,2820
b3c3ae62-8579-37c9-9f0d-6275b7e39d18,825091,3,5,9,162.31000349555484,6.146625785146582,178.34920169982175,1.2749708392341281,172.68892287820995,2.411759393707396,152.1959086659103,4.746951771551619,13.7298583984375,32,2821
e8e4cae4-b1e4-3de2-851b-cd1b37dbfe07,825091,3,6,9,177.30578071031275,2.604642931448752,177.06341070370414,3.918938476320252,140.97819481111065,44.429653614118735,98.54095132659353,10.101886744731344,89.04861450195312,32,2822
d8acb7f2-71b6-3121-a732-975d31a20620,825091,4,1,9,176.83776386216334,1.2839492456250525,175.33102574121293,2.71865404331806,118.3841035129347,49.01259701222499,89.73093274296338,7.124559251342747,106.88134765625,32,2823
bfc33e2d-d4a2-3d8e-b60b-1568a940f944,825091,4,1,9,175.70481916713797,2.1394973953271568,172.38743390127334,5.234819342619364,142.70688391439202,15.662060615173303,121.82206294280134,40.260062431760744,13.416748046875,32,2824
190c79dc-e5a3-3f27-b761-5ed02dace601,825091,4,1,9,171.09244579332915,5.0150511182729876,175.16774456210294,3.7927984135089665,128.90740353023637,30.78365725975553,97.72908416141975,47.33611310623344,108.5321044921875,32,2825
8641d6d7-4e08-3e08-8f82-5b1171dd118a,825091,4,2,9,174.96525268639544,2.7642047359815884,173.99158350012917,5.630966244649896,137.079220271524,25.24045781834009,118.94579850677957,33.50682443314844,74.48989868164062,32,2826
911ae679-cc27-3c8d-b59e-5112c8b9cc3b,825091,4,2,9,170.50159000522515,5.8871174783582365,173.74084180805994,3.6137496459402296,139.2864436367004,18.356344353173345,99.55789450430179,40.11962972083469,102.2734375,32,2827
2316f4bd-9d88-35e0-9bfa-32b77f70af02,825091,4,2,9,170.83009065804697,7.499936876232057,172.73819936525808,5.1442240232721606,120.29498633872238,47.299633101686666,119.19670613892247,43.25357754809335,122.42245483398438,32,2828
cde673aa-11e6-38d0-94cf-691a31e2d1ed,825091,4,3,9,173.66283388409445,5.419403317950893,175.72895285806038,2.1605300326682597,142.61433366844076,37.582466513773674,90.42869446476969,31.957870792713155,104.55792236328125,32,2829
bf416b55-e540-3c69-81c2-1632038dc054,825091,5,1,9,176.96345484574536,3.077915590442286,176.73844838680054,2.4787142082166724,128.70908966346713,50.88549104804929,106.27172980373832,15.606551446088362,99.17620849609375,32,2830
a980dd93-228f-3d6c-8ab5-9b3b8c72c8c1,825091,5,1,9,169.7975251530872,5.890556663948795,174.29041429486367,3.4334541957246025,136.61465907936307,29.989762177885652,104.83760705728452,35.85841263289373,128.16265869140625,32,2831
f90bb727-8fa8-3107-bccb-03962dfd353e,825091,5,1,9,173.89615877843593,4.3096869853620134,169.33963100626693,6.991259705918763,125.07791411766198,48.76866019404072,123.10180102392226,27.563575196837796,105.965087890625,32,2832
3990438d-d18d-34ff-8caa-bc4b550edbc5,825091,5,1,9,177.4565818975383,2.130602873467001,175.41629015379172,4.479548348325498,136.78618057403747,48.788192541140305,118.48104105621923,36.464805588473205,80.63995361328125,32,2833
3e187787-bdba-3041-bd79-e4e38a1101c1,825091,5,1,9,174.12029199238884,5.009175267483978,171.77786842734082,4.9920661523576,127.51084717740274,42.92371048075376,105.94180626155678,48.63178815478492,122.69805908203125,32,2834
24c650fb-b9aa-3910-b904-83ec7d66ea76,825091,5,2,9,176.08612650095208,3.0511388441826695,172.92574586847493,6.051109670872208,126.34870014448637,29.14155633578866,128.33193867851776,39.565944504988146,86.8807373046875,32,2835
b87d36d5-be20-322a-a945-6ab89b99035e,825091,5,2,9,177.7700920628295,1.8478620132737895,173.70962244795888,6.253022545497682,123.85910036820627,32.64218404448147,112.245661582541,19.42625456412525,121.32138061523438,32,2836
20bd4b41-7339-3f12-962a-89dec15cbeb9,825091,5,2,9,176.4125717118842,3.9653579997590307,174.4944874259104,4.033235619634293,133.96285524627845,39.721754840625614,110.91679310253616,45.277496073710175,105.1954345703125,32,2837
63e036f9-3043-327a-860b-31dc43278d65,825091,5,3,9,168.992526568962,10.244626648997741,175.07715611022047,5.022341464705053,119.34489415602187,35.86826661173303,71.31040604461782,34.98748087356529,90.41448974609375,32,2838
4dc052c1-0d75-3eb7-91af-fe315d31a9e9,825091,5,3,9,178.06280892433324,2.898090746409159,167.66182380571192,6.876858309080318,131.34437010278822,20.106101701586564,112.5214492172156,44.90641912330979,114.38223266601562,32,2839
214383d5-e0d8-3762-959f-82fd79ef4497,825091,5,3,9,172.90897279808965,5.710901466724957,174.22263633902946,4.622190395690363,118.84530808554251,33.528279785149046,101.61484631406084,35.10450289261509,101.85177612304688,32,2840
c928d56d-a455-3e90-9a50-24cb8744265f,825091,5,4,9,172.20200414796395,7.012735627041106,177.64063194061575,1.7867564041889343,119.08554058925743,32.775415506038826,93.66784759135263,13.795246947261859,110.97415161132812,32,2841
31522e95-302b-399f-9460-d34e2389955b,825091,5,4,9,174.72464024343515,4.016106018545822,171.33437416735018,7.507766685688552,124.76937294164992,35.31266545730815,111.83558395954101,31.66390973994598,107.60107421875,32,2842
3649e204-e3d8-3746-bdf7-14008bc8765e,825091,5,5,9,175.15988014197657,3.367007140748254,152.18331665205903,2.618583986453421,,,45.42314453524721,20.591171940844582,,32,2843
c94cda11-58fd-3d64-b672-4ba860c702b6,825091,5,5,9,175.40247681706435,3.8562581950067827,172.2419232041368,5.931286316274105,133.1088417894365,32.04130913162939,98.01403983558073,34.136398079588005,101.094970703125,32,2844
3805e1f0-a4cb-3d09-bd8c-2aff779e8a24,825091,5,6,9,177.5834150040638,2.0656648200568606,170.6239289093614,5.616126738353699,138.50568212200577,23.246393110810217,127.89268249846279,41.18934136081683,83.3929443359375,32,2845
f5037c6f-5358-31cf-8207-ff4d75a4d213,825091,6,1,9,,,,,80.34396961783847,29.347890857890082,115.20889430444024,24.92380308636918,25.898765563964844,32,2846
b8bd69ce-50b2-37a7-bb4e-f209bde0c74e,825091,6,1,9,175.94790815941187,1.8382146232111762,174.13763807436,5.119414501153781,119.33141172187018,46.79319104735545,109.28331507699437,31.189292161177587,123.26675415039062,32,2847
46047359-2450-3b1f-bf69-84f0f3ed4b5a,825091,6,1,9,172.33362142274672,5.126648780522584,172.15262401903607,5.198335243990221,122.46485550662348,30.918354167655664,128.50416609395435,35.77253155452647,113.47998046875,32,2848
21238392-7b35-3a0f-b8d2-403e98d11ec7,825091,6,2,9,170.05070998467076,6.887657316319716,176.28775089082308,2.784888214506088,127.81873129142689,42.45243542460223,96.05980952546676,31.014012937479304,105.32791137695312,32,2849
ddaf2ae3-f0c3-392b-bd0e-f93e02cf3ebd,825091,6,2,9,170.92879215756022,5.792110504940556,172.5947741770049,4.154110001854789,119.93250305490831,45.005914557331565,122.64765933495632,37.365698726022615,96.55026245117188,32,2850
90381cec-b414-37af-a991-2acb07d516a9,825091,6,2,9,172.76011501725645,5.304107208228271,172.51518398647494,5.813608371386814,119.40127928366928,40.327460816009,117.66612068112971,39.132374503428956,125.18533325195312,32,2851
44c83acc-0d7c-3018-a111-7ac8ee0d5fb6,825091,6,3,9,175.90079466286136,4.639725832115985,172.04775238280044,3.9747259209023023,127.92209945866574,29.76364063245994,117.02938668653945,40.965980670661814,102.76620483398438,32,2852
dda6456c-cb10-3432-8c18-f1fb88563a44,825091,6,3,9,165.9395717053854,5.81849909559301,172.51272288864746,2.9949114771863186,136.39107988676867,33.476719492212936,116.4384033068762,41.4723324464836,116.36837768554688,32,2853
35eb9fb0-2c88-32fe-9e9b-25496eefeae9,825091,6,4,9,174.92655338492474,4.126878601225028,172.89394946978666,5.326286775065707,142.24255643333302,21.08350179315319,128.26905341352384,32.31902375016366,25.8544921875,32,2854
11d756f2-301e-3318-92a4-d4c822bbd34f,825091,7,1,9,,,,,108.45388743208348,1.1006047596703483,102.14575854748723,0.9091342490325474,0.4279632568359375,32,2855
c3d5fa11-5a79-3693-a302-b5be2b7e16c3,825091,7,1,9,175.4757626275202,2.3985107715835015,174.83723909088985,4.67941152146415,128.83360063613898,39.81233553688734,118.47881687494095,35.10194579477302,101.2122802734375,32,2856
155f4367-077a-3be7-b6ac-d633cb4858a3,825091,7,1,9,173.3413061575654,6.76463627966003,175.1648030403997,3.2282850453230756,119.36591904853465,41.11619082766977,125.11527493224837,32.84629202556953,112.39498901367188,32,2857
9227fe42-74ee-3e82-a016-dfa21fa36786,825091,7,2,9,171.56593517211397,7.959815205241746,174.69838458402862,3.2361563548008414,124.71072099332658,37.650979235295544,88.13308889332373,30.10303947074583,94.83242797851562,32,2858
ba8f1cfb-6287-3259-af2c-cf9b0e0b2301,825091,7,2,9,175.9466989066326,4.417169624332267,171.4395285791968,3.8988436735428658,125.34651170057045,40.57964019553373,118.60188844001466,37.06852691402727,102.44927978515625,32,2859
1f5d49b1-ca91-34d8-ba05-871578913e54,825091,7,2,9,172.30762290412036,6.9604418150036995,173.9694091287631,3.407450755082354,141.90091473879968,28.18716128487753,120.32384193755297,34.8910143531638,94.707763671875,32,2860
352e3d54-d4a1-3388-a52e-53f6c59548ad,825091,7,3,9,173.94187312404387,7.622560678109759,174.8756555153033,2.766328467369216,129.49458024708446,43.5255124800126,134.9147550181809,32.493082999930905,93.53167724609375,32,2861
fc415f1f-4caa-34d0-8860-b003ef5ba076,825091,7,3,9,176.940695824675,2.4283900437266626,175.85354263468017,2.4091805710152094,114.68598127155049,45.64213393384781,105.86961057212011,18.23729613064725,109.1912841796875,32,2862
adcd7c4d-f512-364f-9cdb-6b8a31e9345f,825091,7,3,9,174.80366422354226,4.264361817391463,173.38342886252596,4.620757862725575,134.2901357899761,35.589934221749154,135.72757200712624,38.83991574096443,52.86566162109375,32,2863
918d5faf-c0b3-3581-ab44-f157ec1fe30f,825091,7,4,9,173.1352070846981,5.029182125679638,177.10663097966105,2.39448764454267,132.19615387578895,31.91055451063899,116.99830768518765,18.21487295278466,69.2879638671875,32,2864
d07faa68-d34b-3696-982e-8a442bc55e88,825091,7,4,9,175.41877571930206,3.545433435590189,173.68636842428327,4.834505107328137,135.41724026785135,35.66022750754155,131.74842652953646,39.09689731718367,77.92996215820312,32,2865
79ad8c68-4a2f-3dac-bded-06f0c32e3752,825091,7,5,9,174.56696602132246,5.55866894512855,175.98102613857708,4.016476152466482,127.25642392051707,35.20803886927463,88.32082136979109,14.241350218278598,83.10488891601562,32,2866
165bd387-9fbb-395a-b559-5e469094dbdc,825091,8,1,9,174.48317459114799,1.6044398698607498,174.06657152453533,5.670863145305804,98.56417447944257,36.19426824010585,106.10677868761586,22.40025884591274,110.02658081054688,32,2867
21b11ac6-b2f3-38f4-8adb-7e1e1823af66,825091,8,1,9,173.47121571400066,4.741542073503027,173.04376396377697,5.34677066395224,113.7983072812826,39.308288264882705,109.32950276534723,39.34041710705775,115.64263916015625,32,2868
a057d76c-5ca4-39ae-a40d-5ea1260239b7,825091,8,1,9,169.0335608297485,4.141534207183972,173.9717990557732,4.1262834369825425,122.47327577129502,32.838808703306334,76.59583576478981,19.878519755053528,100.27261352539062,32,2869
c5e2165b-7e83-3c1b-a405-c4b0ae848e9e,825091,8,2,9,166.5343078925149,7.534287987064591,170.67284843132677,5.4513561940761655,129.7046650595087,51.93897994062962,84.83002683438103,31.72319301695722,96.74371337890625,32,2870
ef82ad4a-db6d-300c-b87a-9570d95856f4,825091,8,2,9,174.1621035631107,6.681457129587697,171.6388052677371,5.372583256924782,119.27710543359252,25.26306153351181,123.33761229614937,28.160906369827142,111.43600463867188,32,2871
66458c62-6117-3938-b735-68cd76d14651,825091,8,2,9,174.23362867458553,3.2609159726587684,169.2360404472863,5.383648584485408,129.37479833303195,25.283213014480427,120.0415066228006,30.115932650948327,122.7796630859375,32,2872
ae6c5982-d7d3-3103-a365-992f2981126f,825091,8,3,9,163.00980915039813,9.000951297190753,174.784131712914,4.092773924647626,122.70150151257192,48.754881286374136,102.64084050459729,37.534659614071074,113.70932006835938,32,2873
b50c79ea-23f8-398c-9303-c123636e7f39,825091,8,3,9,172.51085907798986,5.7912790396833005,172.34459868391028,4.701397447642503,131.16823891573034,32.106703241832456,112.74333494461767,42.605809546620755,106.93545532226562,32,2874
fca9d2da-fba8-33c9-bc85-3c6cad67576b,825091,8,3,9,173.04462178173657,6.093629816638584,172.8223726301427,4.847597583519623,103.9807249751552,48.16634511221375,87.16634676199534,33.44382975560976,100.93682861328125,32,2875
57d53aee-f17a-31a4-bd86-31507438ee8d,825091,8,4,9,169.2591186000405,7.347062479380966,172.76417076240628,4.5244343879593,133.90523570021423,30.29679530285925,96.9286863659026,34.334680686855705,116.4632568359375,32,2876
8200dc8a-161d-3b11-8d2f-309c7c7c38d0,825091,8,4,9,175.5155349046539,3.250049916367285,169.84153216666897,4.189660275780751,139.2130698030311,15.873151381393752,102.31274744726183,23.72105752896968,109.88345336914062,32,2877
09b63a74-8146-3310-a839-de9350edc04d,825091,8,4,9,175.30356720525256,4.022289387663898,173.1502776825523,5.21314615472031,124.63769364110436,41.508701812856074,96.42801652949466,26.011272969263246,115.28787231445312,32,2878
c1ee6678-a494-356f-a33a-5702362262da,825091,8,5,9,167.94539588862804,5.674184116219168,168.80870202884864,4.627811459146922,147.32753084917826,30.20539019714256,77.46981014976302,27.551690634809045,101.40493774414062,32,2879
9ffbc287-2879-358e-8d4c-395c7f91e680,825091,8,5,9,176.21769155928692,2.69436093649309,170.56110586442847,6.346346797060438,132.80264159717086,27.680707559645512,86.04406160943341,44.67322611786731,104.19052124023438,32,2880
a6bda130-9745-32fc-9506-c3dd933314dc,825091,8,5,9,175.91492551134283,3.822576594400074,173.2263714594452,4.912745796785511,102.54146890553481,34.23334659746951,99.719783639436,15.046238983848236,111.98452758789062,32,2881
bd9c2d31-781f-37d4-b216-42eb416adc7e,825091,8,6,9,174.02092716181573,4.6540614116294226,172.60705598301482,6.0024622277726065,132.95393418187984,50.81634336859378,91.97575126517071,38.86613290628326,103.67544555664062,32,2882
b61d0f1a-8d95-34f5-a329-61ea7735015f,825091,8,6,9,173.38193430978146,4.3507736854147945,173.92935211112774,6.20885148212185,127.28909162343719,22.19277714972169,112.86168720674989,28.241989263193346,122.50018310546875,32,2883
