play_id,game_pk,inning,pitch_number,n_frames_pose,n_detected,detection_rate,release_band_detected,low_confidence_flag,npz_path,download_sec,pose_sec,total_sec
50affc54-6fca-32c2-8261-fb8f547caef0,823649,1,1,191,191,1.0,9,False,C:\Users\noahl\OneDrive\fatigue_cv\skenes_2026_season\keypoints\50affc54-6fca-32c2-8261-fb8f547caef0.npz,0.9,16.72,17.62
962fb880-4e09-3244-9742-92cec8bcfa4d,823649,1,2,191,191,1.0,9,False,C:\Users\noahl\OneDrive\fatigue_cv\skenes_2026_season\keypoints\962fb880-4e09-3244-9742-92cec8bcfa4d.npz,1.76,17.08,18.83
cb37a89c-4d9b-3dd4-b63f-8487c77c782b,823649,1,3,191,191,1.0,9,False,C:\Users\noahl\OneDrive\fatigue_cv\skenes_2026_season\keypoints\cb37a89c-4d9b-3dd4-b63f-8487c77c782b.npz,0.85,16.68,17.53
8510e7d0-7565-3c6b-9299-3d3008ae6973,823649,1,4,191,191,1.0,9,False,C:\Users\noahl\OneDrive\fatigue_cv\skenes_2026_season\keypoints\8510e7d0-7565-3c6b-9299-3d3008ae6973.npz,0.9,16.38,17.28
ce022742-d4e4-3105-8eba-d8fadcfa7835,823649,1,5,191,191,1.0,9,False,C:\Users\noahl\OneDrive\fatigue_cv\skenes_2026_season\keypoints\ce022742-d4e4-3105-8eba-d8fadcfa7835.npz,0.89,16.92,17.81
dbd123a0-fae8-39eb-879f-7a4be99a4802,823649,1,6,191,191,1.0,9,False,C:\Users\noahl\OneDrive\fatigue_cv\skenes_2026_season\keypoints\dbd123a0-fae8-39eb-879f-7a4be99a4802.npz,1.09,16.08,17.16
d5e89293-b5e3-3904-962f-d642861f9df2,823649,1,7,191,191,1.0,9,False,C:\Users\noahl\OneDrive\fatigue_cv\skenes_2026_season\keypoints\d5e89293-b5e3-3904-962f-d642861f9df2.npz,0.87,15.46,16.33
79b861bc-6404-32ac-837b-1e7eb8f06263,823649,1,1,191,191,1.0,9,False,C:\Users\noahl\OneDrive\fatigue_cv\skenes_2026_season\keypoints\79b861bc-6404-32ac-837b-1e7eb8f06263.npz,0.89,16.72,17.62
9dbf467e-bb27-3162-b665-3edcbd594c7b,823649,1,2,191,191,1.0,9,False,C:\Users\noahl\OneDrive\fatigue_cv\skenes_2026_season\keypoints\9dbf467e-bb27-3162-b665-3edcbd594c7b.npz,0.75,15.16,15.91
1eb05457-8750-3ffa-91bd-0aefab76779a,823649,1,3,191,191,1.0,9,False,C:\Users\noahl\OneDrive\fatigue_cv\skenes_2026_season\keypoints\1eb05457-8750-3ffa-91bd-0aefab76779a.npz,0.94,14.53,15.47
d854a460-f773-3ee0-8a62-8f4ff3b9f880,823649,1,4,191,191,1.0,9,False,C:\Users\noahl\OneDrive\fatigue_cv\skenes_2026_season\keypoints\d854a460-f773-3ee0-8a62-8f4ff3b9f880.npz,0.79,14.97,15.76
d29c6cba-47f9-3fe8-92e2-b3d0b963a05e,823649,1,5,191,191,1.0,9,False,C:\Users\noahl\OneDrive\fatigue_cv\skenes_2026_season\keypoints\d29c6cba-47f9-3fe8-92e2-b3d0b963a05e.npz,1.18,16.14,17.32
5fde1ca8-90e4-3b21-ad27-49c8c7354677,823649,1,1,191,191,1.0,9,False,C:\Users\noahl\OneDrive\fatigue_cv\skenes_2026_season\keypoints\5fde1ca8-90e4-3b21-ad27-49c8c7354677.npz,1.23,15.29,16.52
7aaf1592-f41d-3dce-836e-24f0a70adf8c,823649,1,2,191,191,1.0,9,False,C:\Users\noahl\OneDrive\fatigue_cv\skenes_2026_season\keypoints\7aaf1592-f41d-3dce-836e-24f0a70adf8c.npz,0.89,16.19,17.08
c6adfb46-d74f-3ac0-9367-180b3d5abbb6,823649,1,3,191,191,1.0,9,False,C:\Users\noahl\OneDrive\fatigue_cv\skenes_2026_season\keypoints\c6adfb46-d74f-3ac0-9367-180b3d5abbb6.npz,1.02,16.91,17.93
3bcd3bd7-4195-3c56-9dbf-4cf6e4afd8e3,823649,1,4,191,191,1.0,9,False,C:\Users\noahl\OneDrive\fatigue_cv\skenes_2026_season\keypoints\3bcd3bd7-4195-3c56-9dbf-4cf6e4afd8e3.npz,1.12,15.94,17.07
3349dde8-f8ad-343d-b7fc-7e164276dc11,823649,1,1,191,191,1.0,9,False,C:\Users\noahl\OneDrive\fatigue_cv\skenes_2026_season\keypoints\3349dde8-f8ad-343d-b7fc-7e164276dc11.npz,0.92,16.08,17.0
46244a4a-cf21-3ae0-9e67-90cff82df246,823649,1,2,191,191,1.0,9,False,C:\Users\noahl\OneDrive\fatigue_cv\skenes_2026_season\keypoints\46244a4a-cf21-3ae0-9e67-90cff82df246.npz,0.93,15.56,16.49
b96dad7a-52a7-3554-b006-c1574af0e7da,823649,1,3,191,191,1.0,9,False,C:\Users\noahl\OneDrive\fatigue_cv\skenes_2026_season\keypoints\b96dad7a-52a7-3554-b006-c1574af0e7da.npz,1.18,15.34,16.52
977dfba3-ad29-34f2-a100-17d63497394a,823649,1,1,191,191,1.0,9,False,C:\Users\noahl\OneDrive\fatigue_cv\skenes_2026_season\keypoints\977dfba3-ad29-34f2-a100-17d63497394a.npz,1.32,14.89,16.21
9602f8c1-7a50-3226-884f-d219cf3c3ba1,823649,1,2,191,78,0.408,9,False,C:\Users\noahl\OneDrive\fatigue_cv\skenes_2026_season\keypoints\9602f8c1-7a50-3226-884f-d219cf3c3ba1.npz,1.13,15.36,16.49
7f7854ed-1eaa-3010-9fad-6d994b01cfc9,823649,1,3,191,191,1.0,9,False,C:\Users\noahl\OneDrive\fatigue_cv\skenes_2026_season\keypoints\7f7854ed-1eaa-3010-9fad-6d994b01cfc9.npz,1.04,15.43,16.47
77883d53-6481-3b13-8537-6461c35f332d,823649,1,4,191,191,1.0,9,False,C:\Users\noahl\OneDrive\fatigue_cv\skenes_2026_season\keypoints\77883d53-6481-3b13-8537-6461c35f332d.npz,1.08,15.44,16.52
eb67c6df-4f2c-3972-bad3-bc6bf758a2dd,823649,1,5,191,153,0.801,9,False,C:\Users\noahl\OneDrive\fatigue_cv\skenes_2026_season\keypoints\eb67c6df-4f2c-3972-bad3-bc6bf758a2dd.npz,0.94,15.26,16.2
756317b2-ee34-33c4-9d09-8770f2fcd841,823649,1,6,191,191,1.0,9,False,C:\Users\noahl\OneDrive\fatigue_cv\skenes_2026_season\keypoints\756317b2-ee34-33c4-9d09-8770f2fcd841.npz,0.88,16.52,17.4
e03a1db7-7d4a-3940-82cd-ed6fb040b971,823649,1,7,191,189,0.99,9,False,C:\Users\noahl\OneDrive\fatigue_cv\skenes_2026_season\keypoints\e03a1db7-7d4a-3940-82cd-ed6fb040b971.npz,0.92,16.89,17.81
d4c706d2-e57d-365f-b6c0-344d1b9587c3,823649,1,8,191,191,1.0,9,False,C:\Users\noahl\OneDrive\fatigue_cv\skenes_2026_season\keypoints\d4c706d2-e57d-365f-b6c0-344d1b9587c3.npz,0.87,16.45,17.32
12988243-f605-31aa-ae03-1a6117bc2692,823649,1,9,191,191,1.0,9,False,C:\Users\noahl\OneDrive\fatigue_cv\skenes_2026_season\keypoints\12988243-f605-31aa-ae03-1a6117bc2692.npz,0.9,16.33,17.23
d508060b-2cd3-3818-a15e-0292c3a54032,823649,1,10,191,191,1.0,9,False,C:\Users\noahl\OneDrive\fatigue_cv\skenes_2026_season\keypoints\d508060b-2cd3-3818-a15e-0292c3a54032.npz,0.98,16.26,17.25
cc7abf9a-0863-3230-912c-d3655cb3da68,823649,1,1,191,191,1.0,9,False,C:\Users\noahl\OneDrive\fatigue_cv\skenes_2026_season\keypoints\cc7abf9a-0863-3230-912c-d3655cb3da68.npz,0.95,15.59,16.55
02dc7092-3a9b-3cbd-95fb-64807dc0cd0b,823649,1,2,191,191,1.0,9,False,C:\Users\noahl\OneDrive\fatigue_cv\skenes_2026_season\keypoints\02dc7092-3a9b-3cbd-95fb-64807dc0cd0b.npz,1.46,16.88,18.35
e22ad727-dc2b-318d-a3cf-72498add59eb,823649,1,1,191,191,1.0,9,False,C:\Users\noahl\OneDrive\fatigue_cv\skenes_2026_season\keypoints\e22ad727-dc2b-318d-a3cf-72498add59eb.npz,1.66,16.44,18.11
d432a3d1-04c9-389b-9ec6-115e5f2f29ce,823649,1,1,191,191,1.0,9,False,C:\Users\noahl\OneDrive\fatigue_cv\skenes_2026_season\keypoints\d432a3d1-04c9-389b-9ec6-115e5f2f29ce.npz,0.98,15.48,16.46
c6b152f6-02f5-38ab-ae9b-e88e5a9f4c4a,823649,1,2,191,191,1.0,9,False,C:\Users\noahl\OneDrive\fatigue_cv\skenes_2026_season\keypoints\c6b152f6-02f5-38ab-ae9b-e88e5a9f4c4a.npz,0.77,15.43,16.2
00a99abc-64a5-39a0-9125-6eff179c961e,823649,1,3,191,191,1.0,9,False,C:\Users\noahl\OneDrive\fatigue_cv\skenes_2026_season\keypoints\00a99abc-64a5-39a0-9125-6eff179c961e.npz,0.84,15.65,16.49
be01334c-5cba-32bd-ad1c-45ba91bf702b,823649,1,1,191,191,1.0,9,False,C:\Users\noahl\OneDrive\fatigue_cv\skenes_2026_season\keypoints\be01334c-5cba-32bd-ad1c-45ba91bf702b.npz,0.86,15.61,16.47
cbe5cce1-57f3-3a98-b757-e864ccb30e93,823649,1,2,191,191,1.0,9,False,C:\Users\noahl\OneDrive\fatigue_cv\skenes_2026_season\keypoints\cbe5cce1-57f3-3a98-b757-e864ccb30e93.npz,1.05,16.39,17.44
f25d1b12-d967-3900-b346-1caa99fc5ee7,824536,1,1,191,153,0.801,9,False,C:\Users\noahl\OneDrive\fatigue_cv\skenes_2026_season\keypoints\f25d1b12-d967-3900-b346-1caa99fc5ee7.npz,1.18,16.54,17.72
39647689-3c6b-3263-83f4-a961a8b03ee6,824536,1,2,191,191,1.0,9,False,C:\Users\noahl\OneDrive\fatigue_cv\skenes_2026_season\keypoints\39647689-3c6b-3263-83f4-a961a8b03ee6.npz,1.93,15.7,17.63
4ede2db7-f967-3929-a1b2-47b21a9a3c90,824536,1,3,191,191,1.0,9,False,C:\Users\noahl\OneDrive\fatigue_cv\skenes_2026_season\keypoints\4ede2db7-f967-3929-a1b2-47b21a9a3c90.npz,0.89,16.11,17.0
4b16a50f-faca-3460-b1aa-b929858aaa57,824536,1,4,191,191,1.0,9,False,C:\Users\noahl\OneDrive\fatigue_cv\skenes_2026_season\keypoints\4b16a50f-faca-3460-b1aa-b929858aaa57.npz,1.31,16.46,17.77
2b7ce97b-dc70-3a70-a82e-b3865603705f,824536,1,5,191,191,1.0,9,False,C:\Users\noahl\OneDrive\fatigue_cv\skenes_2026_season\keypoints\2b7ce97b-dc70-3a70-a82e-b3865603705f.npz,0.96,15.79,16.76
265b38b9-cdfa-3da9-9c48-35e32bace0c2,824536,1,1,191,191,1.0,9,False,C:\Users\noahl\OneDrive\fatigue_cv\skenes_2026_season\keypoints\265b38b9-cdfa-3da9-9c48-35e32bace0c2.npz,1.74,16.07,17.81
0cb2ed70-750f-3b2c-89b6-0a814f3ae357,824536,1,2,191,191,1.0,9,False,C:\Users\noahl\OneDrive\fatigue_cv\skenes_2026_season\keypoints\0cb2ed70-750f-3b2c-89b6-0a814f3ae357.npz,1.18,15.49,16.67
aa775e0b-dc5c-3b51-8657-a49f517f3024,824536,1,3,191,191,1.0,9,False,C:\Users\noahl\OneDrive\fatigue_cv\skenes_2026_season\keypoints\aa775e0b-dc5c-3b51-8657-a49f517f3024.npz,1.19,15.69,16.88
33cf6019-1dde-31d7-9100-9410314cec31,824536,1,4,191,105,0.55,9,False,C:\Users\noahl\OneDrive\fatigue_cv\skenes_2026_season\keypoints\33cf6019-1dde-31d7-9100-9410314cec31.npz,1.19,15.97,17.16
6cc243ab-02b9-3896-8fef-43c2decbcff6,824536,1,5,191,191,1.0,9,False,C:\Users\noahl\OneDrive\fatigue_cv\skenes_2026_season\keypoints\6cc243ab-02b9-3896-8fef-43c2decbcff6.npz,0.9,16.18,17.09
f3a1c37c-9266-3075-abf8-ff67dec0fc58,824536,1,1,191,191,1.0,9,False,C:\Users\noahl\OneDrive\fatigue_cv\skenes_2026_season\keypoints\f3a1c37c-9266-3075-abf8-ff67dec0fc58.npz,1.15,16.31,17.46
ac644112-dad5-35bb-b2c3-e72c91485d52,824536,1,2,191,191,1.0,9,False,C:\Users\noahl\OneDrive\fatigue_cv\skenes_2026_season\keypoints\ac644112-dad5-35bb-b2c3-e72c91485d52.npz,1.22,15.39,16.61
0e0f73f3-1b0e-3d8b-8561-20219cfdd1f8,824536,1,3,191,191,1.0,9,False,C:\Users\noahl\OneDrive\fatigue_cv\skenes_2026_season\keypoints\0e0f73f3-1b0e-3d8b-8561-20219cfdd1f8.npz,1.17,14.79,15.96
b27e9267-9396-396e-b372-2d7f0d2a4941,824536,1,4,191,191,1.0,9,False,C:\Users\noahl\OneDrive\fatigue_cv\skenes_2026_season\keypoints\b27e9267-9396-396e-b372-2d7f0d2a4941.npz,0.82,15.36,16.18
45effed1-d338-3eca-9c2b-5b49f845af23,824536,1,1,191,191,1.0,9,False,C:\Users\noahl\OneDrive\fatigue_cv\skenes_2026_season\keypoints\45effed1-d338-3eca-9c2b-5b49f845af23.npz,1.14,15.04,16.18
76aefc89-906b-335e-846d-e36471c79224,824536,1,2,191,191,1.0,9,False,C:\Users\noahl\OneDrive\fatigue_cv\skenes_2026_season\keypoints\76aefc89-906b-335e-846d-e36471c79224.npz,1.66,15.31,16.96
03d7ace8-6e2e-3de9-b3a6-7bb6d44c75cd,824536,1,3,191,191,1.0,9,False,C:\Users\noahl\OneDrive\fatigue_cv\skenes_2026_season\keypoints\03d7ace8-6e2e-3de9-b3a6-7bb6d44c75cd.npz,1.29,16.7,17.99
e13e35a6-ec98-3ca5-8230-b8c32f95a20b,824536,1,4,191,191,1.0,9,False,C:\Users\noahl\OneDrive\fatigue_cv\skenes_2026_season\keypoints\e13e35a6-ec98-3ca5-8230-b8c32f95a20b.npz,1.12,15.97,17.09
d31688bf-7327-3a1e-a507-09c08f827b00,824536,1,5,191,191,1.0,9,False,C:\Users\noahl\OneDrive\fatigue_cv\skenes_2026_season\keypoints\d31688bf-7327-3a1e-a507-09c08f827b00.npz,1.3,15.97,17.27
a284c3a1-e5e9-396f-a5fc-128da03375d3,824536,2,1,191,191,1.0,9,False,C:\Users\noahl\OneDrive\fatigue_cv\skenes_2026_season\keypoints\a284c3a1-e5e9-396f-a5fc-128da03375d3.npz,0.83,15.86,16.7
21707b0f-c550-328e-9fa7-3cd8a0c0a606,824536,2,2,191,191,1.0,9,False,C:\Users\noahl\OneDrive\fatigue_cv\skenes_2026_season\keypoints\21707b0f-c550-328e-9fa7-3cd8a0c0a606.npz,1.15,15.99,17.15
4b406d68-84e9-3991-927f-924708451599,824536,2,1,191,191,1.0,9,False,C:\Users\noahl\OneDrive\fatigue_cv\skenes_2026_season\keypoints\4b406d68-84e9-3991-927f-924708451599.npz,1.26,15.61,16.87
5ee781d7-0f5f-39f0-b931-0d95972e17af,824536,2,2,191,191,1.0,9,False,C:\Users\noahl\OneDrive\fatigue_cv\skenes_2026_season\keypoints\5ee781d7-0f5f-39f0-b931-0d95972e17af.npz,1.37,15.57,16.93
a408fc5c-a0c4-35fa-b599-9b6684462205,824536,2,3,191,191,1.0,9,False,C:\Users\noahl\OneDrive\fatigue_cv\skenes_2026_season\keypoints\a408fc5c-a0c4-35fa-b599-9b6684462205.npz,1.23,15.66,16.9
c6a96033-441b-3602-8521-9a00d946c278,824536,2,4,191,191,1.0,9,False,C:\Users\noahl\OneDrive\fatigue_cv\skenes_2026_season\keypoints\c6a96033-441b-3602-8521-9a00d946c278.npz,1.73,15.32,17.05
b65c099b-0cb4-380b-9afb-802b5bd38fa8,824536,2,5,191,191,1.0,9,False,C:\Users\noahl\OneDrive\fatigue_cv\skenes_2026_season\keypoints\b65c099b-0cb4-380b-9afb-802b5bd38fa8.npz,1.27,15.33,16.6
ccf6c11e-4ed7-363e-8784-59d0140815e8,824536,2,6,191,191,1.0,9,False,C:\Users\noahl\OneDrive\fatigue_cv\skenes_2026_season\keypoints\ccf6c11e-4ed7-363e-8784-59d0140815e8.npz,1.43,14.84,16.27
3579182d-a763-3362-afc1-38d62862eaee,824536,2,1,191,163,0.853,9,False,C:\Users\noahl\OneDrive\fatigue_cv\skenes_2026_season\keypoints\3579182d-a763-3362-afc1-38d62862eaee.npz,1.18,14.58,15.76
964be624-66c5-38b9-a549-19b7dade0e08,824536,2,2,191,191,1.0,9,False,C:\Users\noahl\OneDrive\fatigue_cv\skenes_2026_season\keypoints\964be624-66c5-38b9-a549-19b7dade0e08.npz,2.41,14.79,17.21
e72a8df4-475a-31df-9ad7-7a8d9ea92d3d,824536,2,3,191,191,1.0,9,False,C:\Users\noahl\OneDrive\fatigue_cv\skenes_2026_season\keypoints\e72a8df4-475a-31df-9ad7-7a8d9ea92d3d.npz,1.17,15.22,16.39
1da7c3d5-dfad-304b-901c-c0571e7a2ad5,824536,3,1,191,191,1.0,9,False,C:\Users\noahl\OneDrive\fatigue_cv\skenes_2026_season\keypoints\1da7c3d5-dfad-304b-901c-c0571e7a2ad5.npz,1.21,14.93,16.14
4c8c8c7c-acdc-3dfa-9031-688d7147d4c9,824536,3,1,191,191,1.0,9,False,C:\Users\noahl\OneDrive\fatigue_cv\skenes_2026_season\keypoints\4c8c8c7c-acdc-3dfa-9031-688d7147d4c9.npz,2.07,15.87,17.94
7a915124-4523-38f7-9e13-4c7afe6921b6,824536,3,2,191,191,1.0,9,False,C:\Users\noahl\OneDrive\fatigue_cv\skenes_2026_season\keypoints\7a915124-4523-38f7-9e13-4c7afe6921b6.npz,1.13,15.68,16.81
c4824859-5343-3a72-b524-5432ef4c2ed1,824536,3,3,191,191,1.0,9,False,C:\Users\noahl\OneDrive\fatigue_cv\skenes_2026_season\keypoints\c4824859-5343-3a72-b524-5432ef4c2ed1.npz,1.3,15.72,17.03
fba062b6-fe75-3e26-aa90-6a957f004a42,824536,3,4,191,191,1.0,9,False,C:\Users\noahl\OneDrive\fatigue_cv\skenes_2026_season\keypoints\fba062b6-fe75-3e26-aa90-6a957f004a42.npz,1.45,16.17,17.62
c5737219-758a-3bce-a4ef-16bbea31938e,824536,3,1,191,191,1.0,9,False,C:\Users\noahl\OneDrive\fatigue_cv\skenes_2026_season\keypoints\c5737219-758a-3bce-a4ef-16bbea31938e.npz,1.23,15.38,16.61
d9ac6030-7851-3a6a-8cbb-b415ad8e55ec,824536,3,2,191,191,1.0,9,False,C:\Users\noahl\OneDrive\fatigue_cv\skenes_2026_season\keypoints\d9ac6030-7851-3a6a-8cbb-b415ad8e55ec.npz,1.19,15.47,16.66
c408b7b6-901a-300f-a127-4053211b7443,824536,3,3,191,191,1.0,9,False,C:\Users\noahl\OneDrive\fatigue_cv\skenes_2026_season\keypoints\c408b7b6-901a-300f-a127-4053211b7443.npz,1.84,15.26,17.1
45825dac-10ac-35fb-a4b7-14d1a3274d6d,824536,3,4,191,191,1.0,9,False,C:\Users\noahl\OneDrive\fatigue_cv\skenes_2026_season\keypoints\45825dac-10ac-35fb-a4b7-14d1a3274d6d.npz,1.25,14.69,15.94
b24de475-8442-39f8-b9bb-7db5c1ea609a,824536,3,1,191,191,1.0,9,False,C:\Users\noahl\OneDrive\fatigue_cv\skenes_2026_season\keypoints\b24de475-8442-39f8-b9bb-7db5c1ea609a.npz,1.15,15.33,16.49
4c443117-31cb-340e-b09c-5df536630394,824536,3,2,191,191,1.0,9,False,C:\Users\noahl\OneDrive\fatigue_cv\skenes_2026_season\keypoints\4c443117-31cb-340e-b09c-5df536630394.npz,1.16,14.6,15.76
f95678e5-2eb2-3ae2-bb54-367df81ce6f2,824536,3,3,191,191,1.0,9,False,C:\Users\noahl\OneDrive\fatigue_cv\skenes_2026_season\keypoints\f95678e5-2eb2-3ae2-bb54-367df81ce6f2.npz,1.4,14.89,16.29
ba884b62-1fab-3c5d-8027-dc539bc6d2da,824536,4,1,191,191,1.0,9,False,C:\Users\noahl\OneDrive\fatigue_cv\skenes_2026_season\keypoints\ba884b62-1fab-3c5d-8027-dc539bc6d2da.npz,1.34,15.38,16.72
dd0a0da2-32a9-3967-a394-b74466396e2d,824536,4,2,191,191,1.0,9,False,C:\Users\noahl\OneDrive\fatigue_cv\skenes_2026_season\keypoints\dd0a0da2-32a9-3967-a394-b74466396e2d.npz,1.39,15.11,16.51
acf2ee66-d353-3492-be7f-1d3186fbdad5,824536,4,3,191,191,1.0,9,False,C:\Users\noahl\OneDrive\fatigue_cv\skenes_2026_season\keypoints\acf2ee66-d353-3492-be7f-1d3186fbdad5.npz,1.12,14.35,15.47
d3a5b757-54e6-321f-a746-c165a1ea870d,824536,4,4,191,191,1.0,9,False,C:\Users\noahl\OneDrive\fatigue_cv\skenes_2026_season\keypoints\d3a5b757-54e6-321f-a746-c165a1ea870d.npz,1.01,15.61,16.62
c57d3022-45e2-3ba5-b081-24916d75f94d,824536,4,5,191,191,1.0,9,False,C:\Users\noahl\OneDrive\fatigue_cv\skenes_2026_season\keypoints\c57d3022-45e2-3ba5-b081-24916d75f94d.npz,0.99,15.86,16.85
9d1dedc6-dacd-39ee-b7af-94274396f59c,824536,4,6,191,191,1.0,9,False,C:\Users\noahl\OneDrive\fatigue_cv\skenes_2026_season\keypoints\9d1dedc6-dacd-39ee-b7af-94274396f59c.npz,1.15,15.64,16.79
2f9b8067-e887-317e-b4a2-795ac0078b5c,824536,4,7,191,191,1.0,9,False,C:\Users\noahl\OneDrive\fatigue_cv\skenes_2026_season\keypoints\2f9b8067-e887-317e-b4a2-795ac0078b5c.npz,0.81,15.66,16.47
64324c09-468d-3954-a568-d06d3dbbe812,824536,4,1,191,191,1.0,9,False,C:\Users\noahl\OneDrive\fatigue_cv\skenes_2026_season\keypoints\64324c09-468d-3954-a568-d06d3dbbe812.npz,1.38,15.66,17.04
8229bfa3-7730-3cd6-9332-a752d5cac220,824536,4,2,191,191,1.0,9,False,C:\Users\noahl\OneDrive\fatigue_cv\skenes_2026_season\keypoints\8229bfa3-7730-3cd6-9332-a752d5cac220.npz,1.17,16.35,17.52
e79f7c9d-bdf7-38b0-8dbd-046201f10f1d,824536,4,3,191,191,1.0,9,False,C:\Users\noahl\OneDrive\fatigue_cv\skenes_2026_season\keypoints\e79f7c9d-bdf7-38b0-8dbd-046201f10f1d.npz,1.17,15.65,16.82
607479f3-9ba5-3fce-a061-de37ad6a9a6f,824536,4,4,191,191,1.0,9,False,C:\Users\noahl\OneDrive\fatigue_cv\skenes_2026_season\keypoints\607479f3-9ba5-3fce-a061-de37ad6a9a6f.npz,1.17,15.55,16.72
61985d69-5268-30d2-9523-8a7b16e6194c,824536,4,5,191,191,1.0,9,False,C:\Users\noahl\OneDrive\fatigue_cv\skenes_2026_season\keypoints\61985d69-5268-30d2-9523-8a7b16e6194c.npz,1.07,16.01,17.08
9144b7ed-722f-3343-8090-4d9d28901ba4,824536,4,6,191,191,1.0,9,False,C:\Users\noahl\OneDrive\fatigue_cv\skenes_2026_season\keypoints\9144b7ed-722f-3343-8090-4d9d28901ba4.npz,1.19,15.09,16.28
fac5672b-a868-314b-9f4d-77cc84d8d2a3,824536,4,1,191,164,0.859,9,False,C:\Users\noahl\OneDrive\fatigue_cv\skenes_2026_season\keypoints\fac5672b-a868-314b-9f4d-77cc84d8d2a3.npz,1.5,16.39,17.89
c25019ae-f1a3-313d-9fdd-d14e707e34ed,824536,4,2,191,191,1.0,9,False,C:\Users\noahl\OneDrive\fatigue_cv\skenes_2026_season\keypoints\c25019ae-f1a3-313d-9fdd-d14e707e34ed.npz,1.37,15.84,17.21
b6be466b-dcf6-3cfe-96b1-58f8528caa0a,824536,4,1,191,164,0.859,5,True,C:\Users\noahl\OneDrive\fatigue_cv\skenes_2026_season\keypoints\b6be466b-dcf6-3cfe-96b1-58f8528caa0a.npz,0.94,16.37,17.31
545107af-6417-3168-8c71-ef8124ae45db,824536,4,1,191,191,1.0,9,False,C:\Users\noahl\OneDrive\fatigue_cv\skenes_2026_season\keypoints\545107af-6417-3168-8c71-ef8124ae45db.npz,1.03,15.96,17.0
63fdb738-96c8-31c4-9581-4f983df95f70,824536,4,2,191,95,0.497,9,False,C:\Users\noahl\OneDrive\fatigue_cv\skenes_2026_season\keypoints\63fdb738-96c8-31c4-9581-4f983df95f70.npz,1.46,16.76,18.23
bced4848-4bdf-3616-9f2f-31c407f0ad83,824536,4,3,191,191,1.0,9,False,C:\Users\noahl\OneDrive\fatigue_cv\skenes_2026_season\keypoints\bced4848-4bdf-3616-9f2f-31c407f0ad83.npz,1.39,16.38,17.77
e27ef2af-b5fe-3eb1-b999-556810123bc3,824536,4,4,191,191,1.0,9,False,C:\Users\noahl\OneDrive\fatigue_cv\skenes_2026_season\keypoints\e27ef2af-b5fe-3eb1-b999-556810123bc3.npz,1.33,16.4,17.73
350b4c93-31c2-3e9e-b089-21e1317c3b7c,824536,4,5,191,191,1.0,9,False,C:\Users\noahl\OneDrive\fatigue_cv\skenes_2026_season\keypoints\350b4c93-31c2-3e9e-b089-21e1317c3b7c.npz,1.28,15.75,17.03
2ab3bcce-2ac8-33af-9a00-e44b207280e1,824536,4,6,191,191,1.0,9,False,C:\Users\noahl\OneDrive\fatigue_cv\skenes_2026_season\keypoints\2ab3bcce-2ac8-33af-9a00-e44b207280e1.npz,1.3,15.89,17.19
ab6dee17-045a-30f5-a9dc-ee08033a21b3,824536,5,1,191,191,1.0,9,False,C:\Users\noahl\OneDrive\fatigue_cv\skenes_2026_season\keypoints\ab6dee17-045a-30f5-a9dc-ee08033a21b3.npz,1.09,16.01,17.1
37d85421-c99d-3a64-90d4-96985c896765,824536,5,2,191,191,1.0,9,False,C:\Users\noahl\OneDrive\fatigue_cv\skenes_2026_season\keypoints\37d85421-c99d-3a64-90d4-96985c896765.npz,1.32,16.13,17.45
727fbaa7-815d-3107-9273-6b574bc559bf,824536,5,3,191,191,1.0,9,False,C:\Users\noahl\OneDrive\fatigue_cv\skenes_2026_season\keypoints\727fbaa7-815d-3107-9273-6b574bc559bf.npz,0.89,15.69,16.58
8de28f50-4492-3c1a-940c-2d5815140706,824536,5,1,191,191,1.0,9,False,C:\Users\noahl\OneDrive\fatigue_cv\skenes_2026_season\keypoints\8de28f50-4492-3c1a-940c-2d5815140706.npz,2.0,15.36,17.36
b9bd7386-502a-3b2f-b0d7-8dbea5fc73b4,824536,5,2,191,191,1.0,9,False,C:\Users\noahl\OneDrive\fatigue_cv\skenes_2026_season\keypoints\b9bd7386-502a-3b2f-b0d7-8dbea5fc73b4.npz,0.97,15.5,16.47
6dcc828b-afb5-374f-b7b0-9767f6e78f0b,824536,5,1,191,191,1.0,9,False,C:\Users\noahl\OneDrive\fatigue_cv\skenes_2026_season\keypoints\6dcc828b-afb5-374f-b7b0-9767f6e78f0b.npz,0.86,16.03,16.89
e17a2187-9baf-3a63-af08-bbfdf3747c7c,824536,5,2,191,191,1.0,9,False,C:\Users\noahl\OneDrive\fatigue_cv\skenes_2026_season\keypoints\e17a2187-9baf-3a63-af08-bbfdf3747c7c.npz,1.47,14.94,16.41
85734c91-381a-3d5a-a709-9659b0530fdc,824536,5,3,191,191,1.0,9,False,C:\Users\noahl\OneDrive\fatigue_cv\skenes_2026_season\keypoints\85734c91-381a-3d5a-a709-9659b0530fdc.npz,1.38,15.64,17.02
e84b8a03-83c3-3cad-b588-476a8e2ef8dd,824536,5,4,191,191,1.0,9,False,C:\Users\noahl\OneDrive\fatigue_cv\skenes_2026_season\keypoints\e84b8a03-83c3-3cad-b588-476a8e2ef8dd.npz,1.31,15.82,17.14
66b3fb85-1875-394a-a5cf-c06e7e24e759,824536,5,5,191,191,1.0,9,False,C:\Users\noahl\OneDrive\fatigue_cv\skenes_2026_season\keypoints\66b3fb85-1875-394a-a5cf-c06e7e24e759.npz,1.01,16.24,17.25
e036c29e-a68a-3ef9-85ce-37e8ecaa3e50,824536,5,1,191,191,1.0,9,False,C:\Users\noahl\OneDrive\fatigue_cv\skenes_2026_season\keypoints\e036c29e-a68a-3ef9-85ce-37e8ecaa3e50.npz,1.18,16.37,17.55
43ff57a4-f4fe-343e-986e-aee352cb8917,824536,5,2,191,191,1.0,9,False,C:\Users\noahl\OneDrive\fatigue_cv\skenes_2026_season\keypoints\43ff57a4-f4fe-343e-986e-aee352cb8917.npz,1.21,16.26,17.47
87707c82-1ea0-3b18-a5c8-7c5b3b976ba7,824536,5,3,191,191,1.0,9,False,C:\Users\noahl\OneDrive\fatigue_cv\skenes_2026_season\keypoints\87707c82-1ea0-3b18-a5c8-7c5b3b976ba7.npz,0.99,15.96,16.96
e608e192-f66f-3b72-af43-e6587c9e1b70,823402,1,1,191,191,1.0,9,False,C:\Users\noahl\OneDrive\fatigue_cv\skenes_2026_season\keypoints\e608e192-f66f-3b72-af43-e6587c9e1b70.npz,1.1,15.96,17.06
89ee602a-80d8-3ace-94ea-0e6e2130cf23,823402,1,2,191,191,1.0,9,False,C:\Users\noahl\OneDrive\fatigue_cv\skenes_2026_season\keypoints\89ee602a-80d8-3ace-94ea-0e6e2130cf23.npz,1.55,15.85,17.41
94ab992c-5aec-3225-a946-e8f6c770bddf,823402,1,3,191,191,1.0,9,False,C:\Users\noahl\OneDrive\fatigue_cv\skenes_2026_season\keypoints\94ab992c-5aec-3225-a946-e8f6c770bddf.npz,0.95,15.48,16.43
3cc539e6-1a69-3417-916b-10a9e18e7640,823402,1,4,191,191,1.0,9,False,C:\Users\noahl\OneDrive\fatigue_cv\skenes_2026_season\keypoints\3cc539e6-1a69-3417-916b-10a9e18e7640.npz,1.29,16.24,17.53
691c0e0e-2056-3557-a61b-989c5dea83cf,823402,1,5,191,191,1.0,9,False,C:\Users\noahl\OneDrive\fatigue_cv\skenes_2026_season\keypoints\691c0e0e-2056-3557-a61b-989c5dea83cf.npz,1.27,16.54,17.81
309d4f31-4f9c-32dc-a26d-d1784dcba090,823402,1,6,191,191,1.0,9,False,C:\Users\noahl\OneDrive\fatigue_cv\skenes_2026_season\keypoints\309d4f31-4f9c-32dc-a26d-d1784dcba090.npz,1.02,15.95,16.97
50507cca-92ef-30ca-9c57-a698f130bce2,823402,1,1,191,191,1.0,9,False,C:\Users\noahl\OneDrive\fatigue_cv\skenes_2026_season\keypoints\50507cca-92ef-30ca-9c57-a698f130bce2.npz,1.49,15.78,17.28
c390436e-e44b-399f-a859-f173f62a82db,823402,1,2,191,191,1.0,9,False,C:\Users\noahl\OneDrive\fatigue_cv\skenes_2026_season\keypoints\c390436e-e44b-399f-a859-f173f62a82db.npz,0.77,16.03,16.8
b46cdff5-14bf-3154-9dc6-1373d2261369,823402,1,3,191,191,1.0,9,False,C:\Users\noahl\OneDrive\fatigue_cv\skenes_2026_season\keypoints\b46cdff5-14bf-3154-9dc6-1373d2261369.npz,1.38,16.39,17.77
98ad4e2c-ff90-348b-acf8-a4e90a37e49f,823402,1,4,191,191,1.0,9,False,C:\Users\noahl\OneDrive\fatigue_cv\skenes_2026_season\keypoints\98ad4e2c-ff90-348b-acf8-a4e90a37e49f.npz,1.19,16.84,18.03
8c6dd266-b1bc-3dcb-a98a-afdbba09c9c6,823402,1,5,191,191,1.0,9,False,C:\Users\noahl\OneDrive\fatigue_cv\skenes_2026_season\keypoints\8c6dd266-b1bc-3dcb-a98a-afdbba09c9c6.npz,1.39,16.49,17.88
0216bc70-d8fd-38f8-8f56-0e088265320e,823402,1,6,191,191,1.0,9,False,C:\Users\noahl\OneDrive\fatigue_cv\skenes_2026_season\keypoints\0216bc70-d8fd-38f8-8f56-0e088265320e.npz,0.91,16.62,17.53
8436123a-507d-36d4-82a2-834f68461d59,823402,1,1,191,191,1.0,9,False,C:\Users\noahl\OneDrive\fatigue_cv\skenes_2026_season\keypoints\8436123a-507d-36d4-82a2-834f68461d59.npz,1.23,16.3,17.53
5a76f6b3-7821-3787-ab61-ef61fe635186,823402,1,2,191,191,1.0,9,False,C:\Users\noahl\OneDrive\fatigue_cv\skenes_2026_season\keypoints\5a76f6b3-7821-3787-ab61-ef61fe635186.npz,1.3,16.4,17.7
15034b25-d5eb-3d07-9f1b-005a847d34c7,823402,1,3,191,191,1.0,9,False,C:\Users\noahl\OneDrive\fatigue_cv\skenes_2026_season\keypoints\15034b25-d5eb-3d07-9f1b-005a847d34c7.npz,0.92,16.77,17.69
2d2eff47-e440-38f7-84f5-5fb4d4ed6aad,823402,1,4,191,191,1.0,9,False,C:\Users\noahl\OneDrive\fatigue_cv\skenes_2026_season\keypoints\2d2eff47-e440-38f7-84f5-5fb4d4ed6aad.npz,1.35,16.55,17.9
ba0b0676-1c6a-35e6-ac4f-3a5356159ac0,823402,2,1,191,191,1.0,9,False,C:\Users\noahl\OneDrive\fatigue_cv\skenes_2026_season\keypoints\ba0b0676-1c6a-35e6-ac4f-3a5356159ac0.npz,1.57,16.23,17.79
a0d24c05-14e5-3f3b-b5bd-d0f62e994fff,823402,2,2,191,191,1.0,9,False,C:\Users\noahl\OneDrive\fatigue_cv\skenes_2026_season\keypoints\a0d24c05-14e5-3f3b-b5bd-d0f62e994fff.npz,0.89,15.84,16.73
e72045c6-ab4e-397f-8b75-105b18496a1c,823402,2,3,191,191,1.0,9,False,C:\Users\noahl\OneDrive\fatigue_cv\skenes_2026_season\keypoints\e72045c6-ab4e-397f-8b75-105b18496a1c.npz,1.39,15.76,17.16
d382f322-1661-3826-ae9a-9847f63ebd7d,823402,2,4,191,191,1.0,9,False,C:\Users\noahl\OneDrive\fatigue_cv\skenes_2026_season\keypoints\d382f322-1661-3826-ae9a-9847f63ebd7d.npz,1.2,15.51,16.71
f6de7ca9-21c0-3e8e-b496-acb02f9adab4,823402,2,5,191,191,1.0,9,False,C:\Users\noahl\OneDrive\fatigue_cv\skenes_2026_season\keypoints\f6de7ca9-21c0-3e8e-b496-acb02f9adab4.npz,1.5,15.72,17.23
a534a5c6-75ca-35ef-b7ce-e91529694474,823402,2,1,191,191,1.0,9,False,C:\Users\noahl\OneDrive\fatigue_cv\skenes_2026_season\keypoints\a534a5c6-75ca-35ef-b7ce-e91529694474.npz,1.17,15.45,16.62
518b274c-c3d6-31de-bcdf-f1818540cf6a,823402,2,2,191,191,1.0,9,False,C:\Users\noahl\OneDrive\fatigue_cv\skenes_2026_season\keypoints\518b274c-c3d6-31de-bcdf-f1818540cf6a.npz,1.13,16.23,17.37
4dad71e7-557d-32a6-9119-af86dd8eb632,823402,2,3,191,191,1.0,9,False,C:\Users\noahl\OneDrive\fatigue_cv\skenes_2026_season\keypoints\4dad71e7-557d-32a6-9119-af86dd8eb632.npz,1.12,15.8,16.93
c96dccaa-7b5f-3442-98be-f408e0e8f7eb,823402,2,1,191,191,1.0,9,False,C:\Users\noahl\OneDrive\fatigue_cv\skenes_2026_season\keypoints\c96dccaa-7b5f-3442-98be-f408e0e8f7eb.npz,1.12,16.05,17.18
ec7e4641-51c4-3d5c-a192-ea6b22e78250,823402,2,2,191,191,1.0,9,False,C:\Users\noahl\OneDrive\fatigue_cv\skenes_2026_season\keypoints\ec7e4641-51c4-3d5c-a192-ea6b22e78250.npz,2.41,15.84,18.24
4a333069-d8cb-3ec8-af5d-7b9183f4c2e8,823402,2,3,191,191,1.0,9,False,C:\Users\noahl\OneDrive\fatigue_cv\skenes_2026_season\keypoints\4a333069-d8cb-3ec8-af5d-7b9183f4c2e8.npz,1.74,15.55,17.29
a85ec819-b4c3-3fa1-8c4a-ecbe6a8843c5,823402,2,4,191,191,1.0,9,False,C:\Users\noahl\OneDrive\fatigue_cv\skenes_2026_season\keypoints\a85ec819-b4c3-3fa1-8c4a-ecbe6a8843c5.npz,1.13,16.6,17.73
846d83e0-66a2-320e-8dff-1b7ef970e801,823402,2,5,191,191,1.0,9,False,C:\Users\noahl\OneDrive\fatigue_cv\skenes_2026_season\keypoints\846d83e0-66a2-320e-8dff-1b7ef970e801.npz,1.03,16.01,17.04
db9712c7-c752-3499-aced-2fa733c43c6e,823402,2,1,191,191,1.0,9,False,C:\Users\noahl\OneDrive\fatigue_cv\skenes_2026_season\keypoints\db9712c7-c752-3499-aced-2fa733c43c6e.npz,1.19,16.11,17.3
862ded31-dc01-3dae-9f32-adce44e9a872,823402,2,2,191,191,1.0,9,False,C:\Users\noahl\OneDrive\fatigue_cv\skenes_2026_season\keypoints\862ded31-dc01-3dae-9f32-adce44e9a872.npz,1.28,15.93,17.22
94464ebe-1c5f-31e2-a4e2-c7da2869c5fe,823402,3,1,191,191,1.0,9,False,C:\Users\noahl\OneDrive\fatigue_cv\skenes_2026_season\keypoints\94464ebe-1c5f-31e2-a4e2-c7da2869c5fe.npz,1.55,15.65,17.2
d536f5ff-d3bc-3865-91ed-df30ba64fe44,823402,3,2,191,191,1.0,9,False,C:\Users\noahl\OneDrive\fatigue_cv\skenes_2026_season\keypoints\d536f5ff-d3bc-3865-91ed-df30ba64fe44.npz,1.26,16.03,17.29
36c6ceba-e01c-3432-ba5e-28457ca2905d,823402,3,3,191,191,1.0,9,False,C:\Users\noahl\OneDrive\fatigue_cv\skenes_2026_season\keypoints\36c6ceba-e01c-3432-ba5e-28457ca2905d.npz,2.46,15.35,17.82
53cb89ab-3ce9-3314-8192-3d6d36209c5e,823402,3,4,191,191,1.0,9,False,C:\Users\noahl\OneDrive\fatigue_cv\skenes_2026_season\keypoints\53cb89ab-3ce9-3314-8192-3d6d36209c5e.npz,1.06,15.72,16.78
7df774f6-59cb-39e6-aea9-4ab6c2428784,823402,3,1,191,191,1.0,9,False,C:\Users\noahl\OneDrive\fatigue_cv\skenes_2026_season\keypoints\7df774f6-59cb-39e6-aea9-4ab6c2428784.npz,1.24,15.74,16.99
a9388561-6e14-3a3f-8c58-8dc6a88d958f,823402,3,2,191,191,1.0,9,False,C:\Users\noahl\OneDrive\fatigue_cv\skenes_2026_season\keypoints\a9388561-6e14-3a3f-8c58-8dc6a88d958f.npz,1.06,16.1,17.16
4eabe2b5-86c2-380d-abca-3abe073b34c1,823402,3,3,191,191,1.0,9,False,C:\Users\noahl\OneDrive\fatigue_cv\skenes_2026_season\keypoints\4eabe2b5-86c2-380d-abca-3abe073b34c1.npz,1.1,14.92,16.02
63ed937a-82b6-3bfa-ac0d-1c3628e53923,823402,3,4,191,191,1.0,9,False,C:\Users\noahl\OneDrive\fatigue_cv\skenes_2026_season\keypoints\63ed937a-82b6-3bfa-ac0d-1c3628e53923.npz,1.62,15.95,17.58
ed0a9937-0325-344c-920a-d496c936c954,823402,3,5,191,191,1.0,9,False,C:\Users\noahl\OneDrive\fatigue_cv\skenes_2026_season\keypoints\ed0a9937-0325-344c-920a-d496c936c954.npz,1.39,15.99,17.38
52064a3d-a951-3e9d-baaf-20cedfd77899,823402,3,1,191,191,1.0,9,False,C:\Users\noahl\OneDrive\fatigue_cv\skenes_2026_season\keypoints\52064a3d-a951-3e9d-baaf-20cedfd77899.npz,1.71,16.08,17.79
90cc1b62-0968-3f47-a4da-b54f6bbe92b0,823402,3,2,191,191,1.0,9,False,C:\Users\noahl\OneDrive\fatigue_cv\skenes_2026_season\keypoints\90cc1b62-0968-3f47-a4da-b54f6bbe92b0.npz,1.18,15.94,17.12
608426e1-6baf-3312-a72e-889f445d273b,823402,3,3,191,191,1.0,9,False,C:\Users\noahl\OneDrive\fatigue_cv\skenes_2026_season\keypoints\608426e1-6baf-3312-a72e-889f445d273b.npz,0.87,15.32,16.19
a0c21869-7097-32cb-9b45-7f081a1af682,823402,4,1,191,191,1.0,9,False,C:\Users\noahl\OneDrive\fatigue_cv\skenes_2026_season\keypoints\a0c21869-7097-32cb-9b45-7f081a1af682.npz,1.35,15.34,16.69
fad25fb3-43fb-38e6-b833-dc830ecfea56,823402,4,2,191,191,1.0,9,False,C:\Users\noahl\OneDrive\fatigue_cv\skenes_2026_season\keypoints\fad25fb3-43fb-38e6-b833-dc830ecfea56.npz,1.64,15.4,17.04
8668203a-98ae-3394-9a2a-e69c4b34e52b,823402,4,1,191,191,1.0,9,False,C:\Users\noahl\OneDrive\fatigue_cv\skenes_2026_season\keypoints\8668203a-98ae-3394-9a2a-e69c4b34e52b.npz,1.25,15.79,17.05
ac59d18e-22b0-3001-944a-31c2ce7ab04a,823402,4,2,191,191,1.0,9,False,C:\Users\noahl\OneDrive\fatigue_cv\skenes_2026_season\keypoints\ac59d18e-22b0-3001-944a-31c2ce7ab04a.npz,5.8,15.68,21.49
6da63c8a-4dbd-31e2-ad63-0bc640205750,823402,4,3,191,191,1.0,9,False,C:\Users\noahl\OneDrive\fatigue_cv\skenes_2026_season\keypoints\6da63c8a-4dbd-31e2-ad63-0bc640205750.npz,0.97,15.1,16.07
36310a9f-ad7d-329c-83ab-dfc3f9365188,823402,4,1,191,191,1.0,9,False,C:\Users\noahl\OneDrive\fatigue_cv\skenes_2026_season\keypoints\36310a9f-ad7d-329c-83ab-dfc3f9365188.npz,1.18,15.51,16.69
ce452870-f774-32f9-a677-502bba87c8d0,823402,4,2,191,191,1.0,9,False,C:\Users\noahl\OneDrive\fatigue_cv\skenes_2026_season\keypoints\ce452870-f774-32f9-a677-502bba87c8d0.npz,1.16,14.87,16.03
c58d0125-a5a2-3b36-a971-30651eb68820,823402,4,3,191,191,1.0,9,False,C:\Users\noahl\OneDrive\fatigue_cv\skenes_2026_season\keypoints\c58d0125-a5a2-3b36-a971-30651eb68820.npz,1.14,15.9,17.04
ad136771-b561-34d3-a660-7ecc1c239639,823402,4,4,191,191,1.0,9,False,C:\Users\noahl\OneDrive\fatigue_cv\skenes_2026_season\keypoints\ad136771-b561-34d3-a660-7ecc1c239639.npz,1.25,15.25,16.5
7e23499a-a4a1-3c47-aab3-510c3f2bab8d,823402,4,5,191,191,1.0,9,False,C:\Users\noahl\OneDrive\fatigue_cv\skenes_2026_season\keypoints\7e23499a-a4a1-3c47-aab3-510c3f2bab8d.npz,1.24,15.88,17.12
6bd3e2b8-7cb9-3e09-956c-0bde8aaf99d9,823402,5,1,191,191,1.0,9,False,C:\Users\noahl\OneDrive\fatigue_cv\skenes_2026_season\keypoints\6bd3e2b8-7cb9-3e09-956c-0bde8aaf99d9.npz,1.97,15.61,17.59
08b25535-06dd-3ae9-95a5-b37c60df0bd7,823402,5,2,191,191,1.0,9,False,C:\Users\noahl\OneDrive\fatigue_cv\skenes_2026_season\keypoints\08b25535-06dd-3ae9-95a5-b37c60df0bd7.npz,1.32,15.64,16.96
62aa0116-7c55-3345-b911-a2c40ce63906,823402,5,1,191,191,1.0,9,False,C:\Users\noahl\OneDrive\fatigue_cv\skenes_2026_season\keypoints\62aa0116-7c55-3345-b911-a2c40ce63906.npz,1.16,15.69,16.85
ff612d69-87c6-30b6-a792-fcb4054f7f4b,823402,5,2,191,191,1.0,9,False,C:\Users\noahl\OneDrive\fatigue_cv\skenes_2026_season\keypoints\ff612d69-87c6-30b6-a792-fcb4054f7f4b.npz,1.17,15.91,17.08
ba8086b4-cb68-3c33-b85d-bd7ab614c18d,823402,5,3,191,191,1.0,9,False,C:\Users\noahl\OneDrive\fatigue_cv\skenes_2026_season\keypoints\ba8086b4-cb68-3c33-b85d-bd7ab614c18d.npz,1.34,15.23,16.57
4cf9379a-3e62-3439-9ab0-2583c602bd74,823402,5,1,191,191,1.0,9,False,C:\Users\noahl\OneDrive\fatigue_cv\skenes_2026_season\keypoints\4cf9379a-3e62-3439-9ab0-2583c602bd74.npz,1.18,15.29,16.47
0c3dcdfd-3e0b-300f-98e0-a924595a6ad8,823402,5,2,191,191,1.0,9,False,C:\Users\noahl\OneDrive\fatigue_cv\skenes_2026_season\keypoints\0c3dcdfd-3e0b-300f-98e0-a924595a6ad8.npz,1.44,15.07,16.51
f1af7f54-4aea-3602-8add-9f225d7efd98,823402,5,3,191,191,1.0,9,False,C:\Users\noahl\OneDrive\fatigue_cv\skenes_2026_season\keypoints\f1af7f54-4aea-3602-8add-9f225d7efd98.npz,1.17,15.75,16.92
5b11edcd-5550-336c-af6c-13c61ce0904b,823402,5,4,191,191,1.0,9,False,C:\Users\noahl\OneDrive\fatigue_cv\skenes_2026_season\keypoints\5b11edcd-5550-336c-af6c-13c61ce0904b.npz,1.13,14.4,15.53
d1c465e0-1cd4-3aff-b8f4-1731ad356b91,823402,5,5,191,191,1.0,9,False,C:\Users\noahl\OneDrive\fatigue_cv\skenes_2026_season\keypoints\d1c465e0-1cd4-3aff-b8f4-1731ad356b91.npz,1.37,15.18,16.55
7e181638-b61e-3a02-817e-e790e0df9390,823402,5,6,191,191,1.0,9,False,C:\Users\noahl\OneDrive\fatigue_cv\skenes_2026_season\keypoints\7e181638-b61e-3a02-817e-e790e0df9390.npz,1.32,14.59,15.91
dde5035b-84d1-3097-9767-7c076b473b86,823402,5,7,191,191,1.0,9,False,C:\Users\noahl\OneDrive\fatigue_cv\skenes_2026_season\keypoints\dde5035b-84d1-3097-9767-7c076b473b86.npz,0.85,14.87,15.72
c66c5b3b-37ee-3ff9-85be-0032f7449461,823402,5,1,191,191,1.0,9,False,C:\Users\noahl\OneDrive\fatigue_cv\skenes_2026_season\keypoints\c66c5b3b-37ee-3ff9-85be-0032f7449461.npz,1.25,15.17,16.43
13121e56-8593-349f-9b77-1ce40860b8fe,823402,5,2,191,191,1.0,9,False,C:\Users\noahl\OneDrive\fatigue_cv\skenes_2026_season\keypoints\13121e56-8593-349f-9b77-1ce40860b8fe.npz,1.06,15.39,16.46
8968dea6-32fe-3440-90dc-8d914ddbccea,823402,6,1,191,191,1.0,9,False,C:\Users\noahl\OneDrive\fatigue_cv\skenes_2026_season\keypoints\8968dea6-32fe-3440-90dc-8d914ddbccea.npz,1.14,15.79,16.93
986a79a4-a55e-3cd3-baf2-28d8ea7461de,823402,6,2,191,191,1.0,9,False,C:\Users\noahl\OneDrive\fatigue_cv\skenes_2026_season\keypoints\986a79a4-a55e-3cd3-baf2-28d8ea7461de.npz,1.21,16.12,17.34
ae976829-edaa-3510-bf06-20c26f2bd131,823402,6,3,191,191,1.0,9,False,C:\Users\noahl\OneDrive\fatigue_cv\skenes_2026_season\keypoints\ae976829-edaa-3510-bf06-20c26f2bd131.npz,1.17,15.23,16.4
16cb7e44-d188-31d1-b4b8-2dbfba2ee98e,823402,6,4,191,191,1.0,9,False,C:\Users\noahl\OneDrive\fatigue_cv\skenes_2026_season\keypoints\16cb7e44-d188-31d1-b4b8-2dbfba2ee98e.npz,1.15,15.55,16.7
b8a756ce-b770-31c7-8584-8335a26147cd,823402,6,5,191,191,1.0,9,False,C:\Users\noahl\OneDrive\fatigue_cv\skenes_2026_season\keypoints\b8a756ce-b770-31c7-8584-8335a26147cd.npz,1.37,16.06,17.43
e222aecd-efe5-3526-bd02-6c06af21ceac,823402,6,1,191,191,1.0,9,False,C:\Users\noahl\OneDrive\fatigue_cv\skenes_2026_season\keypoints\e222aecd-efe5-3526-bd02-6c06af21ceac.npz,3.7,16.09,19.79
5977ceb6-5eae-34e1-9e6c-5d56318e2a7a,823402,6,2,191,191,1.0,9,False,C:\Users\noahl\OneDrive\fatigue_cv\skenes_2026_season\keypoints\5977ceb6-5eae-34e1-9e6c-5d56318e2a7a.npz,1.36,15.09,16.45
44b99a6b-a4d6-31cb-b364-9c9ae19cf5f0,823402,6,1,191,191,1.0,9,False,C:\Users\noahl\OneDrive\fatigue_cv\skenes_2026_season\keypoints\44b99a6b-a4d6-31cb-b364-9c9ae19cf5f0.npz,0.79,14.85,15.65
10acc66a-63d1-373b-a9a0-ad841b09b420,823402,6,2,191,191,1.0,9,False,C:\Users\noahl\OneDrive\fatigue_cv\skenes_2026_season\keypoints\10acc66a-63d1-373b-a9a0-ad841b09b420.npz,2.48,15.39,17.87
76b30fa9-b5a4-31a6-b8f5-dd74a32236b6,823402,6,1,191,191,1.0,9,False,C:\Users\noahl\OneDrive\fatigue_cv\skenes_2026_season\keypoints\76b30fa9-b5a4-31a6-b8f5-dd74a32236b6.npz,1.13,15.09,16.22
8987e77a-5ac3-352f-b03d-cddd51ee3f90,823402,6,2,191,191,1.0,9,False,C:\Users\noahl\OneDrive\fatigue_cv\skenes_2026_season\keypoints\8987e77a-5ac3-352f-b03d-cddd51ee3f90.npz,1.66,15.7,17.36
3194f54c-d59e-3c38-8180-7b1dc3eeefc1,823402,6,3,191,191,1.0,9,False,C:\Users\noahl\OneDrive\fatigue_cv\skenes_2026_season\keypoints\3194f54c-d59e-3c38-8180-7b1dc3eeefc1.npz,1.36,15.34,16.7
b754e773-bde6-3462-9bf8-5b23e275bf71,823402,6,4,191,191,1.0,9,False,C:\Users\noahl\OneDrive\fatigue_cv\skenes_2026_season\keypoints\b754e773-bde6-3462-9bf8-5b23e275bf71.npz,1.14,15.56,16.7
8f73a41f-ccb2-38ca-a2e7-6520b4c2fc9d,823402,6,5,191,191,1.0,9,False,C:\Users\noahl\OneDrive\fatigue_cv\skenes_2026_season\keypoints\8f73a41f-ccb2-38ca-a2e7-6520b4c2fc9d.npz,1.04,16.6,17.64
3447b982-11c1-35c9-a20e-046d2787212f,823402,7,1,191,191,1.0,9,False,C:\Users\noahl\OneDrive\fatigue_cv\skenes_2026_season\keypoints\3447b982-11c1-35c9-a20e-046d2787212f.npz,2.99,15.87,18.87
6551b694-bc7f-3a2a-89da-b2cd97c438d8,823402,7,1,191,191,1.0,9,False,C:\Users\noahl\OneDrive\fatigue_cv\skenes_2026_season\keypoints\6551b694-bc7f-3a2a-89da-b2cd97c438d8.npz,1.27,16.11,17.38
08cef39f-abab-32ff-9442-57f5336c00ce,823402,7,2,191,191,1.0,9,False,C:\Users\noahl\OneDrive\fatigue_cv\skenes_2026_season\keypoints\08cef39f-abab-32ff-9442-57f5336c00ce.npz,1.23,16.06,17.29
dc0cf6df-715f-38c8-b5ea-41f6ff74cfdb,823402,7,3,191,191,1.0,9,False,C:\Users\noahl\OneDrive\fatigue_cv\skenes_2026_season\keypoints\dc0cf6df-715f-38c8-b5ea-41f6ff74cfdb.npz,1.17,19.13,20.3
bbda1193-c9e2-3301-941e-5696dd302e85,823402,7,4,191,191,1.0,9,False,C:\Users\noahl\OneDrive\fatigue_cv\skenes_2026_season\keypoints\bbda1193-c9e2-3301-941e-5696dd302e85.npz,0.87,17.63,18.5
4adffd94-400d-3f45-9518-c8e3bdb4df1e,823402,7,5,191,191,1.0,9,False,C:\Users\noahl\OneDrive\fatigue_cv\skenes_2026_season\keypoints\4adffd94-400d-3f45-9518-c8e3bdb4df1e.npz,1.07,16.9,17.97
81593dad-27ab-352b-a170-d3bd501bc1ae,823400,1,1,191,191,1.0,9,False,C:\Users\noahl\OneDrive\fatigue_cv\skenes_2026_season\keypoints\81593dad-27ab-352b-a170-d3bd501bc1ae.npz,1.37,15.38,16.76
88f28e2f-92e8-3ec8-9007-b2a751240a85,823400,1,2,191,191,1.0,9,False,C:\Users\noahl\OneDrive\fatigue_cv\skenes_2026_season\keypoints\88f28e2f-92e8-3ec8-9007-b2a751240a85.npz,1.19,16.15,17.34
38ee6b87-0afa-3653-a491-8c8d65e10fdd,823400,1,3,191,191,1.0,9,False,C:\Users\noahl\OneDrive\fatigue_cv\skenes_2026_season\keypoints\38ee6b87-0afa-3653-a491-8c8d65e10fdd.npz,1.56,15.37,16.94
2880dfb0-f3f1-36b1-a00b-63f8e9596147,823400,1,4,191,191,1.0,9,False,C:\Users\noahl\OneDrive\fatigue_cv\skenes_2026_season\keypoints\2880dfb0-f3f1-36b1-a00b-63f8e9596147.npz,1.19,16.2,17.39
96921973-ca54-3c8c-ba3b-5362e996182b,823400,1,1,191,191,1.0,9,False,C:\Users\noahl\OneDrive\fatigue_cv\skenes_2026_season\keypoints\96921973-ca54-3c8c-ba3b-5362e996182b.npz,1.5,15.22,16.71
554e1bc3-d185-3104-a3af-0678c4411c61,823400,1,2,191,191,1.0,9,False,C:\Users\noahl\OneDrive\fatigue_cv\skenes_2026_season\keypoints\554e1bc3-d185-3104-a3af-0678c4411c61.npz,1.39,15.41,16.8
8d80c2f8-d2a5-38b6-a1d2-848e45dbad0c,823400,1,3,191,191,1.0,9,False,C:\Users\noahl\OneDrive\fatigue_cv\skenes_2026_season\keypoints\8d80c2f8-d2a5-38b6-a1d2-848e45dbad0c.npz,1.16,14.57,15.72
01325da5-a4a2-3b19-8c72-884e82e6e509,823400,1,4,191,191,1.0,9,False,C:\Users\noahl\OneDrive\fatigue_cv\skenes_2026_season\keypoints\01325da5-a4a2-3b19-8c72-884e82e6e509.npz,1.33,14.92,16.25
ccc99e58-3f09-37d2-9731-95b1a65d8725,823400,1,5,191,191,1.0,9,False,C:\Users\noahl\OneDrive\fatigue_cv\skenes_2026_season\keypoints\ccc99e58-3f09-37d2-9731-95b1a65d8725.npz,1.03,16.4,17.44
a78cc582-a082-3210-b801-ca7c661e0d64,823400,1,1,191,191,1.0,9,False,C:\Users\noahl\OneDrive\fatigue_cv\skenes_2026_season\keypoints\a78cc582-a082-3210-b801-ca7c661e0d64.npz,1.13,15.49,16.62
8379304a-e2ed-3654-8ee6-b8af4b6078e3,823400,1,2,191,191,1.0,9,False,C:\Users\noahl\OneDrive\fatigue_cv\skenes_2026_season\keypoints\8379304a-e2ed-3654-8ee6-b8af4b6078e3.npz,1.49,15.56,17.05
4bde840b-2028-34ab-9e68-b90870377d96,823400,1,3,191,191,1.0,9,False,C:\Users\noahl\OneDrive\fatigue_cv\skenes_2026_season\keypoints\4bde840b-2028-34ab-9e68-b90870377d96.npz,1.28,16.01,17.29
b973de53-c3af-36f9-8c7d-4696d6e5ea6d,823400,1,4,191,191,1.0,9,False,C:\Users\noahl\OneDrive\fatigue_cv\skenes_2026_season\keypoints\b973de53-c3af-36f9-8c7d-4696d6e5ea6d.npz,1.34,15.9,17.24
8dd1c2f6-7c26-34a6-a339-e45d7f6c5460,823400,1,5,191,191,1.0,9,False,C:\Users\noahl\OneDrive\fatigue_cv\skenes_2026_season\keypoints\8dd1c2f6-7c26-34a6-a339-e45d7f6c5460.npz,0.79,15.88,16.67
c1fa9517-db0e-372f-b732-519cfa22db34,823400,1,6,191,191,1.0,9,False,C:\Users\noahl\OneDrive\fatigue_cv\skenes_2026_season\keypoints\c1fa9517-db0e-372f-b732-519cfa22db34.npz,1.32,15.55,16.87
fe484cdb-2c94-3f38-b8cf-e537d5ecbd19,823400,1,1,191,191,1.0,9,False,C:\Users\noahl\OneDrive\fatigue_cv\skenes_2026_season\keypoints\fe484cdb-2c94-3f38-b8cf-e537d5ecbd19.npz,1.08,15.8,16.88
ebf21efe-bd04-34fe-82c3-ded0431227b0,823400,1,2,191,191,1.0,9,False,C:\Users\noahl\OneDrive\fatigue_cv\skenes_2026_season\keypoints\ebf21efe-bd04-34fe-82c3-ded0431227b0.npz,1.27,14.93,16.2
5bfa388f-b806-3642-b20f-eba1e7deeb88,823400,1,3,191,191,1.0,9,False,C:\Users\noahl\OneDrive\fatigue_cv\skenes_2026_season\keypoints\5bfa388f-b806-3642-b20f-eba1e7deeb88.npz,1.38,15.32,16.71
a7b772ed-ef96-35d5-ad5e-76e81c27eb14,823400,1,4,191,191,1.0,9,False,C:\Users\noahl\OneDrive\fatigue_cv\skenes_2026_season\keypoints\a7b772ed-ef96-35d5-ad5e-76e81c27eb14.npz,0.86,14.66,15.52
24031a10-56fb-377e-bd1f-d4f73523fe7c,823400,1,5,191,191,1.0,9,False,C:\Users\noahl\OneDrive\fatigue_cv\skenes_2026_season\keypoints\24031a10-56fb-377e-bd1f-d4f73523fe7c.npz,1.16,15.22,16.38
94e519cd-f3aa-38e1-8605-8a733f8882d3,823400,2,1,191,191,1.0,9,False,C:\Users\noahl\OneDrive\fatigue_cv\skenes_2026_season\keypoints\94e519cd-f3aa-38e1-8605-8a733f8882d3.npz,1.22,14.98,16.2
ac08985a-bda4-3578-a684-db057154bb55,823400,2,2,191,191,1.0,9,False,C:\Users\noahl\OneDrive\fatigue_cv\skenes_2026_season\keypoints\ac08985a-bda4-3578-a684-db057154bb55.npz,1.28,15.16,16.44
d399ba9f-985b-3b76-b744-62cc0549765c,823400,2,3,191,191,1.0,9,False,C:\Users\noahl\OneDrive\fatigue_cv\skenes_2026_season\keypoints\d399ba9f-985b-3b76-b744-62cc0549765c.npz,1.36,15.63,17.0
b42b83bb-c5b1-3cfe-bcd7-7680a1daee63,823400,2,4,191,191,1.0,9,False,C:\Users\noahl\OneDrive\fatigue_cv\skenes_2026_season\keypoints\b42b83bb-c5b1-3cfe-bcd7-7680a1daee63.npz,4.15,15.57,19.72
46c153d6-88bc-3052-bd43-b32353ec45dc,823400,2,1,191,191,1.0,9,False,C:\Users\noahl\OneDrive\fatigue_cv\skenes_2026_season\keypoints\46c153d6-88bc-3052-bd43-b32353ec45dc.npz,1.34,15.79,17.13
733deb86-abb5-3375-9714-9c357b46ab53,823400,2,2,191,191,1.0,9,False,C:\Users\noahl\OneDrive\fatigue_cv\skenes_2026_season\keypoints\733deb86-abb5-3375-9714-9c357b46ab53.npz,1.23,15.76,16.99
f713decd-dc35-3703-8568-09ce5557b4e3,823400,2,3,191,191,1.0,9,False,C:\Users\noahl\OneDrive\fatigue_cv\skenes_2026_season\keypoints\f713decd-dc35-3703-8568-09ce5557b4e3.npz,1.16,15.34,16.51
b0dee9ec-99da-3ce1-bff3-d9fb63948c26,823400,2,4,191,191,1.0,9,False,C:\Users\noahl\OneDrive\fatigue_cv\skenes_2026_season\keypoints\b0dee9ec-99da-3ce1-bff3-d9fb63948c26.npz,1.29,15.37,16.66
0d28f0b3-1522-3d49-9246-4043af864d4d,823400,2,5,191,191,1.0,9,False,C:\Users\noahl\OneDrive\fatigue_cv\skenes_2026_season\keypoints\0d28f0b3-1522-3d49-9246-4043af864d4d.npz,1.4,15.44,16.85
e12a0bbf-3feb-3560-9970-c1f7620ef65a,823400,2,1,191,191,1.0,9,False,C:\Users\noahl\OneDrive\fatigue_cv\skenes_2026_season\keypoints\e12a0bbf-3feb-3560-9970-c1f7620ef65a.npz,1.38,16.13,17.51
534ab59f-d447-3fc2-b53c-b210b5c25798,823400,2,2,191,191,1.0,9,False,C:\Users\noahl\OneDrive\fatigue_cv\skenes_2026_season\keypoints\534ab59f-d447-3fc2-b53c-b210b5c25798.npz,1.34,15.0,16.35
1f539f5c-fbf4-378e-95a9-86c00c2f316f,823400,3,1,191,191,1.0,9,False,C:\Users\noahl\OneDrive\fatigue_cv\skenes_2026_season\keypoints\1f539f5c-fbf4-378e-95a9-86c00c2f316f.npz,1.21,15.44,16.65
567a4aa9-736d-362c-9eca-af0e2ca247ed,823400,3,2,191,191,1.0,9,False,C:\Users\noahl\OneDrive\fatigue_cv\skenes_2026_season\keypoints\567a4aa9-736d-362c-9eca-af0e2ca247ed.npz,3.31,15.37,18.68
c44d3537-e4ba-362c-8514-f84a7564a72f,823400,3,3,191,191,1.0,9,False,C:\Users\noahl\OneDrive\fatigue_cv\skenes_2026_season\keypoints\c44d3537-e4ba-362c-8514-f84a7564a72f.npz,1.23,15.8,17.03
a0902a86-ce35-36ba-bd39-65a9640653d0,823400,3,4,191,191,1.0,9,False,C:\Users\noahl\OneDrive\fatigue_cv\skenes_2026_season\keypoints\a0902a86-ce35-36ba-bd39-65a9640653d0.npz,1.49,15.86,17.35
db9b91f6-b1fa-3913-a9a6-f410d3213595,823400,3,5,191,191,1.0,9,False,C:\Users\noahl\OneDrive\fatigue_cv\skenes_2026_season\keypoints\db9b91f6-b1fa-3913-a9a6-f410d3213595.npz,0.86,15.45,16.31
0c79c629-487f-34e8-a88e-072ddbafded9,823400,3,6,191,191,1.0,9,False,C:\Users\noahl\OneDrive\fatigue_cv\skenes_2026_season\keypoints\0c79c629-487f-34e8-a88e-072ddbafded9.npz,1.18,15.85,17.03
a0b8989e-df43-3e27-bacb-802df9d77836,823400,3,1,191,191,1.0,9,False,C:\Users\noahl\OneDrive\fatigue_cv\skenes_2026_season\keypoints\a0b8989e-df43-3e27-bacb-802df9d77836.npz,1.41,15.25,16.66
24cf6b29-3290-300e-9c3d-6671baa83a02,823400,3,2,191,191,1.0,9,False,C:\Users\noahl\OneDrive\fatigue_cv\skenes_2026_season\keypoints\24cf6b29-3290-300e-9c3d-6671baa83a02.npz,1.51,15.78,17.29
01fd1502-183b-3657-a07e-1dcadfb57f8c,823400,3,3,191,191,1.0,9,False,C:\Users\noahl\OneDrive\fatigue_cv\skenes_2026_season\keypoints\01fd1502-183b-3657-a07e-1dcadfb57f8c.npz,1.23,15.1,16.33
61dd77d0-fdb7-3ba8-991b-562c700fb50b,823400,3,1,191,191,1.0,9,False,C:\Users\noahl\OneDrive\fatigue_cv\skenes_2026_season\keypoints\61dd77d0-fdb7-3ba8-991b-562c700fb50b.npz,1.32,15.62,16.94
fc91126a-3e6b-3556-9f67-b4ba16a4fad4,823400,3,2,191,191,1.0,9,False,C:\Users\noahl\OneDrive\fatigue_cv\skenes_2026_season\keypoints\fc91126a-3e6b-3556-9f67-b4ba16a4fad4.npz,1.42,15.91,17.33
90f701e0-f3bf-3847-96b4-76ce4b544e1b,823400,3,3,191,191,1.0,9,False,C:\Users\noahl\OneDrive\fatigue_cv\skenes_2026_season\keypoints\90f701e0-f3bf-3847-96b4-76ce4b544e1b.npz,1.52,15.49,17.01
d21c5439-8ca1-39e2-b37c-1b7beccbae9f,823400,3,4,191,191,1.0,9,False,C:\Users\noahl\OneDrive\fatigue_cv\skenes_2026_season\keypoints\d21c5439-8ca1-39e2-b37c-1b7beccbae9f.npz,1.26,14.91,16.16
e27e1128-9784-3a73-ab22-a75a611894df,823400,3,5,191,191,1.0,9,False,C:\Users\noahl\OneDrive\fatigue_cv\skenes_2026_season\keypoints\e27e1128-9784-3a73-ab22-a75a611894df.npz,1.28,15.48,16.76
b455f132-54a6-353d-b5d2-d96a7fb9b31f,823400,3,6,191,191,1.0,9,False,C:\Users\noahl\OneDrive\fatigue_cv\skenes_2026_season\keypoints\b455f132-54a6-353d-b5d2-d96a7fb9b31f.npz,1.17,14.52,15.69
2bd5b65a-d721-3322-b547-2353d5db64f3,823400,3,7,191,191,1.0,9,False,C:\Users\noahl\OneDrive\fatigue_cv\skenes_2026_season\keypoints\2bd5b65a-d721-3322-b547-2353d5db64f3.npz,1.19,14.82,16.02
20a2b469-138f-316d-8d45-a1133ce489cc,823400,3,1,191,191,1.0,9,False,C:\Users\noahl\OneDrive\fatigue_cv\skenes_2026_season\keypoints\20a2b469-138f-316d-8d45-a1133ce489cc.npz,1.09,15.45,16.54
57e4226b-c4ed-3ade-ba2c-b561977bb55d,823400,3,2,191,191,1.0,9,False,C:\Users\noahl\OneDrive\fatigue_cv\skenes_2026_season\keypoints\57e4226b-c4ed-3ade-ba2c-b561977bb55d.npz,1.2,15.44,16.64
6693639c-8106-3168-9f6a-01074fb95fea,823400,4,1,191,136,0.712,9,False,C:\Users\noahl\OneDrive\fatigue_cv\skenes_2026_season\keypoints\6693639c-8106-3168-9f6a-01074fb95fea.npz,0.98,15.34,16.32
62abb1d7-3831-3610-983b-6fc9f5ab5286,823400,4,2,191,191,1.0,9,False,C:\Users\noahl\OneDrive\fatigue_cv\skenes_2026_season\keypoints\62abb1d7-3831-3610-983b-6fc9f5ab5286.npz,1.04,15.73,16.77
1c2cf07a-ce1b-3adc-8d9c-be1c53c219a1,823400,4,3,191,191,1.0,9,False,C:\Users\noahl\OneDrive\fatigue_cv\skenes_2026_season\keypoints\1c2cf07a-ce1b-3adc-8d9c-be1c53c219a1.npz,1.25,15.95,17.2
82f23822-f363-3970-8090-15aba954c45c,823400,4,4,191,191,1.0,9,False,C:\Users\noahl\OneDrive\fatigue_cv\skenes_2026_season\keypoints\82f23822-f363-3970-8090-15aba954c45c.npz,1.3,15.5,16.8
a64d02b3-38ac-3b76-bbd1-4e349332c9d6,823400,4,1,191,191,1.0,9,False,C:\Users\noahl\OneDrive\fatigue_cv\skenes_2026_season\keypoints\a64d02b3-38ac-3b76-bbd1-4e349332c9d6.npz,0.96,15.63,16.59
0373986d-ccac-3cc3-87b4-41071860e85e,823400,4,2,191,191,1.0,9,False,C:\Users\noahl\OneDrive\fatigue_cv\skenes_2026_season\keypoints\0373986d-ccac-3cc3-87b4-41071860e85e.npz,1.83,15.33,17.16
99d136a9-8096-39d2-9fd8-e3fa39f3c946,823400,4,1,191,191,1.0,9,False,C:\Users\noahl\OneDrive\fatigue_cv\skenes_2026_season\keypoints\99d136a9-8096-39d2-9fd8-e3fa39f3c946.npz,1.22,15.64,16.87
e6806fe3-ea0a-3628-bbd4-1b49c14ba657,823400,5,1,191,170,0.89,9,False,C:\Users\noahl\OneDrive\fatigue_cv\skenes_2026_season\keypoints\e6806fe3-ea0a-3628-bbd4-1b49c14ba657.npz,1.3,15.45,16.76
c7382db6-de67-3eba-9124-9421cdc48d4c,823400,5,2,191,191,1.0,9,False,C:\Users\noahl\OneDrive\fatigue_cv\skenes_2026_season\keypoints\c7382db6-de67-3eba-9124-9421cdc48d4c.npz,1.22,15.81,17.03
2fbc10c2-ffa4-3fb7-9586-c5cdcce07037,823400,5,3,191,151,0.791,9,False,C:\Users\noahl\OneDrive\fatigue_cv\skenes_2026_season\keypoints\2fbc10c2-ffa4-3fb7-9586-c5cdcce07037.npz,1.5,15.64,17.15
a12734e1-b7ef-3611-9bd5-e08f52ad6c84,823400,5,4,191,191,1.0,9,False,C:\Users\noahl\OneDrive\fatigue_cv\skenes_2026_season\keypoints\a12734e1-b7ef-3611-9bd5-e08f52ad6c84.npz,0.93,15.23,16.16
e4676dda-f0f4-326a-b214-24f456ce93fc,823400,5,1,191,191,1.0,9,False,C:\Users\noahl\OneDrive\fatigue_cv\skenes_2026_season\keypoints\e4676dda-f0f4-326a-b214-24f456ce93fc.npz,1.28,15.5,16.78
1a88db23-197f-3245-ad43-e4b20251320a,823400,5,2,191,191,1.0,9,False,C:\Users\noahl\OneDrive\fatigue_cv\skenes_2026_season\keypoints\1a88db23-197f-3245-ad43-e4b20251320a.npz,1.35,15.34,16.69
6772b72b-d5b8-34b5-b55e-3ea3d62d625c,823400,5,3,191,191,1.0,9,False,C:\Users\noahl\OneDrive\fatigue_cv\skenes_2026_season\keypoints\6772b72b-d5b8-34b5-b55e-3ea3d62d625c.npz,1.14,15.11,16.26
d8113468-55f8-3726-b11f-b2fe606b23b0,823400,5,4,191,191,1.0,9,False,C:\Users\noahl\OneDrive\fatigue_cv\skenes_2026_season\keypoints\d8113468-55f8-3726-b11f-b2fe606b23b0.npz,0.94,15.27,16.21
f23e4f74-6eac-3ed8-a296-13d8cecdb073,823400,5,5,191,191,1.0,9,False,C:\Users\noahl\OneDrive\fatigue_cv\skenes_2026_season\keypoints\f23e4f74-6eac-3ed8-a296-13d8cecdb073.npz,1.92,15.88,17.8
902f78de-1809-3691-a013-571449341e20,823400,5,6,191,191,1.0,9,False,C:\Users\noahl\OneDrive\fatigue_cv\skenes_2026_season\keypoints\902f78de-1809-3691-a013-571449341e20.npz,1.37,15.77,17.14
e5302c04-c9a8-3f34-b3bd-9d300aa60023,823400,5,7,191,191,1.0,9,False,C:\Users\noahl\OneDrive\fatigue_cv\skenes_2026_season\keypoints\e5302c04-c9a8-3f34-b3bd-9d300aa60023.npz,1.07,16.23,17.31
7ca88f89-4981-3a57-8f64-c484a1e1025a,823400,5,8,191,191,1.0,9,False,C:\Users\noahl\OneDrive\fatigue_cv\skenes_2026_season\keypoints\7ca88f89-4981-3a57-8f64-c484a1e1025a.npz,1.51,16.68,18.19
ba653a91-604a-3b0d-a3ae-eafec4006b2d,823400,5,1,191,191,1.0,9,False,C:\Users\noahl\OneDrive\fatigue_cv\skenes_2026_season\keypoints\ba653a91-604a-3b0d-a3ae-eafec4006b2d.npz,1.24,15.46,16.7
47209e0b-a986-3c60-adcf-153597430eb1,823400,5,2,191,188,0.984,9,False,C:\Users\noahl\OneDrive\fatigue_cv\skenes_2026_season\keypoints\47209e0b-a986-3c60-adcf-153597430eb1.npz,1.2,15.88,17.09
f8dbb924-9953-3897-864b-0f2da82d820d,823400,5,3,191,191,1.0,9,False,C:\Users\noahl\OneDrive\fatigue_cv\skenes_2026_season\keypoints\f8dbb924-9953-3897-864b-0f2da82d820d.npz,3.06,15.32,18.38
dda3e1cf-fa19-3fa7-9d3d-fe83cf7a2371,823400,5,4,191,191,1.0,9,False,C:\Users\noahl\OneDrive\fatigue_cv\skenes_2026_season\keypoints\dda3e1cf-fa19-3fa7-9d3d-fe83cf7a2371.npz,1.19,15.09,16.28
5916e4d9-bf64-361d-83a6-fefc38c7e452,823400,5,5,191,174,0.911,9,False,C:\Users\noahl\OneDrive\fatigue_cv\skenes_2026_season\keypoints\5916e4d9-bf64-361d-83a6-fefc38c7e452.npz,1.11,15.58,16.7
8ebe3353-63a3-370b-af09-f022edf6d89d,823400,5,6,191,191,1.0,9,False,C:\Users\noahl\OneDrive\fatigue_cv\skenes_2026_season\keypoints\8ebe3353-63a3-370b-af09-f022edf6d89d.npz,1.29,15.53,16.83
b5464d04-049d-32d5-8115-24cfb29a8703,823400,6,1,191,184,0.963,9,False,C:\Users\noahl\OneDrive\fatigue_cv\skenes_2026_season\keypoints\b5464d04-049d-32d5-8115-24cfb29a8703.npz,1.34,14.65,15.99
efd505ea-3c2c-3abd-84fb-31fde3db206c,823400,6,2,191,191,1.0,9,False,C:\Users\noahl\OneDrive\fatigue_cv\skenes_2026_season\keypoints\efd505ea-3c2c-3abd-84fb-31fde3db206c.npz,1.74,14.73,16.47
ccf6562e-e623-311e-9ad3-eca28a0b2e0e,823400,6,3,191,191,1.0,9,False,C:\Users\noahl\OneDrive\fatigue_cv\skenes_2026_season\keypoints\ccf6562e-e623-311e-9ad3-eca28a0b2e0e.npz,1.21,14.49,15.7
aeec9426-d3a2-30a2-9c9c-0c84bd257aca,823400,6,1,191,191,1.0,9,False,C:\Users\noahl\OneDrive\fatigue_cv\skenes_2026_season\keypoints\aeec9426-d3a2-30a2-9c9c-0c84bd257aca.npz,0.97,15.15,16.12
01442e1d-0a34-3eb8-917f-d663bb058adb,823400,6,2,191,191,1.0,9,False,C:\Users\noahl\OneDrive\fatigue_cv\skenes_2026_season\keypoints\01442e1d-0a34-3eb8-917f-d663bb058adb.npz,1.57,15.24,16.81
3db68e3f-044b-3752-b03b-22da6290e17e,823400,6,3,191,191,1.0,9,False,C:\Users\noahl\OneDrive\fatigue_cv\skenes_2026_season\keypoints\3db68e3f-044b-3752-b03b-22da6290e17e.npz,1.18,15.87,17.05
81e61897-2e55-3101-a15d-02e45213b16c,823400,6,4,191,191,1.0,9,False,C:\Users\noahl\OneDrive\fatigue_cv\skenes_2026_season\keypoints\81e61897-2e55-3101-a15d-02e45213b16c.npz,1.35,16.06,17.41
ad3225f4-6ac9-3ab1-b986-2cd22f732ff9,823400,6,1,191,191,1.0,9,False,C:\Users\noahl\OneDrive\fatigue_cv\skenes_2026_season\keypoints\ad3225f4-6ac9-3ab1-b986-2cd22f732ff9.npz,1.12,16.3,17.42
255e263c-1b5b-3b0a-882a-5d0aa36dea9a,823400,6,2,191,191,1.0,9,False,C:\Users\noahl\OneDrive\fatigue_cv\skenes_2026_season\keypoints\255e263c-1b5b-3b0a-882a-5d0aa36dea9a.npz,1.2,15.2,16.41
9426c9ee-6631-3976-a747-51f0311ec813,823400,6,3,191,191,1.0,9,False,C:\Users\noahl\OneDrive\fatigue_cv\skenes_2026_season\keypoints\9426c9ee-6631-3976-a747-51f0311ec813.npz,1.85,15.79,17.65
c879a037-e62f-3a9e-9000-5db24599c820,823400,6,4,191,191,1.0,9,False,C:\Users\noahl\OneDrive\fatigue_cv\skenes_2026_season\keypoints\c879a037-e62f-3a9e-9000-5db24599c820.npz,0.89,16.05,16.94
7879ef58-03bb-3d09-b7eb-389d05be407e,823400,6,5,191,191,1.0,9,False,C:\Users\noahl\OneDrive\fatigue_cv\skenes_2026_season\keypoints\7879ef58-03bb-3d09-b7eb-389d05be407e.npz,1.72,15.84,17.56
b5401081-6942-332e-ac46-f34e68f8036e,823400,6,6,191,191,1.0,9,False,C:\Users\noahl\OneDrive\fatigue_cv\skenes_2026_season\keypoints\b5401081-6942-332e-ac46-f34e68f8036e.npz,1.27,15.12,16.39
3ef6be25-a8cf-3818-b63b-cd8584a3c3ce,823400,6,7,191,191,1.0,9,False,C:\Users\noahl\OneDrive\fatigue_cv\skenes_2026_season\keypoints\3ef6be25-a8cf-3818-b63b-cd8584a3c3ce.npz,1.35,15.0,16.35
e51fdd45-1697-36c7-bfe8-2ab011fcc4bc,823394,1,1,191,191,1.0,9,False,C:\Users\noahl\OneDrive\fatigue_cv\skenes_2026_season\keypoints\e51fdd45-1697-36c7-bfe8-2ab011fcc4bc.npz,1.61,15.06,16.67
68b02f4f-71d5-34ba-b555-e882c25cb508,823394,1,1,191,191,1.0,9,False,C:\Users\noahl\OneDrive\fatigue_cv\skenes_2026_season\keypoints\68b02f4f-71d5-34ba-b555-e882c25cb508.npz,1.28,15.43,16.71
868d01af-0b83-34f1-810f-a37cbd8a71f3,823394,1,2,191,191,1.0,9,False,C:\Users\noahl\OneDrive\fatigue_cv\skenes_2026_season\keypoints\868d01af-0b83-34f1-810f-a37cbd8a71f3.npz,1.26,15.55,16.81
d709c3b3-4408-33fe-8cc4-87c41b596c7c,823394,1,3,191,148,0.775,9,False,C:\Users\noahl\OneDrive\fatigue_cv\skenes_2026_season\keypoints\d709c3b3-4408-33fe-8cc4-87c41b596c7c.npz,1.06,15.74,16.81
4c7a6f7b-fab7-3913-bd1c-2c61de09f887,823394,1,1,191,189,0.99,9,False,C:\Users\noahl\OneDrive\fatigue_cv\skenes_2026_season\keypoints\4c7a6f7b-fab7-3913-bd1c-2c61de09f887.npz,1.23,14.99,16.23
debf725c-7c06-3e65-902f-10b88c381b1e,823394,1,2,191,184,0.963,9,False,C:\Users\noahl\OneDrive\fatigue_cv\skenes_2026_season\keypoints\debf725c-7c06-3e65-902f-10b88c381b1e.npz,0.84,15.9,16.74
b09fade5-0fcc-3c1e-8116-3b2155ad93d8,823394,1,3,191,191,1.0,9,False,C:\Users\noahl\OneDrive\fatigue_cv\skenes_2026_season\keypoints\b09fade5-0fcc-3c1e-8116-3b2155ad93d8.npz,1.08,16.56,17.64
6c4ecf35-4843-3ace-8849-28eee1d9fd10,823394,1,4,191,191,1.0,9,False,C:\Users\noahl\OneDrive\fatigue_cv\skenes_2026_season\keypoints\6c4ecf35-4843-3ace-8849-28eee1d9fd10.npz,0.99,15.82,16.81
d935a0e8-81e3-366a-9684-648d6efd9356,823394,1,5,191,191,1.0,9,False,C:\Users\noahl\OneDrive\fatigue_cv\skenes_2026_season\keypoints\d935a0e8-81e3-366a-9684-648d6efd9356.npz,1.22,15.41,16.64
7ed637bb-6f77-3d72-8f5f-4b3dcfff6355,823394,1,6,191,191,1.0,9,False,C:\Users\noahl\OneDrive\fatigue_cv\skenes_2026_season\keypoints\7ed637bb-6f77-3d72-8f5f-4b3dcfff6355.npz,1.62,16.21,17.84
1c09ff4f-3d95-357c-a338-fb2ab98619e4,823394,1,1,191,191,1.0,9,False,C:\Users\noahl\OneDrive\fatigue_cv\skenes_2026_season\keypoints\1c09ff4f-3d95-357c-a338-fb2ab98619e4.npz,8.25,15.65,23.9
21f258dc-d566-39ec-ad5a-f03409e24484,823394,2,1,191,191,1.0,9,False,C:\Users\noahl\OneDrive\fatigue_cv\skenes_2026_season\keypoints\21f258dc-d566-39ec-ad5a-f03409e24484.npz,1.08,15.55,16.63
81e2eb55-a3b8-3984-bd48-2bab90a3cc16,823394,2,2,191,191,1.0,9,False,C:\Users\noahl\OneDrive\fatigue_cv\skenes_2026_season\keypoints\81e2eb55-a3b8-3984-bd48-2bab90a3cc16.npz,1.37,15.34,16.72
182c374d-5cf3-3c77-a6d7-f5f3a3b9c9c3,823394,2,3,191,191,1.0,9,False,C:\Users\noahl\OneDrive\fatigue_cv\skenes_2026_season\keypoints\182c374d-5cf3-3c77-a6d7-f5f3a3b9c9c3.npz,1.45,15.98,17.44
fb4535b2-df0e-33fe-a1e1-84e7e92c2a64,823394,2,4,191,191,1.0,9,False,C:\Users\noahl\OneDrive\fatigue_cv\skenes_2026_season\keypoints\fb4535b2-df0e-33fe-a1e1-84e7e92c2a64.npz,1.32,15.23,16.55
a0c790b4-e5c3-3772-8e6f-3926f64e98db,823394,2,5,191,191,1.0,9,False,C:\Users\noahl\OneDrive\fatigue_cv\skenes_2026_season\keypoints\a0c790b4-e5c3-3772-8e6f-3926f64e98db.npz,0.82,15.9,16.72
7125fbb6-055e-3a16-92bf-eb018aca12c4,823394,2,6,191,191,1.0,9,False,C:\Users\noahl\OneDrive\fatigue_cv\skenes_2026_season\keypoints\7125fbb6-055e-3a16-92bf-eb018aca12c4.npz,1.22,15.09,16.31
8aeded55-e218-3f73-b479-0022a8d04da6,823394,2,7,191,191,1.0,9,False,C:\Users\noahl\OneDrive\fatigue_cv\skenes_2026_season\keypoints\8aeded55-e218-3f73-b479-0022a8d04da6.npz,1.3,15.83,17.13
af75114b-45a5-3046-907d-b664b6e14b09,823394,2,8,191,191,1.0,9,False,C:\Users\noahl\OneDrive\fatigue_cv\skenes_2026_season\keypoints\af75114b-45a5-3046-907d-b664b6e14b09.npz,1.23,15.44,16.68
d3ba9446-f979-36f7-a394-4f6116b3a85f,823394,2,1,191,191,1.0,9,False,C:\Users\noahl\OneDrive\fatigue_cv\skenes_2026_season\keypoints\d3ba9446-f979-36f7-a394-4f6116b3a85f.npz,1.51,15.72,17.24
f07aa890-f01a-33f3-adcf-9e29d79934a7,823394,2,2,191,191,1.0,9,False,C:\Users\noahl\OneDrive\fatigue_cv\skenes_2026_season\keypoints\f07aa890-f01a-33f3-adcf-9e29d79934a7.npz,1.57,15.64,17.21
cb1706bd-e9f2-342b-990e-048e5e14f72e,823394,2,3,191,191,1.0,9,False,C:\Users\noahl\OneDrive\fatigue_cv\skenes_2026_season\keypoints\cb1706bd-e9f2-342b-990e-048e5e14f72e.npz,3.75,17.21,20.97
7d3a56b1-bf77-3251-b6e6-714bd2b27374,823394,2,1,191,191,1.0,9,False,C:\Users\noahl\OneDrive\fatigue_cv\skenes_2026_season\keypoints\7d3a56b1-bf77-3251-b6e6-714bd2b27374.npz,0.92,15.71,16.63
84a24d9f-9e69-3de0-9a52-c0c3b286ff08,823394,2,2,191,191,1.0,9,False,C:\Users\noahl\OneDrive\fatigue_cv\skenes_2026_season\keypoints\84a24d9f-9e69-3de0-9a52-c0c3b286ff08.npz,1.05,15.84,16.89
73b7a7c7-5872-3666-b112-0cc4768e6415,823394,2,3,191,191,1.0,9,False,C:\Users\noahl\OneDrive\fatigue_cv\skenes_2026_season\keypoints\73b7a7c7-5872-3666-b112-0cc4768e6415.npz,1.2,15.46,16.67
76b40903-9aab-3b6a-a69b-8da4e980878d,823394,2,4,191,191,1.0,9,False,C:\Users\noahl\OneDrive\fatigue_cv\skenes_2026_season\keypoints\76b40903-9aab-3b6a-a69b-8da4e980878d.npz,1.07,15.69,16.76
a7097e43-b6c7-3e1b-8488-ec8c65545b89,823394,2,1,191,191,1.0,9,False,C:\Users\noahl\OneDrive\fatigue_cv\skenes_2026_season\keypoints\a7097e43-b6c7-3e1b-8488-ec8c65545b89.npz,1.56,15.77,17.33
4581f2b4-b1cd-35fb-8e84-5511b42236c7,823394,2,2,191,191,1.0,9,False,C:\Users\noahl\OneDrive\fatigue_cv\skenes_2026_season\keypoints\4581f2b4-b1cd-35fb-8e84-5511b42236c7.npz,1.25,15.91,17.16
96c9e23e-7cd6-37a6-9d8d-1f2678dbe1fa,823394,2,3,191,191,1.0,9,False,C:\Users\noahl\OneDrive\fatigue_cv\skenes_2026_season\keypoints\96c9e23e-7cd6-37a6-9d8d-1f2678dbe1fa.npz,1.25,14.63,15.88
0242a75a-722d-363e-bdb4-942033fa1219,823394,2,4,191,78,0.408,9,False,C:\Users\noahl\OneDrive\fatigue_cv\skenes_2026_season\keypoints\0242a75a-722d-363e-bdb4-942033fa1219.npz,0.85,15.27,16.12
66576642-00ed-3149-b270-cf3e28ac67f3,823394,2,1,191,191,1.0,9,False,C:\Users\noahl\OneDrive\fatigue_cv\skenes_2026_season\keypoints\66576642-00ed-3149-b270-cf3e28ac67f3.npz,1.41,14.69,16.11
a55993e0-1a20-3dfd-98bf-2fc94e7d1216,823394,2,2,191,191,1.0,9,False,C:\Users\noahl\OneDrive\fatigue_cv\skenes_2026_season\keypoints\a55993e0-1a20-3dfd-98bf-2fc94e7d1216.npz,1.21,15.18,16.4
565a98d2-4799-3f10-9679-81c77b40b10a,823394,2,3,191,191,1.0,9,False,C:\Users\noahl\OneDrive\fatigue_cv\skenes_2026_season\keypoints\565a98d2-4799-3f10-9679-81c77b40b10a.npz,0.91,14.45,15.36
35e22e9d-465c-3e35-b6a5-1d3158ff8027,823394,2,4,191,191,1.0,9,False,C:\Users\noahl\OneDrive\fatigue_cv\skenes_2026_season\keypoints\35e22e9d-465c-3e35-b6a5-1d3158ff8027.npz,1.19,16.55,17.73
4e39c67f-4785-3e15-a7df-816a1f312a97,823394,2,5,191,191,1.0,9,False,C:\Users\noahl\OneDrive\fatigue_cv\skenes_2026_season\keypoints\4e39c67f-4785-3e15-a7df-816a1f312a97.npz,0.9,16.45,17.35
ce5477cc-2f25-3e65-b703-8b0f75a5ec80,823394,2,6,191,191,1.0,9,False,C:\Users\noahl\OneDrive\fatigue_cv\skenes_2026_season\keypoints\ce5477cc-2f25-3e65-b703-8b0f75a5ec80.npz,3.6,16.05,19.65
e8af3fe4-6e82-3279-82e7-6e83a5ada35e,823394,2,1,191,191,1.0,9,False,C:\Users\noahl\OneDrive\fatigue_cv\skenes_2026_season\keypoints\e8af3fe4-6e82-3279-82e7-6e83a5ada35e.npz,1.29,15.93,17.21
c86c06bd-b1d1-39b8-9084-202e2579126f,823394,2,2,191,191,1.0,9,False,C:\Users\noahl\OneDrive\fatigue_cv\skenes_2026_season\keypoints\c86c06bd-b1d1-39b8-9084-202e2579126f.npz,1.26,15.77,17.03
059ac45c-775d-3b9a-8874-4ce003d59eaa,823394,2,3,191,191,1.0,9,False,C:\Users\noahl\OneDrive\fatigue_cv\skenes_2026_season\keypoints\059ac45c-775d-3b9a-8874-4ce003d59eaa.npz,0.96,15.63,16.59
72744ad5-7717-3d6f-bff1-6e258a716a84,823394,3,1,191,191,1.0,9,False,C:\Users\noahl\OneDrive\fatigue_cv\skenes_2026_season\keypoints\72744ad5-7717-3d6f-bff1-6e258a716a84.npz,1.37,15.52,16.89
e5d8417a-6df6-3a5b-93d5-ddce06a97119,823394,3,2,191,191,1.0,9,False,C:\Users\noahl\OneDrive\fatigue_cv\skenes_2026_season\keypoints\e5d8417a-6df6-3a5b-93d5-ddce06a97119.npz,1.35,15.43,16.78
677bc4ed-e7f2-376f-b67a-74fa50765d3b,823394,3,3,191,191,1.0,9,False,C:\Users\noahl\OneDrive\fatigue_cv\skenes_2026_season\keypoints\677bc4ed-e7f2-376f-b67a-74fa50765d3b.npz,1.34,14.88,16.22
bf9f0dbf-6e93-3224-a5e9-82d0581195cd,823394,3,4,191,191,1.0,9,False,C:\Users\noahl\OneDrive\fatigue_cv\skenes_2026_season\keypoints\bf9f0dbf-6e93-3224-a5e9-82d0581195cd.npz,1.2,14.77,15.97
75f1da0e-08eb-3390-b4fd-43ebab91ab1c,823394,3,1,191,191,1.0,9,False,C:\Users\noahl\OneDrive\fatigue_cv\skenes_2026_season\keypoints\75f1da0e-08eb-3390-b4fd-43ebab91ab1c.npz,1.35,15.04,16.39
ae290073-44ed-3acc-91dd-0f8057cda8d5,823394,3,2,191,191,1.0,9,False,C:\Users\noahl\OneDrive\fatigue_cv\skenes_2026_season\keypoints\ae290073-44ed-3acc-91dd-0f8057cda8d5.npz,1.21,15.41,16.62
e2e54277-878c-3fa7-a832-ea142246b26f,823394,3,3,191,191,1.0,9,False,C:\Users\noahl\OneDrive\fatigue_cv\skenes_2026_season\keypoints\e2e54277-878c-3fa7-a832-ea142246b26f.npz,0.88,14.86,15.74
de6e5cf1-caeb-3045-815a-73ea18d630ad,823394,3,4,191,191,1.0,9,False,C:\Users\noahl\OneDrive\fatigue_cv\skenes_2026_season\keypoints\de6e5cf1-caeb-3045-815a-73ea18d630ad.npz,1.54,14.55,16.09
62f35671-eccb-3275-8c11-d8b9914c22f5,823394,3,5,191,191,1.0,9,False,C:\Users\noahl\OneDrive\fatigue_cv\skenes_2026_season\keypoints\62f35671-eccb-3275-8c11-d8b9914c22f5.npz,1.11,15.31,16.42
87983795-c45e-3ada-8f7d-51ae14a53f21,823394,3,1,191,191,1.0,9,False,C:\Users\noahl\OneDrive\fatigue_cv\skenes_2026_season\keypoints\87983795-c45e-3ada-8f7d-51ae14a53f21.npz,0.85,15.2,16.06
660a1bbe-21fc-39d9-9f09-e809d84a1dc4,823394,3,2,191,191,1.0,9,False,C:\Users\noahl\OneDrive\fatigue_cv\skenes_2026_season\keypoints\660a1bbe-21fc-39d9-9f09-e809d84a1dc4.npz,2.16,15.41,17.58
7a75de07-8907-35b5-9a92-1628e2913a23,823394,3,3,191,191,1.0,9,False,C:\Users\noahl\OneDrive\fatigue_cv\skenes_2026_season\keypoints\7a75de07-8907-35b5-9a92-1628e2913a23.npz,1.4,15.92,17.32
565dbac0-556d-3e24-be60-a278d00a8e83,823394,3,4,191,191,1.0,9,False,C:\Users\noahl\OneDrive\fatigue_cv\skenes_2026_season\keypoints\565dbac0-556d-3e24-be60-a278d00a8e83.npz,0.98,15.92,16.91
7f1dc450-2091-33ea-96a0-e6b222fe766b,823394,4,1,191,191,1.0,9,False,C:\Users\noahl\OneDrive\fatigue_cv\skenes_2026_season\keypoints\7f1dc450-2091-33ea-96a0-e6b222fe766b.npz,1.89,16.27,18.16
aeebbe54-200c-3e95-9556-65f6b1ffe052,823394,4,2,191,191,1.0,9,False,C:\Users\noahl\OneDrive\fatigue_cv\skenes_2026_season\keypoints\aeebbe54-200c-3e95-9556-65f6b1ffe052.npz,1.2,15.41,16.61
7cac27d5-3a3a-3b18-a09a-3f10f32ce316,823394,4,3,191,191,1.0,9,False,C:\Users\noahl\OneDrive\fatigue_cv\skenes_2026_season\keypoints\7cac27d5-3a3a-3b18-a09a-3f10f32ce316.npz,3.43,15.84,19.28
1fa7e7e4-3733-330b-8614-a04cd76c0cac,823394,4,1,191,191,1.0,9,False,C:\Users\noahl\OneDrive\fatigue_cv\skenes_2026_season\keypoints\1fa7e7e4-3733-330b-8614-a04cd76c0cac.npz,1.6,15.9,17.51
c7da4d96-fbb3-3fce-82d1-8a988d267782,823394,4,2,191,191,1.0,9,False,C:\Users\noahl\OneDrive\fatigue_cv\skenes_2026_season\keypoints\c7da4d96-fbb3-3fce-82d1-8a988d267782.npz,0.88,14.81,15.69
1adf5439-b227-3455-9a9d-0fc409a6b7df,823394,4,3,191,191,1.0,9,False,C:\Users\noahl\OneDrive\fatigue_cv\skenes_2026_season\keypoints\1adf5439-b227-3455-9a9d-0fc409a6b7df.npz,1.64,15.42,17.07
b16e4696-3662-306a-93c4-982dcf669851,823394,4,4,191,130,0.681,9,False,C:\Users\noahl\OneDrive\fatigue_cv\skenes_2026_season\keypoints\b16e4696-3662-306a-93c4-982dcf669851.npz,1.18,14.87,16.05
b03a9c5b-54c6-31ce-b88a-dc96792c8f3b,823394,4,5,191,191,1.0,9,False,C:\Users\noahl\OneDrive\fatigue_cv\skenes_2026_season\keypoints\b03a9c5b-54c6-31ce-b88a-dc96792c8f3b.npz,0.93,14.94,15.87
9187a914-5ccb-3695-9d1e-f6946e43efa0,823394,4,1,191,183,0.958,9,False,C:\Users\noahl\OneDrive\fatigue_cv\skenes_2026_season\keypoints\9187a914-5ccb-3695-9d1e-f6946e43efa0.npz,1.38,15.16,16.55
41786d1c-8cea-3f87-afdd-fe8efe654ddd,823394,4,2,191,191,1.0,9,False,C:\Users\noahl\OneDrive\fatigue_cv\skenes_2026_season\keypoints\41786d1c-8cea-3f87-afdd-fe8efe654ddd.npz,0.82,15.82,16.65
a4bd59bf-c752-30c9-be41-d4122c15f723,823394,4,3,191,191,1.0,9,False,C:\Users\noahl\OneDrive\fatigue_cv\skenes_2026_season\keypoints\a4bd59bf-c752-30c9-be41-d4122c15f723.npz,1.34,15.6,16.94
0977e2ae-29ef-3ad2-bf0a-d0963b76a6ff,823394,4,4,191,191,1.0,9,False,C:\Users\noahl\OneDrive\fatigue_cv\skenes_2026_season\keypoints\0977e2ae-29ef-3ad2-bf0a-d0963b76a6ff.npz,1.87,15.78,17.65
993e7fcd-57fe-301c-a3f5-472048a43991,823800,1,1,191,191,1.0,9,False,C:\Users\noahl\OneDrive\fatigue_cv\skenes_2026_season\keypoints\993e7fcd-57fe-301c-a3f5-472048a43991.npz,1.22,15.61,16.83
81279d43-252b-303f-a614-c2fc193775c0,823800,1,2,191,191,1.0,9,False,C:\Users\noahl\OneDrive\fatigue_cv\skenes_2026_season\keypoints\81279d43-252b-303f-a614-c2fc193775c0.npz,1.12,15.82,16.94
e3e0ee0b-ac8e-3862-8ecd-0d7fae6ed689,823800,1,3,191,191,1.0,9,False,C:\Users\noahl\OneDrive\fatigue_cv\skenes_2026_season\keypoints\e3e0ee0b-ac8e-3862-8ecd-0d7fae6ed689.npz,1.08,15.19,16.27
e9fe8106-ede9-3264-bfa4-fb99347ffe23,823800,1,4,191,191,1.0,9,False,C:\Users\noahl\OneDrive\fatigue_cv\skenes_2026_season\keypoints\e9fe8106-ede9-3264-bfa4-fb99347ffe23.npz,1.36,15.93,17.3
f96d537a-85c1-349b-8da7-84f1e002a721,823800,1,1,191,191,1.0,9,False,C:\Users\noahl\OneDrive\fatigue_cv\skenes_2026_season\keypoints\f96d537a-85c1-349b-8da7-84f1e002a721.npz,1.12,14.83,15.95
fbcc80f4-45ab-3c2c-b03b-bc8617c5931b,823800,1,2,191,191,1.0,9,False,C:\Users\noahl\OneDrive\fatigue_cv\skenes_2026_season\keypoints\fbcc80f4-45ab-3c2c-b03b-bc8617c5931b.npz,1.31,15.6,16.91
f54f0cd5-81dc-3b1e-8632-42b482aa9ab0,823800,1,3,191,191,1.0,9,False,C:\Users\noahl\OneDrive\fatigue_cv\skenes_2026_season\keypoints\f54f0cd5-81dc-3b1e-8632-42b482aa9ab0.npz,0.97,14.53,15.5
c10ead9b-4b9f-3222-b536-5dc622899540,823800,1,1,191,191,1.0,9,False,C:\Users\noahl\OneDrive\fatigue_cv\skenes_2026_season\keypoints\c10ead9b-4b9f-3222-b536-5dc622899540.npz,0.95,15.33,16.28
310b37d3-9ea0-359f-a8b0-18d5f06c91b6,823800,1,2,191,191,1.0,9,False,C:\Users\noahl\OneDrive\fatigue_cv\skenes_2026_season\keypoints\310b37d3-9ea0-359f-a8b0-18d5f06c91b6.npz,1.14,14.64,15.78
5cb5a589-8508-3e8d-9db8-f0a2dbf65720,823800,1,3,191,191,1.0,9,False,C:\Users\noahl\OneDrive\fatigue_cv\skenes_2026_season\keypoints\5cb5a589-8508-3e8d-9db8-f0a2dbf65720.npz,1.3,15.31,16.61
e50046e7-3ca1-3f70-bb46-64478ef22ac3,823800,1,4,191,191,1.0,9,False,C:\Users\noahl\OneDrive\fatigue_cv\skenes_2026_season\keypoints\e50046e7-3ca1-3f70-bb46-64478ef22ac3.npz,0.82,14.62,15.45
6714451f-ce6a-364f-9255-d2f4e375d638,823800,1,5,191,191,1.0,9,False,C:\Users\noahl\OneDrive\fatigue_cv\skenes_2026_season\keypoints\6714451f-ce6a-364f-9255-d2f4e375d638.npz,1.18,15.06,16.24
93c712ba-3aae-34d3-a513-58defb40f304,823800,1,6,191,191,1.0,9,False,C:\Users\noahl\OneDrive\fatigue_cv\skenes_2026_season\keypoints\93c712ba-3aae-34d3-a513-58defb40f304.npz,1.12,15.45,16.57
cf6bd848-7618-3f4e-a399-9d2205a7d40e,823800,2,1,191,191,1.0,9,False,C:\Users\noahl\OneDrive\fatigue_cv\skenes_2026_season\keypoints\cf6bd848-7618-3f4e-a399-9d2205a7d40e.npz,1.26,15.45,16.71
202e0a7d-5ee9-3767-88df-f7ad293d3d6b,823800,2,2,191,190,0.995,9,False,C:\Users\noahl\OneDrive\fatigue_cv\skenes_2026_season\keypoints\202e0a7d-5ee9-3767-88df-f7ad293d3d6b.npz,5.67,16.11,21.78
e4f2e26e-6577-3edd-8bbc-d85496d38190,823800,2,1,191,191,1.0,9,False,C:\Users\noahl\OneDrive\fatigue_cv\skenes_2026_season\keypoints\e4f2e26e-6577-3edd-8bbc-d85496d38190.npz,1.18,15.62,16.8
c8e34c1a-a50a-3513-a33a-af39cdb791dd,823800,2,2,191,191,1.0,9,False,C:\Users\noahl\OneDrive\fatigue_cv\skenes_2026_season\keypoints\c8e34c1a-a50a-3513-a33a-af39cdb791dd.npz,1.8,15.31,17.11
c76d98c6-5b20-3020-b70c-bbf68858a7fa,823800,2,3,191,191,1.0,9,False,C:\Users\noahl\OneDrive\fatigue_cv\skenes_2026_season\keypoints\c76d98c6-5b20-3020-b70c-bbf68858a7fa.npz,1.19,15.86,17.04
ef196fd6-4c4d-3071-b4f4-4fd63df78823,823800,2,4,191,191,1.0,9,False,C:\Users\noahl\OneDrive\fatigue_cv\skenes_2026_season\keypoints\ef196fd6-4c4d-3071-b4f4-4fd63df78823.npz,1.04,15.93,16.97
afa06848-dcc7-397f-85fa-a01710ac07fc,823800,2,1,191,191,1.0,9,False,C:\Users\noahl\OneDrive\fatigue_cv\skenes_2026_season\keypoints\afa06848-dcc7-397f-85fa-a01710ac07fc.npz,1.39,15.63,17.01
1e424066-b56f-3af6-a67f-8a027e10b95b,823800,2,2,191,191,1.0,9,False,C:\Users\noahl\OneDrive\fatigue_cv\skenes_2026_season\keypoints\1e424066-b56f-3af6-a67f-8a027e10b95b.npz,1.17,15.91,17.08
ac7f9cd7-baf5-38b1-acb6-4f4b6fe094e0,823800,2,3,191,191,1.0,9,False,C:\Users\noahl\OneDrive\fatigue_cv\skenes_2026_season\keypoints\ac7f9cd7-baf5-38b1-acb6-4f4b6fe094e0.npz,1.33,15.23,16.57
6983b774-4dc5-33dd-840b-3d08f07510cd,823800,2,4,191,191,1.0,9,False,C:\Users\noahl\OneDrive\fatigue_cv\skenes_2026_season\keypoints\6983b774-4dc5-33dd-840b-3d08f07510cd.npz,1.41,15.73,17.14
2979f483-dbb0-3138-803e-366353874582,823800,2,5,191,191,1.0,9,False,C:\Users\noahl\OneDrive\fatigue_cv\skenes_2026_season\keypoints\2979f483-dbb0-3138-803e-366353874582.npz,1.69,15.93,17.62
32964b51-a723-34db-a89e-2d11b2915f3d,823800,3,1,191,191,1.0,9,False,C:\Users\noahl\OneDrive\fatigue_cv\skenes_2026_season\keypoints\32964b51-a723-34db-a89e-2d11b2915f3d.npz,1.18,14.89,16.08
974f034b-9199-3a82-9094-a1361768881f,823800,3,2,191,191,1.0,9,False,C:\Users\noahl\OneDrive\fatigue_cv\skenes_2026_season\keypoints\974f034b-9199-3a82-9094-a1361768881f.npz,1.02,15.12,16.15
e7cf7012-0fc6-34ab-8c64-1634bf9b691c,823800,3,3,191,188,0.984,9,False,C:\Users\noahl\OneDrive\fatigue_cv\skenes_2026_season\keypoints\e7cf7012-0fc6-34ab-8c64-1634bf9b691c.npz,1.28,16.11,17.38
94ae4e40-1564-38aa-aa85-7b6584aa68d7,823800,3,1,191,191,1.0,9,False,C:\Users\noahl\OneDrive\fatigue_cv\skenes_2026_season\keypoints\94ae4e40-1564-38aa-aa85-7b6584aa68d7.npz,1.43,16.08,17.52
8d6f1f32-a132-36c2-a05f-43e41a38872c,823800,3,2,191,170,0.89,9,False,C:\Users\noahl\OneDrive\fatigue_cv\skenes_2026_season\keypoints\8d6f1f32-a132-36c2-a05f-43e41a38872c.npz,0.87,15.41,16.28
3a7da4dd-e2a1-34fc-acfd-54d2a90a1f1b,823800,3,3,191,191,1.0,9,False,C:\Users\noahl\OneDrive\fatigue_cv\skenes_2026_season\keypoints\3a7da4dd-e2a1-34fc-acfd-54d2a90a1f1b.npz,1.01,15.43,16.45
2288a556-4d58-360c-9618-6eef5a99d6ba,823800,3,1,191,191,1.0,9,False,C:\Users\noahl\OneDrive\fatigue_cv\skenes_2026_season\keypoints\2288a556-4d58-360c-9618-6eef5a99d6ba.npz,1.07,15.85,16.92
0945fa6b-fc2a-37d4-b469-7bd96e9ed3e4,823800,3,2,191,191,1.0,9,False,C:\Users\noahl\OneDrive\fatigue_cv\skenes_2026_season\keypoints\0945fa6b-fc2a-37d4-b469-7bd96e9ed3e4.npz,2.52,16.54,19.06
5fdc581f-5758-3f6b-ad2e-2e5a42661aad,823800,3,3,191,191,1.0,9,False,C:\Users\noahl\OneDrive\fatigue_cv\skenes_2026_season\keypoints\5fdc581f-5758-3f6b-ad2e-2e5a42661aad.npz,1.89,15.45,17.34
89f5eb50-5295-358f-9ede-90282f6ce122,823800,3,4,191,191,1.0,9,False,C:\Users\noahl\OneDrive\fatigue_cv\skenes_2026_season\keypoints\89f5eb50-5295-358f-9ede-90282f6ce122.npz,1.04,14.9,15.93
11da654c-9fe1-3d30-9da7-c82e70ba7168,823800,3,5,191,191,1.0,9,False,C:\Users\noahl\OneDrive\fatigue_cv\skenes_2026_season\keypoints\11da654c-9fe1-3d30-9da7-c82e70ba7168.npz,1.27,15.1,16.38
cb06e237-15af-323a-9d88-d4be7edc27b9,823800,3,6,191,105,0.55,9,False,C:\Users\noahl\OneDrive\fatigue_cv\skenes_2026_season\keypoints\cb06e237-15af-323a-9d88-d4be7edc27b9.npz,1.25,14.98,16.23
01cec62e-8b8d-3205-b249-60c9bdd069df,823800,3,7,191,191,1.0,9,False,C:\Users\noahl\OneDrive\fatigue_cv\skenes_2026_season\keypoints\01cec62e-8b8d-3205-b249-60c9bdd069df.npz,1.21,15.22,16.43
c94dd44e-df79-3b78-a8bb-a6f37c0bf4fe,823800,3,8,191,173,0.906,9,False,C:\Users\noahl\OneDrive\fatigue_cv\skenes_2026_season\keypoints\c94dd44e-df79-3b78-a8bb-a6f37c0bf4fe.npz,1.33,14.39,15.72
a588343f-0e8f-328e-9146-264f28c0df95,823800,4,1,191,191,1.0,9,False,C:\Users\noahl\OneDrive\fatigue_cv\skenes_2026_season\keypoints\a588343f-0e8f-328e-9146-264f28c0df95.npz,1.19,14.4,15.6
e0ea8dda-e87f-3afa-8ce7-2dfd6b88c042,823800,4,2,191,191,1.0,9,False,C:\Users\noahl\OneDrive\fatigue_cv\skenes_2026_season\keypoints\e0ea8dda-e87f-3afa-8ce7-2dfd6b88c042.npz,1.06,14.8,15.87
ed4e657d-2e1f-3cc0-a739-319a6f49c917,823800,4,3,191,191,1.0,9,False,C:\Users\noahl\OneDrive\fatigue_cv\skenes_2026_season\keypoints\ed4e657d-2e1f-3cc0-a739-319a6f49c917.npz,1.18,15.8,16.99
23896755-4eaa-3863-9f4b-2cfa24901bee,823800,4,4,191,191,1.0,9,False,C:\Users\noahl\OneDrive\fatigue_cv\skenes_2026_season\keypoints\23896755-4eaa-3863-9f4b-2cfa24901bee.npz,1.31,15.89,17.2
2710718d-25d6-3c18-8a4b-f9f5afba07f6,823800,4,5,191,191,1.0,9,False,C:\Users\noahl\OneDrive\fatigue_cv\skenes_2026_season\keypoints\2710718d-25d6-3c18-8a4b-f9f5afba07f6.npz,1.44,15.83,17.27
044d037e-a7be-3c84-a5a3-0a8973676a65,823800,4,1,191,191,1.0,9,False,C:\Users\noahl\OneDrive\fatigue_cv\skenes_2026_season\keypoints\044d037e-a7be-3c84-a5a3-0a8973676a65.npz,1.65,16.41,18.07
a7fb0298-efa7-3985-9388-301d990278d2,823800,4,2,191,191,1.0,9,False,C:\Users\noahl\OneDrive\fatigue_cv\skenes_2026_season\keypoints\a7fb0298-efa7-3985-9388-301d990278d2.npz,1.27,15.64,16.91
24caff11-142f-350c-8b60-5db1ef210a2f,823800,4,3,191,191,1.0,9,False,C:\Users\noahl\OneDrive\fatigue_cv\skenes_2026_season\keypoints\24caff11-142f-350c-8b60-5db1ef210a2f.npz,1.32,15.8,17.12
d8494fda-44e3-3682-a5e2-e0c564e0d185,823800,4,4,191,191,1.0,9,False,C:\Users\noahl\OneDrive\fatigue_cv\skenes_2026_season\keypoints\d8494fda-44e3-3682-a5e2-e0c564e0d185.npz,1.18,15.6,16.78
def053bd-5c50-328b-bb5e-79908c730f2f,823800,4,1,191,191,1.0,9,False,C:\Users\noahl\OneDrive\fatigue_cv\skenes_2026_season\keypoints\def053bd-5c50-328b-bb5e-79908c730f2f.npz,2.2,15.78,17.99
35c1d0ac-c2ae-362c-93ed-67862a1bc24b,823800,5,1,191,175,0.916,9,False,C:\Users\noahl\OneDrive\fatigue_cv\skenes_2026_season\keypoints\35c1d0ac-c2ae-362c-93ed-67862a1bc24b.npz,1.48,15.4,16.88
e0ed8ce0-97b5-3a67-a2cb-48a8e467bf2c,823800,5,2,191,191,1.0,9,False,C:\Users\noahl\OneDrive\fatigue_cv\skenes_2026_season\keypoints\e0ed8ce0-97b5-3a67-a2cb-48a8e467bf2c.npz,1.8,15.2,17.0
220e9ea8-7e8b-36c5-8640-3acbacc8c304,823800,5,3,191,191,1.0,9,False,C:\Users\noahl\OneDrive\fatigue_cv\skenes_2026_season\keypoints\220e9ea8-7e8b-36c5-8640-3acbacc8c304.npz,1.62,15.1,16.72
cd30357f-4401-3b8a-9464-68b3019c4e99,823800,5,4,191,191,1.0,9,False,C:\Users\noahl\OneDrive\fatigue_cv\skenes_2026_season\keypoints\cd30357f-4401-3b8a-9464-68b3019c4e99.npz,1.31,14.88,16.19
8a8965df-f29b-3870-a049-8f4e0015c0f4,823800,5,5,191,191,1.0,9,False,C:\Users\noahl\OneDrive\fatigue_cv\skenes_2026_season\keypoints\8a8965df-f29b-3870-a049-8f4e0015c0f4.npz,2.43,14.73,17.16
6bbdeb3c-2829-3240-b2f4-0eaf5f519e04,823800,5,6,191,191,1.0,9,False,C:\Users\noahl\OneDrive\fatigue_cv\skenes_2026_season\keypoints\6bbdeb3c-2829-3240-b2f4-0eaf5f519e04.npz,1.16,15.26,16.42
8cb3ff94-427b-3322-8022-6b39a756dc7d,823800,5,7,191,191,1.0,9,False,C:\Users\noahl\OneDrive\fatigue_cv\skenes_2026_season\keypoints\8cb3ff94-427b-3322-8022-6b39a756dc7d.npz,1.37,15.75,17.12
b4eeb813-eda4-3c42-8030-4b3a6c66a23a,823800,5,8,191,191,1.0,9,False,C:\Users\noahl\OneDrive\fatigue_cv\skenes_2026_season\keypoints\b4eeb813-eda4-3c42-8030-4b3a6c66a23a.npz,1.03,16.07,17.1
53a4cd5d-29c1-3dc7-8566-056b74a0bc05,823800,5,1,191,181,0.948,9,False,C:\Users\noahl\OneDrive\fatigue_cv\skenes_2026_season\keypoints\53a4cd5d-29c1-3dc7-8566-056b74a0bc05.npz,1.18,16.41,17.59
f88e3e9c-9296-3095-952a-c024018f1501,823800,5,2,191,191,1.0,9,False,C:\Users\noahl\OneDrive\fatigue_cv\skenes_2026_season\keypoints\f88e3e9c-9296-3095-952a-c024018f1501.npz,0.89,15.98,16.87
9ca1ec50-7932-39c2-8ab8-79fda67a2689,823800,5,3,191,191,1.0,9,False,C:\Users\noahl\OneDrive\fatigue_cv\skenes_2026_season\keypoints\9ca1ec50-7932-39c2-8ab8-79fda67a2689.npz,0.95,16.04,16.99
e198f1c2-b1e0-3065-83d9-713b0af02897,823800,5,4,191,191,1.0,9,False,C:\Users\noahl\OneDrive\fatigue_cv\skenes_2026_season\keypoints\e198f1c2-b1e0-3065-83d9-713b0af02897.npz,1.02,15.96,16.98
1654a4b1-ff8c-3277-b853-f4bae7711f79,823800,5,1,191,191,1.0,9,False,C:\Users\noahl\OneDrive\fatigue_cv\skenes_2026_season\keypoints\1654a4b1-ff8c-3277-b853-f4bae7711f79.npz,1.16,15.64,16.8
983bcfa4-dc3a-332e-9407-345bfec474b1,823800,5,2,191,191,1.0,9,False,C:\Users\noahl\OneDrive\fatigue_cv\skenes_2026_season\keypoints\983bcfa4-dc3a-332e-9407-345bfec474b1.npz,1.45,15.71,17.16
c6e4efe9-b7f0-33bd-bc42-fac1a45ef2ae,823800,5,3,191,191,1.0,9,False,C:\Users\noahl\OneDrive\fatigue_cv\skenes_2026_season\keypoints\c6e4efe9-b7f0-33bd-bc42-fac1a45ef2ae.npz,0.96,16.02,16.98
ee7f12b2-7455-3796-8a66-d59b03dccd04,823800,5,4,191,191,1.0,9,False,C:\Users\noahl\OneDrive\fatigue_cv\skenes_2026_season\keypoints\ee7f12b2-7455-3796-8a66-d59b03dccd04.npz,1.11,15.64,16.76
87bb0465-07d1-31ae-8e59-6a4f64a62ca9,823800,5,5,191,191,1.0,9,False,C:\Users\noahl\OneDrive\fatigue_cv\skenes_2026_season\keypoints\87bb0465-07d1-31ae-8e59-6a4f64a62ca9.npz,1.27,15.01,16.28
a4394a29-b32c-3980-8661-e66b602110b5,823800,5,6,191,191,1.0,9,False,C:\Users\noahl\OneDrive\fatigue_cv\skenes_2026_season\keypoints\a4394a29-b32c-3980-8661-e66b602110b5.npz,1.27,14.97,16.23
ae27064b-0c99-3bbe-814e-603731b2732a,823800,5,7,191,191,1.0,9,False,C:\Users\noahl\OneDrive\fatigue_cv\skenes_2026_season\keypoints\ae27064b-0c99-3bbe-814e-603731b2732a.npz,1.04,15.15,16.19
264e7c68-5839-3979-bf25-864482b5aabd,823800,6,1,191,191,1.0,9,False,C:\Users\noahl\OneDrive\fatigue_cv\skenes_2026_season\keypoints\264e7c68-5839-3979-bf25-864482b5aabd.npz,1.12,15.42,16.55
94960f03-19ad-3e69-8375-4afb997e3b1c,823800,6,2,191,191,1.0,9,False,C:\Users\noahl\OneDrive\fatigue_cv\skenes_2026_season\keypoints\94960f03-19ad-3e69-8375-4afb997e3b1c.npz,1.19,15.41,16.61
2bd7d9fc-45ea-3d54-aa2b-74da37ac2c83,823800,6,3,191,191,1.0,9,False,C:\Users\noahl\OneDrive\fatigue_cv\skenes_2026_season\keypoints\2bd7d9fc-45ea-3d54-aa2b-74da37ac2c83.npz,1.28,16.32,17.61
70b09e54-dcba-334e-b81f-d7a28c5a50de,823800,6,4,191,191,1.0,9,False,C:\Users\noahl\OneDrive\fatigue_cv\skenes_2026_season\keypoints\70b09e54-dcba-334e-b81f-d7a28c5a50de.npz,1.52,15.8,17.33
ed9f6ce7-e3c1-3a42-9c42-a2d1402aaa72,823800,6,5,191,191,1.0,9,False,C:\Users\noahl\OneDrive\fatigue_cv\skenes_2026_season\keypoints\ed9f6ce7-e3c1-3a42-9c42-a2d1402aaa72.npz,1.16,15.19,16.36
1b5e3321-63dc-3f67-bc54-669b96f5df74,823800,6,6,191,191,1.0,9,False,C:\Users\noahl\OneDrive\fatigue_cv\skenes_2026_season\keypoints\1b5e3321-63dc-3f67-bc54-669b96f5df74.npz,1.46,15.29,16.75
d5f2a87c-03f3-30c7-9397-1d8cfb1a0032,823800,6,7,191,162,0.848,0,True,C:\Users\noahl\OneDrive\fatigue_cv\skenes_2026_season\keypoints\d5f2a87c-03f3-30c7-9397-1d8cfb1a0032.npz,1.2,15.65,16.85
56c30188-e061-370d-a567-628c33c2f025,823800,6,1,191,181,0.948,9,False,C:\Users\noahl\OneDrive\fatigue_cv\skenes_2026_season\keypoints\56c30188-e061-370d-a567-628c33c2f025.npz,1.25,15.46,16.71
7535b444-7b61-342e-9784-6c7db8da6866,823800,6,2,191,191,1.0,9,False,C:\Users\noahl\OneDrive\fatigue_cv\skenes_2026_season\keypoints\7535b444-7b61-342e-9784-6c7db8da6866.npz,1.24,15.59,16.83
1c983db2-15d1-3646-b2e7-e9b670f32ec2,823800,6,3,191,191,1.0,9,False,C:\Users\noahl\OneDrive\fatigue_cv\skenes_2026_season\keypoints\1c983db2-15d1-3646-b2e7-e9b670f32ec2.npz,1.72,15.01,16.74
c4ca1b36-c99f-32b7-9284-d1b42b9d1c35,823800,6,1,191,191,1.0,9,False,C:\Users\noahl\OneDrive\fatigue_cv\skenes_2026_season\keypoints\c4ca1b36-c99f-32b7-9284-d1b42b9d1c35.npz,0.88,15.18,16.06
df461226-e240-3c1a-8ad9-2af6508e6422,823800,6,2,191,191,1.0,9,False,C:\Users\noahl\OneDrive\fatigue_cv\skenes_2026_season\keypoints\df461226-e240-3c1a-8ad9-2af6508e6422.npz,0.99,15.0,15.99
06d3984f-1ac3-36df-8e88-64c32fc46326,823800,7,1,191,191,1.0,9,False,C:\Users\noahl\OneDrive\fatigue_cv\skenes_2026_season\keypoints\06d3984f-1ac3-36df-8e88-64c32fc46326.npz,1.38,15.1,16.49
86316004-dfe4-344c-9275-0d8976af6a75,823800,7,1,191,191,1.0,9,False,C:\Users\noahl\OneDrive\fatigue_cv\skenes_2026_season\keypoints\86316004-dfe4-344c-9275-0d8976af6a75.npz,1.86,14.51,16.37
d6fe30c6-fa7c-35af-a0cd-8ca2c2731f31,823800,7,2,191,191,1.0,9,False,C:\Users\noahl\OneDrive\fatigue_cv\skenes_2026_season\keypoints\d6fe30c6-fa7c-35af-a0cd-8ca2c2731f31.npz,2.59,14.87,17.46
8f9e5c80-2cef-3966-b097-25ed762a6f04,823800,7,1,191,191,1.0,9,False,C:\Users\noahl\OneDrive\fatigue_cv\skenes_2026_season\keypoints\8f9e5c80-2cef-3966-b097-25ed762a6f04.npz,1.67,14.53,16.2
78287d1e-3d92-3288-8bdf-5a99f7942bf4,823800,7,2,191,191,1.0,9,False,C:\Users\noahl\OneDrive\fatigue_cv\skenes_2026_season\keypoints\78287d1e-3d92-3288-8bdf-5a99f7942bf4.npz,0.97,15.8,16.77
46ae9e9c-40e7-3a06-a30e-ca8d9335393b,823800,7,3,191,180,0.942,9,False,C:\Users\noahl\OneDrive\fatigue_cv\skenes_2026_season\keypoints\46ae9e9c-40e7-3a06-a30e-ca8d9335393b.npz,1.18,15.99,17.17
7be648a4-8724-334f-95e1-d127840357b0,823800,7,4,191,191,1.0,9,False,C:\Users\noahl\OneDrive\fatigue_cv\skenes_2026_season\keypoints\7be648a4-8724-334f-95e1-d127840357b0.npz,1.42,15.53,16.94
b2848527-ae8e-3361-bd42-221c9fe760de,823800,7,5,191,191,1.0,9,False,C:\Users\noahl\OneDrive\fatigue_cv\skenes_2026_season\keypoints\b2848527-ae8e-3361-bd42-221c9fe760de.npz,1.35,15.84,17.19
a2e5e324-52d3-3a2e-97e7-4769904c9ef4,823800,7,6,191,155,0.812,9,False,C:\Users\noahl\OneDrive\fatigue_cv\skenes_2026_season\keypoints\a2e5e324-52d3-3a2e-97e7-4769904c9ef4.npz,1.77,15.24,17.01
9e312797-e83a-3bae-b69f-b98d5155989a,823800,7,7,191,191,1.0,9,False,C:\Users\noahl\OneDrive\fatigue_cv\skenes_2026_season\keypoints\9e312797-e83a-3bae-b69f-b98d5155989a.npz,1.44,15.99,17.44
6278559b-c23d-3f03-8dcb-d5ab6789f1f4,823800,7,8,191,191,1.0,9,False,C:\Users\noahl\OneDrive\fatigue_cv\skenes_2026_season\keypoints\6278559b-c23d-3f03-8dcb-d5ab6789f1f4.npz,1.14,15.49,16.64
fc7eb640-9b0c-30af-9360-db3ca3b2e213,823800,7,1,191,170,0.89,9,False,C:\Users\noahl\OneDrive\fatigue_cv\skenes_2026_season\keypoints\fc7eb640-9b0c-30af-9360-db3ca3b2e213.npz,1.05,15.33,16.39
77db757f-13ce-3a00-bf7f-315bc807a5d8,823800,7,2,191,191,1.0,9,False,C:\Users\noahl\OneDrive\fatigue_cv\skenes_2026_season\keypoints\77db757f-13ce-3a00-bf7f-315bc807a5d8.npz,1.01,15.25,16.26
127eeb15-66f9-3104-bb3e-b03e22a5a73c,823800,7,3,191,191,1.0,9,False,C:\Users\noahl\OneDrive\fatigue_cv\skenes_2026_season\keypoints\127eeb15-66f9-3104-bb3e-b03e22a5a73c.npz,1.25,15.51,16.75
381d3dda-04be-3fef-93c0-0e37a6d4cb80,823391,1,1,191,191,1.0,9,False,C:\Users\noahl\OneDrive\fatigue_cv\skenes_2026_season\keypoints\381d3dda-04be-3fef-93c0-0e37a6d4cb80.npz,1.13,15.64,16.77
90894699-8d65-30a9-89f4-e7c83b148b5e,823391,1,2,191,191,1.0,9,False,C:\Users\noahl\OneDrive\fatigue_cv\skenes_2026_season\keypoints\90894699-8d65-30a9-89f4-e7c83b148b5e.npz,1.48,15.72,17.2
e3ecb31d-9453-3cc2-90a7-deb6ffbf9dc8,823391,1,3,191,191,1.0,9,False,C:\Users\noahl\OneDrive\fatigue_cv\skenes_2026_season\keypoints\e3ecb31d-9453-3cc2-90a7-deb6ffbf9dc8.npz,2.12,15.24,17.37
a6c206d8-ed0f-3c71-9141-662b2682bfa6,823391,1,1,191,154,0.806,9,False,C:\Users\noahl\OneDrive\fatigue_cv\skenes_2026_season\keypoints\a6c206d8-ed0f-3c71-9141-662b2682bfa6.npz,1.12,15.02,16.14
bbd477d3-13db-39a0-9e36-a864e8b0f87f,823391,1,2,191,191,1.0,9,False,C:\Users\noahl\OneDrive\fatigue_cv\skenes_2026_season\keypoints\bbd477d3-13db-39a0-9e36-a864e8b0f87f.npz,1.14,15.93,17.06
911f0e8d-d3ac-3d1e-8a61-30e74ad92460,823391,1,3,191,149,0.78,9,False,C:\Users\noahl\OneDrive\fatigue_cv\skenes_2026_season\keypoints\911f0e8d-d3ac-3d1e-8a61-30e74ad92460.npz,1.39,15.87,17.26
6762fc34-d121-3ef2-accb-2553c3d5c543,823391,1,4,191,191,1.0,9,False,C:\Users\noahl\OneDrive\fatigue_cv\skenes_2026_season\keypoints\6762fc34-d121-3ef2-accb-2553c3d5c543.npz,1.95,15.43,17.39
c1304b00-d5fc-36d1-bbfe-fe9e98f44089,823391,1,1,191,191,1.0,9,False,C:\Users\noahl\OneDrive\fatigue_cv\skenes_2026_season\keypoints\c1304b00-d5fc-36d1-bbfe-fe9e98f44089.npz,1.87,15.76,17.63
a17b6797-20e0-343f-8365-ae98e783e6ff,823391,1,2,191,191,1.0,9,False,C:\Users\noahl\OneDrive\fatigue_cv\skenes_2026_season\keypoints\a17b6797-20e0-343f-8365-ae98e783e6ff.npz,1.34,15.47,16.81
024349c9-5c0c-35d8-9156-26988fde439b,823391,1,3,191,191,1.0,9,False,C:\Users\noahl\OneDrive\fatigue_cv\skenes_2026_season\keypoints\024349c9-5c0c-35d8-9156-26988fde439b.npz,1.19,15.24,16.44
e0b26a70-a08a-3fb0-8e82-8a81851a1ea9,823391,1,4,191,191,1.0,9,False,C:\Users\noahl\OneDrive\fatigue_cv\skenes_2026_season\keypoints\e0b26a70-a08a-3fb0-8e82-8a81851a1ea9.npz,1.15,15.61,16.75
3f604765-ea9f-3f1d-a7a5-e3e898789fa6,823391,1,5,191,191,1.0,9,False,C:\Users\noahl\OneDrive\fatigue_cv\skenes_2026_season\keypoints\3f604765-ea9f-3f1d-a7a5-e3e898789fa6.npz,1.17,15.02,16.19
0ada4591-7646-381b-a956-a9c78da0fced,823391,1,6,191,191,1.0,9,False,C:\Users\noahl\OneDrive\fatigue_cv\skenes_2026_season\keypoints\0ada4591-7646-381b-a956-a9c78da0fced.npz,1.94,15.23,17.18
5aab072c-39a9-3f5f-9e04-12c71bb820d9,823391,1,7,191,191,1.0,9,False,C:\Users\noahl\OneDrive\fatigue_cv\skenes_2026_season\keypoints\5aab072c-39a9-3f5f-9e04-12c71bb820d9.npz,1.34,14.93,16.27
9d26408d-398c-3354-8508-9036b8a1f3ba,823391,1,1,191,191,1.0,9,False,C:\Users\noahl\OneDrive\fatigue_cv\skenes_2026_season\keypoints\9d26408d-398c-3354-8508-9036b8a1f3ba.npz,1.86,14.52,16.39
17e584f0-33c9-3c7d-8b35-8ff318630e70,823391,1,2,191,191,1.0,9,False,C:\Users\noahl\OneDrive\fatigue_cv\skenes_2026_season\keypoints\17e584f0-33c9-3c7d-8b35-8ff318630e70.npz,1.35,14.19,15.55
d22980b9-2f52-3c94-8d90-520a7774ecc2,823391,1,3,191,191,1.0,9,False,C:\Users\noahl\OneDrive\fatigue_cv\skenes_2026_season\keypoints\d22980b9-2f52-3c94-8d90-520a7774ecc2.npz,1.56,14.74,16.31
030e9779-36d1-337c-9289-46aa1eac29b3,823391,1,4,191,191,1.0,9,False,C:\Users\noahl\OneDrive\fatigue_cv\skenes_2026_season\keypoints\030e9779-36d1-337c-9289-46aa1eac29b3.npz,1.82,15.22,17.05
a79eeb25-c8d8-3460-9ec3-5a8e1047dfd6,823391,1,1,191,191,1.0,9,False,C:\Users\noahl\OneDrive\fatigue_cv\skenes_2026_season\keypoints\a79eeb25-c8d8-3460-9ec3-5a8e1047dfd6.npz,1.16,15.2,16.36
5be356d7-c814-318d-8d74-96a04bdaf6d4,823391,1,2,191,191,1.0,9,False,C:\Users\noahl\OneDrive\fatigue_cv\skenes_2026_season\keypoints\5be356d7-c814-318d-8d74-96a04bdaf6d4.npz,1.43,16.07,17.51
d3c179c3-a164-30ad-aeda-e85926878479,823391,1,3,191,169,0.885,9,False,C:\Users\noahl\OneDrive\fatigue_cv\skenes_2026_season\keypoints\d3c179c3-a164-30ad-aeda-e85926878479.npz,1.24,15.55,16.79
90e7bb59-1296-30f1-ab81-394b497107ad,823391,1,4,191,191,1.0,9,False,C:\Users\noahl\OneDrive\fatigue_cv\skenes_2026_season\keypoints\90e7bb59-1296-30f1-ab81-394b497107ad.npz,1.16,15.66,16.82
382b04dc-0541-3dbb-a5c1-8e633d54efe9,823391,1,1,191,191,1.0,9,False,C:\Users\noahl\OneDrive\fatigue_cv\skenes_2026_season\keypoints\382b04dc-0541-3dbb-a5c1-8e633d54efe9.npz,0.98,15.59,16.58
04c3648d-7940-3fce-89eb-174db8487121,823391,1,2,191,191,1.0,9,False,C:\Users\noahl\OneDrive\fatigue_cv\skenes_2026_season\keypoints\04c3648d-7940-3fce-89eb-174db8487121.npz,1.43,15.61,17.04
72d07b40-8e08-3a42-ba83-272e9782df93,823391,1,3,191,191,1.0,9,False,C:\Users\noahl\OneDrive\fatigue_cv\skenes_2026_season\keypoints\72d07b40-8e08-3a42-ba83-272e9782df93.npz,1.56,15.92,17.48
f700670b-ff86-31c5-b90e-5dee93057f54,823391,1,4,191,191,1.0,9,False,C:\Users\noahl\OneDrive\fatigue_cv\skenes_2026_season\keypoints\f700670b-ff86-31c5-b90e-5dee93057f54.npz,1.68,15.56,17.24
8bbc7b17-5f74-351a-a03a-d45ba68ef1e7,823391,1,5,191,191,1.0,9,False,C:\Users\noahl\OneDrive\fatigue_cv\skenes_2026_season\keypoints\8bbc7b17-5f74-351a-a03a-d45ba68ef1e7.npz,0.97,15.6,16.57
3ca27f13-b131-3344-aaa6-cffb35e0d063,823391,1,6,191,191,1.0,9,False,C:\Users\noahl\OneDrive\fatigue_cv\skenes_2026_season\keypoints\3ca27f13-b131-3344-aaa6-cffb35e0d063.npz,1.1,15.49,16.59
721262d0-acec-3cf9-b656-0734c0c9e2da,823391,1,7,191,191,1.0,9,False,C:\Users\noahl\OneDrive\fatigue_cv\skenes_2026_season\keypoints\721262d0-acec-3cf9-b656-0734c0c9e2da.npz,1.25,14.93,16.18
a3af4bb0-203f-3dfb-8741-85410c448a79,823391,2,1,191,191,1.0,9,False,C:\Users\noahl\OneDrive\fatigue_cv\skenes_2026_season\keypoints\a3af4bb0-203f-3dfb-8741-85410c448a79.npz,0.88,15.14,16.02
bb8cf87b-3f1c-3bd0-8538-e9e16b198a81,823391,2,2,191,191,1.0,9,False,C:\Users\noahl\OneDrive\fatigue_cv\skenes_2026_season\keypoints\bb8cf87b-3f1c-3bd0-8538-e9e16b198a81.npz,0.79,14.97,15.75
4c834d5d-caa0-3c6b-85ac-7b80ab971a01,823391,2,3,191,191,1.0,9,False,C:\Users\noahl\OneDrive\fatigue_cv\skenes_2026_season\keypoints\4c834d5d-caa0-3c6b-85ac-7b80ab971a01.npz,1.9,14.56,16.46
acf7d161-0317-3612-b2d1-1dd28ee84d93,823391,2,4,191,191,1.0,9,False,C:\Users\noahl\OneDrive\fatigue_cv\skenes_2026_season\keypoints\acf7d161-0317-3612-b2d1-1dd28ee84d93.npz,1.72,15.2,16.92
b763354d-c7ee-35c9-a3bf-00c888680398,823391,2,5,191,191,1.0,9,False,C:\Users\noahl\OneDrive\fatigue_cv\skenes_2026_season\keypoints\b763354d-c7ee-35c9-a3bf-00c888680398.npz,1.04,15.91,16.95
9429cde6-7453-3881-bddc-9304db52e03a,823391,2,1,191,191,1.0,9,False,C:\Users\noahl\OneDrive\fatigue_cv\skenes_2026_season\keypoints\9429cde6-7453-3881-bddc-9304db52e03a.npz,1.1,15.78,16.88
40c70882-da43-3123-b59b-783f8a63413b,823391,2,2,191,191,1.0,9,False,C:\Users\noahl\OneDrive\fatigue_cv\skenes_2026_season\keypoints\40c70882-da43-3123-b59b-783f8a63413b.npz,1.3,15.69,16.98
569aa819-e1b2-3e05-adf5-db6accdd00de,823391,2,1,191,191,1.0,9,False,C:\Users\noahl\OneDrive\fatigue_cv\skenes_2026_season\keypoints\569aa819-e1b2-3e05-adf5-db6accdd00de.npz,1.17,15.47,16.64
78abb066-a511-3ece-af95-9270239e0aee,823391,2,1,191,191,1.0,9,False,C:\Users\noahl\OneDrive\fatigue_cv\skenes_2026_season\keypoints\78abb066-a511-3ece-af95-9270239e0aee.npz,0.95,15.73,16.68
1f80989b-f1b0-3b11-8b60-dd029f51fd0c,823391,2,2,191,191,1.0,9,False,C:\Users\noahl\OneDrive\fatigue_cv\skenes_2026_season\keypoints\1f80989b-f1b0-3b11-8b60-dd029f51fd0c.npz,1.37,16.36,17.74
83cb71ca-9d9b-3b1c-a956-7c6eb589544d,823391,2,3,191,191,1.0,9,False,C:\Users\noahl\OneDrive\fatigue_cv\skenes_2026_season\keypoints\83cb71ca-9d9b-3b1c-a956-7c6eb589544d.npz,1.12,15.6,16.72
0ff32310-ee2a-3480-913f-5054b83b46c0,823391,2,4,191,191,1.0,9,False,C:\Users\noahl\OneDrive\fatigue_cv\skenes_2026_season\keypoints\0ff32310-ee2a-3480-913f-5054b83b46c0.npz,2.18,15.61,17.79
71dcea24-a400-3b7c-b798-fb581151f2b8,823391,2,5,191,191,1.0,9,False,C:\Users\noahl\OneDrive\fatigue_cv\skenes_2026_season\keypoints\71dcea24-a400-3b7c-b798-fb581151f2b8.npz,0.97,16.11,17.08
9ad5e5dc-3c32-3c67-8834-570a52e09216,823391,2,6,191,191,1.0,9,False,C:\Users\noahl\OneDrive\fatigue_cv\skenes_2026_season\keypoints\9ad5e5dc-3c32-3c67-8834-570a52e09216.npz,3.02,16.23,19.26
f76f32b8-1d42-3c57-8758-f0d3cfa572e9,823391,2,7,191,191,1.0,9,False,C:\Users\noahl\OneDrive\fatigue_cv\skenes_2026_season\keypoints\f76f32b8-1d42-3c57-8758-f0d3cfa572e9.npz,1.27,15.19,16.46
e5e8c3cc-d1f9-3faa-aadf-cc22a7cf4cc5,823391,3,1,191,191,1.0,9,False,C:\Users\noahl\OneDrive\fatigue_cv\skenes_2026_season\keypoints\e5e8c3cc-d1f9-3faa-aadf-cc22a7cf4cc5.npz,1.18,14.74,15.92
68d725e9-217d-3fab-b3b7-3ed381c3c593,823391,3,2,191,191,1.0,9,False,C:\Users\noahl\OneDrive\fatigue_cv\skenes_2026_season\keypoints\68d725e9-217d-3fab-b3b7-3ed381c3c593.npz,1.39,15.17,16.56
1f7ffb7f-1281-3341-81c4-fece20d7f648,823391,3,3,191,191,1.0,9,False,C:\Users\noahl\OneDrive\fatigue_cv\skenes_2026_season\keypoints\1f7ffb7f-1281-3341-81c4-fece20d7f648.npz,1.14,15.25,16.39
44e97201-e3b3-3378-8e4c-a87baf6ee317,823391,3,4,191,191,1.0,9,False,C:\Users\noahl\OneDrive\fatigue_cv\skenes_2026_season\keypoints\44e97201-e3b3-3378-8e4c-a87baf6ee317.npz,1.39,15.61,17.01
ceb005bd-7f17-3c5c-9897-2fe4fe4464ca,823391,3,1,191,191,1.0,9,False,C:\Users\noahl\OneDrive\fatigue_cv\skenes_2026_season\keypoints\ceb005bd-7f17-3c5c-9897-2fe4fe4464ca.npz,1.54,16.13,17.67
6c3ece56-feb1-3dca-ad2d-b385e08dc3fb,823391,3,2,191,191,1.0,9,False,C:\Users\noahl\OneDrive\fatigue_cv\skenes_2026_season\keypoints\6c3ece56-feb1-3dca-ad2d-b385e08dc3fb.npz,3.57,15.65,19.22
c67352cf-052f-37cf-9dd1-de69965312d8,823391,3,3,191,191,1.0,9,False,C:\Users\noahl\OneDrive\fatigue_cv\skenes_2026_season\keypoints\c67352cf-052f-37cf-9dd1-de69965312d8.npz,1.85,15.43,17.28
075a29c6-d057-3063-9618-935d00fb5382,823391,3,4,191,191,1.0,9,False,C:\Users\noahl\OneDrive\fatigue_cv\skenes_2026_season\keypoints\075a29c6-d057-3063-9618-935d00fb5382.npz,0.97,15.26,16.23
08b70893-9bea-3218-905a-7a167f13ba0d,823391,3,1,191,191,1.0,9,False,C:\Users\noahl\OneDrive\fatigue_cv\skenes_2026_season\keypoints\08b70893-9bea-3218-905a-7a167f13ba0d.npz,1.16,16.03,17.18
096ff368-72c1-306e-aac3-4ee039f2df13,823391,3,2,191,191,1.0,9,False,C:\Users\noahl\OneDrive\fatigue_cv\skenes_2026_season\keypoints\096ff368-72c1-306e-aac3-4ee039f2df13.npz,0.87,15.58,16.45
99ed390c-73ec-318f-a9c0-c596403e3083,823391,3,3,191,191,1.0,9,False,C:\Users\noahl\OneDrive\fatigue_cv\skenes_2026_season\keypoints\99ed390c-73ec-318f-a9c0-c596403e3083.npz,0.78,15.41,16.19
f9434f6e-8e5b-3a5f-a114-aed8a06c31c2,823391,3,4,191,191,1.0,9,False,C:\Users\noahl\OneDrive\fatigue_cv\skenes_2026_season\keypoints\f9434f6e-8e5b-3a5f-a114-aed8a06c31c2.npz,0.97,15.39,16.36
76e886ee-e010-398f-a565-d9a98ea1f643,823391,3,5,191,191,1.0,9,False,C:\Users\noahl\OneDrive\fatigue_cv\skenes_2026_season\keypoints\76e886ee-e010-398f-a565-d9a98ea1f643.npz,0.92,14.55,15.46
c71d61d9-06b3-3318-b14b-2b0ac2157367,823391,3,1,191,191,1.0,9,False,C:\Users\noahl\OneDrive\fatigue_cv\skenes_2026_season\keypoints\c71d61d9-06b3-3318-b14b-2b0ac2157367.npz,1.61,15.84,17.45
c22de9ed-1b2a-3811-a377-bccf789f84b0,823391,3,2,191,191,1.0,9,False,C:\Users\noahl\OneDrive\fatigue_cv\skenes_2026_season\keypoints\c22de9ed-1b2a-3811-a377-bccf789f84b0.npz,1.69,14.75,16.45
f4ea88ba-3b3b-356f-8c74-7e9ce8679608,823391,3,3,191,191,1.0,9,False,C:\Users\noahl\OneDrive\fatigue_cv\skenes_2026_season\keypoints\f4ea88ba-3b3b-356f-8c74-7e9ce8679608.npz,1.71,15.63,17.34
f75f902e-a73b-3350-9a04-fda4b55aa654,823391,3,4,191,191,1.0,9,False,C:\Users\noahl\OneDrive\fatigue_cv\skenes_2026_season\keypoints\f75f902e-a73b-3350-9a04-fda4b55aa654.npz,1.01,14.75,15.76
da3f1ace-f185-30e3-b3cf-4af087325999,823391,3,1,191,191,1.0,9,False,C:\Users\noahl\OneDrive\fatigue_cv\skenes_2026_season\keypoints\da3f1ace-f185-30e3-b3cf-4af087325999.npz,1.34,15.71,17.06
a44b5ede-1cff-3eef-ac34-ff9280fd4c9b,823391,3,2,191,191,1.0,9,False,C:\Users\noahl\OneDrive\fatigue_cv\skenes_2026_season\keypoints\a44b5ede-1cff-3eef-ac34-ff9280fd4c9b.npz,1.21,16.11,17.32
0b2445e4-d3d2-346d-b6c8-cfb9231301d8,823391,3,3,191,161,0.843,9,False,C:\Users\noahl\OneDrive\fatigue_cv\skenes_2026_season\keypoints\0b2445e4-d3d2-346d-b6c8-cfb9231301d8.npz,1.43,15.45,16.88
02ef6ab6-bce4-3d89-9fbb-2e6d0707f050,823391,4,1,191,191,1.0,9,False,C:\Users\noahl\OneDrive\fatigue_cv\skenes_2026_season\keypoints\02ef6ab6-bce4-3d89-9fbb-2e6d0707f050.npz,1.27,15.6,16.87
a7643184-838f-35da-ad93-58c20a5ab7a6,823391,4,2,191,191,1.0,9,False,C:\Users\noahl\OneDrive\fatigue_cv\skenes_2026_season\keypoints\a7643184-838f-35da-ad93-58c20a5ab7a6.npz,1.15,15.58,16.73
7169b46a-4f69-3106-87f3-0c809fa57e1a,823391,4,3,191,191,1.0,9,False,C:\Users\noahl\OneDrive\fatigue_cv\skenes_2026_season\keypoints\7169b46a-4f69-3106-87f3-0c809fa57e1a.npz,1.29,15.66,16.96
cefac149-ca6d-31ee-ae21-e40e5f75d43c,823391,4,4,191,191,1.0,9,False,C:\Users\noahl\OneDrive\fatigue_cv\skenes_2026_season\keypoints\cefac149-ca6d-31ee-ae21-e40e5f75d43c.npz,1.21,15.31,16.52
5177a402-dbae-3632-b83a-9e98be7bfff4,823391,4,5,191,191,1.0,9,False,C:\Users\noahl\OneDrive\fatigue_cv\skenes_2026_season\keypoints\5177a402-dbae-3632-b83a-9e98be7bfff4.npz,1.16,15.11,16.28
f6c26337-c6ab-3ff7-8892-2b2fffb7ce79,823391,4,6,191,191,1.0,9,False,C:\Users\noahl\OneDrive\fatigue_cv\skenes_2026_season\keypoints\f6c26337-c6ab-3ff7-8892-2b2fffb7ce79.npz,1.59,14.88,16.47
0758b5ee-1926-37e1-87cd-213573033482,823391,4,1,191,191,1.0,9,False,C:\Users\noahl\OneDrive\fatigue_cv\skenes_2026_season\keypoints\0758b5ee-1926-37e1-87cd-213573033482.npz,0.55,15.53,16.08
95649e75-8290-39e1-a43c-ab4d78c20eb8,823391,4,2,191,191,1.0,9,False,C:\Users\noahl\OneDrive\fatigue_cv\skenes_2026_season\keypoints\95649e75-8290-39e1-a43c-ab4d78c20eb8.npz,1.29,15.23,16.52
aaaff8c2-f838-3778-ac9e-b50bae3f8985,823391,4,3,191,191,1.0,9,False,C:\Users\noahl\OneDrive\fatigue_cv\skenes_2026_season\keypoints\aaaff8c2-f838-3778-ac9e-b50bae3f8985.npz,1.86,14.8,16.66
04092b51-4c5d-329d-82fa-854481771096,823391,4,4,191,191,1.0,9,False,C:\Users\noahl\OneDrive\fatigue_cv\skenes_2026_season\keypoints\04092b51-4c5d-329d-82fa-854481771096.npz,1.07,15.33,16.4
f9ec321d-85e9-39b9-83ac-a6fcf9880088,823391,4,5,191,191,1.0,9,False,C:\Users\noahl\OneDrive\fatigue_cv\skenes_2026_season\keypoints\f9ec321d-85e9-39b9-83ac-a6fcf9880088.npz,1.15,15.54,16.69
8a6b3791-8a70-3adf-8bec-b2977292c6bd,823391,4,1,191,191,1.0,9,False,C:\Users\noahl\OneDrive\fatigue_cv\skenes_2026_season\keypoints\8a6b3791-8a70-3adf-8bec-b2977292c6bd.npz,1.2,15.52,16.72
7dd31af0-767f-3590-a5eb-69773cbf60b8,823391,4,2,191,191,1.0,9,False,C:\Users\noahl\OneDrive\fatigue_cv\skenes_2026_season\keypoints\7dd31af0-767f-3590-a5eb-69773cbf60b8.npz,1.34,15.72,17.06
f7fc6566-9443-34d2-a6bc-c7ae5b6b6e59,823391,4,3,191,191,1.0,9,False,C:\Users\noahl\OneDrive\fatigue_cv\skenes_2026_season\keypoints\f7fc6566-9443-34d2-a6bc-c7ae5b6b6e59.npz,1.27,15.72,16.99
427a0afe-a378-3d9e-a15e-49c293232c7f,823391,4,4,191,191,1.0,9,False,C:\Users\noahl\OneDrive\fatigue_cv\skenes_2026_season\keypoints\427a0afe-a378-3d9e-a15e-49c293232c7f.npz,0.95,15.98,16.94
fe9c749a-2525-332e-a415-65b55a82612f,823391,5,1,191,152,0.796,9,False,C:\Users\noahl\OneDrive\fatigue_cv\skenes_2026_season\keypoints\fe9c749a-2525-332e-a415-65b55a82612f.npz,1.27,15.93,17.2
98330999-6534-347c-929d-e3ff7ff2a876,823391,5,2,191,191,1.0,9,False,C:\Users\noahl\OneDrive\fatigue_cv\skenes_2026_season\keypoints\98330999-6534-347c-929d-e3ff7ff2a876.npz,1.39,15.77,17.16
b89f144c-3e37-37e9-a094-8c23f90c2bba,823391,5,3,191,191,1.0,9,False,C:\Users\noahl\OneDrive\fatigue_cv\skenes_2026_season\keypoints\b89f144c-3e37-37e9-a094-8c23f90c2bba.npz,1.83,15.75,17.58
e00bca4e-cdd9-36ab-9967-de89aa76449f,823391,5,4,191,191,1.0,9,False,C:\Users\noahl\OneDrive\fatigue_cv\skenes_2026_season\keypoints\e00bca4e-cdd9-36ab-9967-de89aa76449f.npz,1.27,15.7,16.98
2f7c27d4-6ce3-39c6-a884-a644f358e446,823391,5,5,191,188,0.984,9,False,C:\Users\noahl\OneDrive\fatigue_cv\skenes_2026_season\keypoints\2f7c27d4-6ce3-39c6-a884-a644f358e446.npz,0.94,15.12,16.06
ea6005e1-8ca5-39a0-92a7-0cb6f5d6a647,823391,5,1,191,191,1.0,9,False,C:\Users\noahl\OneDrive\fatigue_cv\skenes_2026_season\keypoints\ea6005e1-8ca5-39a0-92a7-0cb6f5d6a647.npz,0.91,15.27,16.18
f08a3291-7617-375a-af7e-8e2c8bfc2635,823391,5,2,191,191,1.0,9,False,C:\Users\noahl\OneDrive\fatigue_cv\skenes_2026_season\keypoints\f08a3291-7617-375a-af7e-8e2c8bfc2635.npz,1.27,15.04,16.31
f93545df-fb0e-39f6-8b68-aadb9240848d,823391,5,3,191,191,1.0,9,False,C:\Users\noahl\OneDrive\fatigue_cv\skenes_2026_season\keypoints\f93545df-fb0e-39f6-8b68-aadb9240848d.npz,1.25,15.19,16.44
a0d50687-6fd2-30cd-b69a-723ebea3468d,823391,5,4,191,191,1.0,9,False,C:\Users\noahl\OneDrive\fatigue_cv\skenes_2026_season\keypoints\a0d50687-6fd2-30cd-b69a-723ebea3468d.npz,1.71,14.56,16.27
c62cf899-5a74-3845-bf49-a96ae33efb23,823391,5,1,191,191,1.0,9,False,C:\Users\noahl\OneDrive\fatigue_cv\skenes_2026_season\keypoints\c62cf899-5a74-3845-bf49-a96ae33efb23.npz,1.23,14.53,15.77
cf6f6e8c-a34a-3b24-b00a-3e3033462208,823391,5,2,191,191,1.0,9,False,C:\Users\noahl\OneDrive\fatigue_cv\skenes_2026_season\keypoints\cf6f6e8c-a34a-3b24-b00a-3e3033462208.npz,1.86,14.49,16.35
c5b0d0dc-2c1d-3091-93b4-4303f15c8d00,823391,5,3,191,191,1.0,9,False,C:\Users\noahl\OneDrive\fatigue_cv\skenes_2026_season\keypoints\c5b0d0dc-2c1d-3091-93b4-4303f15c8d00.npz,1.18,15.25,16.44
17003621-9fd5-3309-9ed1-be49f57a447f,823391,5,4,191,191,1.0,9,False,C:\Users\noahl\OneDrive\fatigue_cv\skenes_2026_season\keypoints\17003621-9fd5-3309-9ed1-be49f57a447f.npz,1.07,15.4,16.47
42364160-f551-391e-9991-7f848c1179fd,823391,5,5,191,191,1.0,9,False,C:\Users\noahl\OneDrive\fatigue_cv\skenes_2026_season\keypoints\42364160-f551-391e-9991-7f848c1179fd.npz,1.25,16.2,17.45
f32f2f5e-3eb0-3f7a-ad10-72e4dc4c85f8,823391,5,6,191,191,1.0,9,False,C:\Users\noahl\OneDrive\fatigue_cv\skenes_2026_season\keypoints\f32f2f5e-3eb0-3f7a-ad10-72e4dc4c85f8.npz,1.08,16.0,17.09
17f88a39-650e-37f1-9354-3db28dc79b54,823391,5,1,191,191,1.0,9,False,C:\Users\noahl\OneDrive\fatigue_cv\skenes_2026_season\keypoints\17f88a39-650e-37f1-9354-3db28dc79b54.npz,1.41,15.72,17.14
2f63bc8c-2dff-390b-a802-76a07d353a0b,823391,5,2,191,191,1.0,9,False,C:\Users\noahl\OneDrive\fatigue_cv\skenes_2026_season\keypoints\2f63bc8c-2dff-390b-a802-76a07d353a0b.npz,0.87,15.87,16.74
44f8c6d8-d149-315e-8eb7-d3f76e95b591,823391,5,3,191,191,1.0,9,False,C:\Users\noahl\OneDrive\fatigue_cv\skenes_2026_season\keypoints\44f8c6d8-d149-315e-8eb7-d3f76e95b591.npz,1.17,15.73,16.89
caab4200-0384-3385-b3f5-a4a21d2cab5a,823391,5,4,191,191,1.0,9,False,C:\Users\noahl\OneDrive\fatigue_cv\skenes_2026_season\keypoints\caab4200-0384-3385-b3f5-a4a21d2cab5a.npz,0.75,15.73,16.49
81757b3f-9a98-3a93-845b-1792a6e7732b,823391,5,5,191,191,1.0,9,False,C:\Users\noahl\OneDrive\fatigue_cv\skenes_2026_season\keypoints\81757b3f-9a98-3a93-845b-1792a6e7732b.npz,1.13,15.12,16.25
259ef6c0-bf21-39d0-a6ab-2024dd240ccf,823391,5,6,191,191,1.0,9,False,C:\Users\noahl\OneDrive\fatigue_cv\skenes_2026_season\keypoints\259ef6c0-bf21-39d0-a6ab-2024dd240ccf.npz,1.18,14.74,15.93
d3c10023-6c11-3edf-85f5-3ea001bca840,823391,5,1,191,191,1.0,9,False,C:\Users\noahl\OneDrive\fatigue_cv\skenes_2026_season\keypoints\d3c10023-6c11-3edf-85f5-3ea001bca840.npz,1.3,14.94,16.24
c457dc28-6837-3bac-8023-2fb6d5367ab6,823391,5,2,191,191,1.0,9,False,C:\Users\noahl\OneDrive\fatigue_cv\skenes_2026_season\keypoints\c457dc28-6837-3bac-8023-2fb6d5367ab6.npz,2.92,14.74,17.66
a69e5f44-41eb-3848-a85e-47fd621e2b10,825091,1,1,191,191,1.0,9,False,C:\Users\noahl\OneDrive\fatigue_cv\skenes_2026_season\keypoints\a69e5f44-41eb-3848-a85e-47fd621e2b10.npz,1.27,14.73,16.01
1413bb2e-c36e-342b-90cc-0957c5716bce,825091,1,2,191,191,1.0,9,False,C:\Users\noahl\OneDrive\fatigue_cv\skenes_2026_season\keypoints\1413bb2e-c36e-342b-90cc-0957c5716bce.npz,1.1,15.31,16.42
18cbbad8-09c9-3ccf-ad78-8e1a4b4e558f,825091,1,3,191,191,1.0,9,False,C:\Users\noahl\OneDrive\fatigue_cv\skenes_2026_season\keypoints\18cbbad8-09c9-3ccf-ad78-8e1a4b4e558f.npz,1.52,15.54,17.06
9159edeb-7111-3ff2-86c7-a9fbb280796a,825091,1,4,191,191,1.0,9,False,C:\Users\noahl\OneDrive\fatigue_cv\skenes_2026_season\keypoints\9159edeb-7111-3ff2-86c7-a9fbb280796a.npz,0.96,15.3,16.25
124d3a8b-ed2d-3276-a4fa-a320c51004dd,825091,1,5,191,191,1.0,9,False,C:\Users\noahl\OneDrive\fatigue_cv\skenes_2026_season\keypoints\124d3a8b-ed2d-3276-a4fa-a320c51004dd.npz,0.76,16.04,16.8
6882f689-4091-3180-b1a5-19915a8d553a,825091,1,1,191,191,1.0,9,False,C:\Users\noahl\OneDrive\fatigue_cv\skenes_2026_season\keypoints\6882f689-4091-3180-b1a5-19915a8d553a.npz,1.27,16.28,17.55
163d2de3-bba4-3ce0-b605-0a50c6078705,825091,1,2,191,191,1.0,9,False,C:\Users\noahl\OneDrive\fatigue_cv\skenes_2026_season\keypoints\163d2de3-bba4-3ce0-b605-0a50c6078705.npz,2.01,16.23,18.25
ad80f203-f82d-3199-9ee0-5c98f272b2bd,825091,1,3,191,191,1.0,9,False,C:\Users\noahl\OneDrive\fatigue_cv\skenes_2026_season\keypoints\ad80f203-f82d-3199-9ee0-5c98f272b2bd.npz,1.2,15.73,16.93
32a27b48-cc22-3c11-b93f-f0ef2eaea056,825091,1,4,191,191,1.0,9,False,C:\Users\noahl\OneDrive\fatigue_cv\skenes_2026_season\keypoints\32a27b48-cc22-3c11-b93f-f0ef2eaea056.npz,1.17,16.26,17.44
7af4492e-cf5c-3b14-8367-652f191c2ee6,825091,1,5,191,191,1.0,9,False,C:\Users\noahl\OneDrive\fatigue_cv\skenes_2026_season\keypoints\7af4492e-cf5c-3b14-8367-652f191c2ee6.npz,1.1,15.97,17.07
94d99544-1a2d-336a-bd54-f97e31484634,825091,1,6,191,191,1.0,9,False,C:\Users\noahl\OneDrive\fatigue_cv\skenes_2026_season\keypoints\94d99544-1a2d-336a-bd54-f97e31484634.npz,2.58,15.47,18.05
33b4fb66-c1eb-333b-aa5b-2b7a341300e6,825091,1,7,191,191,1.0,9,False,C:\Users\noahl\OneDrive\fatigue_cv\skenes_2026_season\keypoints\33b4fb66-c1eb-333b-aa5b-2b7a341300e6.npz,2.32,15.37,17.69
48df5954-3cdc-3609-8de1-34dae1e7c0ea,825091,1,8,191,191,1.0,9,False,C:\Users\noahl\OneDrive\fatigue_cv\skenes_2026_season\keypoints\48df5954-3cdc-3609-8de1-34dae1e7c0ea.npz,1.33,16.18,17.51
0f6bf251-74f6-3809-aa13-8d3c0391e6c6,825091,1,9,191,191,1.0,9,False,C:\Users\noahl\OneDrive\fatigue_cv\skenes_2026_season\keypoints\0f6bf251-74f6-3809-aa13-8d3c0391e6c6.npz,1.07,15.82,16.9
d108ca5f-5388-3cdf-9d92-888859627011,825091,1,1,191,191,1.0,9,False,C:\Users\noahl\OneDrive\fatigue_cv\skenes_2026_season\keypoints\d108ca5f-5388-3cdf-9d92-888859627011.npz,1.1,14.68,15.79
329f9386-47bf-3420-8a9c-190f815317ce,825091,2,1,191,95,0.497,9,False,C:\Users\noahl\OneDrive\fatigue_cv\skenes_2026_season\keypoints\329f9386-47bf-3420-8a9c-190f815317ce.npz,1.32,15.19,16.51
479e1753-4744-338e-9934-2e3b379d3b88,825091,2,2,191,191,1.0,9,False,C:\Users\noahl\OneDrive\fatigue_cv\skenes_2026_season\keypoints\479e1753-4744-338e-9934-2e3b379d3b88.npz,1.08,15.88,16.97
6dcb2306-2c96-3869-8b1b-a6996032b365,825091,2,3,191,191,1.0,9,False,C:\Users\noahl\OneDrive\fatigue_cv\skenes_2026_season\keypoints\6dcb2306-2c96-3869-8b1b-a6996032b365.npz,1.11,16.38,17.49
06872a04-ba70-3e7f-ba54-c2c7cfe6c9ba,825091,2,1,191,191,1.0,9,False,C:\Users\noahl\OneDrive\fatigue_cv\skenes_2026_season\keypoints\06872a04-ba70-3e7f-ba54-c2c7cfe6c9ba.npz,0.89,15.83,16.72
e8466367-90e8-3ddb-b5b1-8265208c656e,825091,2,2,191,191,1.0,9,False,C:\Users\noahl\OneDrive\fatigue_cv\skenes_2026_season\keypoints\e8466367-90e8-3ddb-b5b1-8265208c656e.npz,0.9,15.29,16.19
d0112756-9948-3e6a-a7fa-8c10ecea6843,825091,2,1,191,191,1.0,9,False,C:\Users\noahl\OneDrive\fatigue_cv\skenes_2026_season\keypoints\d0112756-9948-3e6a-a7fa-8c10ecea6843.npz,1.15,16.13,17.29
3e6664c2-bd1a-31fb-ae88-362d40ea4a27,825091,2,2,191,191,1.0,9,False,C:\Users\noahl\OneDrive\fatigue_cv\skenes_2026_season\keypoints\3e6664c2-bd1a-31fb-ae88-362d40ea4a27.npz,0.83,15.5,16.34
6f8feff9-3161-37d1-8b81-fb5bcb649f0b,825091,2,3,191,191,1.0,9,False,C:\Users\noahl\OneDrive\fatigue_cv\skenes_2026_season\keypoints\6f8feff9-3161-37d1-8b81-fb5bcb649f0b.npz,1.04,16.07,17.11
c7195c9e-fcba-366b-ae6f-4725a852695f,825091,3,1,191,191,1.0,9,False,C:\Users\noahl\OneDrive\fatigue_cv\skenes_2026_season\keypoints\c7195c9e-fcba-366b-ae6f-4725a852695f.npz,1.5,15.04,16.53
af4230f5-79b1-374b-b0b4-ffe57fe08aba,825091,3,2,191,191,1.0,9,False,C:\Users\noahl\OneDrive\fatigue_cv\skenes_2026_season\keypoints\af4230f5-79b1-374b-b0b4-ffe57fe08aba.npz,0.97,15.64,16.61
527b2031-a0c7-30c5-b798-e74593f8a597,825091,3,1,191,191,1.0,9,False,C:\Users\noahl\OneDrive\fatigue_cv\skenes_2026_season\keypoints\527b2031-a0c7-30c5-b798-e74593f8a597.npz,1.41,15.12,16.53
e95c8a22-2bd0-37a4-8665-9ff6239f19ea,825091,3,2,191,191,1.0,9,False,C:\Users\noahl\OneDrive\fatigue_cv\skenes_2026_season\keypoints\e95c8a22-2bd0-37a4-8665-9ff6239f19ea.npz,0.78,14.62,15.41
b533ee7e-eab8-3d8a-b43f-f01a5f37069c,825091,3,3,191,191,1.0,9,False,C:\Users\noahl\OneDrive\fatigue_cv\skenes_2026_season\keypoints\b533ee7e-eab8-3d8a-b43f-f01a5f37069c.npz,0.86,14.58,15.43
7d331906-32a1-3603-a5f1-bd8f3659b016,825091,3,4,191,191,1.0,9,False,C:\Users\noahl\OneDrive\fatigue_cv\skenes_2026_season\keypoints\7d331906-32a1-3603-a5f1-bd8f3659b016.npz,1.02,14.76,15.78
dcedc4ef-41ed-32c5-b92e-1af6b0dd22f9,825091,3,5,191,191,1.0,9,False,C:\Users\noahl\OneDrive\fatigue_cv\skenes_2026_season\keypoints\dcedc4ef-41ed-32c5-b92e-1af6b0dd22f9.npz,1.35,15.8,17.15
4b6f159a-de7d-31af-a09c-da07bcbc5ad3,825091,3,1,191,191,1.0,9,False,C:\Users\noahl\OneDrive\fatigue_cv\skenes_2026_season\keypoints\4b6f159a-de7d-31af-a09c-da07bcbc5ad3.npz,1.05,15.02,16.07
d55e059b-1b4d-3c1b-889b-a5dbd2a1dacb,825091,3,2,191,191,1.0,9,False,C:\Users\noahl\OneDrive\fatigue_cv\skenes_2026_season\keypoints\d55e059b-1b4d-3c1b-889b-a5dbd2a1dacb.npz,1.12,15.58,16.7
cfe8c240-239a-3839-b2ac-a215c4c1c18d,825091,3,3,191,191,1.0,9,False,C:\Users\noahl\OneDrive\fatigue_cv\skenes_2026_season\keypoints\cfe8c240-239a-3839-b2ac-a215c4c1c18d.npz,1.16,15.48,16.64
9999348f-5f6f-3039-83da-ac64a8160fe3,825091,3,4,191,191,1.0,9,False,C:\Users\noahl\OneDrive\fatigue_cv\skenes_2026_season\keypoints\9999348f-5f6f-3039-83da-ac64a8160fe3.npz,1.17,15.58,16.75
b3c3ae62-8579-37c9-9f0d-6275b7e39d18,825091,3,5,191,191,1.0,9,False,C:\Users\noahl\OneDrive\fatigue_cv\skenes_2026_season\keypoints\b3c3ae62-8579-37c9-9f0d-6275b7e39d18.npz,1.18,16.09,17.28
e8e4cae4-b1e4-3de2-851b-cd1b37dbfe07,825091,3,6,191,189,0.99,9,False,C:\Users\noahl\OneDrive\fatigue_cv\skenes_2026_season\keypoints\e8e4cae4-b1e4-3de2-851b-cd1b37dbfe07.npz,1.04,15.64,16.69
d8acb7f2-71b6-3121-a732-975d31a20620,825091,4,1,191,191,1.0,9,False,C:\Users\noahl\OneDrive\fatigue_cv\skenes_2026_season\keypoints\d8acb7f2-71b6-3121-a732-975d31a20620.npz,0.94,15.91,16.85
8641d6d7-4e08-3e08-8f82-5b1171dd118a,825091,4,2,191,191,1.0,9,False,C:\Users\noahl\OneDrive\fatigue_cv\skenes_2026_season\keypoints\8641d6d7-4e08-3e08-8f82-5b1171dd118a.npz,1.22,15.71,16.93
bfc33e2d-d4a2-3d8e-b60b-1568a940f944,825091,4,1,191,191,1.0,9,False,C:\Users\noahl\OneDrive\fatigue_cv\skenes_2026_season\keypoints\bfc33e2d-d4a2-3d8e-b60b-1568a940f944.npz,0.83,15.71,16.54
911ae679-cc27-3c8d-b59e-5112c8b9cc3b,825091,4,2,191,191,1.0,9,False,C:\Users\noahl\OneDrive\fatigue_cv\skenes_2026_season\keypoints\911ae679-cc27-3c8d-b59e-5112c8b9cc3b.npz,1.21,15.19,16.41
190c79dc-e5a3-3f27-b761-5ed02dace601,825091,4,1,191,191,1.0,9,False,C:\Users\noahl\OneDrive\fatigue_cv\skenes_2026_season\keypoints\190c79dc-e5a3-3f27-b761-5ed02dace601.npz,0.63,15.19,15.82
2316f4bd-9d88-35e0-9bfa-32b77f70af02,825091,4,2,191,191,1.0,9,False,C:\Users\noahl\OneDrive\fatigue_cv\skenes_2026_season\keypoints\2316f4bd-9d88-35e0-9bfa-32b77f70af02.npz,1.28,15.08,16.35
cde673aa-11e6-38d0-94cf-691a31e2d1ed,825091,4,3,191,191,1.0,9,False,C:\Users\noahl\OneDrive\fatigue_cv\skenes_2026_season\keypoints\cde673aa-11e6-38d0-94cf-691a31e2d1ed.npz,1.41,15.55,16.95
bf416b55-e540-3c69-81c2-1632038dc054,825091,5,1,191,191,1.0,9,False,C:\Users\noahl\OneDrive\fatigue_cv\skenes_2026_season\keypoints\bf416b55-e540-3c69-81c2-1632038dc054.npz,1.12,15.26,16.37
24c650fb-b9aa-3910-b904-83ec7d66ea76,825091,5,2,191,191,1.0,9,False,C:\Users\noahl\OneDrive\fatigue_cv\skenes_2026_season\keypoints\24c650fb-b9aa-3910-b904-83ec7d66ea76.npz,0.79,15.07,15.86
63e036f9-3043-327a-860b-31dc43278d65,825091,5,3,191,191,1.0,9,False,C:\Users\noahl\OneDrive\fatigue_cv\skenes_2026_season\keypoints\63e036f9-3043-327a-860b-31dc43278d65.npz,1.22,15.84,17.07
c928d56d-a455-3e90-9a50-24cb8744265f,825091,5,4,191,191,1.0,9,False,C:\Users\noahl\OneDrive\fatigue_cv\skenes_2026_season\keypoints\c928d56d-a455-3e90-9a50-24cb8744265f.npz,1.13,15.55,16.68
3649e204-e3d8-3746-bdf7-14008bc8765e,825091,5,5,191,191,1.0,9,False,C:\Users\noahl\OneDrive\fatigue_cv\skenes_2026_season\keypoints\3649e204-e3d8-3746-bdf7-14008bc8765e.npz,1.23,15.4,16.63
a980dd93-228f-3d6c-8ab5-9b3b8c72c8c1,825091,5,1,191,191,1.0,9,False,C:\Users\noahl\OneDrive\fatigue_cv\skenes_2026_season\keypoints\a980dd93-228f-3d6c-8ab5-9b3b8c72c8c1.npz,0.93,15.61,16.54
f90bb727-8fa8-3107-bccb-03962dfd353e,825091,5,1,191,191,1.0,9,False,C:\Users\noahl\OneDrive\fatigue_cv\skenes_2026_season\keypoints\f90bb727-8fa8-3107-bccb-03962dfd353e.npz,1.26,15.52,16.79
b87d36d5-be20-322a-a945-6ab89b99035e,825091,5,2,191,191,1.0,9,False,C:\Users\noahl\OneDrive\fatigue_cv\skenes_2026_season\keypoints\b87d36d5-be20-322a-a945-6ab89b99035e.npz,1.09,16.12,17.22
4dc052c1-0d75-3eb7-91af-fe315d31a9e9,825091,5,3,191,191,1.0,9,False,C:\Users\noahl\OneDrive\fatigue_cv\skenes_2026_season\keypoints\4dc052c1-0d75-3eb7-91af-fe315d31a9e9.npz,1.19,16.05,17.24
31522e95-302b-399f-9460-d34e2389955b,825091,5,4,191,191,1.0,9,False,C:\Users\noahl\OneDrive\fatigue_cv\skenes_2026_season\keypoints\31522e95-302b-399f-9460-d34e2389955b.npz,1.16,15.65,16.81
c94cda11-58fd-3d64-b672-4ba860c702b6,825091,5,5,191,191,1.0,9,False,C:\Users\noahl\OneDrive\fatigue_cv\skenes_2026_season\keypoints\c94cda11-58fd-3d64-b672-4ba860c702b6.npz,1.18,15.64,16.82
3805e1f0-a4cb-3d09-bd8c-2aff779e8a24,825091,5,6,191,191,1.0,9,False,C:\Users\noahl\OneDrive\fatigue_cv\skenes_2026_season\keypoints\3805e1f0-a4cb-3d09-bd8c-2aff779e8a24.npz,1.06,15.17,16.22
3990438d-d18d-34ff-8caa-bc4b550edbc5,825091,5,1,191,191,1.0,9,False,C:\Users\noahl\OneDrive\fatigue_cv\skenes_2026_season\keypoints\3990438d-d18d-34ff-8caa-bc4b550edbc5.npz,1.01,15.26,16.27
3e187787-bdba-3041-bd79-e4e38a1101c1,825091,5,1,191,191,1.0,9,False,C:\Users\noahl\OneDrive\fatigue_cv\skenes_2026_season\keypoints\3e187787-bdba-3041-bd79-e4e38a1101c1.npz,1.59,14.81,16.4
20bd4b41-7339-3f12-962a-89dec15cbeb9,825091,5,2,191,191,1.0,9,False,C:\Users\noahl\OneDrive\fatigue_cv\skenes_2026_season\keypoints\20bd4b41-7339-3f12-962a-89dec15cbeb9.npz,1.23,15.35,16.58
214383d5-e0d8-3762-959f-82fd79ef4497,825091,5,3,191,191,1.0,9,False,C:\Users\noahl\OneDrive\fatigue_cv\skenes_2026_season\keypoints\214383d5-e0d8-3762-959f-82fd79ef4497.npz,1.33,15.81,17.14
f5037c6f-5358-31cf-8207-ff4d75a4d213,825091,6,1,191,170,0.89,9,False,C:\Users\noahl\OneDrive\fatigue_cv\skenes_2026_season\keypoints\f5037c6f-5358-31cf-8207-ff4d75a4d213.npz,1.18,15.49,16.67
21238392-7b35-3a0f-b8d2-403e98d11ec7,825091,6,2,191,191,1.0,9,False,C:\Users\noahl\OneDrive\fatigue_cv\skenes_2026_season\keypoints\21238392-7b35-3a0f-b8d2-403e98d11ec7.npz,1.34,16.06,17.41
44c83acc-0d7c-3018-a111-7ac8ee0d5fb6,825091,6,3,191,191,1.0,9,False,C:\Users\noahl\OneDrive\fatigue_cv\skenes_2026_season\keypoints\44c83acc-0d7c-3018-a111-7ac8ee0d5fb6.npz,1.12,16.33,17.45
35eb9fb0-2c88-32fe-9e9b-25496eefeae9,825091,6,4,191,191,1.0,9,False,C:\Users\noahl\OneDrive\fatigue_cv\skenes_2026_season\keypoints\35eb9fb0-2c88-32fe-9e9b-25496eefeae9.npz,0.84,15.38,16.22
b8bd69ce-50b2-37a7-bb4e-f209bde0c74e,825091,6,1,191,191,1.0,9,False,C:\Users\noahl\OneDrive\fatigue_cv\skenes_2026_season\keypoints\b8bd69ce-50b2-37a7-bb4e-f209bde0c74e.npz,1.17,15.59,16.76
ddaf2ae3-f0c3-392b-bd0e-f93e02cf3ebd,825091,6,2,191,191,1.0,9,False,C:\Users\noahl\OneDrive\fatigue_cv\skenes_2026_season\keypoints\ddaf2ae3-f0c3-392b-bd0e-f93e02cf3ebd.npz,1.08,15.24,16.32
46047359-2450-3b1f-bf69-84f0f3ed4b5a,825091,6,1,191,191,1.0,9,False,C:\Users\noahl\OneDrive\fatigue_cv\skenes_2026_season\keypoints\46047359-2450-3b1f-bf69-84f0f3ed4b5a.npz,1.11,14.91,16.01
90381cec-b414-37af-a991-2acb07d516a9,825091,6,2,191,191,1.0,9,False,C:\Users\noahl\OneDrive\fatigue_cv\skenes_2026_season\keypoints\90381cec-b414-37af-a991-2acb07d516a9.npz,0.92,15.78,16.7
dda6456c-cb10-3432-8c18-f1fb88563a44,825091,6,3,191,191,1.0,9,False,C:\Users\noahl\OneDrive\fatigue_cv\skenes_2026_season\keypoints\dda6456c-cb10-3432-8c18-f1fb88563a44.npz,0.99,14.81,15.8
11d756f2-301e-3318-92a4-d4c822bbd34f,825091,7,1,191,169,0.885,9,False,C:\Users\noahl\OneDrive\fatigue_cv\skenes_2026_season\keypoints\11d756f2-301e-3318-92a4-d4c822bbd34f.npz,0.78,14.94,15.72
9227fe42-74ee-3e82-a016-dfa21fa36786,825091,7,2,191,191,1.0,9,False,C:\Users\noahl\OneDrive\fatigue_cv\skenes_2026_season\keypoints\9227fe42-74ee-3e82-a016-dfa21fa36786.npz,1.13,14.97,16.11
352e3d54-d4a1-3388-a52e-53f6c59548ad,825091,7,3,191,191,1.0,9,False,C:\Users\noahl\OneDrive\fatigue_cv\skenes_2026_season\keypoints\352e3d54-d4a1-3388-a52e-53f6c59548ad.npz,0.9,14.72,15.62
918d5faf-c0b3-3581-ab44-f157ec1fe30f,825091,7,4,191,191,1.0,9,False,C:\Users\noahl\OneDrive\fatigue_cv\skenes_2026_season\keypoints\918d5faf-c0b3-3581-ab44-f157ec1fe30f.npz,1.53,15.51,17.05
79ad8c68-4a2f-3dac-bded-06f0c32e3752,825091,7,5,191,191,1.0,9,False,C:\Users\noahl\OneDrive\fatigue_cv\skenes_2026_season\keypoints\79ad8c68-4a2f-3dac-bded-06f0c32e3752.npz,1.05,15.26,16.31
c3d5fa11-5a79-3693-a302-b5be2b7e16c3,825091,7,1,191,191,1.0,9,False,C:\Users\noahl\OneDrive\fatigue_cv\skenes_2026_season\keypoints\c3d5fa11-5a79-3693-a302-b5be2b7e16c3.npz,1.3,14.75,16.05
ba8f1cfb-6287-3259-af2c-cf9b0e0b2301,825091,7,2,191,191,1.0,9,False,C:\Users\noahl\OneDrive\fatigue_cv\skenes_2026_season\keypoints\ba8f1cfb-6287-3259-af2c-cf9b0e0b2301.npz,1.31,16.82,18.13
fc415f1f-4caa-34d0-8860-b003ef5ba076,825091,7,3,191,191,1.0,9,False,C:\Users\noahl\OneDrive\fatigue_cv\skenes_2026_season\keypoints\fc415f1f-4caa-34d0-8860-b003ef5ba076.npz,0.81,15.94,16.75
d07faa68-d34b-3696-982e-8a442bc55e88,825091,7,4,191,191,1.0,9,False,C:\Users\noahl\OneDrive\fatigue_cv\skenes_2026_season\keypoints\d07faa68-d34b-3696-982e-8a442bc55e88.npz,1.32,16.2,17.53
155f4367-077a-3be7-b6ac-d633cb4858a3,825091,7,1,191,191,1.0,9,False,C:\Users\noahl\OneDrive\fatigue_cv\skenes_2026_season\keypoints\155f4367-077a-3be7-b6ac-d633cb4858a3.npz,1.17,15.97,17.14
1f5d49b1-ca91-34d8-ba05-871578913e54,825091,7,2,191,191,1.0,9,False,C:\Users\noahl\OneDrive\fatigue_cv\skenes_2026_season\keypoints\1f5d49b1-ca91-34d8-ba05-871578913e54.npz,1.25,15.53,16.78
adcd7c4d-f512-364f-9cdb-6b8a31e9345f,825091,7,3,191,191,1.0,9,False,C:\Users\noahl\OneDrive\fatigue_cv\skenes_2026_season\keypoints\adcd7c4d-f512-364f-9cdb-6b8a31e9345f.npz,1.14,15.67,16.82
165bd387-9fbb-395a-b559-5e469094dbdc,825091,8,1,191,191,1.0,9,False,C:\Users\noahl\OneDrive\fatigue_cv\skenes_2026_season\keypoints\165bd387-9fbb-395a-b559-5e469094dbdc.npz,0.89,15.59,16.47
c5e2165b-7e83-3c1b-a405-c4b0ae848e9e,825091,8,2,191,191,1.0,9,False,C:\Users\noahl\OneDrive\fatigue_cv\skenes_2026_season\keypoints\c5e2165b-7e83-3c1b-a405-c4b0ae848e9e.npz,1.6,15.15,16.76
ae6c5982-d7d3-3103-a365-992f2981126f,825091,8,3,191,191,1.0,9,False,C:\Users\noahl\OneDrive\fatigue_cv\skenes_2026_season\keypoints\ae6c5982-d7d3-3103-a365-992f2981126f.npz,1.4,15.53,16.93
57d53aee-f17a-31a4-bd86-31507438ee8d,825091,8,4,191,191,1.0,9,False,C:\Users\noahl\OneDrive\fatigue_cv\skenes_2026_season\keypoints\57d53aee-f17a-31a4-bd86-31507438ee8d.npz,0.85,15.51,16.36
c1ee6678-a494-356f-a33a-5702362262da,825091,8,5,191,191,1.0,9,False,C:\Users\noahl\OneDrive\fatigue_cv\skenes_2026_season\keypoints\c1ee6678-a494-356f-a33a-5702362262da.npz,1.05,15.38,16.44
21b11ac6-b2f3-38f4-8adb-7e1e1823af66,825091,8,1,191,191,1.0,9,False,C:\Users\noahl\OneDrive\fatigue_cv\skenes_2026_season\keypoints\21b11ac6-b2f3-38f4-8adb-7e1e1823af66.npz,0.93,15.09,16.02
ef82ad4a-db6d-300c-b87a-9570d95856f4,825091,8,2,191,191,1.0,9,False,C:\Users\noahl\OneDrive\fatigue_cv\skenes_2026_season\keypoints\ef82ad4a-db6d-300c-b87a-9570d95856f4.npz,1.14,14.97,16.11
b50c79ea-23f8-398c-9303-c123636e7f39,825091,8,3,191,191,1.0,9,False,C:\Users\noahl\OneDrive\fatigue_cv\skenes_2026_season\keypoints\b50c79ea-23f8-398c-9303-c123636e7f39.npz,1.2,14.93,16.13
8200dc8a-161d-3b11-8d2f-309c7c7c38d0,825091,8,4,191,191,1.0,9,False,C:\Users\noahl\OneDrive\fatigue_cv\skenes_2026_season\keypoints\8200dc8a-161d-3b11-8d2f-309c7c7c38d0.npz,1.07,15.34,16.41
9ffbc287-2879-358e-8d4c-395c7f91e680,825091,8,5,191,191,1.0,9,False,C:\Users\noahl\OneDrive\fatigue_cv\skenes_2026_season\keypoints\9ffbc287-2879-358e-8d4c-395c7f91e680.npz,0.89,15.64,16.53
bd9c2d31-781f-37d4-b216-42eb416adc7e,825091,8,6,191,191,1.0,9,False,C:\Users\noahl\OneDrive\fatigue_cv\skenes_2026_season\keypoints\bd9c2d31-781f-37d4-b216-42eb416adc7e.npz,1.26,15.72,16.98
a057d76c-5ca4-39ae-a40d-5ea1260239b7,825091,8,1,191,191,1.0,9,False,C:\Users\noahl\OneDrive\fatigue_cv\skenes_2026_season\keypoints\a057d76c-5ca4-39ae-a40d-5ea1260239b7.npz,1.75,15.18,16.93
66458c62-6117-3938-b735-68cd76d14651,825091,8,2,191,191,1.0,9,False,C:\Users\noahl\OneDrive\fatigue_cv\skenes_2026_season\keypoints\66458c62-6117-3938-b735-68cd76d14651.npz,0.84,15.56,16.4
fca9d2da-fba8-33c9-bc85-3c6cad67576b,825091,8,3,191,191,1.0,9,False,C:\Users\noahl\OneDrive\fatigue_cv\skenes_2026_season\keypoints\fca9d2da-fba8-33c9-bc85-3c6cad67576b.npz,2.6,15.26,17.86
09b63a74-8146-3310-a839-de9350edc04d,825091,8,4,191,191,1.0,9,False,C:\Users\noahl\OneDrive\fatigue_cv\skenes_2026_season\keypoints\09b63a74-8146-3310-a839-de9350edc04d.npz,1.73,15.58,17.32
a6bda130-9745-32fc-9506-c3dd933314dc,825091,8,5,191,191,1.0,9,False,C:\Users\noahl\OneDrive\fatigue_cv\skenes_2026_season\keypoints\a6bda130-9745-32fc-9506-c3dd933314dc.npz,0.59,15.4,16.0
b61d0f1a-8d95-34f5-a329-61ea7735015f,825091,8,6,191,191,1.0,9,False,C:\Users\noahl\OneDrive\fatigue_cv\skenes_2026_season\keypoints\b61d0f1a-8d95-34f5-a329-61ea7735015f.npz,0.87,15.26,16.14
391a893b-8ee4-388a-b8ca-5df8260093e5,823385,1,1,191,191,1.0,9,False,C:\Users\noahl\OneDrive\fatigue_cv\skenes_2026_season\keypoints\391a893b-8ee4-388a-b8ca-5df8260093e5.npz,1.25,15.54,16.79
655d9f4a-edb4-3d05-9eec-dec3da752d1e,823385,1,2,191,191,1.0,9,False,C:\Users\noahl\OneDrive\fatigue_cv\skenes_2026_season\keypoints\655d9f4a-edb4-3d05-9eec-dec3da752d1e.npz,1.13,15.47,16.6
1762a8fc-b847-35c8-8471-f30452cd2846,823385,1,3,191,191,1.0,9,False,C:\Users\noahl\OneDrive\fatigue_cv\skenes_2026_season\keypoints\1762a8fc-b847-35c8-8471-f30452cd2846.npz,1.46,15.9,17.36
00478813-ea61-37ac-96d1-629b0a3eb03e,823385,1,4,191,191,1.0,9,False,C:\Users\noahl\OneDrive\fatigue_cv\skenes_2026_season\keypoints\00478813-ea61-37ac-96d1-629b0a3eb03e.npz,0.74,15.79,16.53
d165c29c-630c-36f0-8bb7-2dce6e742853,823385,1,5,191,191,1.0,9,False,C:\Users\noahl\OneDrive\fatigue_cv\skenes_2026_season\keypoints\d165c29c-630c-36f0-8bb7-2dce6e742853.npz,0.82,16.14,16.96
0d841d6d-97bc-3f0f-aac4-080f38d6f837,823385,1,6,191,191,1.0,9,False,C:\Users\noahl\OneDrive\fatigue_cv\skenes_2026_season\keypoints\0d841d6d-97bc-3f0f-aac4-080f38d6f837.npz,0.87,15.94,16.81
d84b8edb-1922-30d0-b2bb-f6baf388d973,823385,1,7,191,191,1.0,9,False,C:\Users\noahl\OneDrive\fatigue_cv\skenes_2026_season\keypoints\d84b8edb-1922-30d0-b2bb-f6baf388d973.npz,1.34,15.62,16.97
5c32ca0f-7fac-3eda-8b00-805259fe3d21,823385,1,1,191,191,1.0,9,False,C:\Users\noahl\OneDrive\fatigue_cv\skenes_2026_season\keypoints\5c32ca0f-7fac-3eda-8b00-805259fe3d21.npz,1.09,16.25,17.34
28590c47-a2cf-3864-ab26-0ca0d213bde0,823385,1,2,191,191,1.0,9,False,C:\Users\noahl\OneDrive\fatigue_cv\skenes_2026_season\keypoints\28590c47-a2cf-3864-ab26-0ca0d213bde0.npz,1.14,15.94,17.08
e2e0faeb-bfbe-3fe2-b29a-66016f490514,823385,1,3,191,191,1.0,9,False,C:\Users\noahl\OneDrive\fatigue_cv\skenes_2026_season\keypoints\e2e0faeb-bfbe-3fe2-b29a-66016f490514.npz,0.96,16.02,16.97
8acbfeee-0100-3e4b-9803-f5fd88f62cff,823385,1,4,191,191,1.0,9,False,C:\Users\noahl\OneDrive\fatigue_cv\skenes_2026_season\keypoints\8acbfeee-0100-3e4b-9803-f5fd88f62cff.npz,1.48,15.68,17.16
0f4b0d6a-1fb4-3b90-9ee3-b618fb91c362,823385,1,1,191,191,1.0,9,False,C:\Users\noahl\OneDrive\fatigue_cv\skenes_2026_season\keypoints\0f4b0d6a-1fb4-3b90-9ee3-b618fb91c362.npz,1.0,15.55,16.55
5b4af178-133c-30a4-a503-484e401a8ff3,823385,1,2,191,191,1.0,9,False,C:\Users\noahl\OneDrive\fatigue_cv\skenes_2026_season\keypoints\5b4af178-133c-30a4-a503-484e401a8ff3.npz,1.08,15.52,16.6
c585f4c7-ff4a-3819-855d-7fb967ed66a4,823385,1,3,191,191,1.0,9,False,C:\Users\noahl\OneDrive\fatigue_cv\skenes_2026_season\keypoints\c585f4c7-ff4a-3819-855d-7fb967ed66a4.npz,0.87,15.67,16.54
cb28d57a-9b73-331a-bc66-65392af8b487,823385,1,4,191,191,1.0,9,False,C:\Users\noahl\OneDrive\fatigue_cv\skenes_2026_season\keypoints\cb28d57a-9b73-331a-bc66-65392af8b487.npz,1.19,15.96,17.14
f677f71f-258c-36c2-9561-1b87b85e1d07,823385,2,1,191,191,1.0,9,False,C:\Users\noahl\OneDrive\fatigue_cv\skenes_2026_season\keypoints\f677f71f-258c-36c2-9561-1b87b85e1d07.npz,1.18,16.32,17.51
f9da3905-f004-394a-8b2e-d4aab7cfc34d,823385,2,2,191,191,1.0,9,False,C:\Users\noahl\OneDrive\fatigue_cv\skenes_2026_season\keypoints\f9da3905-f004-394a-8b2e-d4aab7cfc34d.npz,1.15,17.11,18.26
0bf877a2-2484-3c22-90b5-8080a1a4673b,823385,2,3,191,191,1.0,9,False,C:\Users\noahl\OneDrive\fatigue_cv\skenes_2026_season\keypoints\0bf877a2-2484-3c22-90b5-8080a1a4673b.npz,1.16,17.22,18.38
e2aae817-79cc-3314-a1ef-b0bd7bcca012,823385,2,4,191,191,1.0,9,False,C:\Users\noahl\OneDrive\fatigue_cv\skenes_2026_season\keypoints\e2aae817-79cc-3314-a1ef-b0bd7bcca012.npz,1.17,16.59,17.76
0b59ad41-11e2-3daf-a5f9-6decd96ed549,823385,2,1,191,191,1.0,9,False,C:\Users\noahl\OneDrive\fatigue_cv\skenes_2026_season\keypoints\0b59ad41-11e2-3daf-a5f9-6decd96ed549.npz,1.11,16.16,17.27
dacecc2b-26e5-3d45-919e-d251ce0d9c0d,823385,2,2,191,191,1.0,9,False,C:\Users\noahl\OneDrive\fatigue_cv\skenes_2026_season\keypoints\dacecc2b-26e5-3d45-919e-d251ce0d9c0d.npz,1.62,15.98,17.6
ab3237ee-c202-3934-9d54-cd742c74a817,823385,2,3,191,191,1.0,9,False,C:\Users\noahl\OneDrive\fatigue_cv\skenes_2026_season\keypoints\ab3237ee-c202-3934-9d54-cd742c74a817.npz,1.17,16.01,17.18
de3249da-019d-35b7-bea9-a4935c60f888,823385,2,4,191,191,1.0,9,False,C:\Users\noahl\OneDrive\fatigue_cv\skenes_2026_season\keypoints\de3249da-019d-35b7-bea9-a4935c60f888.npz,1.98,16.09,18.07
060c30b8-9743-3eeb-89a1-f86ea18b6e17,823385,2,5,191,191,1.0,9,False,C:\Users\noahl\OneDrive\fatigue_cv\skenes_2026_season\keypoints\060c30b8-9743-3eeb-89a1-f86ea18b6e17.npz,1.16,16.18,17.34
f0701d6e-a23a-3acc-8e61-02d0153f49b4,823385,2,6,191,191,1.0,9,False,C:\Users\noahl\OneDrive\fatigue_cv\skenes_2026_season\keypoints\f0701d6e-a23a-3acc-8e61-02d0153f49b4.npz,0.81,16.57,17.37
98dd04ad-cb1f-3816-b797-0fcc6b7e1784,823385,2,1,191,191,1.0,9,False,C:\Users\noahl\OneDrive\fatigue_cv\skenes_2026_season\keypoints\98dd04ad-cb1f-3816-b797-0fcc6b7e1784.npz,1.35,16.16,17.51
70ce274e-4d7c-39cd-b2cb-40683e370e99,823385,2,2,191,191,1.0,9,False,C:\Users\noahl\OneDrive\fatigue_cv\skenes_2026_season\keypoints\70ce274e-4d7c-39cd-b2cb-40683e370e99.npz,2.24,16.15,18.39
f74adaf2-8844-3a00-abf9-453af9e53668,823385,2,3,191,191,1.0,9,False,C:\Users\noahl\OneDrive\fatigue_cv\skenes_2026_season\keypoints\f74adaf2-8844-3a00-abf9-453af9e53668.npz,1.07,16.28,17.36
155e8042-e3f6-3706-a977-9e691d5eb123,823385,2,4,191,191,1.0,9,False,C:\Users\noahl\OneDrive\fatigue_cv\skenes_2026_season\keypoints\155e8042-e3f6-3706-a977-9e691d5eb123.npz,1.07,15.68,16.75
9a8f5f66-3622-3d80-ae64-9fce619f71e0,823385,3,1,191,191,1.0,9,False,C:\Users\noahl\OneDrive\fatigue_cv\skenes_2026_season\keypoints\9a8f5f66-3622-3d80-ae64-9fce619f71e0.npz,0.85,15.24,16.09
2ed2d6d2-ac1e-3d38-be69-3405b0a1ffeb,823385,3,1,191,191,1.0,9,False,C:\Users\noahl\OneDrive\fatigue_cv\skenes_2026_season\keypoints\2ed2d6d2-ac1e-3d38-be69-3405b0a1ffeb.npz,1.42,15.09,16.52
a0828673-1aed-370d-abee-8f2f0119e56b,823385,3,1,191,191,1.0,9,False,C:\Users\noahl\OneDrive\fatigue_cv\skenes_2026_season\keypoints\a0828673-1aed-370d-abee-8f2f0119e56b.npz,1.14,14.98,16.12
af63dfff-e6ac-3678-85ca-b31031c72ba4,823385,3,2,191,191,1.0,9,False,C:\Users\noahl\OneDrive\fatigue_cv\skenes_2026_season\keypoints\af63dfff-e6ac-3678-85ca-b31031c72ba4.npz,0.87,14.87,15.74
211de615-f08a-3d32-a879-cf5d479b0c7e,823385,4,1,191,191,1.0,9,False,C:\Users\noahl\OneDrive\fatigue_cv\skenes_2026_season\keypoints\211de615-f08a-3d32-a879-cf5d479b0c7e.npz,1.09,15.03,16.12
4159149f-7576-3fa6-be72-59c4bc2cb299,823385,4,2,191,191,1.0,9,False,C:\Users\noahl\OneDrive\fatigue_cv\skenes_2026_season\keypoints\4159149f-7576-3fa6-be72-59c4bc2cb299.npz,0.86,15.73,16.59
18068433-b46c-320d-a045-c1adb449a615,823385,4,3,191,191,1.0,9,False,C:\Users\noahl\OneDrive\fatigue_cv\skenes_2026_season\keypoints\18068433-b46c-320d-a045-c1adb449a615.npz,1.2,16.28,17.48
637b3915-190b-3ae0-9d9f-22056bf2ecaf,823385,4,4,191,191,1.0,9,False,C:\Users\noahl\OneDrive\fatigue_cv\skenes_2026_season\keypoints\637b3915-190b-3ae0-9d9f-22056bf2ecaf.npz,1.35,16.03,17.38
240bfdfa-b5e3-30d7-a7c4-dc670520758d,823385,4,5,191,191,1.0,9,False,C:\Users\noahl\OneDrive\fatigue_cv\skenes_2026_season\keypoints\240bfdfa-b5e3-30d7-a7c4-dc670520758d.npz,1.07,15.93,17.0
9135cd7e-3cdd-3134-97ec-033bdd1af646,823385,4,6,191,191,1.0,9,False,C:\Users\noahl\OneDrive\fatigue_cv\skenes_2026_season\keypoints\9135cd7e-3cdd-3134-97ec-033bdd1af646.npz,1.79,15.97,17.76
1357765b-36e2-3c75-9857-8c90eb772792,823385,4,1,191,191,1.0,9,False,C:\Users\noahl\OneDrive\fatigue_cv\skenes_2026_season\keypoints\1357765b-36e2-3c75-9857-8c90eb772792.npz,1.15,15.74,16.89
2bd61c20-6f29-34ec-bf26-7db80222be7d,823385,4,2,191,191,1.0,9,False,C:\Users\noahl\OneDrive\fatigue_cv\skenes_2026_season\keypoints\2bd61c20-6f29-34ec-bf26-7db80222be7d.npz,2.12,16.12,18.24
bc8d9139-6007-3bcc-9db8-5354f1bc86d7,823385,4,3,191,191,1.0,9,False,C:\Users\noahl\OneDrive\fatigue_cv\skenes_2026_season\keypoints\bc8d9139-6007-3bcc-9db8-5354f1bc86d7.npz,1.19,15.9,17.09
bf196060-c1b5-3728-a68d-a4a4136b35ef,823385,4,1,191,191,1.0,9,False,C:\Users\noahl\OneDrive\fatigue_cv\skenes_2026_season\keypoints\bf196060-c1b5-3728-a68d-a4a4136b35ef.npz,1.07,15.32,16.39
e55fc09d-ffee-3943-b60c-ebacf4016269,823385,4,2,191,191,1.0,9,False,C:\Users\noahl\OneDrive\fatigue_cv\skenes_2026_season\keypoints\e55fc09d-ffee-3943-b60c-ebacf4016269.npz,0.87,15.13,16.0
32b84c8f-573e-3540-8e14-252d6425971d,823385,4,3,191,191,1.0,9,False,C:\Users\noahl\OneDrive\fatigue_cv\skenes_2026_season\keypoints\32b84c8f-573e-3540-8e14-252d6425971d.npz,1.18,15.46,16.64
fb967807-fd29-316e-b7c6-99679cfb4760,823385,4,4,191,191,1.0,9,False,C:\Users\noahl\OneDrive\fatigue_cv\skenes_2026_season\keypoints\fb967807-fd29-316e-b7c6-99679cfb4760.npz,0.82,14.96,15.78
3074e574-70cf-309a-8baa-809401db87d0,823385,5,1,191,191,1.0,9,False,C:\Users\noahl\OneDrive\fatigue_cv\skenes_2026_season\keypoints\3074e574-70cf-309a-8baa-809401db87d0.npz,1.28,15.52,16.8
f5ac9819-65e7-3a28-8600-a1d705a10bfd,823385,5,1,191,191,1.0,9,False,C:\Users\noahl\OneDrive\fatigue_cv\skenes_2026_season\keypoints\f5ac9819-65e7-3a28-8600-a1d705a10bfd.npz,1.8,15.03,16.83
7ca00feb-7532-37db-affe-88403cc70bcd,823385,5,2,191,191,1.0,9,False,C:\Users\noahl\OneDrive\fatigue_cv\skenes_2026_season\keypoints\7ca00feb-7532-37db-affe-88403cc70bcd.npz,1.21,15.44,16.65
2d641599-10d7-367b-9a65-aaec64fcf744,823385,5,3,191,191,1.0,9,False,C:\Users\noahl\OneDrive\fatigue_cv\skenes_2026_season\keypoints\2d641599-10d7-367b-9a65-aaec64fcf744.npz,1.18,16.36,17.54
8d558747-f8b8-3231-bae8-005c4570a28e,823385,5,1,191,191,1.0,9,False,C:\Users\noahl\OneDrive\fatigue_cv\skenes_2026_season\keypoints\8d558747-f8b8-3231-bae8-005c4570a28e.npz,1.45,15.61,17.06
7000ba8c-76b9-3975-bc29-84c595063568,823385,5,2,191,191,1.0,9,False,C:\Users\noahl\OneDrive\fatigue_cv\skenes_2026_season\keypoints\7000ba8c-76b9-3975-bc29-84c595063568.npz,1.08,16.35,17.43
db76ff53-4fcf-38a7-92d6-dd9106b0d71b,823385,5,3,191,191,1.0,9,False,C:\Users\noahl\OneDrive\fatigue_cv\skenes_2026_season\keypoints\db76ff53-4fcf-38a7-92d6-dd9106b0d71b.npz,1.08,15.69,16.77
ac7f93df-3ae3-39cc-8334-2d36bb2f6014,823385,5,4,191,191,1.0,9,False,C:\Users\noahl\OneDrive\fatigue_cv\skenes_2026_season\keypoints\ac7f93df-3ae3-39cc-8334-2d36bb2f6014.npz,1.44,15.83,17.27
6cd08a27-e100-3e72-abcd-6bd756f106c1,823385,5,1,191,191,1.0,9,False,C:\Users\noahl\OneDrive\fatigue_cv\skenes_2026_season\keypoints\6cd08a27-e100-3e72-abcd-6bd756f106c1.npz,1.14,15.54,16.68
025575e5-f449-3e34-ada6-ac833b79e805,823385,5,2,191,191,1.0,9,False,C:\Users\noahl\OneDrive\fatigue_cv\skenes_2026_season\keypoints\025575e5-f449-3e34-ada6-ac833b79e805.npz,1.24,15.94,17.18
a891d750-e46e-35ab-a329-c7568f84eb9d,823385,5,3,191,191,1.0,9,False,C:\Users\noahl\OneDrive\fatigue_cv\skenes_2026_season\keypoints\a891d750-e46e-35ab-a329-c7568f84eb9d.npz,1.68,15.55,17.23
1513c7fd-3536-3c5f-a192-5f0002b6851c,823385,5,4,191,191,1.0,9,False,C:\Users\noahl\OneDrive\fatigue_cv\skenes_2026_season\keypoints\1513c7fd-3536-3c5f-a192-5f0002b6851c.npz,1.44,14.95,16.39
1d84d196-268b-3bae-ae03-625091ee96a5,823385,5,5,191,191,1.0,9,False,C:\Users\noahl\OneDrive\fatigue_cv\skenes_2026_season\keypoints\1d84d196-268b-3bae-ae03-625091ee96a5.npz,1.56,14.81,16.37
41494692-ba62-3cd8-8a02-04c8055fb129,823385,6,1,191,191,1.0,9,False,C:\Users\noahl\OneDrive\fatigue_cv\skenes_2026_season\keypoints\41494692-ba62-3cd8-8a02-04c8055fb129.npz,1.11,15.06,16.17
bd1314e3-3fc6-38f8-87a5-a5774cf98d97,823385,6,2,191,191,1.0,9,False,C:\Users\noahl\OneDrive\fatigue_cv\skenes_2026_season\keypoints\bd1314e3-3fc6-38f8-87a5-a5774cf98d97.npz,1.08,15.46,16.54
e9e18a7e-5d72-3622-bae8-1e96e60558a0,823385,6,3,191,191,1.0,9,False,C:\Users\noahl\OneDrive\fatigue_cv\skenes_2026_season\keypoints\e9e18a7e-5d72-3622-bae8-1e96e60558a0.npz,1.11,15.02,16.14
42657c0b-6bcc-3e58-9182-8f3933e6b805,823385,6,4,191,191,1.0,9,False,C:\Users\noahl\OneDrive\fatigue_cv\skenes_2026_season\keypoints\42657c0b-6bcc-3e58-9182-8f3933e6b805.npz,1.69,15.35,17.04
f188f2a6-36d6-3202-b521-53edda0c0c63,823385,6,5,191,191,1.0,9,False,C:\Users\noahl\OneDrive\fatigue_cv\skenes_2026_season\keypoints\f188f2a6-36d6-3202-b521-53edda0c0c63.npz,1.29,15.75,17.05
65f33371-5d1a-3072-931e-48192ee4cb66,823385,6,1,191,191,1.0,9,False,C:\Users\noahl\OneDrive\fatigue_cv\skenes_2026_season\keypoints\65f33371-5d1a-3072-931e-48192ee4cb66.npz,1.63,15.93,17.56
8fefa5e9-ad83-3842-9f3b-49fe8fa4e57a,823385,6,2,191,191,1.0,9,False,C:\Users\noahl\OneDrive\fatigue_cv\skenes_2026_season\keypoints\8fefa5e9-ad83-3842-9f3b-49fe8fa4e57a.npz,1.26,15.58,16.84
35d7cbc2-ed2e-3876-b3a3-03f686a5155e,823385,6,3,191,191,1.0,9,False,C:\Users\noahl\OneDrive\fatigue_cv\skenes_2026_season\keypoints\35d7cbc2-ed2e-3876-b3a3-03f686a5155e.npz,1.62,15.09,16.72
9a1b36ec-56b2-3a8c-9955-904a0dfdc217,823385,6,4,191,191,1.0,9,False,C:\Users\noahl\OneDrive\fatigue_cv\skenes_2026_season\keypoints\9a1b36ec-56b2-3a8c-9955-904a0dfdc217.npz,1.04,15.57,16.61
111a0ae5-b58e-3499-ba49-234219f692d5,823385,6,5,191,191,1.0,9,False,C:\Users\noahl\OneDrive\fatigue_cv\skenes_2026_season\keypoints\111a0ae5-b58e-3499-ba49-234219f692d5.npz,1.49,15.39,16.88
4f4213ce-a52b-343b-97df-5c44d1170592,823385,6,1,191,191,1.0,9,False,C:\Users\noahl\OneDrive\fatigue_cv\skenes_2026_season\keypoints\4f4213ce-a52b-343b-97df-5c44d1170592.npz,1.35,15.11,16.46
68df7e11-e449-370f-98eb-f524fbda99cc,823385,6,2,191,191,1.0,9,False,C:\Users\noahl\OneDrive\fatigue_cv\skenes_2026_season\keypoints\68df7e11-e449-370f-98eb-f524fbda99cc.npz,0.99,15.3,16.29
b2f8cfdf-d7a6-3ba6-ac25-db39c7ba4412,823385,6,3,191,191,1.0,9,False,C:\Users\noahl\OneDrive\fatigue_cv\skenes_2026_season\keypoints\b2f8cfdf-d7a6-3ba6-ac25-db39c7ba4412.npz,1.53,15.26,16.79
551edee5-579b-3c06-97f1-24e9fb5ef90c,823385,6,4,191,191,1.0,9,False,C:\Users\noahl\OneDrive\fatigue_cv\skenes_2026_season\keypoints\551edee5-579b-3c06-97f1-24e9fb5ef90c.npz,1.17,14.69,15.87
0b0c4c73-7cc0-3ff5-8e85-82d06f14c0fb,823385,6,5,191,191,1.0,9,False,C:\Users\noahl\OneDrive\fatigue_cv\skenes_2026_season\keypoints\0b0c4c73-7cc0-3ff5-8e85-82d06f14c0fb.npz,1.22,14.92,16.14
4fc6372a-809a-3f77-b9bc-28df63c6bac6,823385,6,6,191,191,1.0,9,False,C:\Users\noahl\OneDrive\fatigue_cv\skenes_2026_season\keypoints\4fc6372a-809a-3f77-b9bc-28df63c6bac6.npz,1.25,14.34,15.59
1317b16b-88d0-339f-b1c6-8663345e76fa,823385,6,7,191,112,0.586,9,False,C:\Users\noahl\OneDrive\fatigue_cv\skenes_2026_season\keypoints\1317b16b-88d0-339f-b1c6-8663345e76fa.npz,1.61,15.4,17.01
d0b74581-474f-3744-872c-51117518c2b2,823385,6,8,191,191,1.0,9,False,C:\Users\noahl\OneDrive\fatigue_cv\skenes_2026_season\keypoints\d0b74581-474f-3744-872c-51117518c2b2.npz,0.79,14.78,15.57
4d61801e-5c9c-37cc-b48b-73635960addf,823385,7,1,191,191,1.0,9,False,C:\Users\noahl\OneDrive\fatigue_cv\skenes_2026_season\keypoints\4d61801e-5c9c-37cc-b48b-73635960addf.npz,1.02,16.0,17.02
c0b1f8e8-350f-3290-90a6-55b8d3142806,823385,7,2,191,191,1.0,9,False,C:\Users\noahl\OneDrive\fatigue_cv\skenes_2026_season\keypoints\c0b1f8e8-350f-3290-90a6-55b8d3142806.npz,1.14,15.14,16.28
c6fecd91-a383-36a7-a472-91888300276c,823385,7,1,191,191,1.0,9,False,C:\Users\noahl\OneDrive\fatigue_cv\skenes_2026_season\keypoints\c6fecd91-a383-36a7-a472-91888300276c.npz,1.44,16.09,17.53
1b97f069-3ad3-367b-be4e-c184d3064fb5,823385,7,2,191,191,1.0,9,False,C:\Users\noahl\OneDrive\fatigue_cv\skenes_2026_season\keypoints\1b97f069-3ad3-367b-be4e-c184d3064fb5.npz,1.5,15.47,16.97
da67ddbd-d994-396f-817d-31730a24fc24,823385,7,3,191,191,1.0,9,False,C:\Users\noahl\OneDrive\fatigue_cv\skenes_2026_season\keypoints\da67ddbd-d994-396f-817d-31730a24fc24.npz,0.91,15.84,16.75
65078060-1f52-35bf-abe2-5e56d9a6843f,823385,7,4,191,191,1.0,9,False,C:\Users\noahl\OneDrive\fatigue_cv\skenes_2026_season\keypoints\65078060-1f52-35bf-abe2-5e56d9a6843f.npz,1.22,15.03,16.25
6c2c6c4f-258a-3447-a583-c86aa820c4c2,823385,7,1,191,191,1.0,9,False,C:\Users\noahl\OneDrive\fatigue_cv\skenes_2026_season\keypoints\6c2c6c4f-258a-3447-a583-c86aa820c4c2.npz,0.87,15.98,16.84
2d6d4903-ca1c-3023-a90a-86c0ea3dc950,823385,7,2,191,191,1.0,9,False,C:\Users\noahl\OneDrive\fatigue_cv\skenes_2026_season\keypoints\2d6d4903-ca1c-3023-a90a-86c0ea3dc950.npz,1.21,15.93,17.14
05711e62-e181-3d5a-9587-693a3df55b65,823385,7,3,191,191,1.0,9,False,C:\Users\noahl\OneDrive\fatigue_cv\skenes_2026_season\keypoints\05711e62-e181-3d5a-9587-693a3df55b65.npz,0.87,15.71,16.58
1aff0159-e188-32e4-aabb-675c7687d9e8,823385,7,1,191,191,1.0,9,False,C:\Users\noahl\OneDrive\fatigue_cv\skenes_2026_season\keypoints\1aff0159-e188-32e4-aabb-675c7687d9e8.npz,1.42,15.23,16.65
6ae04a1b-56d5-32a2-bbbe-338e0c5c5eff,823385,7,2,191,191,1.0,9,False,C:\Users\noahl\OneDrive\fatigue_cv\skenes_2026_season\keypoints\6ae04a1b-56d5-32a2-bbbe-338e0c5c5eff.npz,1.06,16.28,17.34
147d5844-601d-3319-81b2-179bf36fff99,823385,7,3,191,191,1.0,9,False,C:\Users\noahl\OneDrive\fatigue_cv\skenes_2026_season\keypoints\147d5844-601d-3319-81b2-179bf36fff99.npz,1.41,15.91,17.33
42e4634f-8dd0-3849-b1a7-e997e85cf70e,823385,8,1,191,191,1.0,9,False,C:\Users\noahl\OneDrive\fatigue_cv\skenes_2026_season\keypoints\42e4634f-8dd0-3849-b1a7-e997e85cf70e.npz,1.15,15.81,16.96
755c20cd-acee-3e87-b55b-9559b335905e,823385,8,2,191,191,1.0,9,False,C:\Users\noahl\OneDrive\fatigue_cv\skenes_2026_season\keypoints\755c20cd-acee-3e87-b55b-9559b335905e.npz,1.04,14.55,15.59
7ca38874-074d-3d0f-be04-70a599a986d5,823385,8,1,191,154,0.806,0,True,C:\Users\noahl\OneDrive\fatigue_cv\skenes_2026_season\keypoints\7ca38874-074d-3d0f-be04-70a599a986d5.npz,1.19,15.54,16.72
92550f21-c370-3968-bffe-d01e7c13c620,823385,8,2,191,191,1.0,9,False,C:\Users\noahl\OneDrive\fatigue_cv\skenes_2026_season\keypoints\92550f21-c370-3968-bffe-d01e7c13c620.npz,1.12,15.8,16.92
66087b82-b08e-3cfb-ad7d-60880fc9418e,823385,8,3,191,191,1.0,9,False,C:\Users\noahl\OneDrive\fatigue_cv\skenes_2026_season\keypoints\66087b82-b08e-3cfb-ad7d-60880fc9418e.npz,1.05,15.83,16.88
b68da8a4-13ca-3915-887c-1a9b68c367d5,823385,8,1,191,191,1.0,9,False,C:\Users\noahl\OneDrive\fatigue_cv\skenes_2026_season\keypoints\b68da8a4-13ca-3915-887c-1a9b68c367d5.npz,1.16,16.06,17.23
51844280-fbd5-3247-aca0-e559f059588a,823385,8,1,191,191,1.0,9,False,C:\Users\noahl\OneDrive\fatigue_cv\skenes_2026_season\keypoints\51844280-fbd5-3247-aca0-e559f059588a.npz,2.41,15.54,17.96
c33f3504-04a4-3c79-98d3-568fc5ba9b5a,823385,8,2,191,191,1.0,9,False,C:\Users\noahl\OneDrive\fatigue_cv\skenes_2026_season\keypoints\c33f3504-04a4-3c79-98d3-568fc5ba9b5a.npz,1.15,15.34,16.49
795c1e64-2af9-30d1-88d4-1ce80cd99605,823385,8,3,191,191,1.0,9,False,C:\Users\noahl\OneDrive\fatigue_cv\skenes_2026_season\keypoints\795c1e64-2af9-30d1-88d4-1ce80cd99605.npz,1.4,15.4,16.8
09289623-1592-362f-9223-d5a422e594b0,823381,1,1,191,191,1.0,9,False,C:\Users\noahl\OneDrive\fatigue_cv\skenes_2026_season\keypoints\09289623-1592-362f-9223-d5a422e594b0.npz,2.16,15.43,17.59
8d3e8690-d3c2-30b7-aa38-25a5b0a75044,823381,1,2,191,191,1.0,9,False,C:\Users\noahl\OneDrive\fatigue_cv\skenes_2026_season\keypoints\8d3e8690-d3c2-30b7-aa38-25a5b0a75044.npz,1.26,15.33,16.6
761fb242-e3c5-3723-918a-f955d693ae70,823381,1,3,191,191,1.0,9,False,C:\Users\noahl\OneDrive\fatigue_cv\skenes_2026_season\keypoints\761fb242-e3c5-3723-918a-f955d693ae70.npz,1.21,14.74,15.95
9b79b8b2-70aa-3138-9452-0cfb075485c1,823381,1,4,191,191,1.0,9,False,C:\Users\noahl\OneDrive\fatigue_cv\skenes_2026_season\keypoints\9b79b8b2-70aa-3138-9452-0cfb075485c1.npz,1.59,14.96,16.56
dfe3d449-1534-36ea-8c19-628b7263a6de,823381,1,5,191,191,1.0,9,False,C:\Users\noahl\OneDrive\fatigue_cv\skenes_2026_season\keypoints\dfe3d449-1534-36ea-8c19-628b7263a6de.npz,1.13,14.75,15.87
4c099241-a1a5-3f1d-a591-21375e47a353,823381,1,6,191,191,1.0,9,False,C:\Users\noahl\OneDrive\fatigue_cv\skenes_2026_season\keypoints\4c099241-a1a5-3f1d-a591-21375e47a353.npz,1.21,15.24,16.45
7d11c2c6-ee59-3ec6-9c78-a0d1ad2ca6fc,823381,1,7,191,191,1.0,9,False,C:\Users\noahl\OneDrive\fatigue_cv\skenes_2026_season\keypoints\7d11c2c6-ee59-3ec6-9c78-a0d1ad2ca6fc.npz,1.07,14.92,15.99
4f63f8d2-1138-315b-b6ff-08af812e07a1,823381,1,8,191,191,1.0,9,False,C:\Users\noahl\OneDrive\fatigue_cv\skenes_2026_season\keypoints\4f63f8d2-1138-315b-b6ff-08af812e07a1.npz,1.73,15.09,16.82
a162a02d-24d5-3934-a45c-920121fe91c5,823381,1,1,191,191,1.0,9,False,C:\Users\noahl\OneDrive\fatigue_cv\skenes_2026_season\keypoints\a162a02d-24d5-3934-a45c-920121fe91c5.npz,2.67,15.86,18.53
1df9ec0c-e89f-3f50-8039-d46ee27607d0,823381,1,2,191,191,1.0,9,False,C:\Users\noahl\OneDrive\fatigue_cv\skenes_2026_season\keypoints\1df9ec0c-e89f-3f50-8039-d46ee27607d0.npz,1.24,16.03,17.27
85d355fe-73c1-395a-878b-7a0078a788f1,823381,1,3,191,191,1.0,9,False,C:\Users\noahl\OneDrive\fatigue_cv\skenes_2026_season\keypoints\85d355fe-73c1-395a-878b-7a0078a788f1.npz,1.26,16.26,17.52
448f77cd-7e17-341d-9da3-60b1ef6eb763,823381,1,4,191,191,1.0,9,False,C:\Users\noahl\OneDrive\fatigue_cv\skenes_2026_season\keypoints\448f77cd-7e17-341d-9da3-60b1ef6eb763.npz,1.27,15.66,16.93
23045864-f9cd-3942-b23e-2ef1cb595e42,823381,1,5,191,191,1.0,9,False,C:\Users\noahl\OneDrive\fatigue_cv\skenes_2026_season\keypoints\23045864-f9cd-3942-b23e-2ef1cb595e42.npz,0.99,15.21,16.2
c150298c-42f7-3535-b425-3d4f7ae056e0,823381,1,1,191,191,1.0,9,False,C:\Users\noahl\OneDrive\fatigue_cv\skenes_2026_season\keypoints\c150298c-42f7-3535-b425-3d4f7ae056e0.npz,1.5,16.07,17.57
a39329d9-0cee-30df-8e6e-f614a7040a53,823381,1,2,191,191,1.0,9,False,C:\Users\noahl\OneDrive\fatigue_cv\skenes_2026_season\keypoints\a39329d9-0cee-30df-8e6e-f614a7040a53.npz,1.07,15.52,16.59
f1f10a6a-50cb-3af2-9c9e-31a7772d019c,823381,1,3,191,191,1.0,9,False,C:\Users\noahl\OneDrive\fatigue_cv\skenes_2026_season\keypoints\f1f10a6a-50cb-3af2-9c9e-31a7772d019c.npz,1.53,15.41,16.94
279a9dbd-aafd-3001-9dec-d6adcc9db584,823381,1,4,191,191,1.0,9,False,C:\Users\noahl\OneDrive\fatigue_cv\skenes_2026_season\keypoints\279a9dbd-aafd-3001-9dec-d6adcc9db584.npz,1.55,15.27,16.82
5fa5517f-fe3b-3e57-8a97-395ec4b3675e,823381,1,5,191,191,1.0,9,False,C:\Users\noahl\OneDrive\fatigue_cv\skenes_2026_season\keypoints\5fa5517f-fe3b-3e57-8a97-395ec4b3675e.npz,1.51,14.96,16.47
0358a28b-d845-3f33-a69d-5a2be19c529c,823381,2,1,191,191,1.0,9,False,C:\Users\noahl\OneDrive\fatigue_cv\skenes_2026_season\keypoints\0358a28b-d845-3f33-a69d-5a2be19c529c.npz,1.25,14.21,15.46
7e1dff60-c70d-302a-8c07-988086119600,823381,2,1,191,191,1.0,9,False,C:\Users\noahl\OneDrive\fatigue_cv\skenes_2026_season\keypoints\7e1dff60-c70d-302a-8c07-988086119600.npz,1.3,15.77,17.08
f317d21f-64a3-3162-8bbe-c8ff461f84f2,823381,2,2,191,191,1.0,9,False,C:\Users\noahl\OneDrive\fatigue_cv\skenes_2026_season\keypoints\f317d21f-64a3-3162-8bbe-c8ff461f84f2.npz,1.7,14.98,16.68
6d195937-6e1c-3cbd-8c18-7016fe760822,823381,2,3,191,191,1.0,9,False,C:\Users\noahl\OneDrive\fatigue_cv\skenes_2026_season\keypoints\6d195937-6e1c-3cbd-8c18-7016fe760822.npz,1.32,14.77,16.09
f57b336c-bb79-3b9b-b038-3ab28b9342f3,823381,2,4,191,191,1.0,9,False,C:\Users\noahl\OneDrive\fatigue_cv\skenes_2026_season\keypoints\f57b336c-bb79-3b9b-b038-3ab28b9342f3.npz,1.04,16.27,17.31
f5820ede-6056-3ef2-9ae8-4bbfd807ab14,823381,2,5,191,191,1.0,9,False,C:\Users\noahl\OneDrive\fatigue_cv\skenes_2026_season\keypoints\f5820ede-6056-3ef2-9ae8-4bbfd807ab14.npz,1.34,15.86,17.2
cef20d5a-db8e-3a44-a35b-0496c09ca3c7,823381,2,6,191,191,1.0,9,False,C:\Users\noahl\OneDrive\fatigue_cv\skenes_2026_season\keypoints\cef20d5a-db8e-3a44-a35b-0496c09ca3c7.npz,1.37,16.07,17.45
4cccab68-489f-33c4-8f83-447c55ee9452,823381,2,7,191,191,1.0,9,False,C:\Users\noahl\OneDrive\fatigue_cv\skenes_2026_season\keypoints\4cccab68-489f-33c4-8f83-447c55ee9452.npz,1.42,16.17,17.59
5c0725b6-2abc-3736-8c2b-b681df5a44cd,823381,2,1,191,191,1.0,9,False,C:\Users\noahl\OneDrive\fatigue_cv\skenes_2026_season\keypoints\5c0725b6-2abc-3736-8c2b-b681df5a44cd.npz,1.21,15.68,16.9
aaa667e3-8415-3995-92dc-e916a5b2beef,823381,2,2,191,191,1.0,9,False,C:\Users\noahl\OneDrive\fatigue_cv\skenes_2026_season\keypoints\aaa667e3-8415-3995-92dc-e916a5b2beef.npz,1.16,16.09,17.25
22ae6395-7d4b-3573-b0d6-f54c9457f35e,823381,2,1,191,191,1.0,9,False,C:\Users\noahl\OneDrive\fatigue_cv\skenes_2026_season\keypoints\22ae6395-7d4b-3573-b0d6-f54c9457f35e.npz,0.77,15.62,16.39
927a18b5-6f3e-3a86-92fa-acc491a9b7da,823381,2,2,191,191,1.0,9,False,C:\Users\noahl\OneDrive\fatigue_cv\skenes_2026_season\keypoints\927a18b5-6f3e-3a86-92fa-acc491a9b7da.npz,1.13,14.98,16.12
84db9d0e-ad1e-3895-9ca5-ec7a44b8b70f,823381,2,3,191,191,1.0,9,False,C:\Users\noahl\OneDrive\fatigue_cv\skenes_2026_season\keypoints\84db9d0e-ad1e-3895-9ca5-ec7a44b8b70f.npz,1.12,15.76,16.88
3f8b7aa9-0636-3708-befa-829033e17479,823381,2,4,191,191,1.0,9,False,C:\Users\noahl\OneDrive\fatigue_cv\skenes_2026_season\keypoints\3f8b7aa9-0636-3708-befa-829033e17479.npz,1.25,15.6,16.85
aff7ae3b-e527-37c9-8842-5899407b1471,823381,3,1,191,191,1.0,9,False,C:\Users\noahl\OneDrive\fatigue_cv\skenes_2026_season\keypoints\aff7ae3b-e527-37c9-8842-5899407b1471.npz,2.1,14.68,16.77
4fe42cbc-a75d-3c9f-aec7-e0c6c5b2a521,823381,3,2,191,191,1.0,9,False,C:\Users\noahl\OneDrive\fatigue_cv\skenes_2026_season\keypoints\4fe42cbc-a75d-3c9f-aec7-e0c6c5b2a521.npz,3.21,14.93,18.14
ce84821a-5940-38b8-898d-b4a6d020164d,823381,3,3,191,191,1.0,9,False,C:\Users\noahl\OneDrive\fatigue_cv\skenes_2026_season\keypoints\ce84821a-5940-38b8-898d-b4a6d020164d.npz,0.88,14.94,15.82
4811b4aa-d2c6-3e6e-8d1c-7fa6a8cace69,823381,3,4,191,191,1.0,9,False,C:\Users\noahl\OneDrive\fatigue_cv\skenes_2026_season\keypoints\4811b4aa-d2c6-3e6e-8d1c-7fa6a8cace69.npz,2.08,15.06,17.14
24b5b6d2-3f8b-35cf-a9c5-7d87ddc5c9d2,823381,3,5,191,191,1.0,9,False,C:\Users\noahl\OneDrive\fatigue_cv\skenes_2026_season\keypoints\24b5b6d2-3f8b-35cf-a9c5-7d87ddc5c9d2.npz,1.12,15.84,16.97
2ed9549d-3f1d-3d9e-bebe-70543c89d943,823381,3,1,191,191,1.0,9,False,C:\Users\noahl\OneDrive\fatigue_cv\skenes_2026_season\keypoints\2ed9549d-3f1d-3d9e-bebe-70543c89d943.npz,1.14,16.17,17.31
3c29abe2-46e3-35e3-ab9d-ff2b0ba81652,823381,3,2,191,191,1.0,9,False,C:\Users\noahl\OneDrive\fatigue_cv\skenes_2026_season\keypoints\3c29abe2-46e3-35e3-ab9d-ff2b0ba81652.npz,0.67,15.68,16.35
cf9ea5b9-f583-3b4d-a956-dcb2c55c3cc6,823381,3,3,191,191,1.0,9,False,C:\Users\noahl\OneDrive\fatigue_cv\skenes_2026_season\keypoints\cf9ea5b9-f583-3b4d-a956-dcb2c55c3cc6.npz,1.09,15.9,16.99
56072435-685d-33cc-b1e2-cec56c76fc2d,823381,3,4,191,191,1.0,9,False,C:\Users\noahl\OneDrive\fatigue_cv\skenes_2026_season\keypoints\56072435-685d-33cc-b1e2-cec56c76fc2d.npz,1.66,15.58,17.24
9a8a9028-afc1-3494-a9f7-59b7f1fa387b,823381,3,5,191,191,1.0,9,False,C:\Users\noahl\OneDrive\fatigue_cv\skenes_2026_season\keypoints\9a8a9028-afc1-3494-a9f7-59b7f1fa387b.npz,1.7,15.85,17.55
7fe7ed05-ec46-378c-b812-b2e75e9b0c3b,823381,3,6,191,191,1.0,9,False,C:\Users\noahl\OneDrive\fatigue_cv\skenes_2026_season\keypoints\7fe7ed05-ec46-378c-b812-b2e75e9b0c3b.npz,1.31,15.69,17.0
a0af595b-85eb-3959-9ba7-103bf99c9650,823381,3,1,191,191,1.0,9,False,C:\Users\noahl\OneDrive\fatigue_cv\skenes_2026_season\keypoints\a0af595b-85eb-3959-9ba7-103bf99c9650.npz,1.15,15.04,16.19
f7d503a2-ad7e-3632-9fa7-9e912d197cb1,823381,3,2,191,191,1.0,9,False,C:\Users\noahl\OneDrive\fatigue_cv\skenes_2026_season\keypoints\f7d503a2-ad7e-3632-9fa7-9e912d197cb1.npz,0.91,15.65,16.56
b4f95e8e-8cb5-36a3-9940-d1b76cf0f191,823381,3,3,191,191,1.0,9,False,C:\Users\noahl\OneDrive\fatigue_cv\skenes_2026_season\keypoints\b4f95e8e-8cb5-36a3-9940-d1b76cf0f191.npz,2.7,15.4,18.1
8860efdd-e101-3804-a960-0eead760afee,823381,3,4,191,191,1.0,9,False,C:\Users\noahl\OneDrive\fatigue_cv\skenes_2026_season\keypoints\8860efdd-e101-3804-a960-0eead760afee.npz,1.11,15.36,16.47
bc90779f-c54a-38b3-a103-d685e50ea672,823381,3,5,191,191,1.0,9,False,C:\Users\noahl\OneDrive\fatigue_cv\skenes_2026_season\keypoints\bc90779f-c54a-38b3-a103-d685e50ea672.npz,1.05,14.9,15.95
9a84b1be-d732-394b-99b6-4facdd36e536,823381,3,6,191,191,1.0,9,False,C:\Users\noahl\OneDrive\fatigue_cv\skenes_2026_season\keypoints\9a84b1be-d732-394b-99b6-4facdd36e536.npz,1.21,14.74,15.94
873006b4-d8dc-362d-adff-1f7f1b0a9415,823381,3,7,191,191,1.0,9,False,C:\Users\noahl\OneDrive\fatigue_cv\skenes_2026_season\keypoints\873006b4-d8dc-362d-adff-1f7f1b0a9415.npz,1.43,14.97,16.41
5179060f-acbd-3f54-a4da-eae53c23e862,823381,4,1,191,191,1.0,9,False,C:\Users\noahl\OneDrive\fatigue_cv\skenes_2026_season\keypoints\5179060f-acbd-3f54-a4da-eae53c23e862.npz,2.92,15.31,18.23
0cff9d81-3e5f-3b57-be8c-82a57a45e850,823381,4,2,191,191,1.0,9,False,C:\Users\noahl\OneDrive\fatigue_cv\skenes_2026_season\keypoints\0cff9d81-3e5f-3b57-be8c-82a57a45e850.npz,1.11,15.41,16.52
24ec0cdc-ee06-3ab1-a0ed-a988c5fe3a73,823381,4,1,191,191,1.0,9,False,C:\Users\noahl\OneDrive\fatigue_cv\skenes_2026_season\keypoints\24ec0cdc-ee06-3ab1-a0ed-a988c5fe3a73.npz,1.5,15.66,17.17
923c2554-4991-3e3d-84db-3f2ccce9eeba,823381,4,1,191,186,0.974,9,False,C:\Users\noahl\OneDrive\fatigue_cv\skenes_2026_season\keypoints\923c2554-4991-3e3d-84db-3f2ccce9eeba.npz,1.14,16.14,17.28
e8e5aae2-698d-37e3-85eb-5391edf63144,823381,4,2,191,191,1.0,9,False,C:\Users\noahl\OneDrive\fatigue_cv\skenes_2026_season\keypoints\e8e5aae2-698d-37e3-85eb-5391edf63144.npz,1.28,15.91,17.2
4182e04f-45a8-3e47-b054-1fed1cce8114,823381,4,3,191,191,1.0,9,False,C:\Users\noahl\OneDrive\fatigue_cv\skenes_2026_season\keypoints\4182e04f-45a8-3e47-b054-1fed1cce8114.npz,1.56,15.9,17.46
641aad4a-6326-313a-baf2-a9f9f4fb1228,823381,4,4,191,191,1.0,9,False,C:\Users\noahl\OneDrive\fatigue_cv\skenes_2026_season\keypoints\641aad4a-6326-313a-baf2-a9f9f4fb1228.npz,2.78,15.46,18.23
c79fc4b6-5bce-3b19-afb4-4a9369352c66,823381,4,5,191,191,1.0,9,False,C:\Users\noahl\OneDrive\fatigue_cv\skenes_2026_season\keypoints\c79fc4b6-5bce-3b19-afb4-4a9369352c66.npz,1.59,15.97,17.56
ef99f6ee-fe74-38d2-a333-46b8eaeb043e,823381,4,6,191,191,1.0,9,False,C:\Users\noahl\OneDrive\fatigue_cv\skenes_2026_season\keypoints\ef99f6ee-fe74-38d2-a333-46b8eaeb043e.npz,1.17,15.65,16.83
47465f7c-bd60-3471-bb21-8b71451d94b9,823381,4,1,191,191,1.0,9,False,C:\Users\noahl\OneDrive\fatigue_cv\skenes_2026_season\keypoints\47465f7c-bd60-3471-bb21-8b71451d94b9.npz,0.86,15.36,16.22
16ea4dfd-d5b1-344c-9a7b-5ee4e749ce60,823381,4,2,191,191,1.0,9,False,C:\Users\noahl\OneDrive\fatigue_cv\skenes_2026_season\keypoints\16ea4dfd-d5b1-344c-9a7b-5ee4e749ce60.npz,1.18,15.7,16.89
3d0120e8-1938-33fa-afb1-71653bf90a1d,823381,5,1,191,191,1.0,9,False,C:\Users\noahl\OneDrive\fatigue_cv\skenes_2026_season\keypoints\3d0120e8-1938-33fa-afb1-71653bf90a1d.npz,1.26,16.44,17.71
2f956df8-2442-3b5a-94f2-fe26c26b635e,823381,5,2,191,191,1.0,9,False,C:\Users\noahl\OneDrive\fatigue_cv\skenes_2026_season\keypoints\2f956df8-2442-3b5a-94f2-fe26c26b635e.npz,1.64,15.05,16.69
1713d387-aa62-3cfa-ab96-b6eb3568d582,823381,5,3,191,191,1.0,9,False,C:\Users\noahl\OneDrive\fatigue_cv\skenes_2026_season\keypoints\1713d387-aa62-3cfa-ab96-b6eb3568d582.npz,1.01,15.2,16.21
eab8d467-970d-35c3-b6ab-3299691ff117,823381,5,4,191,191,1.0,9,False,C:\Users\noahl\OneDrive\fatigue_cv\skenes_2026_season\keypoints\eab8d467-970d-35c3-b6ab-3299691ff117.npz,0.97,15.57,16.54
d86d9098-b457-3453-aa93-2ba665aff872,823381,5,5,191,191,1.0,9,False,C:\Users\noahl\OneDrive\fatigue_cv\skenes_2026_season\keypoints\d86d9098-b457-3453-aa93-2ba665aff872.npz,1.2,16.45,17.65
c7f26159-04ab-3d4a-ae8a-40d2de828c66,823381,5,1,191,191,1.0,9,False,C:\Users\noahl\OneDrive\fatigue_cv\skenes_2026_season\keypoints\c7f26159-04ab-3d4a-ae8a-40d2de828c66.npz,1.09,15.53,16.62
d618af41-47c1-32e6-a2c6-77747d43cef9,823381,5,2,191,154,0.806,9,False,C:\Users\noahl\OneDrive\fatigue_cv\skenes_2026_season\keypoints\d618af41-47c1-32e6-a2c6-77747d43cef9.npz,2.21,15.72,17.93
a3152722-bddd-36fd-9074-d559ca805f78,823381,5,3,191,191,1.0,9,False,C:\Users\noahl\OneDrive\fatigue_cv\skenes_2026_season\keypoints\a3152722-bddd-36fd-9074-d559ca805f78.npz,1.1,15.66,16.76
9350f2d9-9130-379e-8e19-671135519592,823381,5,1,191,191,1.0,9,False,C:\Users\noahl\OneDrive\fatigue_cv\skenes_2026_season\keypoints\9350f2d9-9130-379e-8e19-671135519592.npz,0.79,15.12,15.91
5008371d-687e-3512-9505-2ff52213e26f,823381,5,2,191,191,1.0,9,False,C:\Users\noahl\OneDrive\fatigue_cv\skenes_2026_season\keypoints\5008371d-687e-3512-9505-2ff52213e26f.npz,2.33,15.45,17.77
ec270078-5aa6-37b5-997b-cf212b68a01e,823381,5,3,191,191,1.0,9,False,C:\Users\noahl\OneDrive\fatigue_cv\skenes_2026_season\keypoints\ec270078-5aa6-37b5-997b-cf212b68a01e.npz,4.12,15.84,19.96
e5ccf8c5-ab06-3597-b3f3-cd88696ed52b,823381,5,4,191,191,1.0,9,False,C:\Users\noahl\OneDrive\fatigue_cv\skenes_2026_season\keypoints\e5ccf8c5-ab06-3597-b3f3-cd88696ed52b.npz,1.16,15.89,17.05
925df1ae-6a99-370a-948a-c486a6481f9d,823381,5,5,191,191,1.0,9,False,C:\Users\noahl\OneDrive\fatigue_cv\skenes_2026_season\keypoints\925df1ae-6a99-370a-948a-c486a6481f9d.npz,1.15,15.23,16.38
88d8c18e-0ffe-3149-ab1f-11806ce9d002,823381,5,6,191,191,1.0,9,False,C:\Users\noahl\OneDrive\fatigue_cv\skenes_2026_season\keypoints\88d8c18e-0ffe-3149-ab1f-11806ce9d002.npz,1.1,15.46,16.57
e1ca9ccc-1a6a-3121-9d3a-b9f77428d15d,823381,5,1,191,191,1.0,9,False,C:\Users\noahl\OneDrive\fatigue_cv\skenes_2026_season\keypoints\e1ca9ccc-1a6a-3121-9d3a-b9f77428d15d.npz,0.93,15.04,15.97
80bf5466-a92c-36f5-a795-14d14246310a,823381,5,1,191,156,0.817,9,False,C:\Users\noahl\OneDrive\fatigue_cv\skenes_2026_season\keypoints\80bf5466-a92c-36f5-a795-14d14246310a.npz,2.84,15.79,18.63
2ef8548c-2178-3e0a-a229-eeec8736cb8f,823381,5,2,191,191,1.0,9,False,C:\Users\noahl\OneDrive\fatigue_cv\skenes_2026_season\keypoints\2ef8548c-2178-3e0a-a229-eeec8736cb8f.npz,1.03,15.17,16.21
a62731bd-a778-3e59-97fd-4b7eb02338ca,823381,5,3,191,191,1.0,9,False,C:\Users\noahl\OneDrive\fatigue_cv\skenes_2026_season\keypoints\a62731bd-a778-3e59-97fd-4b7eb02338ca.npz,0.81,15.16,15.96
c568a83b-93c4-3cfd-a47c-e7b215f670fa,823381,5,4,191,191,1.0,9,False,C:\Users\noahl\OneDrive\fatigue_cv\skenes_2026_season\keypoints\c568a83b-93c4-3cfd-a47c-e7b215f670fa.npz,0.94,16.08,17.02
2ef09ee9-2cbe-37dd-b491-ec7f80cd884f,823381,5,1,191,191,1.0,9,False,C:\Users\noahl\OneDrive\fatigue_cv\skenes_2026_season\keypoints\2ef09ee9-2cbe-37dd-b491-ec7f80cd884f.npz,0.81,15.74,16.55
a17a7906-8bdb-3037-9874-1675dd34dcae,823381,5,2,191,191,1.0,9,False,C:\Users\noahl\OneDrive\fatigue_cv\skenes_2026_season\keypoints\a17a7906-8bdb-3037-9874-1675dd34dcae.npz,0.7,15.92,16.63
76a522b0-15f7-32f9-8208-0f76bb414a31,823381,5,3,191,191,1.0,9,False,C:\Users\noahl\OneDrive\fatigue_cv\skenes_2026_season\keypoints\76a522b0-15f7-32f9-8208-0f76bb414a31.npz,2.01,15.93,17.95
e1c6e131-8ae8-3011-b921-c3ed25ee55c1,823381,5,4,191,191,1.0,9,False,C:\Users\noahl\OneDrive\fatigue_cv\skenes_2026_season\keypoints\e1c6e131-8ae8-3011-b921-c3ed25ee55c1.npz,1.08,16.27,17.35
96c6be50-b686-389d-9bfc-3291c314d5bc,823381,5,5,191,191,1.0,9,False,C:\Users\noahl\OneDrive\fatigue_cv\skenes_2026_season\keypoints\96c6be50-b686-389d-9bfc-3291c314d5bc.npz,1.17,15.43,16.6
0815d63a-7db4-300b-93ae-2d0829b966de,823381,6,1,191,191,1.0,9,False,C:\Users\noahl\OneDrive\fatigue_cv\skenes_2026_season\keypoints\0815d63a-7db4-300b-93ae-2d0829b966de.npz,1.17,15.41,16.59
f0196093-ebe8-33cb-932c-ed788a588ab8,823381,6,2,191,191,1.0,9,False,C:\Users\noahl\OneDrive\fatigue_cv\skenes_2026_season\keypoints\f0196093-ebe8-33cb-932c-ed788a588ab8.npz,1.8,15.84,17.64
387de8ce-c80c-34aa-ba2d-ffbbe1c2285f,823381,6,1,191,191,1.0,9,False,C:\Users\noahl\OneDrive\fatigue_cv\skenes_2026_season\keypoints\387de8ce-c80c-34aa-ba2d-ffbbe1c2285f.npz,0.89,14.66,15.56
0940ba1c-b4dd-31b9-90ac-46b90dcd0f22,823381,6,2,191,191,1.0,9,False,C:\Users\noahl\OneDrive\fatigue_cv\skenes_2026_season\keypoints\0940ba1c-b4dd-31b9-90ac-46b90dcd0f22.npz,0.87,14.68,15.56
ea287ae3-9c24-31f5-8e06-8aa4f91166cb,823381,6,1,191,191,1.0,9,False,C:\Users\noahl\OneDrive\fatigue_cv\skenes_2026_season\keypoints\ea287ae3-9c24-31f5-8e06-8aa4f91166cb.npz,1.43,15.31,16.74
16724895-392b-3115-a208-41b540beb113,823381,6,2,191,191,1.0,9,False,C:\Users\noahl\OneDrive\fatigue_cv\skenes_2026_season\keypoints\16724895-392b-3115-a208-41b540beb113.npz,1.25,14.58,15.83
bf8fc21f-7a48-356b-ac4c-6b876de8236c,823381,6,3,191,191,1.0,9,False,C:\Users\noahl\OneDrive\fatigue_cv\skenes_2026_season\keypoints\bf8fc21f-7a48-356b-ac4c-6b876de8236c.npz,1.2,15.62,16.82
297bfca9-6196-326d-93c7-a9e25687450b,822814,1,1,191,191,1.0,9,False,C:\Users\noahl\OneDrive\fatigue_cv\skenes_2026_season\keypoints\297bfca9-6196-326d-93c7-a9e25687450b.npz,1.43,15.64,17.08
97920247-931a-3d68-aa65-136b9de9b0fd,822814,1,2,191,191,1.0,9,False,C:\Users\noahl\OneDrive\fatigue_cv\skenes_2026_season\keypoints\97920247-931a-3d68-aa65-136b9de9b0fd.npz,0.93,16.54,17.46
91054d79-e9f6-378f-9270-5527b9b225c1,822814,1,3,191,191,1.0,9,False,C:\Users\noahl\OneDrive\fatigue_cv\skenes_2026_season\keypoints\91054d79-e9f6-378f-9270-5527b9b225c1.npz,0.89,16.03,16.92
fb3d7c84-0c45-3c0f-b809-3857c823c9fb,822814,1,1,191,191,1.0,9,False,C:\Users\noahl\OneDrive\fatigue_cv\skenes_2026_season\keypoints\fb3d7c84-0c45-3c0f-b809-3857c823c9fb.npz,1.15,16.13,17.28
9ac6df57-aa9e-3760-8268-b17fec9582b7,822814,1,2,191,191,1.0,9,False,C:\Users\noahl\OneDrive\fatigue_cv\skenes_2026_season\keypoints\9ac6df57-aa9e-3760-8268-b17fec9582b7.npz,1.3,16.28,17.58
77ae98fc-3429-3ef3-bf4a-9413a8323f39,822814,1,3,191,191,1.0,9,False,C:\Users\noahl\OneDrive\fatigue_cv\skenes_2026_season\keypoints\77ae98fc-3429-3ef3-bf4a-9413a8323f39.npz,0.79,15.87,16.66
01bf1a09-cc1a-3191-9ca6-d4f3f981a670,822814,1,4,191,191,1.0,9,False,C:\Users\noahl\OneDrive\fatigue_cv\skenes_2026_season\keypoints\01bf1a09-cc1a-3191-9ca6-d4f3f981a670.npz,1.13,15.27,16.41
c5f4bd24-f063-35a8-8495-51bb771f664f,822814,1,1,191,191,1.0,9,False,C:\Users\noahl\OneDrive\fatigue_cv\skenes_2026_season\keypoints\c5f4bd24-f063-35a8-8495-51bb771f664f.npz,1.29,15.6,16.9
02479974-e6e9-3865-94b4-0927379f4c45,822814,1,2,191,191,1.0,9,False,C:\Users\noahl\OneDrive\fatigue_cv\skenes_2026_season\keypoints\02479974-e6e9-3865-94b4-0927379f4c45.npz,0.77,15.83,16.6
a09550b7-97d6-3ef6-8382-6ad18098ee4f,822814,1,3,191,191,1.0,9,False,C:\Users\noahl\OneDrive\fatigue_cv\skenes_2026_season\keypoints\a09550b7-97d6-3ef6-8382-6ad18098ee4f.npz,0.9,15.4,16.3
2d0ad9e5-4e49-3541-ae15-f38867adada1,822814,1,4,191,191,1.0,9,False,C:\Users\noahl\OneDrive\fatigue_cv\skenes_2026_season\keypoints\2d0ad9e5-4e49-3541-ae15-f38867adada1.npz,0.88,15.05,15.93
7f07f6e9-25d9-32a7-b8cc-dba65292431d,822814,1,1,191,191,1.0,9,False,C:\Users\noahl\OneDrive\fatigue_cv\skenes_2026_season\keypoints\7f07f6e9-25d9-32a7-b8cc-dba65292431d.npz,0.96,15.3,16.25
fb300904-b2e4-3315-b68f-21b38d64170c,822814,1,2,191,191,1.0,9,False,C:\Users\noahl\OneDrive\fatigue_cv\skenes_2026_season\keypoints\fb300904-b2e4-3315-b68f-21b38d64170c.npz,0.93,15.02,15.95
dd5a263b-fef7-3e44-b726-b68a383c9aeb,822814,1,3,191,191,1.0,9,False,C:\Users\noahl\OneDrive\fatigue_cv\skenes_2026_season\keypoints\dd5a263b-fef7-3e44-b726-b68a383c9aeb.npz,1.84,15.97,17.81
7d92cc9b-03e2-356b-9f5d-669f9998b943,822814,1,4,191,191,1.0,9,False,C:\Users\noahl\OneDrive\fatigue_cv\skenes_2026_season\keypoints\7d92cc9b-03e2-356b-9f5d-669f9998b943.npz,1.44,15.16,16.6
79401766-1c6d-3213-9102-ea926ddb8fd5,822814,1,5,191,191,1.0,9,False,C:\Users\noahl\OneDrive\fatigue_cv\skenes_2026_season\keypoints\79401766-1c6d-3213-9102-ea926ddb8fd5.npz,1.47,15.69,17.16
8894ef54-384a-3d34-b9aa-2578f53054cc,822814,1,6,191,191,1.0,9,False,C:\Users\noahl\OneDrive\fatigue_cv\skenes_2026_season\keypoints\8894ef54-384a-3d34-b9aa-2578f53054cc.npz,1.55,15.8,17.36
136a13bf-7a0d-31ec-aabd-95fd501010f1,822814,1,7,191,191,1.0,9,False,C:\Users\noahl\OneDrive\fatigue_cv\skenes_2026_season\keypoints\136a13bf-7a0d-31ec-aabd-95fd501010f1.npz,1.39,15.66,17.06
a1a35d73-5f57-3471-8f0d-c69a982a57d9,822814,1,1,191,191,1.0,9,False,C:\Users\noahl\OneDrive\fatigue_cv\skenes_2026_season\keypoints\a1a35d73-5f57-3471-8f0d-c69a982a57d9.npz,0.87,15.68,16.56
88f39614-d59f-3b80-b64d-77ba23fd6f6d,822814,1,2,191,191,1.0,9,False,C:\Users\noahl\OneDrive\fatigue_cv\skenes_2026_season\keypoints\88f39614-d59f-3b80-b64d-77ba23fd6f6d.npz,1.13,15.61,16.73
4b40a5b6-758f-3747-a652-46b9610ec013,822814,1,3,191,191,1.0,9,False,C:\Users\noahl\OneDrive\fatigue_cv\skenes_2026_season\keypoints\4b40a5b6-758f-3747-a652-46b9610ec013.npz,1.85,15.68,17.53
76cf7faa-cbb3-3517-86a8-758d8563c032,822814,2,1,191,191,1.0,9,False,C:\Users\noahl\OneDrive\fatigue_cv\skenes_2026_season\keypoints\76cf7faa-cbb3-3517-86a8-758d8563c032.npz,1.15,15.83,16.98
550c4654-dc12-3aab-b121-fcfa127c3fb8,822814,2,1,191,191,1.0,9,False,C:\Users\noahl\OneDrive\fatigue_cv\skenes_2026_season\keypoints\550c4654-dc12-3aab-b121-fcfa127c3fb8.npz,0.93,15.44,16.37
45a6b133-1d64-3279-9e06-3e7e6d927434,822814,2,2,191,191,1.0,9,False,C:\Users\noahl\OneDrive\fatigue_cv\skenes_2026_season\keypoints\45a6b133-1d64-3279-9e06-3e7e6d927434.npz,1.21,15.36,16.58
4637af45-d791-37ac-9440-c743d252a77e,822814,2,3,191,191,1.0,9,False,C:\Users\noahl\OneDrive\fatigue_cv\skenes_2026_season\keypoints\4637af45-d791-37ac-9440-c743d252a77e.npz,1.44,14.34,15.78
d7032bb2-5a8c-3c45-bef2-2475ceff3c8a,822814,2,4,191,191,1.0,9,False,C:\Users\noahl\OneDrive\fatigue_cv\skenes_2026_season\keypoints\d7032bb2-5a8c-3c45-bef2-2475ceff3c8a.npz,1.01,15.09,16.1
9ab47477-800b-3c41-8738-e2d245e35872,822814,2,1,191,191,1.0,9,False,C:\Users\noahl\OneDrive\fatigue_cv\skenes_2026_season\keypoints\9ab47477-800b-3c41-8738-e2d245e35872.npz,1.21,14.65,15.86
0d4e9c32-fb0b-38eb-b38b-79de6763d420,822814,2,2,191,191,1.0,9,False,C:\Users\noahl\OneDrive\fatigue_cv\skenes_2026_season\keypoints\0d4e9c32-fb0b-38eb-b38b-79de6763d420.npz,0.82,14.63,15.45
c61cf885-27de-3756-98fc-9b46b1dca8ee,822814,2,3,191,186,0.974,9,False,C:\Users\noahl\OneDrive\fatigue_cv\skenes_2026_season\keypoints\c61cf885-27de-3756-98fc-9b46b1dca8ee.npz,1.14,14.72,15.86
e5871b99-2b48-3018-b4a2-b0b7c52a950c,822814,2,1,191,191,1.0,9,False,C:\Users\noahl\OneDrive\fatigue_cv\skenes_2026_season\keypoints\e5871b99-2b48-3018-b4a2-b0b7c52a950c.npz,1.12,15.33,16.45
739fc719-2b9a-3e00-a17b-874b9157837f,822814,2,2,191,191,1.0,9,False,C:\Users\noahl\OneDrive\fatigue_cv\skenes_2026_season\keypoints\739fc719-2b9a-3e00-a17b-874b9157837f.npz,1.47,15.61,17.08
5a94d2ac-5e23-3f3a-8257-0674f0e067b5,822814,2,3,191,191,1.0,9,False,C:\Users\noahl\OneDrive\fatigue_cv\skenes_2026_season\keypoints\5a94d2ac-5e23-3f3a-8257-0674f0e067b5.npz,1.42,15.98,17.4
5056e151-955d-371a-9973-2346dfa3b418,822814,2,4,191,191,1.0,9,False,C:\Users\noahl\OneDrive\fatigue_cv\skenes_2026_season\keypoints\5056e151-955d-371a-9973-2346dfa3b418.npz,0.76,15.18,15.94
b0435b03-297a-341c-b5c9-447ec936fb47,822814,3,1,191,191,1.0,9,False,C:\Users\noahl\OneDrive\fatigue_cv\skenes_2026_season\keypoints\b0435b03-297a-341c-b5c9-447ec936fb47.npz,1.3,15.13,16.43
ce637fbf-81c5-3ac6-82ff-ac46f6e34a02,822814,3,2,191,191,1.0,9,False,C:\Users\noahl\OneDrive\fatigue_cv\skenes_2026_season\keypoints\ce637fbf-81c5-3ac6-82ff-ac46f6e34a02.npz,1.04,15.26,16.3
c00f5223-2f4e-3d50-ad60-46af7cc2c3e6,822814,3,3,191,191,1.0,9,False,C:\Users\noahl\OneDrive\fatigue_cv\skenes_2026_season\keypoints\c00f5223-2f4e-3d50-ad60-46af7cc2c3e6.npz,1.11,15.56,16.68
e6edf55e-ee65-3dcd-87e4-8360307ac1ff,822814,3,4,191,191,1.0,9,False,C:\Users\noahl\OneDrive\fatigue_cv\skenes_2026_season\keypoints\e6edf55e-ee65-3dcd-87e4-8360307ac1ff.npz,1.07,15.56,16.63
28695904-cc59-361c-87c3-193084064411,822814,3,5,191,191,1.0,9,False,C:\Users\noahl\OneDrive\fatigue_cv\skenes_2026_season\keypoints\28695904-cc59-361c-87c3-193084064411.npz,0.98,15.68,16.66
8d84edd3-39a3-3763-8af3-be557046f5cc,822814,3,6,191,191,1.0,9,False,C:\Users\noahl\OneDrive\fatigue_cv\skenes_2026_season\keypoints\8d84edd3-39a3-3763-8af3-be557046f5cc.npz,1.17,14.95,16.12
b15bde12-caa1-3523-8c85-0c8c0422f4fb,822814,3,7,191,139,0.728,9,False,C:\Users\noahl\OneDrive\fatigue_cv\skenes_2026_season\keypoints\b15bde12-caa1-3523-8c85-0c8c0422f4fb.npz,1.01,15.26,16.27
c4ff29ce-d7fa-3775-a5ce-23f3ab85210d,822814,3,1,191,191,1.0,9,False,C:\Users\noahl\OneDrive\fatigue_cv\skenes_2026_season\keypoints\c4ff29ce-d7fa-3775-a5ce-23f3ab85210d.npz,1.18,15.55,16.74
ec7c6ec2-09c9-3e1e-9ce6-47e89310c69d,822814,3,2,191,191,1.0,9,False,C:\Users\noahl\OneDrive\fatigue_cv\skenes_2026_season\keypoints\ec7c6ec2-09c9-3e1e-9ce6-47e89310c69d.npz,0.87,15.6,16.47
55d40608-726a-3110-9a13-e96bbce56500,822814,3,3,191,191,1.0,9,False,C:\Users\noahl\OneDrive\fatigue_cv\skenes_2026_season\keypoints\55d40608-726a-3110-9a13-e96bbce56500.npz,1.17,14.86,16.03
904e19a8-1934-38b9-b92a-864e23ec30f0,822814,3,4,191,191,1.0,9,False,C:\Users\noahl\OneDrive\fatigue_cv\skenes_2026_season\keypoints\904e19a8-1934-38b9-b92a-864e23ec30f0.npz,1.09,15.62,16.71
45a6ea9c-f400-3b90-bdd9-54d5ffa2fff5,822814,3,1,191,191,1.0,9,False,C:\Users\noahl\OneDrive\fatigue_cv\skenes_2026_season\keypoints\45a6ea9c-f400-3b90-bdd9-54d5ffa2fff5.npz,1.74,15.72,17.46
ced4e672-89bc-3ac0-9095-f3bf6aacd8f5,822814,3,2,191,191,1.0,9,False,C:\Users\noahl\OneDrive\fatigue_cv\skenes_2026_season\keypoints\ced4e672-89bc-3ac0-9095-f3bf6aacd8f5.npz,1.58,15.65,17.24
49ece6c6-52ab-3175-b1b0-ffe3eb421635,822814,4,1,191,191,1.0,9,False,C:\Users\noahl\OneDrive\fatigue_cv\skenes_2026_season\keypoints\49ece6c6-52ab-3175-b1b0-ffe3eb421635.npz,0.82,15.73,16.56
1a9b6df5-fbf7-3442-b3d6-f9a770a7746a,822814,4,2,191,191,1.0,9,False,C:\Users\noahl\OneDrive\fatigue_cv\skenes_2026_season\keypoints\1a9b6df5-fbf7-3442-b3d6-f9a770a7746a.npz,1.08,16.08,17.17
673199fb-43dd-3f63-907e-99aa6525f4be,822814,4,3,191,191,1.0,9,False,C:\Users\noahl\OneDrive\fatigue_cv\skenes_2026_season\keypoints\673199fb-43dd-3f63-907e-99aa6525f4be.npz,1.48,15.68,17.17
89dd1460-1c53-30d0-a7e1-ea80d3b8b0b8,822814,4,4,191,191,1.0,9,False,C:\Users\noahl\OneDrive\fatigue_cv\skenes_2026_season\keypoints\89dd1460-1c53-30d0-a7e1-ea80d3b8b0b8.npz,0.92,15.7,16.63
54017e8b-03f9-3649-9ac2-1895cb8c2296,822814,4,5,191,191,1.0,9,False,C:\Users\noahl\OneDrive\fatigue_cv\skenes_2026_season\keypoints\54017e8b-03f9-3649-9ac2-1895cb8c2296.npz,2.15,15.31,17.46
182eee8d-a9d9-3d9f-ae18-1d0d1efabf5e,822814,4,6,191,191,1.0,9,False,C:\Users\noahl\OneDrive\fatigue_cv\skenes_2026_season\keypoints\182eee8d-a9d9-3d9f-ae18-1d0d1efabf5e.npz,0.97,16.05,17.03
d825d667-489d-37b5-a2b3-9a1be304badf,822814,4,1,191,191,1.0,9,False,C:\Users\noahl\OneDrive\fatigue_cv\skenes_2026_season\keypoints\d825d667-489d-37b5-a2b3-9a1be304badf.npz,0.88,15.31,16.19
c668e341-b2df-395f-a6cb-88d8aec2783d,822814,4,2,191,191,1.0,9,False,C:\Users\noahl\OneDrive\fatigue_cv\skenes_2026_season\keypoints\c668e341-b2df-395f-a6cb-88d8aec2783d.npz,0.81,15.46,16.27
b8bcc696-e24e-3067-a917-c97cb8fbe22a,822814,4,3,191,191,1.0,9,False,C:\Users\noahl\OneDrive\fatigue_cv\skenes_2026_season\keypoints\b8bcc696-e24e-3067-a917-c97cb8fbe22a.npz,1.11,15.02,16.14
b73eacd5-2787-3ea6-8c47-286f4399ea52,822814,4,1,191,191,1.0,9,False,C:\Users\noahl\OneDrive\fatigue_cv\skenes_2026_season\keypoints\b73eacd5-2787-3ea6-8c47-286f4399ea52.npz,0.85,14.87,15.72
e29e62c4-19fe-300c-9886-1340a897e7c6,822814,4,2,191,191,1.0,9,False,C:\Users\noahl\OneDrive\fatigue_cv\skenes_2026_season\keypoints\e29e62c4-19fe-300c-9886-1340a897e7c6.npz,1.71,15.61,17.32
fa09e423-bc16-3d51-999b-e796e263f043,822814,4,3,191,191,1.0,9,False,C:\Users\noahl\OneDrive\fatigue_cv\skenes_2026_season\keypoints\fa09e423-bc16-3d51-999b-e796e263f043.npz,1.42,14.77,16.2
17d42576-c0fa-3d0d-b676-2c8a097f261d,822814,4,4,191,152,0.796,9,False,C:\Users\noahl\OneDrive\fatigue_cv\skenes_2026_season\keypoints\17d42576-c0fa-3d0d-b676-2c8a097f261d.npz,1.12,15.31,16.43
694d94e8-99fc-322d-b8e9-3eba51b99361,822814,4,1,191,191,1.0,9,False,C:\Users\noahl\OneDrive\fatigue_cv\skenes_2026_season\keypoints\694d94e8-99fc-322d-b8e9-3eba51b99361.npz,0.95,15.5,16.44
12524593-1069-3246-aba7-5b9faf40d10a,822814,4,2,191,191,1.0,9,False,C:\Users\noahl\OneDrive\fatigue_cv\skenes_2026_season\keypoints\12524593-1069-3246-aba7-5b9faf40d10a.npz,1.25,15.44,16.7
a99f5f56-df7d-3675-95fc-fbcbb3e4a0d6,822814,5,1,191,191,1.0,9,False,C:\Users\noahl\OneDrive\fatigue_cv\skenes_2026_season\keypoints\a99f5f56-df7d-3675-95fc-fbcbb3e4a0d6.npz,1.73,15.33,17.06
2c003125-5bb4-353c-a2ed-e32fb35a6d9b,822814,5,2,191,191,1.0,9,False,C:\Users\noahl\OneDrive\fatigue_cv\skenes_2026_season\keypoints\2c003125-5bb4-353c-a2ed-e32fb35a6d9b.npz,1.42,15.47,16.89
eca78cfd-6b74-3bbe-a8bf-3d3a4e2250ef,822814,5,3,191,191,1.0,9,False,C:\Users\noahl\OneDrive\fatigue_cv\skenes_2026_season\keypoints\eca78cfd-6b74-3bbe-a8bf-3d3a4e2250ef.npz,1.49,15.68,17.17
051b1250-e558-37d5-94b6-435923fdde89,822814,5,4,191,191,1.0,9,False,C:\Users\noahl\OneDrive\fatigue_cv\skenes_2026_season\keypoints\051b1250-e558-37d5-94b6-435923fdde89.npz,1.41,15.49,16.9
2fa46464-0223-3797-8b46-75c900a2cc5c,822814,5,5,191,191,1.0,9,False,C:\Users\noahl\OneDrive\fatigue_cv\skenes_2026_season\keypoints\2fa46464-0223-3797-8b46-75c900a2cc5c.npz,1.47,15.88,17.35
2db4b725-4c0f-391f-9c2e-723723b8ce77,822814,5,6,191,191,1.0,9,False,C:\Users\noahl\OneDrive\fatigue_cv\skenes_2026_season\keypoints\2db4b725-4c0f-391f-9c2e-723723b8ce77.npz,1.35,16.1,17.45
4b4d1a70-9e04-312f-82d1-e7f4f8d8446f,822814,5,7,191,190,0.995,9,False,C:\Users\noahl\OneDrive\fatigue_cv\skenes_2026_season\keypoints\4b4d1a70-9e04-312f-82d1-e7f4f8d8446f.npz,1.06,15.02,16.08
993a6bfa-ecac-32b4-a947-eea701f2ecc4,822814,5,1,191,191,1.0,9,False,C:\Users\noahl\OneDrive\fatigue_cv\skenes_2026_season\keypoints\993a6bfa-ecac-32b4-a947-eea701f2ecc4.npz,1.1,14.92,16.02
08b6df06-031c-39ec-bc6d-a75fa6ee1e24,822814,5,2,191,191,1.0,9,False,C:\Users\noahl\OneDrive\fatigue_cv\skenes_2026_season\keypoints\08b6df06-031c-39ec-bc6d-a75fa6ee1e24.npz,1.6,14.53,16.13
48500043-c72b-3514-9d9e-87a5a8ee10b6,822814,5,3,191,191,1.0,9,False,C:\Users\noahl\OneDrive\fatigue_cv\skenes_2026_season\keypoints\48500043-c72b-3514-9d9e-87a5a8ee10b6.npz,0.86,14.89,15.76
8e7eb484-deaf-3f61-9817-8f0a6ef7575c,822814,5,4,191,191,1.0,9,False,C:\Users\noahl\OneDrive\fatigue_cv\skenes_2026_season\keypoints\8e7eb484-deaf-3f61-9817-8f0a6ef7575c.npz,1.2,14.99,16.19
210f6d4b-82f5-37d3-817d-97ee702e996e,822814,5,5,191,191,1.0,9,False,C:\Users\noahl\OneDrive\fatigue_cv\skenes_2026_season\keypoints\210f6d4b-82f5-37d3-817d-97ee702e996e.npz,1.15,15.42,16.57
e7e89add-737c-3189-9a54-5f96cdaca3f0,822814,5,1,191,191,1.0,9,False,C:\Users\noahl\OneDrive\fatigue_cv\skenes_2026_season\keypoints\e7e89add-737c-3189-9a54-5f96cdaca3f0.npz,1.85,16.23,18.08
638b921f-0fec-3514-a7b9-173c234c42cd,822814,5,2,191,191,1.0,9,False,C:\Users\noahl\OneDrive\fatigue_cv\skenes_2026_season\keypoints\638b921f-0fec-3514-a7b9-173c234c42cd.npz,1.25,15.9,17.15
7e23a387-08d6-3d3c-8301-24d0ae0a71fc,822814,5,3,191,191,1.0,9,False,C:\Users\noahl\OneDrive\fatigue_cv\skenes_2026_season\keypoints\7e23a387-08d6-3d3c-8301-24d0ae0a71fc.npz,0.75,15.71,16.46
822b7159-eec1-34ba-bf81-e51f42dda201,822814,5,4,191,191,1.0,9,False,C:\Users\noahl\OneDrive\fatigue_cv\skenes_2026_season\keypoints\822b7159-eec1-34ba-bf81-e51f42dda201.npz,0.78,15.89,16.67
8175f20e-c433-35e2-8f60-b3b779effab6,822814,5,5,191,191,1.0,9,False,C:\Users\noahl\OneDrive\fatigue_cv\skenes_2026_season\keypoints\8175f20e-c433-35e2-8f60-b3b779effab6.npz,0.86,15.75,16.61
31a4a31e-1912-37b6-88b6-16d5008b3e66,822814,5,6,191,191,1.0,9,False,C:\Users\noahl\OneDrive\fatigue_cv\skenes_2026_season\keypoints\31a4a31e-1912-37b6-88b6-16d5008b3e66.npz,1.14,15.82,16.96
de18c5dc-b6ea-30eb-9ca8-9f2015d4dfd4,822814,5,1,191,191,1.0,9,False,C:\Users\noahl\OneDrive\fatigue_cv\skenes_2026_season\keypoints\de18c5dc-b6ea-30eb-9ca8-9f2015d4dfd4.npz,1.21,15.7,16.92
205dd0b0-5e9e-3a36-a30a-8a2fbd52482c,822814,5,2,191,191,1.0,9,False,C:\Users\noahl\OneDrive\fatigue_cv\skenes_2026_season\keypoints\205dd0b0-5e9e-3a36-a30a-8a2fbd52482c.npz,1.51,15.13,16.64
fd01e01b-75e7-3d11-9c67-92d269064146,822814,6,1,191,191,1.0,9,False,C:\Users\noahl\OneDrive\fatigue_cv\skenes_2026_season\keypoints\fd01e01b-75e7-3d11-9c67-92d269064146.npz,1.11,15.32,16.43
aa16a8fb-d974-3e39-a99d-076b82711ebd,822814,6,2,191,191,1.0,9,False,C:\Users\noahl\OneDrive\fatigue_cv\skenes_2026_season\keypoints\aa16a8fb-d974-3e39-a99d-076b82711ebd.npz,1.63,15.56,17.19
a5d86671-52dd-37e1-ad48-1f77f5e9fab3,822814,6,3,191,191,1.0,9,False,C:\Users\noahl\OneDrive\fatigue_cv\skenes_2026_season\keypoints\a5d86671-52dd-37e1-ad48-1f77f5e9fab3.npz,1.63,15.23,16.87
4010925d-ac91-388e-80bc-922b5b3e895d,822814,6,4,191,191,1.0,9,False,C:\Users\noahl\OneDrive\fatigue_cv\skenes_2026_season\keypoints\4010925d-ac91-388e-80bc-922b5b3e895d.npz,0.92,15.08,16.0
ce18feb1-0cc1-3565-8505-89ad58f5580c,822814,6,5,191,191,1.0,9,False,C:\Users\noahl\OneDrive\fatigue_cv\skenes_2026_season\keypoints\ce18feb1-0cc1-3565-8505-89ad58f5580c.npz,1.19,14.87,16.06
f7ae852d-caa9-3122-8cf7-199fa0e7ab09,822814,6,6,191,191,1.0,9,False,C:\Users\noahl\OneDrive\fatigue_cv\skenes_2026_season\keypoints\f7ae852d-caa9-3122-8cf7-199fa0e7ab09.npz,1.0,14.7,15.7
f5f1feea-a062-3b19-964d-c65ed7dcfca5,822814,6,1,191,191,1.0,9,False,C:\Users\noahl\OneDrive\fatigue_cv\skenes_2026_season\keypoints\f5f1feea-a062-3b19-964d-c65ed7dcfca5.npz,1.19,15.64,16.83
8cacba19-8a46-33ad-9208-d37322a5a1a2,822814,6,1,191,191,1.0,9,False,C:\Users\noahl\OneDrive\fatigue_cv\skenes_2026_season\keypoints\8cacba19-8a46-33ad-9208-d37322a5a1a2.npz,1.66,15.7,17.36
5e47754e-4aef-35da-9b44-7ff8b18842bf,822814,6,2,191,191,1.0,9,False,C:\Users\noahl\OneDrive\fatigue_cv\skenes_2026_season\keypoints\5e47754e-4aef-35da-9b44-7ff8b18842bf.npz,1.26,15.82,17.08
abd5527c-c563-3fce-9356-80df43bddd38,822814,6,3,191,191,1.0,9,False,C:\Users\noahl\OneDrive\fatigue_cv\skenes_2026_season\keypoints\abd5527c-c563-3fce-9356-80df43bddd38.npz,1.36,15.1,16.47
fc1a388e-0188-3e2d-a12c-33334a092f91,822814,6,4,191,191,1.0,9,False,C:\Users\noahl\OneDrive\fatigue_cv\skenes_2026_season\keypoints\fc1a388e-0188-3e2d-a12c-33334a092f91.npz,1.39,15.82,17.21
a4745e2a-8743-312b-9c1a-199c20fd8dcf,822814,6,5,191,191,1.0,9,False,C:\Users\noahl\OneDrive\fatigue_cv\skenes_2026_season\keypoints\a4745e2a-8743-312b-9c1a-199c20fd8dcf.npz,1.24,15.51,16.75
72543912-c363-3989-973c-455b02633ee2,822814,6,6,191,191,1.0,9,False,C:\Users\noahl\OneDrive\fatigue_cv\skenes_2026_season\keypoints\72543912-c363-3989-973c-455b02633ee2.npz,1.08,15.29,16.37
f45c3410-5bd9-3193-b5c3-cfa0e501dabf,822814,6,7,191,191,1.0,9,False,C:\Users\noahl\OneDrive\fatigue_cv\skenes_2026_season\keypoints\f45c3410-5bd9-3193-b5c3-cfa0e501dabf.npz,1.09,15.78,16.87
7f410436-9eee-37f1-8bbd-1c13d8a451c6,822814,6,8,191,191,1.0,9,False,C:\Users\noahl\OneDrive\fatigue_cv\skenes_2026_season\keypoints\7f410436-9eee-37f1-8bbd-1c13d8a451c6.npz,1.23,16.25,17.48
abc59c30-7277-32e0-83bc-39617f1cb8e4,822814,6,9,191,191,1.0,9,False,C:\Users\noahl\OneDrive\fatigue_cv\skenes_2026_season\keypoints\abc59c30-7277-32e0-83bc-39617f1cb8e4.npz,1.01,14.92,15.93
96cdbd61-5698-322d-b7b4-520bd36d6be1,822814,6,1,191,185,0.969,9,False,C:\Users\noahl\OneDrive\fatigue_cv\skenes_2026_season\keypoints\96cdbd61-5698-322d-b7b4-520bd36d6be1.npz,1.02,15.27,16.29
6cf71315-1c14-3106-a54f-3397fa8e64f9,823378,1,1,191,191,1.0,9,False,C:\Users\noahl\OneDrive\fatigue_cv\skenes_2026_season\keypoints\6cf71315-1c14-3106-a54f-3397fa8e64f9.npz,1.35,14.61,15.96
f39ab741-b355-3957-b515-cf5f06acbf1b,823378,1,2,191,191,1.0,9,False,C:\Users\noahl\OneDrive\fatigue_cv\skenes_2026_season\keypoints\f39ab741-b355-3957-b515-cf5f06acbf1b.npz,1.24,15.0,16.24
a28becfd-3468-310b-b286-b88ad5f2481c,823378,1,3,191,191,1.0,9,False,C:\Users\noahl\OneDrive\fatigue_cv\skenes_2026_season\keypoints\a28becfd-3468-310b-b286-b88ad5f2481c.npz,1.06,15.06,16.12
d340d4a3-65d1-39b4-a2ff-e361cad12ac3,823378,1,4,191,191,1.0,9,False,C:\Users\noahl\OneDrive\fatigue_cv\skenes_2026_season\keypoints\d340d4a3-65d1-39b4-a2ff-e361cad12ac3.npz,1.11,15.86,16.97
9ae1baed-791b-36ad-a5da-86e85c882447,823378,1,5,191,191,1.0,9,False,C:\Users\noahl\OneDrive\fatigue_cv\skenes_2026_season\keypoints\9ae1baed-791b-36ad-a5da-86e85c882447.npz,0.93,15.62,16.55
29b08652-4db6-366d-ba92-68fd9bd8aa80,823378,1,6,191,130,0.681,9,False,C:\Users\noahl\OneDrive\fatigue_cv\skenes_2026_season\keypoints\29b08652-4db6-366d-ba92-68fd9bd8aa80.npz,1.75,15.61,17.36
5b719641-799f-388c-beb1-77c2679a8bf2,823378,1,1,191,191,1.0,9,False,C:\Users\noahl\OneDrive\fatigue_cv\skenes_2026_season\keypoints\5b719641-799f-388c-beb1-77c2679a8bf2.npz,1.17,15.68,16.85
be71103b-8cc5-3416-828e-03c69bba438d,823378,1,2,191,191,1.0,9,False,C:\Users\noahl\OneDrive\fatigue_cv\skenes_2026_season\keypoints\be71103b-8cc5-3416-828e-03c69bba438d.npz,1.17,15.66,16.84
21f72390-8350-3d00-b52d-c3ec8981bdc5,823378,1,3,191,191,1.0,9,False,C:\Users\noahl\OneDrive\fatigue_cv\skenes_2026_season\keypoints\21f72390-8350-3d00-b52d-c3ec8981bdc5.npz,1.56,15.27,16.83
b06f45b5-9f98-32c0-830a-d245f56d1bb8,823378,1,4,191,191,1.0,9,False,C:\Users\noahl\OneDrive\fatigue_cv\skenes_2026_season\keypoints\b06f45b5-9f98-32c0-830a-d245f56d1bb8.npz,1.09,15.71,16.81
8f6b4261-dea4-361d-8260-ce2c8a72f279,823378,1,5,191,191,1.0,9,False,C:\Users\noahl\OneDrive\fatigue_cv\skenes_2026_season\keypoints\8f6b4261-dea4-361d-8260-ce2c8a72f279.npz,1.76,15.53,17.28
51559379-9549-3451-826d-e5f9e4cbcd0f,823378,1,1,191,191,1.0,9,False,C:\Users\noahl\OneDrive\fatigue_cv\skenes_2026_season\keypoints\51559379-9549-3451-826d-e5f9e4cbcd0f.npz,1.15,15.71,16.86
e20eebf3-0f75-36f9-9b6f-0804794be62b,823378,1,2,191,191,1.0,9,False,C:\Users\noahl\OneDrive\fatigue_cv\skenes_2026_season\keypoints\e20eebf3-0f75-36f9-9b6f-0804794be62b.npz,1.25,14.96,16.22
89c8c415-5cb5-32aa-ad9c-ff036edb7318,823378,1,3,191,191,1.0,9,False,C:\Users\noahl\OneDrive\fatigue_cv\skenes_2026_season\keypoints\89c8c415-5cb5-32aa-ad9c-ff036edb7318.npz,1.18,15.89,17.07
b26bed7e-67bd-3ee2-851d-862e1707a0e5,823378,1,4,191,191,1.0,9,False,C:\Users\noahl\OneDrive\fatigue_cv\skenes_2026_season\keypoints\b26bed7e-67bd-3ee2-851d-862e1707a0e5.npz,1.19,15.33,16.52
fce5cdf4-3648-33ef-8482-14181153156b,823378,2,1,191,191,1.0,9,False,C:\Users\noahl\OneDrive\fatigue_cv\skenes_2026_season\keypoints\fce5cdf4-3648-33ef-8482-14181153156b.npz,1.17,15.84,17.01
7386dfe4-91fa-3e72-bb74-34300f44befe,823378,2,2,191,191,1.0,9,False,C:\Users\noahl\OneDrive\fatigue_cv\skenes_2026_season\keypoints\7386dfe4-91fa-3e72-bb74-34300f44befe.npz,1.17,16.5,17.66
3ce4d32c-f1d6-3b28-8d13-c614c9f8cb76,823378,2,3,191,191,1.0,9,False,C:\Users\noahl\OneDrive\fatigue_cv\skenes_2026_season\keypoints\3ce4d32c-f1d6-3b28-8d13-c614c9f8cb76.npz,1.44,15.22,16.66
81c4181e-b03b-3107-b396-8143867b72e2,823378,2,4,191,191,1.0,9,False,C:\Users\noahl\OneDrive\fatigue_cv\skenes_2026_season\keypoints\81c4181e-b03b-3107-b396-8143867b72e2.npz,1.15,16.16,17.32
e0f3ea3f-2d5c-32d6-848d-95bf0af3d736,823378,2,5,191,191,1.0,9,False,C:\Users\noahl\OneDrive\fatigue_cv\skenes_2026_season\keypoints\e0f3ea3f-2d5c-32d6-848d-95bf0af3d736.npz,1.66,15.87,17.54
1438e5a5-1447-35fe-a572-4d52d9a259c4,823378,2,1,191,191,1.0,9,False,C:\Users\noahl\OneDrive\fatigue_cv\skenes_2026_season\keypoints\1438e5a5-1447-35fe-a572-4d52d9a259c4.npz,1.21,15.98,17.19
ff81f947-1b74-328d-b4f8-b8cbc5f2360e,823378,2,2,191,191,1.0,9,False,C:\Users\noahl\OneDrive\fatigue_cv\skenes_2026_season\keypoints\ff81f947-1b74-328d-b4f8-b8cbc5f2360e.npz,1.05,15.56,16.62
48ffea7b-4f3a-3900-a592-e58f0a001eb3,823378,2,3,191,191,1.0,9,False,C:\Users\noahl\OneDrive\fatigue_cv\skenes_2026_season\keypoints\48ffea7b-4f3a-3900-a592-e58f0a001eb3.npz,0.81,15.2,16.01
b6fb2c48-424e-3388-b1ba-ffc1c489bde3,823378,2,4,191,191,1.0,9,False,C:\Users\noahl\OneDrive\fatigue_cv\skenes_2026_season\keypoints\b6fb2c48-424e-3388-b1ba-ffc1c489bde3.npz,1.06,16.02,17.08
6ea469ac-e197-39d4-b49d-5645635ee21f,823378,2,5,191,191,1.0,9,False,C:\Users\noahl\OneDrive\fatigue_cv\skenes_2026_season\keypoints\6ea469ac-e197-39d4-b49d-5645635ee21f.npz,1.27,15.36,16.63
bba14bfa-dc68-388d-aa6b-384de2c3492a,823378,2,1,191,191,1.0,9,False,C:\Users\noahl\OneDrive\fatigue_cv\skenes_2026_season\keypoints\bba14bfa-dc68-388d-aa6b-384de2c3492a.npz,1.55,15.57,17.13
0ccabc3b-ae17-3fb3-a81d-4091089393fa,823378,2,2,191,191,1.0,9,False,C:\Users\noahl\OneDrive\fatigue_cv\skenes_2026_season\keypoints\0ccabc3b-ae17-3fb3-a81d-4091089393fa.npz,1.46,15.49,16.95
e8d075b2-d310-323e-9547-52101e9d1614,823378,2,3,191,191,1.0,9,False,C:\Users\noahl\OneDrive\fatigue_cv\skenes_2026_season\keypoints\e8d075b2-d310-323e-9547-52101e9d1614.npz,1.38,14.75,16.13
9a88e14b-bc9c-3f3f-aeec-e67fa67f3a8b,823378,2,4,191,191,1.0,9,False,C:\Users\noahl\OneDrive\fatigue_cv\skenes_2026_season\keypoints\9a88e14b-bc9c-3f3f-aeec-e67fa67f3a8b.npz,1.19,14.63,15.83
26079218-771e-38f2-82dc-1480b852e713,823378,2,5,191,191,1.0,9,False,C:\Users\noahl\OneDrive\fatigue_cv\skenes_2026_season\keypoints\26079218-771e-38f2-82dc-1480b852e713.npz,1.68,15.26,16.95
69322ab4-3ee9-34a8-b085-88e34c0b8cb0,823378,2,6,191,191,1.0,9,False,C:\Users\noahl\OneDrive\fatigue_cv\skenes_2026_season\keypoints\69322ab4-3ee9-34a8-b085-88e34c0b8cb0.npz,0.81,14.81,15.63
0c45c768-66d8-3c81-b261-4af04334a568,823378,3,1,191,191,1.0,9,False,C:\Users\noahl\OneDrive\fatigue_cv\skenes_2026_season\keypoints\0c45c768-66d8-3c81-b261-4af04334a568.npz,0.79,15.14,15.93
bf3268f8-4c86-3cb7-ba61-760fcbddfb59,823378,3,2,191,191,1.0,9,False,C:\Users\noahl\OneDrive\fatigue_cv\skenes_2026_season\keypoints\bf3268f8-4c86-3cb7-ba61-760fcbddfb59.npz,1.07,15.53,16.6
95f20092-de6e-363a-924f-4feb618229a9,823378,3,3,191,191,1.0,9,False,C:\Users\noahl\OneDrive\fatigue_cv\skenes_2026_season\keypoints\95f20092-de6e-363a-924f-4feb618229a9.npz,1.41,15.44,16.86
9a3905e5-8b6a-3a60-b81d-4ce525c1b60c,823378,3,4,191,155,0.812,9,False,C:\Users\noahl\OneDrive\fatigue_cv\skenes_2026_season\keypoints\9a3905e5-8b6a-3a60-b81d-4ce525c1b60c.npz,1.93,15.43,17.36
6b6f07b4-d006-303b-be5a-8aac861526e2,823378,3,1,191,191,1.0,9,False,C:\Users\noahl\OneDrive\fatigue_cv\skenes_2026_season\keypoints\6b6f07b4-d006-303b-be5a-8aac861526e2.npz,0.93,16.46,17.39
8802a121-52cf-3260-aac0-f4bcfbe5521e,823378,3,2,191,191,1.0,9,False,C:\Users\noahl\OneDrive\fatigue_cv\skenes_2026_season\keypoints\8802a121-52cf-3260-aac0-f4bcfbe5521e.npz,1.08,15.54,16.62
9cd5074f-604a-385b-b477-dd89b24732bf,823378,3,3,191,191,1.0,9,False,C:\Users\noahl\OneDrive\fatigue_cv\skenes_2026_season\keypoints\9cd5074f-604a-385b-b477-dd89b24732bf.npz,1.4,15.54,16.95
735fc8a9-795e-37b4-bcea-68ec8781930a,823378,3,4,191,191,1.0,9,False,C:\Users\noahl\OneDrive\fatigue_cv\skenes_2026_season\keypoints\735fc8a9-795e-37b4-bcea-68ec8781930a.npz,1.35,15.42,16.77
2c44e282-49a1-3e6f-9c9d-6df9f248cb78,823378,3,5,191,191,1.0,9,False,C:\Users\noahl\OneDrive\fatigue_cv\skenes_2026_season\keypoints\2c44e282-49a1-3e6f-9c9d-6df9f248cb78.npz,1.25,15.73,16.98
b929021a-fc5e-3034-8e3d-ef1eea7e7883,823378,3,6,191,191,1.0,9,False,C:\Users\noahl\OneDrive\fatigue_cv\skenes_2026_season\keypoints\b929021a-fc5e-3034-8e3d-ef1eea7e7883.npz,1.18,14.91,16.09
6699c6c7-d90f-32e7-822e-f2b32fef1036,823378,3,1,191,191,1.0,9,False,C:\Users\noahl\OneDrive\fatigue_cv\skenes_2026_season\keypoints\6699c6c7-d90f-32e7-822e-f2b32fef1036.npz,1.25,15.82,17.07
69a76e72-856f-3f04-96d2-e80dbaa578e1,823378,3,2,191,191,1.0,9,False,C:\Users\noahl\OneDrive\fatigue_cv\skenes_2026_season\keypoints\69a76e72-856f-3f04-96d2-e80dbaa578e1.npz,1.24,15.0,16.24
2663705e-d2f4-33a0-8eee-cc16648dffa5,823378,3,3,191,191,1.0,9,False,C:\Users\noahl\OneDrive\fatigue_cv\skenes_2026_season\keypoints\2663705e-d2f4-33a0-8eee-cc16648dffa5.npz,1.86,15.11,16.97
f89ca8d1-52f3-3e13-b6c1-504c580ebabe,823378,3,4,191,191,1.0,9,False,C:\Users\noahl\OneDrive\fatigue_cv\skenes_2026_season\keypoints\f89ca8d1-52f3-3e13-b6c1-504c580ebabe.npz,1.43,14.73,16.17
90a47397-e7dc-3843-8133-715238d4fdf9,823378,3,5,191,191,1.0,9,False,C:\Users\noahl\OneDrive\fatigue_cv\skenes_2026_season\keypoints\90a47397-e7dc-3843-8133-715238d4fdf9.npz,0.92,15.03,15.95
1f9e99a4-bf6d-3332-a7a2-7d67fbb90635,823378,3,1,191,191,1.0,9,False,C:\Users\noahl\OneDrive\fatigue_cv\skenes_2026_season\keypoints\1f9e99a4-bf6d-3332-a7a2-7d67fbb90635.npz,1.12,15.45,16.58
9a9edf06-d470-3401-a581-5d518b6ae20a,823378,3,2,191,191,1.0,9,False,C:\Users\noahl\OneDrive\fatigue_cv\skenes_2026_season\keypoints\9a9edf06-d470-3401-a581-5d518b6ae20a.npz,1.33,16.17,17.51
36b9064d-b85c-3b0a-b0af-f99665520c69,823378,3,3,191,191,1.0,9,False,C:\Users\noahl\OneDrive\fatigue_cv\skenes_2026_season\keypoints\36b9064d-b85c-3b0a-b0af-f99665520c69.npz,1.01,16.38,17.4
99c044f2-5ce6-3ce0-b34f-970f7be50563,823378,4,1,191,151,0.791,9,False,C:\Users\noahl\OneDrive\fatigue_cv\skenes_2026_season\keypoints\99c044f2-5ce6-3ce0-b34f-970f7be50563.npz,0.92,16.38,17.29
45d0dfd0-9d88-3c0e-9ed8-303c37c53e39,823378,4,2,191,191,1.0,9,False,C:\Users\noahl\OneDrive\fatigue_cv\skenes_2026_season\keypoints\45d0dfd0-9d88-3c0e-9ed8-303c37c53e39.npz,1.41,15.92,17.33
fe027da0-9f63-311e-a976-87eb5f8041dd,823378,4,3,191,191,1.0,9,False,C:\Users\noahl\OneDrive\fatigue_cv\skenes_2026_season\keypoints\fe027da0-9f63-311e-a976-87eb5f8041dd.npz,1.23,16.13,17.36
442f8a77-06bf-3c41-b8ed-fd9d641454d3,823378,4,1,191,191,1.0,9,False,C:\Users\noahl\OneDrive\fatigue_cv\skenes_2026_season\keypoints\442f8a77-06bf-3c41-b8ed-fd9d641454d3.npz,0.88,16.02,16.9
eac6e9f2-2756-30cc-a372-b468f936500d,823378,4,2,191,191,1.0,9,False,C:\Users\noahl\OneDrive\fatigue_cv\skenes_2026_season\keypoints\eac6e9f2-2756-30cc-a372-b468f936500d.npz,1.37,15.24,16.61
c36138c9-819a-37d6-9734-c2ae544b4d2b,823378,4,3,191,191,1.0,9,False,C:\Users\noahl\OneDrive\fatigue_cv\skenes_2026_season\keypoints\c36138c9-819a-37d6-9734-c2ae544b4d2b.npz,1.14,15.08,16.22
d936f019-b260-3d47-9687-4c936c5c0935,823378,4,4,191,191,1.0,9,False,C:\Users\noahl\OneDrive\fatigue_cv\skenes_2026_season\keypoints\d936f019-b260-3d47-9687-4c936c5c0935.npz,1.57,15.83,17.4
c0c58844-46ea-3e24-b94d-10fc3ece07f3,823378,4,5,191,191,1.0,9,False,C:\Users\noahl\OneDrive\fatigue_cv\skenes_2026_season\keypoints\c0c58844-46ea-3e24-b94d-10fc3ece07f3.npz,1.39,15.02,16.41
d9eca27c-6832-378a-aa9d-595d77199f28,823378,4,1,191,191,1.0,9,False,C:\Users\noahl\OneDrive\fatigue_cv\skenes_2026_season\keypoints\d9eca27c-6832-378a-aa9d-595d77199f28.npz,1.33,15.23,16.56
24eb89d3-431b-31b0-a49d-f83a46c8be2e,823378,4,2,191,191,1.0,9,False,C:\Users\noahl\OneDrive\fatigue_cv\skenes_2026_season\keypoints\24eb89d3-431b-31b0-a49d-f83a46c8be2e.npz,1.13,15.7,16.83
0134a9ff-8fc9-3583-93ba-b4bf4bb36e3b,823378,4,3,191,191,1.0,9,False,C:\Users\noahl\OneDrive\fatigue_cv\skenes_2026_season\keypoints\0134a9ff-8fc9-3583-93ba-b4bf4bb36e3b.npz,1.35,14.99,16.34
dca29b39-4ba1-3e7c-b4b3-6ee99b8f44e9,823378,4,4,191,191,1.0,9,False,C:\Users\noahl\OneDrive\fatigue_cv\skenes_2026_season\keypoints\dca29b39-4ba1-3e7c-b4b3-6ee99b8f44e9.npz,1.13,15.35,16.48
33db7acb-6141-325a-971a-027548a22f0c,823378,4,5,191,191,1.0,9,False,C:\Users\noahl\OneDrive\fatigue_cv\skenes_2026_season\keypoints\33db7acb-6141-325a-971a-027548a22f0c.npz,1.1,16.26,17.36
6b676e17-98dd-39fd-b629-152370ba42a0,823378,4,6,191,191,1.0,9,False,C:\Users\noahl\OneDrive\fatigue_cv\skenes_2026_season\keypoints\6b676e17-98dd-39fd-b629-152370ba42a0.npz,1.17,15.72,16.89
52ebdf82-3696-3e75-afb1-f6505e554a10,823378,4,7,191,191,1.0,9,False,C:\Users\noahl\OneDrive\fatigue_cv\skenes_2026_season\keypoints\52ebdf82-3696-3e75-afb1-f6505e554a10.npz,1.48,15.95,17.43
d224f94c-630d-3d95-a9bf-b71d94a27be8,823378,4,1,191,191,1.0,9,False,C:\Users\noahl\OneDrive\fatigue_cv\skenes_2026_season\keypoints\d224f94c-630d-3d95-a9bf-b71d94a27be8.npz,1.01,15.45,16.46
2f926cee-8566-3c4d-aa5f-7dd07dc9d2ca,823378,4,2,191,191,1.0,9,False,C:\Users\noahl\OneDrive\fatigue_cv\skenes_2026_season\keypoints\2f926cee-8566-3c4d-aa5f-7dd07dc9d2ca.npz,1.12,16.01,17.14
c83a032f-8ca9-3bc5-a7ab-79f926107418,823378,4,3,191,191,1.0,9,False,C:\Users\noahl\OneDrive\fatigue_cv\skenes_2026_season\keypoints\c83a032f-8ca9-3bc5-a7ab-79f926107418.npz,1.02,14.88,15.9
8644fdeb-31c9-3612-ad5f-e08aa7740f10,823378,4,1,191,184,0.963,9,False,C:\Users\noahl\OneDrive\fatigue_cv\skenes_2026_season\keypoints\8644fdeb-31c9-3612-ad5f-e08aa7740f10.npz,0.81,16.2,17.02
19d0aac8-6fe9-334a-948c-23604b24e153,823378,4,2,191,191,1.0,9,False,C:\Users\noahl\OneDrive\fatigue_cv\skenes_2026_season\keypoints\19d0aac8-6fe9-334a-948c-23604b24e153.npz,0.95,15.47,16.42
6bdea95d-9903-3df5-8c5f-66fe198925d0,823378,4,1,191,191,1.0,9,False,C:\Users\noahl\OneDrive\fatigue_cv\skenes_2026_season\keypoints\6bdea95d-9903-3df5-8c5f-66fe198925d0.npz,0.91,15.49,16.4
f98aa246-fef5-361e-94e6-50997d519d73,823378,5,1,191,130,0.681,9,False,C:\Users\noahl\OneDrive\fatigue_cv\skenes_2026_season\keypoints\f98aa246-fef5-361e-94e6-50997d519d73.npz,3.97,14.63,18.6
86a9743f-1197-38c1-89fd-ddfceb34210c,823378,5,2,191,191,1.0,9,False,C:\Users\noahl\OneDrive\fatigue_cv\skenes_2026_season\keypoints\86a9743f-1197-38c1-89fd-ddfceb34210c.npz,1.04,15.46,16.5
491fd2cd-d6a4-32f8-915d-68f5cf5b680a,823378,5,3,191,191,1.0,9,False,C:\Users\noahl\OneDrive\fatigue_cv\skenes_2026_season\keypoints\491fd2cd-d6a4-32f8-915d-68f5cf5b680a.npz,1.4,14.27,15.67
f0184cc9-f716-3141-93a8-f6974896d94a,823378,5,4,191,191,1.0,9,False,C:\Users\noahl\OneDrive\fatigue_cv\skenes_2026_season\keypoints\f0184cc9-f716-3141-93a8-f6974896d94a.npz,1.16,14.81,15.97
b96203da-9ab2-3eb8-b68e-65ac72ad6f3e,823378,5,5,191,191,1.0,9,False,C:\Users\noahl\OneDrive\fatigue_cv\skenes_2026_season\keypoints\b96203da-9ab2-3eb8-b68e-65ac72ad6f3e.npz,1.26,14.54,15.8
54ec59a1-ef79-3ba3-9608-5787dbd90840,823378,5,6,191,191,1.0,9,False,C:\Users\noahl\OneDrive\fatigue_cv\skenes_2026_season\keypoints\54ec59a1-ef79-3ba3-9608-5787dbd90840.npz,1.76,15.94,17.69
7a2350cb-3334-38b5-b5d8-942250666e5d,823378,5,7,191,191,1.0,9,False,C:\Users\noahl\OneDrive\fatigue_cv\skenes_2026_season\keypoints\7a2350cb-3334-38b5-b5d8-942250666e5d.npz,1.18,15.7,16.88
c0200107-6b35-3fd5-91e9-86e991b5d330,823378,5,1,191,191,1.0,9,False,C:\Users\noahl\OneDrive\fatigue_cv\skenes_2026_season\keypoints\c0200107-6b35-3fd5-91e9-86e991b5d330.npz,1.03,15.15,16.18
9e5125f3-0447-3800-8563-a9d5ec13da69,823378,5,2,191,191,1.0,9,False,C:\Users\noahl\OneDrive\fatigue_cv\skenes_2026_season\keypoints\9e5125f3-0447-3800-8563-a9d5ec13da69.npz,0.88,15.38,16.27
42766473-6ed8-39a1-84ce-73dba3264b89,823378,5,3,191,191,1.0,9,False,C:\Users\noahl\OneDrive\fatigue_cv\skenes_2026_season\keypoints\42766473-6ed8-39a1-84ce-73dba3264b89.npz,0.8,15.96,16.76
95b96312-3d54-3caf-9198-1cdb7e95540f,823378,5,4,191,191,1.0,9,False,C:\Users\noahl\OneDrive\fatigue_cv\skenes_2026_season\keypoints\95b96312-3d54-3caf-9198-1cdb7e95540f.npz,1.32,15.8,17.12
30531387-051a-3aac-a67a-abd4e7dc94e1,823378,5,5,191,191,1.0,9,False,C:\Users\noahl\OneDrive\fatigue_cv\skenes_2026_season\keypoints\30531387-051a-3aac-a67a-abd4e7dc94e1.npz,1.33,15.68,17.01
2db8d6c0-cfb2-3ac8-a6ce-bb89a67fe071,823378,5,1,191,191,1.0,9,False,C:\Users\noahl\OneDrive\fatigue_cv\skenes_2026_season\keypoints\2db8d6c0-cfb2-3ac8-a6ce-bb89a67fe071.npz,1.03,15.56,16.58
1f369304-eec5-3b7f-812c-7c20e4d89699,823378,5,2,191,165,0.864,9,False,C:\Users\noahl\OneDrive\fatigue_cv\skenes_2026_season\keypoints\1f369304-eec5-3b7f-812c-7c20e4d89699.npz,1.2,15.12,16.33
47307e19-c475-3044-bfa7-e27247bafb10,823378,5,3,191,191,1.0,9,False,C:\Users\noahl\OneDrive\fatigue_cv\skenes_2026_season\keypoints\47307e19-c475-3044-bfa7-e27247bafb10.npz,1.09,15.86,16.95
48fa5946-844e-3295-9a23-2583b2da88ca,823378,5,4,191,191,1.0,9,False,C:\Users\noahl\OneDrive\fatigue_cv\skenes_2026_season\keypoints\48fa5946-844e-3295-9a23-2583b2da88ca.npz,1.11,16.17,17.28
8b4554a0-e9db-3bfd-9093-251f941cd503,823378,5,5,191,191,1.0,9,False,C:\Users\noahl\OneDrive\fatigue_cv\skenes_2026_season\keypoints\8b4554a0-e9db-3bfd-9093-251f941cd503.npz,1.21,16.39,17.6
7dd9b63e-2408-36c4-8ec3-4ee4c99fb32a,823378,6,1,191,161,0.843,2,True,C:\Users\noahl\OneDrive\fatigue_cv\skenes_2026_season\keypoints\7dd9b63e-2408-36c4-8ec3-4ee4c99fb32a.npz,1.17,14.95,16.11
950e5151-e18b-3ff6-b435-ff1828bdf0bf,823378,6,2,191,191,1.0,9,False,C:\Users\noahl\OneDrive\fatigue_cv\skenes_2026_season\keypoints\950e5151-e18b-3ff6-b435-ff1828bdf0bf.npz,1.43,14.87,16.31
5b195a38-7f4c-391e-832b-e6c5347335eb,823378,6,3,191,191,1.0,9,False,C:\Users\noahl\OneDrive\fatigue_cv\skenes_2026_season\keypoints\5b195a38-7f4c-391e-832b-e6c5347335eb.npz,1.1,15.74,16.84
1b9521fe-7040-3023-859a-92bd61861c6d,823378,6,4,191,191,1.0,9,False,C:\Users\noahl\OneDrive\fatigue_cv\skenes_2026_season\keypoints\1b9521fe-7040-3023-859a-92bd61861c6d.npz,0.82,15.35,16.17
b22def4e-055e-3a35-a6e8-0ad42d5b4b94,823378,6,1,191,191,1.0,9,False,C:\Users\noahl\OneDrive\fatigue_cv\skenes_2026_season\keypoints\b22def4e-055e-3a35-a6e8-0ad42d5b4b94.npz,1.93,15.85,17.78
a0abb6ec-2044-3250-a4fb-748a4325c7df,823378,6,2,191,191,1.0,9,False,C:\Users\noahl\OneDrive\fatigue_cv\skenes_2026_season\keypoints\a0abb6ec-2044-3250-a4fb-748a4325c7df.npz,1.24,15.86,17.1
c9e1e7c1-2078-3d48-a5d5-1e734ba9757e,823378,6,3,191,191,1.0,9,False,C:\Users\noahl\OneDrive\fatigue_cv\skenes_2026_season\keypoints\c9e1e7c1-2078-3d48-a5d5-1e734ba9757e.npz,1.15,15.39,16.55
3af3812b-5445-3bfe-9bdc-87bce52f11cb,823378,6,4,191,191,1.0,9,False,C:\Users\noahl\OneDrive\fatigue_cv\skenes_2026_season\keypoints\3af3812b-5445-3bfe-9bdc-87bce52f11cb.npz,1.77,15.0,16.77
ca133f06-7eb6-389a-a2a4-5f85d1194c03,823378,6,1,191,191,1.0,9,False,C:\Users\noahl\OneDrive\fatigue_cv\skenes_2026_season\keypoints\ca133f06-7eb6-389a-a2a4-5f85d1194c03.npz,1.18,15.61,16.79
82412e38-2e12-3e7e-ac95-96c1a631563c,823378,6,2,191,191,1.0,9,False,C:\Users\noahl\OneDrive\fatigue_cv\skenes_2026_season\keypoints\82412e38-2e12-3e7e-ac95-96c1a631563c.npz,1.39,15.58,16.97
6024f5cf-bacf-35a5-a9db-8e5a249ae4a7,823378,6,3,191,191,1.0,9,False,C:\Users\noahl\OneDrive\fatigue_cv\skenes_2026_season\keypoints\6024f5cf-bacf-35a5-a9db-8e5a249ae4a7.npz,1.42,15.57,16.99
297f176d-2991-3f19-98c0-1b4fd32d7ea2,823378,6,1,191,191,1.0,9,False,C:\Users\noahl\OneDrive\fatigue_cv\skenes_2026_season\keypoints\297f176d-2991-3f19-98c0-1b4fd32d7ea2.npz,0.84,14.91,15.74
6c1c6ab6-5f17-39c9-aebf-612c83545609,823378,6,2,191,191,1.0,9,False,C:\Users\noahl\OneDrive\fatigue_cv\skenes_2026_season\keypoints\6c1c6ab6-5f17-39c9-aebf-612c83545609.npz,1.53,14.72,16.25
a2e811a9-9990-3481-93ee-b99c1b6a332a,823378,6,3,191,191,1.0,9,False,C:\Users\noahl\OneDrive\fatigue_cv\skenes_2026_season\keypoints\a2e811a9-9990-3481-93ee-b99c1b6a332a.npz,1.11,14.9,16.01
b7db2992-6690-3aa9-9548-40b0fe2cdf57,823378,6,4,191,191,1.0,9,False,C:\Users\noahl\OneDrive\fatigue_cv\skenes_2026_season\keypoints\b7db2992-6690-3aa9-9548-40b0fe2cdf57.npz,1.18,14.99,16.17
9d4a6c9a-8fd5-3f09-ac7c-ee11aa3d9f13,823378,6,5,191,191,1.0,9,False,C:\Users\noahl\OneDrive\fatigue_cv\skenes_2026_season\keypoints\9d4a6c9a-8fd5-3f09-ac7c-ee11aa3d9f13.npz,0.89,15.09,15.98
86530d30-34a2-3702-8ef8-bdfddbf7d0d8,824188,1,1,191,191,1.0,9,False,C:\Users\noahl\OneDrive\fatigue_cv\skenes_2026_season\keypoints\86530d30-34a2-3702-8ef8-bdfddbf7d0d8.npz,1.26,14.86,16.12
08f960d3-05ed-33ce-aa34-a733fb59033c,824188,1,2,191,189,0.99,9,False,C:\Users\noahl\OneDrive\fatigue_cv\skenes_2026_season\keypoints\08f960d3-05ed-33ce-aa34-a733fb59033c.npz,1.27,15.7,16.98
e576dcde-2de3-3724-9d03-d46dd4602987,824188,1,1,191,191,1.0,9,False,C:\Users\noahl\OneDrive\fatigue_cv\skenes_2026_season\keypoints\e576dcde-2de3-3724-9d03-d46dd4602987.npz,1.16,16.32,17.48
eb245de5-5b7e-3aba-abf5-0a448228232d,824188,1,1,191,191,1.0,9,False,C:\Users\noahl\OneDrive\fatigue_cv\skenes_2026_season\keypoints\eb245de5-5b7e-3aba-abf5-0a448228232d.npz,0.86,15.59,16.46
2edfca63-0ab7-3998-a701-75dae85cab80,824188,1,2,191,191,1.0,9,False,C:\Users\noahl\OneDrive\fatigue_cv\skenes_2026_season\keypoints\2edfca63-0ab7-3998-a701-75dae85cab80.npz,0.82,15.47,16.3
a48abede-54b7-346d-a654-e0f542ee96fa,824188,1,1,191,191,1.0,9,False,C:\Users\noahl\OneDrive\fatigue_cv\skenes_2026_season\keypoints\a48abede-54b7-346d-a654-e0f542ee96fa.npz,1.39,15.81,17.2
be92848a-2edb-3956-a782-625858d19c8b,824188,1,2,191,191,1.0,9,False,C:\Users\noahl\OneDrive\fatigue_cv\skenes_2026_season\keypoints\be92848a-2edb-3956-a782-625858d19c8b.npz,1.22,15.87,17.09
c8b7cd86-802f-3170-a705-5b628f8f583c,824188,1,3,191,191,1.0,9,False,C:\Users\noahl\OneDrive\fatigue_cv\skenes_2026_season\keypoints\c8b7cd86-802f-3170-a705-5b628f8f583c.npz,1.1,15.69,16.79
07d8e472-8947-3e27-85e9-a420b1e73b10,824188,2,1,191,191,1.0,9,False,C:\Users\noahl\OneDrive\fatigue_cv\skenes_2026_season\keypoints\07d8e472-8947-3e27-85e9-a420b1e73b10.npz,1.04,15.75,16.8
f4ea470d-6def-3e39-b5eb-fc1c97ff449a,824188,2,2,191,191,1.0,9,False,C:\Users\noahl\OneDrive\fatigue_cv\skenes_2026_season\keypoints\f4ea470d-6def-3e39-b5eb-fc1c97ff449a.npz,0.8,14.95,15.75
e32f8fd1-09d5-34a6-a1e7-14ce4ee6e99f,824188,2,3,191,191,1.0,9,False,C:\Users\noahl\OneDrive\fatigue_cv\skenes_2026_season\keypoints\e32f8fd1-09d5-34a6-a1e7-14ce4ee6e99f.npz,1.09,14.69,15.78
9e17c634-6113-3871-8b02-a003abbef9fa,824188,2,4,191,191,1.0,9,False,C:\Users\noahl\OneDrive\fatigue_cv\skenes_2026_season\keypoints\9e17c634-6113-3871-8b02-a003abbef9fa.npz,1.12,14.81,15.93
0e7c716d-8a48-3077-8c85-26e3bee71db0,824188,2,5,191,191,1.0,9,False,C:\Users\noahl\OneDrive\fatigue_cv\skenes_2026_season\keypoints\0e7c716d-8a48-3077-8c85-26e3bee71db0.npz,0.82,15.27,16.09
2dc1c757-260e-34d8-89a5-999694737621,824188,2,1,191,191,1.0,9,False,C:\Users\noahl\OneDrive\fatigue_cv\skenes_2026_season\keypoints\2dc1c757-260e-34d8-89a5-999694737621.npz,1.46,14.28,15.75
aae5ebd4-abaf-3532-9ee4-73401976a65a,824188,2,2,191,191,1.0,9,False,C:\Users\noahl\OneDrive\fatigue_cv\skenes_2026_season\keypoints\aae5ebd4-abaf-3532-9ee4-73401976a65a.npz,1.56,14.86,16.42
a162d58a-3325-3ad1-985b-edd8da329b9b,824188,2,3,191,191,1.0,9,False,C:\Users\noahl\OneDrive\fatigue_cv\skenes_2026_season\keypoints\a162d58a-3325-3ad1-985b-edd8da329b9b.npz,1.49,15.9,17.39
0a9cd3f4-b3b3-315d-a80a-500e285b7950,824188,2,4,191,191,1.0,9,False,C:\Users\noahl\OneDrive\fatigue_cv\skenes_2026_season\keypoints\0a9cd3f4-b3b3-315d-a80a-500e285b7950.npz,0.86,15.81,16.67
3828821f-060f-3c15-8e32-533afd93f79e,824188,2,1,191,191,1.0,9,False,C:\Users\noahl\OneDrive\fatigue_cv\skenes_2026_season\keypoints\3828821f-060f-3c15-8e32-533afd93f79e.npz,1.33,16.18,17.51
3804ce00-33d2-319e-b91b-ae82e2471b92,824188,2,2,191,191,1.0,9,False,C:\Users\noahl\OneDrive\fatigue_cv\skenes_2026_season\keypoints\3804ce00-33d2-319e-b91b-ae82e2471b92.npz,1.26,16.0,17.26
23367024-e510-384d-9e39-6c269e01a6ce,824188,2,3,191,191,1.0,9,False,C:\Users\noahl\OneDrive\fatigue_cv\skenes_2026_season\keypoints\23367024-e510-384d-9e39-6c269e01a6ce.npz,1.23,15.53,16.75
abffee42-cd20-3c9a-93e8-612b200f58ad,824188,2,4,191,191,1.0,9,False,C:\Users\noahl\OneDrive\fatigue_cv\skenes_2026_season\keypoints\abffee42-cd20-3c9a-93e8-612b200f58ad.npz,1.44,16.18,17.62
87903f47-f3d8-3836-8071-99d3e7ea2d12,824188,2,5,191,191,1.0,9,False,C:\Users\noahl\OneDrive\fatigue_cv\skenes_2026_season\keypoints\87903f47-f3d8-3836-8071-99d3e7ea2d12.npz,1.2,15.56,16.76
f12a4ee1-d7a8-329e-86c9-bf34215b988e,824188,2,6,191,191,1.0,9,False,C:\Users\noahl\OneDrive\fatigue_cv\skenes_2026_season\keypoints\f12a4ee1-d7a8-329e-86c9-bf34215b988e.npz,1.34,15.59,16.94
58a96428-4d55-3a37-9de7-613654ab6b6e,824188,3,1,191,191,1.0,9,False,C:\Users\noahl\OneDrive\fatigue_cv\skenes_2026_season\keypoints\58a96428-4d55-3a37-9de7-613654ab6b6e.npz,1.95,15.54,17.49
d738601c-babe-3dfa-bd69-0a902de63116,824188,3,1,191,191,1.0,9,False,C:\Users\noahl\OneDrive\fatigue_cv\skenes_2026_season\keypoints\d738601c-babe-3dfa-bd69-0a902de63116.npz,0.83,15.12,15.95
5f2987d5-5046-3220-8946-de5088fb53f2,824188,3,2,191,191,1.0,9,False,C:\Users\noahl\OneDrive\fatigue_cv\skenes_2026_season\keypoints\5f2987d5-5046-3220-8946-de5088fb53f2.npz,0.83,14.69,15.52
e37ce0a7-7d7f-37f7-b567-5bcc5d6462b3,824188,3,3,191,191,1.0,9,False,C:\Users\noahl\OneDrive\fatigue_cv\skenes_2026_season\keypoints\e37ce0a7-7d7f-37f7-b567-5bcc5d6462b3.npz,0.88,14.35,15.23
9bd62842-fb14-3f13-9bb3-52495da07747,824188,3,1,191,165,0.864,9,False,C:\Users\noahl\OneDrive\fatigue_cv\skenes_2026_season\keypoints\9bd62842-fb14-3f13-9bb3-52495da07747.npz,0.94,14.58,15.52
fa4a0a02-4d22-3188-b660-e5565bb81df8,824188,3,2,191,191,1.0,9,False,C:\Users\noahl\OneDrive\fatigue_cv\skenes_2026_season\keypoints\fa4a0a02-4d22-3188-b660-e5565bb81df8.npz,0.85,15.03,15.88
ef6e4159-f316-3dd6-9277-5ab9c1138861,824188,3,3,191,191,1.0,9,False,C:\Users\noahl\OneDrive\fatigue_cv\skenes_2026_season\keypoints\ef6e4159-f316-3dd6-9277-5ab9c1138861.npz,1.16,14.85,16.01
b6f849ac-af42-37eb-9303-8518a4bb9312,824188,3,4,191,191,1.0,9,False,C:\Users\noahl\OneDrive\fatigue_cv\skenes_2026_season\keypoints\b6f849ac-af42-37eb-9303-8518a4bb9312.npz,1.19,15.28,16.46
3f186d01-abd3-3097-84c4-c2e9fcb2f9b9,824188,3,5,191,191,1.0,9,False,C:\Users\noahl\OneDrive\fatigue_cv\skenes_2026_season\keypoints\3f186d01-abd3-3097-84c4-c2e9fcb2f9b9.npz,1.12,15.52,16.64
9b1035ce-bfd9-3a19-bba8-6cc55c332f51,824188,3,6,191,191,1.0,9,False,C:\Users\noahl\OneDrive\fatigue_cv\skenes_2026_season\keypoints\9b1035ce-bfd9-3a19-bba8-6cc55c332f51.npz,0.92,16.07,16.99
2160e735-7f20-37c0-a155-26406d367e7d,824188,3,7,191,191,1.0,9,False,C:\Users\noahl\OneDrive\fatigue_cv\skenes_2026_season\keypoints\2160e735-7f20-37c0-a155-26406d367e7d.npz,1.1,15.37,16.47
a22c93ad-91bb-3532-a90c-9fefe66cee55,824188,3,8,191,191,1.0,9,False,C:\Users\noahl\OneDrive\fatigue_cv\skenes_2026_season\keypoints\a22c93ad-91bb-3532-a90c-9fefe66cee55.npz,1.07,15.29,16.37
59b29bce-4b35-3b88-a5fd-eeaba91df2eb,824188,3,1,191,191,1.0,9,False,C:\Users\noahl\OneDrive\fatigue_cv\skenes_2026_season\keypoints\59b29bce-4b35-3b88-a5fd-eeaba91df2eb.npz,1.31,15.43,16.74
5bf8420b-927b-36be-ac33-74482b3b61d9,824188,3,2,191,191,1.0,9,False,C:\Users\noahl\OneDrive\fatigue_cv\skenes_2026_season\keypoints\5bf8420b-927b-36be-ac33-74482b3b61d9.npz,1.2,15.91,17.12
e82cabb8-7465-343f-974b-06d34c8e3c79,824188,3,3,191,191,1.0,9,False,C:\Users\noahl\OneDrive\fatigue_cv\skenes_2026_season\keypoints\e82cabb8-7465-343f-974b-06d34c8e3c79.npz,1.08,14.86,15.95
4ae5798e-e634-37b6-92bf-f1d19d42f5bb,824188,3,4,191,191,1.0,9,False,C:\Users\noahl\OneDrive\fatigue_cv\skenes_2026_season\keypoints\4ae5798e-e634-37b6-92bf-f1d19d42f5bb.npz,0.93,14.94,15.87
b00394a4-4b49-3b66-9c1e-f51174480f41,824188,3,1,191,184,0.963,9,False,C:\Users\noahl\OneDrive\fatigue_cv\skenes_2026_season\keypoints\b00394a4-4b49-3b66-9c1e-f51174480f41.npz,0.73,14.78,15.51
57543f85-ea08-324d-ae86-d0b85ccb7036,824188,3,2,191,191,1.0,9,False,C:\Users\noahl\OneDrive\fatigue_cv\skenes_2026_season\keypoints\57543f85-ea08-324d-ae86-d0b85ccb7036.npz,1.22,14.98,16.2
29e1b0ba-507b-304d-a4e0-a5448d0da837,824188,3,3,191,191,1.0,9,False,C:\Users\noahl\OneDrive\fatigue_cv\skenes_2026_season\keypoints\29e1b0ba-507b-304d-a4e0-a5448d0da837.npz,1.03,14.31,15.34
3904680f-c7f0-3a7e-a88f-4d6b61392a58,824188,3,4,191,191,1.0,9,False,C:\Users\noahl\OneDrive\fatigue_cv\skenes_2026_season\keypoints\3904680f-c7f0-3a7e-a88f-4d6b61392a58.npz,1.15,14.81,15.97
2cf9397f-687b-3d60-94b7-ac4f41b5498f,824188,3,5,191,191,1.0,9,False,C:\Users\noahl\OneDrive\fatigue_cv\skenes_2026_season\keypoints\2cf9397f-687b-3d60-94b7-ac4f41b5498f.npz,0.78,14.67,15.45
7ef05763-b63a-3c38-87e8-51f8a79068e7,824188,3,1,191,185,0.969,9,False,C:\Users\noahl\OneDrive\fatigue_cv\skenes_2026_season\keypoints\7ef05763-b63a-3c38-87e8-51f8a79068e7.npz,1.02,15.3,16.32
293e15fc-8351-3389-b51d-8d45989d9d2c,824188,3,2,191,191,1.0,9,False,C:\Users\noahl\OneDrive\fatigue_cv\skenes_2026_season\keypoints\293e15fc-8351-3389-b51d-8d45989d9d2c.npz,1.02,15.2,16.22
acab21e3-9717-30fb-aca0-71705eed0b47,824188,3,3,191,191,1.0,9,False,C:\Users\noahl\OneDrive\fatigue_cv\skenes_2026_season\keypoints\acab21e3-9717-30fb-aca0-71705eed0b47.npz,1.38,15.46,16.84
a026a7e0-d3a1-3ad9-8612-bfa1efe238a5,824188,3,4,191,191,1.0,9,False,C:\Users\noahl\OneDrive\fatigue_cv\skenes_2026_season\keypoints\a026a7e0-d3a1-3ad9-8612-bfa1efe238a5.npz,1.13,15.23,16.36
abb1b885-c0e2-3bb9-a5ca-ba5a9348764b,824188,3,5,191,191,1.0,9,False,C:\Users\noahl\OneDrive\fatigue_cv\skenes_2026_season\keypoints\abb1b885-c0e2-3bb9-a5ca-ba5a9348764b.npz,1.19,16.12,17.31
01e79651-27ab-381d-8675-08ffa2ac5806,824188,3,6,191,191,1.0,9,False,C:\Users\noahl\OneDrive\fatigue_cv\skenes_2026_season\keypoints\01e79651-27ab-381d-8675-08ffa2ac5806.npz,1.17,15.9,17.07
3df7b5c3-b362-382d-8dae-c389c913858a,824188,3,7,191,191,1.0,9,False,C:\Users\noahl\OneDrive\fatigue_cv\skenes_2026_season\keypoints\3df7b5c3-b362-382d-8dae-c389c913858a.npz,0.94,15.88,16.82
3330404e-aaa0-3024-815e-060ed0eacfcd,824188,3,8,191,191,1.0,9,False,C:\Users\noahl\OneDrive\fatigue_cv\skenes_2026_season\keypoints\3330404e-aaa0-3024-815e-060ed0eacfcd.npz,0.98,15.06,16.04
1e69c53d-6b0c-3fde-bf8c-5f8024f34890,824188,3,1,191,191,1.0,9,False,C:\Users\noahl\OneDrive\fatigue_cv\skenes_2026_season\keypoints\1e69c53d-6b0c-3fde-bf8c-5f8024f34890.npz,1.09,15.54,16.63
586a7826-8d22-3626-8ea6-7780579344d0,824188,3,2,191,191,1.0,9,False,C:\Users\noahl\OneDrive\fatigue_cv\skenes_2026_season\keypoints\586a7826-8d22-3626-8ea6-7780579344d0.npz,0.82,15.64,16.46
d4c375ed-3b9e-36d2-b843-63422a100ec7,824188,3,3,191,191,1.0,9,False,C:\Users\noahl\OneDrive\fatigue_cv\skenes_2026_season\keypoints\d4c375ed-3b9e-36d2-b843-63422a100ec7.npz,1.46,15.31,16.77
cd496006-60de-3b36-a8cf-e0b5672ad5d1,824188,4,1,191,191,1.0,9,False,C:\Users\noahl\OneDrive\fatigue_cv\skenes_2026_season\keypoints\cd496006-60de-3b36-a8cf-e0b5672ad5d1.npz,1.52,15.36,16.88
a1614292-6f65-355f-b142-9562b727c316,824188,4,2,191,191,1.0,9,False,C:\Users\noahl\OneDrive\fatigue_cv\skenes_2026_season\keypoints\a1614292-6f65-355f-b142-9562b727c316.npz,1.17,15.96,17.12
d7bb4b73-3230-3870-9b9d-d37b8ac07ff3,824188,4,3,191,191,1.0,9,False,C:\Users\noahl\OneDrive\fatigue_cv\skenes_2026_season\keypoints\d7bb4b73-3230-3870-9b9d-d37b8ac07ff3.npz,1.17,15.37,16.55
50939087-bfa5-3ea9-8e76-fd02f17e4b91,824188,4,4,191,191,1.0,9,False,C:\Users\noahl\OneDrive\fatigue_cv\skenes_2026_season\keypoints\50939087-bfa5-3ea9-8e76-fd02f17e4b91.npz,1.38,15.24,16.62
394769b0-562e-3f9d-bed6-9265c7131668,824188,4,1,191,191,1.0,9,False,C:\Users\noahl\OneDrive\fatigue_cv\skenes_2026_season\keypoints\394769b0-562e-3f9d-bed6-9265c7131668.npz,1.22,15.46,16.68
6b79f932-e932-3c06-bc12-c6e1a3695313,824188,4,2,191,191,1.0,9,False,C:\Users\noahl\OneDrive\fatigue_cv\skenes_2026_season\keypoints\6b79f932-e932-3c06-bc12-c6e1a3695313.npz,1.25,15.83,17.09
e814e043-e304-342d-a221-5fca8dd880be,824188,4,3,191,191,1.0,9,False,C:\Users\noahl\OneDrive\fatigue_cv\skenes_2026_season\keypoints\e814e043-e304-342d-a221-5fca8dd880be.npz,1.33,15.37,16.7
b648d4ed-2c88-37d9-b63c-34c607510d48,824188,4,4,191,191,1.0,9,False,C:\Users\noahl\OneDrive\fatigue_cv\skenes_2026_season\keypoints\b648d4ed-2c88-37d9-b63c-34c607510d48.npz,1.99,15.36,17.36
2fe23842-18a2-3018-be90-d22f1bcd55f3,824188,4,1,191,191,1.0,9,False,C:\Users\noahl\OneDrive\fatigue_cv\skenes_2026_season\keypoints\2fe23842-18a2-3018-be90-d22f1bcd55f3.npz,1.18,14.95,16.13
3124af25-f7cd-34be-9d41-3f69bf683d40,824188,4,2,191,191,1.0,9,False,C:\Users\noahl\OneDrive\fatigue_cv\skenes_2026_season\keypoints\3124af25-f7cd-34be-9d41-3f69bf683d40.npz,1.18,15.45,16.63
3071f471-687a-386c-8d41-b9cfaa2fd4da,824188,4,3,191,191,1.0,9,False,C:\Users\noahl\OneDrive\fatigue_cv\skenes_2026_season\keypoints\3071f471-687a-386c-8d41-b9cfaa2fd4da.npz,1.04,15.37,16.42
664033e5-39ca-3656-9b7f-ba2e51ce18e8,824188,4,4,191,191,1.0,9,False,C:\Users\noahl\OneDrive\fatigue_cv\skenes_2026_season\keypoints\664033e5-39ca-3656-9b7f-ba2e51ce18e8.npz,1.72,15.67,17.4
cac72ac5-0e8f-30d3-b66c-b8b8e7017718,824188,4,5,191,191,1.0,9,False,C:\Users\noahl\OneDrive\fatigue_cv\skenes_2026_season\keypoints\cac72ac5-0e8f-30d3-b66c-b8b8e7017718.npz,1.2,14.94,16.15
ed2573f0-c8f1-3cf1-8f8e-fa3331db3d58,824188,4,6,191,191,1.0,9,False,C:\Users\noahl\OneDrive\fatigue_cv\skenes_2026_season\keypoints\ed2573f0-c8f1-3cf1-8f8e-fa3331db3d58.npz,0.98,14.88,15.87
d84125af-9199-3e7e-ae92-cd385403c449,824188,4,7,191,191,1.0,9,False,C:\Users\noahl\OneDrive\fatigue_cv\skenes_2026_season\keypoints\d84125af-9199-3e7e-ae92-cd385403c449.npz,1.07,14.59,15.66
aed35856-d87d-38a3-9e2b-9679bccf04d9,824188,4,8,191,191,1.0,9,False,C:\Users\noahl\OneDrive\fatigue_cv\skenes_2026_season\keypoints\aed35856-d87d-38a3-9e2b-9679bccf04d9.npz,1.17,14.57,15.74
fc225c6a-7ab1-3d11-a2ae-cbee8176575a,824188,4,1,191,191,1.0,9,False,C:\Users\noahl\OneDrive\fatigue_cv\skenes_2026_season\keypoints\fc225c6a-7ab1-3d11-a2ae-cbee8176575a.npz,1.02,14.68,15.7
8382f986-d248-3e2a-89ad-fdc0a7b82b04,824188,4,2,191,191,1.0,9,False,C:\Users\noahl\OneDrive\fatigue_cv\skenes_2026_season\keypoints\8382f986-d248-3e2a-89ad-fdc0a7b82b04.npz,1.67,15.0,16.67
9813aafe-bc50-3b7c-8e3f-d1df54970c1e,824188,4,3,191,191,1.0,9,False,C:\Users\noahl\OneDrive\fatigue_cv\skenes_2026_season\keypoints\9813aafe-bc50-3b7c-8e3f-d1df54970c1e.npz,1.09,15.21,16.31
0bc6f131-e412-3731-bab4-f89e3c63212e,824188,4,4,191,191,1.0,9,False,C:\Users\noahl\OneDrive\fatigue_cv\skenes_2026_season\keypoints\0bc6f131-e412-3731-bab4-f89e3c63212e.npz,1.0,15.53,16.54
3e715bc4-9406-3e07-bfbe-f944caaa53de,824188,5,1,191,191,1.0,9,False,C:\Users\noahl\OneDrive\fatigue_cv\skenes_2026_season\keypoints\3e715bc4-9406-3e07-bfbe-f944caaa53de.npz,1.05,15.28,16.33
5bc88d79-2d99-35a5-8d8d-8b4b9fb66446,824188,5,2,191,191,1.0,9,False,C:\Users\noahl\OneDrive\fatigue_cv\skenes_2026_season\keypoints\5bc88d79-2d99-35a5-8d8d-8b4b9fb66446.npz,0.96,15.64,16.61
76410508-9bd0-3228-9dde-72d3d2a1804f,824188,5,3,191,191,1.0,9,False,C:\Users\noahl\OneDrive\fatigue_cv\skenes_2026_season\keypoints\76410508-9bd0-3228-9dde-72d3d2a1804f.npz,1.14,15.55,16.7
caa934fb-c830-37f3-8c9d-7c38a4caafe2,824188,5,4,191,191,1.0,9,False,C:\Users\noahl\OneDrive\fatigue_cv\skenes_2026_season\keypoints\caa934fb-c830-37f3-8c9d-7c38a4caafe2.npz,0.88,15.83,16.72
47bbf294-5d5b-383c-8b9b-6273c82a473d,824188,5,5,191,191,1.0,9,False,C:\Users\noahl\OneDrive\fatigue_cv\skenes_2026_season\keypoints\47bbf294-5d5b-383c-8b9b-6273c82a473d.npz,1.09,15.49,16.58
da61f6ce-a580-389d-8e46-db57a5c10386,824188,5,6,191,191,1.0,9,False,C:\Users\noahl\OneDrive\fatigue_cv\skenes_2026_season\keypoints\da61f6ce-a580-389d-8e46-db57a5c10386.npz,1.06,15.88,16.94
c54169a9-1df1-3869-bc20-f7b70177d024,824188,5,7,191,191,1.0,9,False,C:\Users\noahl\OneDrive\fatigue_cv\skenes_2026_season\keypoints\c54169a9-1df1-3869-bc20-f7b70177d024.npz,1.74,15.41,17.16
496e2a9c-dfaf-33d8-b494-43041a453d7e,824188,5,1,191,191,1.0,9,False,C:\Users\noahl\OneDrive\fatigue_cv\skenes_2026_season\keypoints\496e2a9c-dfaf-33d8-b494-43041a453d7e.npz,0.79,14.91,15.71
6fb81e20-388a-3a53-8e4e-d6eb11652f0c,824188,5,2,191,191,1.0,9,False,C:\Users\noahl\OneDrive\fatigue_cv\skenes_2026_season\keypoints\6fb81e20-388a-3a53-8e4e-d6eb11652f0c.npz,0.73,15.28,16.01
76aec541-0d8d-3f48-b010-6f046c1aab60,824188,5,3,191,191,1.0,9,False,C:\Users\noahl\OneDrive\fatigue_cv\skenes_2026_season\keypoints\76aec541-0d8d-3f48-b010-6f046c1aab60.npz,1.07,15.04,16.1
935deae5-bf0d-3216-893e-402473675bff,824188,5,4,191,191,1.0,9,False,C:\Users\noahl\OneDrive\fatigue_cv\skenes_2026_season\keypoints\935deae5-bf0d-3216-893e-402473675bff.npz,1.11,15.28,16.39
fa131477-2884-331a-91f8-3e8aab4804bd,824188,5,5,191,191,1.0,9,False,C:\Users\noahl\OneDrive\fatigue_cv\skenes_2026_season\keypoints\fa131477-2884-331a-91f8-3e8aab4804bd.npz,1.12,14.86,15.98
334f36bf-0854-36d2-836e-88a39366155a,824188,5,6,191,191,1.0,9,False,C:\Users\noahl\OneDrive\fatigue_cv\skenes_2026_season\keypoints\334f36bf-0854-36d2-836e-88a39366155a.npz,0.99,14.77,15.76
c83e71ba-d65b-3c2c-a7d0-770c30abb97b,824188,5,7,191,191,1.0,9,False,C:\Users\noahl\OneDrive\fatigue_cv\skenes_2026_season\keypoints\c83e71ba-d65b-3c2c-a7d0-770c30abb97b.npz,0.86,15.37,16.23
eba7ee02-e271-3a8b-82b6-cbf56432170f,824188,5,1,191,191,1.0,9,False,C:\Users\noahl\OneDrive\fatigue_cv\skenes_2026_season\keypoints\eba7ee02-e271-3a8b-82b6-cbf56432170f.npz,1.5,15.25,16.75
dc15dcad-8dc1-36bb-ae57-2bef086ae93a,824188,5,2,191,191,1.0,9,False,C:\Users\noahl\OneDrive\fatigue_cv\skenes_2026_season\keypoints\dc15dcad-8dc1-36bb-ae57-2bef086ae93a.npz,1.15,15.98,17.13
b0d9c14d-5083-378d-a63f-110cde554fce,824188,5,3,191,191,1.0,9,False,C:\Users\noahl\OneDrive\fatigue_cv\skenes_2026_season\keypoints\b0d9c14d-5083-378d-a63f-110cde554fce.npz,1.19,16.0,17.18
f650e23b-6f7e-3206-9494-4daab06184ba,824188,5,4,191,191,1.0,9,False,C:\Users\noahl\OneDrive\fatigue_cv\skenes_2026_season\keypoints\f650e23b-6f7e-3206-9494-4daab06184ba.npz,1.22,15.77,17.0
cf2f4791-7134-3b14-ab3e-9b21cd516690,824188,5,5,191,191,1.0,9,False,C:\Users\noahl\OneDrive\fatigue_cv\skenes_2026_season\keypoints\cf2f4791-7134-3b14-ab3e-9b21cd516690.npz,1.25,16.11,17.36
2dca484e-7a17-33e6-8a83-83337e55bb83,824188,5,6,191,191,1.0,9,False,C:\Users\noahl\OneDrive\fatigue_cv\skenes_2026_season\keypoints\2dca484e-7a17-33e6-8a83-83337e55bb83.npz,1.57,16.0,17.58
3fca2c95-ac5c-34c2-9619-79135812798d,824188,5,1,191,191,1.0,9,False,C:\Users\noahl\OneDrive\fatigue_cv\skenes_2026_season\keypoints\3fca2c95-ac5c-34c2-9619-79135812798d.npz,1.06,15.08,16.15
4ecc23e9-8cdd-369b-bd92-51740bacf3a7,824188,5,2,191,191,1.0,9,False,C:\Users\noahl\OneDrive\fatigue_cv\skenes_2026_season\keypoints\4ecc23e9-8cdd-369b-bd92-51740bacf3a7.npz,1.84,16.29,18.14
5fbd0afc-346e-30a8-8930-6f7b3f4d6b1c,824188,5,3,191,114,0.597,9,False,C:\Users\noahl\OneDrive\fatigue_cv\skenes_2026_season\keypoints\5fbd0afc-346e-30a8-8930-6f7b3f4d6b1c.npz,0.79,14.94,15.73
0cf08e76-b86d-309b-8fec-847c2178140e,824188,5,4,191,191,1.0,9,False,C:\Users\noahl\OneDrive\fatigue_cv\skenes_2026_season\keypoints\0cf08e76-b86d-309b-8fec-847c2178140e.npz,1.82,14.88,16.7
4a76bc29-d10b-382c-a89e-d3dbbd4932a6,824188,5,5,191,191,1.0,9,False,C:\Users\noahl\OneDrive\fatigue_cv\skenes_2026_season\keypoints\4a76bc29-d10b-382c-a89e-d3dbbd4932a6.npz,1.42,14.65,16.07
8ed5bf4b-620f-3317-9f9b-0c96135e841d,824188,5,6,191,191,1.0,9,False,C:\Users\noahl\OneDrive\fatigue_cv\skenes_2026_season\keypoints\8ed5bf4b-620f-3317-9f9b-0c96135e841d.npz,1.06,15.17,16.23
d4915d6b-2bbd-3406-8a04-3469c29f1afb,824188,5,7,191,191,1.0,9,False,C:\Users\noahl\OneDrive\fatigue_cv\skenes_2026_season\keypoints\d4915d6b-2bbd-3406-8a04-3469c29f1afb.npz,0.78,14.75,15.53
712594aa-5e25-3bcf-b42b-1fdf58f28182,824188,5,8,191,191,1.0,9,False,C:\Users\noahl\OneDrive\fatigue_cv\skenes_2026_season\keypoints\712594aa-5e25-3bcf-b42b-1fdf58f28182.npz,0.94,15.01,15.95
3aa4c2ae-794c-3a51-bce3-a1e96324aba4,824188,5,1,191,191,1.0,9,False,C:\Users\noahl\OneDrive\fatigue_cv\skenes_2026_season\keypoints\3aa4c2ae-794c-3a51-bce3-a1e96324aba4.npz,0.88,15.65,16.54
56a29a06-311f-3fcc-aa4c-b58c42e2910f,824188,5,2,191,191,1.0,9,False,C:\Users\noahl\OneDrive\fatigue_cv\skenes_2026_season\keypoints\56a29a06-311f-3fcc-aa4c-b58c42e2910f.npz,0.99,15.83,16.83
35b02068-d6da-3989-8008-bc2f2c27d976,824188,5,3,191,191,1.0,9,False,C:\Users\noahl\OneDrive\fatigue_cv\skenes_2026_season\keypoints\35b02068-d6da-3989-8008-bc2f2c27d976.npz,1.05,15.56,16.61
386f7217-0897-3631-b0e3-4941a7075a6d,824188,5,4,191,191,1.0,9,False,C:\Users\noahl\OneDrive\fatigue_cv\skenes_2026_season\keypoints\386f7217-0897-3631-b0e3-4941a7075a6d.npz,1.06,15.71,16.78
8b948ef0-3260-33b5-aad2-be25e2d3eebb,824188,5,5,191,191,1.0,9,False,C:\Users\noahl\OneDrive\fatigue_cv\skenes_2026_season\keypoints\8b948ef0-3260-33b5-aad2-be25e2d3eebb.npz,1.48,15.93,17.41
072da119-d61d-3d60-b0d7-dca6dc1f7959,824188,5,6,191,191,1.0,9,False,C:\Users\noahl\OneDrive\fatigue_cv\skenes_2026_season\keypoints\072da119-d61d-3d60-b0d7-dca6dc1f7959.npz,0.97,15.75,16.73
30d558ec-0548-317a-9c1b-cdbcbd7641ea,823374,1,1,191,191,1.0,9,False,C:\Users\noahl\OneDrive\fatigue_cv\skenes_2026_season\keypoints\30d558ec-0548-317a-9c1b-cdbcbd7641ea.npz,1.45,15.15,16.6
bf34ab4c-82e7-3a7a-8b3c-f5fdcb304f49,823374,1,2,191,161,0.843,9,False,C:\Users\noahl\OneDrive\fatigue_cv\skenes_2026_season\keypoints\bf34ab4c-82e7-3a7a-8b3c-f5fdcb304f49.npz,0.93,15.62,16.55
85062bf6-5fce-3ef6-8ac1-546740baf034,823374,1,3,191,191,1.0,9,False,C:\Users\noahl\OneDrive\fatigue_cv\skenes_2026_season\keypoints\85062bf6-5fce-3ef6-8ac1-546740baf034.npz,0.93,14.68,15.62
563290c6-6c5d-3ebb-85d0-ce7e7f9246ae,823374,1,1,191,191,1.0,9,False,C:\Users\noahl\OneDrive\fatigue_cv\skenes_2026_season\keypoints\563290c6-6c5d-3ebb-85d0-ce7e7f9246ae.npz,0.97,14.68,15.65
8cf1335c-b7b8-3642-a06b-4ae377c1dfe3,823374,1,2,191,191,1.0,9,False,C:\Users\noahl\OneDrive\fatigue_cv\skenes_2026_season\keypoints\8cf1335c-b7b8-3642-a06b-4ae377c1dfe3.npz,1.0,15.15,16.15
e0627209-7568-31fe-a348-4e3b3bc8e9e2,823374,1,1,191,191,1.0,9,False,C:\Users\noahl\OneDrive\fatigue_cv\skenes_2026_season\keypoints\e0627209-7568-31fe-a348-4e3b3bc8e9e2.npz,0.9,14.68,15.58
eab16633-a4d1-35b9-8eec-7ff40318cb6f,823374,1,2,191,191,1.0,9,False,C:\Users\noahl\OneDrive\fatigue_cv\skenes_2026_season\keypoints\eab16633-a4d1-35b9-8eec-7ff40318cb6f.npz,1.17,14.68,15.86
06c7e0f3-1af6-3860-8202-c84dc5eb353c,823374,1,3,191,191,1.0,9,False,C:\Users\noahl\OneDrive\fatigue_cv\skenes_2026_season\keypoints\06c7e0f3-1af6-3860-8202-c84dc5eb353c.npz,1.44,14.91,16.36
c56d8c03-32a5-3f06-a3d4-dee2935958da,823374,1,4,191,191,1.0,9,False,C:\Users\noahl\OneDrive\fatigue_cv\skenes_2026_season\keypoints\c56d8c03-32a5-3f06-a3d4-dee2935958da.npz,1.18,15.6,16.78
c17516b0-e0dc-355e-bf91-53fcdeec393d,823374,2,1,191,191,1.0,9,False,C:\Users\noahl\OneDrive\fatigue_cv\skenes_2026_season\keypoints\c17516b0-e0dc-355e-bf91-53fcdeec393d.npz,1.15,15.69,16.84
7ee58d72-bae5-3014-a82f-a2d6169b787a,823374,2,2,191,191,1.0,9,False,C:\Users\noahl\OneDrive\fatigue_cv\skenes_2026_season\keypoints\7ee58d72-bae5-3014-a82f-a2d6169b787a.npz,1.21,16.11,17.31
ee454813-bdc7-3520-91ba-81bc7459fc44,823374,2,3,191,191,1.0,9,False,C:\Users\noahl\OneDrive\fatigue_cv\skenes_2026_season\keypoints\ee454813-bdc7-3520-91ba-81bc7459fc44.npz,1.27,15.71,16.98
d6f8f853-0c30-3a74-a8f3-17816bab94e8,823374,2,4,191,170,0.89,9,False,C:\Users\noahl\OneDrive\fatigue_cv\skenes_2026_season\keypoints\d6f8f853-0c30-3a74-a8f3-17816bab94e8.npz,1.45,15.49,16.95
6b8726cc-3802-34ea-83ae-08a4a305081d,823374,2,1,191,191,1.0,9,False,C:\Users\noahl\OneDrive\fatigue_cv\skenes_2026_season\keypoints\6b8726cc-3802-34ea-83ae-08a4a305081d.npz,1.68,16.07,17.75
8a2680e0-a53c-3ad7-8365-05773d0e1319,823374,2,2,191,191,1.0,9,False,C:\Users\noahl\OneDrive\fatigue_cv\skenes_2026_season\keypoints\8a2680e0-a53c-3ad7-8365-05773d0e1319.npz,1.08,15.44,16.52
135b1044-9005-3bef-bf6f-a0e666bbe7be,823374,2,3,191,191,1.0,9,False,C:\Users\noahl\OneDrive\fatigue_cv\skenes_2026_season\keypoints\135b1044-9005-3bef-bf6f-a0e666bbe7be.npz,0.84,15.28,16.13
d07c4f8b-e642-359d-92db-d644a39eb285,823374,2,4,191,191,1.0,9,False,C:\Users\noahl\OneDrive\fatigue_cv\skenes_2026_season\keypoints\d07c4f8b-e642-359d-92db-d644a39eb285.npz,1.32,15.84,17.16
ce0c428e-1738-3013-8d1b-db3b09362538,823374,2,5,191,191,1.0,9,False,C:\Users\noahl\OneDrive\fatigue_cv\skenes_2026_season\keypoints\ce0c428e-1738-3013-8d1b-db3b09362538.npz,1.2,15.17,16.37
db6dce5c-367e-33c1-86d0-e3834ffb150f,823374,2,1,191,191,1.0,9,False,C:\Users\noahl\OneDrive\fatigue_cv\skenes_2026_season\keypoints\db6dce5c-367e-33c1-86d0-e3834ffb150f.npz,1.28,15.15,16.44
bd0fee1b-8af7-34db-abc3-dd975a3116c4,823374,2,2,191,191,1.0,9,False,C:\Users\noahl\OneDrive\fatigue_cv\skenes_2026_season\keypoints\bd0fee1b-8af7-34db-abc3-dd975a3116c4.npz,0.98,14.92,15.9
588f0b42-0893-303f-ab87-6f72e6cfdd13,823374,2,3,191,191,1.0,9,False,C:\Users\noahl\OneDrive\fatigue_cv\skenes_2026_season\keypoints\588f0b42-0893-303f-ab87-6f72e6cfdd13.npz,1.58,15.54,17.13
70f91b76-547c-3631-94e8-4ec74e6ff9f6,823374,2,1,191,189,0.99,9,False,C:\Users\noahl\OneDrive\fatigue_cv\skenes_2026_season\keypoints\70f91b76-547c-3631-94e8-4ec74e6ff9f6.npz,0.8,15.36,16.16
5304e911-2b72-3959-ab0b-03767dc88378,823374,2,2,191,191,1.0,9,False,C:\Users\noahl\OneDrive\fatigue_cv\skenes_2026_season\keypoints\5304e911-2b72-3959-ab0b-03767dc88378.npz,1.8,15.31,17.11
cc0ca029-7dfe-3cc9-bbc8-27f9e66885a4,823374,2,3,191,191,1.0,9,False,C:\Users\noahl\OneDrive\fatigue_cv\skenes_2026_season\keypoints\cc0ca029-7dfe-3cc9-bbc8-27f9e66885a4.npz,0.8,15.72,16.51
61ea1224-e88d-3c72-bc45-2f5c73bb23e4,823374,2,1,191,191,1.0,9,False,C:\Users\noahl\OneDrive\fatigue_cv\skenes_2026_season\keypoints\61ea1224-e88d-3c72-bc45-2f5c73bb23e4.npz,1.03,15.34,16.37
7db21d70-fa3b-381f-b23c-b9ccddaaaf9e,823374,2,2,191,191,1.0,9,False,C:\Users\noahl\OneDrive\fatigue_cv\skenes_2026_season\keypoints\7db21d70-fa3b-381f-b23c-b9ccddaaaf9e.npz,1.24,15.49,16.73
f7c9244d-67e8-352d-80bb-c0085a1c1188,823374,2,3,191,191,1.0,9,False,C:\Users\noahl\OneDrive\fatigue_cv\skenes_2026_season\keypoints\f7c9244d-67e8-352d-80bb-c0085a1c1188.npz,2.06,15.43,17.48
fbc9409c-9f91-3ec5-80c6-56f374ac4915,823374,2,4,191,191,1.0,9,False,C:\Users\noahl\OneDrive\fatigue_cv\skenes_2026_season\keypoints\fbc9409c-9f91-3ec5-80c6-56f374ac4915.npz,1.18,15.18,16.36
0b33333d-8087-3a9d-90e6-ac271f5f5e2a,823374,3,1,191,191,1.0,9,False,C:\Users\noahl\OneDrive\fatigue_cv\skenes_2026_season\keypoints\0b33333d-8087-3a9d-90e6-ac271f5f5e2a.npz,1.21,16.04,17.25
b3d7417a-7c1a-3e3e-ba9b-8befdf46cdce,823374,3,2,191,184,0.963,9,False,C:\Users\noahl\OneDrive\fatigue_cv\skenes_2026_season\keypoints\b3d7417a-7c1a-3e3e-ba9b-8befdf46cdce.npz,1.43,16.08,17.5
02d8bcbb-588a-3a15-a359-68b278e507e9,823374,3,3,191,168,0.88,9,False,C:\Users\noahl\OneDrive\fatigue_cv\skenes_2026_season\keypoints\02d8bcbb-588a-3a15-a359-68b278e507e9.npz,1.66,15.55,17.21
b65c17a7-ae20-3a96-856d-851a1f28dd91,823374,3,4,191,191,1.0,9,False,C:\Users\noahl\OneDrive\fatigue_cv\skenes_2026_season\keypoints\b65c17a7-ae20-3a96-856d-851a1f28dd91.npz,1.9,14.8,16.7
9760f811-f4e0-3cd7-b5e0-1e9037e565ed,823374,3,1,191,191,1.0,9,False,C:\Users\noahl\OneDrive\fatigue_cv\skenes_2026_season\keypoints\9760f811-f4e0-3cd7-b5e0-1e9037e565ed.npz,1.31,14.64,15.95
5adcd184-ffb9-36e0-813e-2c9262cde101,823374,3,2,191,191,1.0,9,False,C:\Users\noahl\OneDrive\fatigue_cv\skenes_2026_season\keypoints\5adcd184-ffb9-36e0-813e-2c9262cde101.npz,0.83,15.37,16.2
050a1b29-ddc9-3d51-813a-15695a1e314c,823374,3,3,191,191,1.0,9,False,C:\Users\noahl\OneDrive\fatigue_cv\skenes_2026_season\keypoints\050a1b29-ddc9-3d51-813a-15695a1e314c.npz,1.22,14.75,15.97
804e7ce8-5195-35d2-836e-ce6e1ead3722,823374,3,4,191,191,1.0,9,False,C:\Users\noahl\OneDrive\fatigue_cv\skenes_2026_season\keypoints\804e7ce8-5195-35d2-836e-ce6e1ead3722.npz,0.77,14.97,15.75
b9588f0a-cea7-39f3-8e84-73d38f8ab13f,823374,3,1,191,161,0.843,8,False,C:\Users\noahl\OneDrive\fatigue_cv\skenes_2026_season\keypoints\b9588f0a-cea7-39f3-8e84-73d38f8ab13f.npz,1.84,15.06,16.91
e93ac18f-1caa-34b0-9a87-6faf91e94c09,823374,3,2,191,191,1.0,9,False,C:\Users\noahl\OneDrive\fatigue_cv\skenes_2026_season\keypoints\e93ac18f-1caa-34b0-9a87-6faf91e94c09.npz,1.19,15.19,16.38
6bbcd4e3-802c-3914-a63f-e5b1146f025c,823374,3,3,191,191,1.0,9,False,C:\Users\noahl\OneDrive\fatigue_cv\skenes_2026_season\keypoints\6bbcd4e3-802c-3914-a63f-e5b1146f025c.npz,0.76,16.28,17.04
fa1a8595-ad97-3c42-841e-84407d936a5f,823374,3,4,191,191,1.0,9,False,C:\Users\noahl\OneDrive\fatigue_cv\skenes_2026_season\keypoints\fa1a8595-ad97-3c42-841e-84407d936a5f.npz,1.15,15.63,16.78
5256d1aa-7996-3578-870f-7991c6b8444c,823374,3,5,191,191,1.0,9,False,C:\Users\noahl\OneDrive\fatigue_cv\skenes_2026_season\keypoints\5256d1aa-7996-3578-870f-7991c6b8444c.npz,1.27,15.52,16.79
dd900ddb-8a21-3404-a225-efe69e891d15,823374,3,1,191,191,1.0,9,False,C:\Users\noahl\OneDrive\fatigue_cv\skenes_2026_season\keypoints\dd900ddb-8a21-3404-a225-efe69e891d15.npz,1.1,15.63,16.73
8011c026-b211-3236-87ba-3922279f60ce,823374,3,2,191,191,1.0,9,False,C:\Users\noahl\OneDrive\fatigue_cv\skenes_2026_season\keypoints\8011c026-b211-3236-87ba-3922279f60ce.npz,2.52,16.09,18.61
345b0fee-840a-3be1-966e-e8eea4eb1ed7,823374,3,3,191,191,1.0,9,False,C:\Users\noahl\OneDrive\fatigue_cv\skenes_2026_season\keypoints\345b0fee-840a-3be1-966e-e8eea4eb1ed7.npz,1.16,16.12,17.28
89de50ad-99ee-36a6-b61a-f4c4f5306269,823374,3,4,191,191,1.0,9,False,C:\Users\noahl\OneDrive\fatigue_cv\skenes_2026_season\keypoints\89de50ad-99ee-36a6-b61a-f4c4f5306269.npz,2.09,15.23,17.32
b072e0fc-cb41-34b8-bf0d-4ababd1987b6,823374,3,5,191,191,1.0,9,False,C:\Users\noahl\OneDrive\fatigue_cv\skenes_2026_season\keypoints\b072e0fc-cb41-34b8-bf0d-4ababd1987b6.npz,1.22,15.36,16.59
1651daa6-5845-390d-a881-00622e36a2d3,823374,3,6,191,191,1.0,9,False,C:\Users\noahl\OneDrive\fatigue_cv\skenes_2026_season\keypoints\1651daa6-5845-390d-a881-00622e36a2d3.npz,1.06,14.94,16.0
d83ea231-8c6b-3ff6-a2c6-2a0d8256747a,823374,3,7,191,191,1.0,9,False,C:\Users\noahl\OneDrive\fatigue_cv\skenes_2026_season\keypoints\d83ea231-8c6b-3ff6-a2c6-2a0d8256747a.npz,0.76,15.76,16.52
080b535d-4509-38cb-ac9f-ada581f49c5f,823374,4,1,191,191,1.0,9,False,C:\Users\noahl\OneDrive\fatigue_cv\skenes_2026_season\keypoints\080b535d-4509-38cb-ac9f-ada581f49c5f.npz,1.51,14.51,16.03
320ee728-0137-38f2-a9f5-fa5731ee668d,823374,4,2,191,175,0.916,9,False,C:\Users\noahl\OneDrive\fatigue_cv\skenes_2026_season\keypoints\320ee728-0137-38f2-a9f5-fa5731ee668d.npz,1.19,14.77,15.96
e2531dbd-ef99-3b5b-a017-b14f86d90e0c,823374,4,3,191,191,1.0,9,False,C:\Users\noahl\OneDrive\fatigue_cv\skenes_2026_season\keypoints\e2531dbd-ef99-3b5b-a017-b14f86d90e0c.npz,1.18,15.75,16.93
f5824fdf-f0c8-3cd9-8a50-9c897183558d,823374,4,4,191,191,1.0,9,False,C:\Users\noahl\OneDrive\fatigue_cv\skenes_2026_season\keypoints\f5824fdf-f0c8-3cd9-8a50-9c897183558d.npz,1.15,15.78,16.93
4a88409b-677d-3362-8fa3-cd997674c220,823374,4,5,191,191,1.0,9,False,C:\Users\noahl\OneDrive\fatigue_cv\skenes_2026_season\keypoints\4a88409b-677d-3362-8fa3-cd997674c220.npz,1.11,15.89,17.01
86445354-7530-3d37-8235-23c417224faa,823374,4,1,191,191,1.0,9,False,C:\Users\noahl\OneDrive\fatigue_cv\skenes_2026_season\keypoints\86445354-7530-3d37-8235-23c417224faa.npz,0.97,15.45,16.43
69e1ff8c-82fa-3095-b514-4a24496b2bb6,823374,4,2,191,191,1.0,9,False,C:\Users\noahl\OneDrive\fatigue_cv\skenes_2026_season\keypoints\69e1ff8c-82fa-3095-b514-4a24496b2bb6.npz,1.14,16.21,17.36
9f71f4bf-aa61-372e-b3df-50bd32884b11,823374,4,3,191,191,1.0,9,False,C:\Users\noahl\OneDrive\fatigue_cv\skenes_2026_season\keypoints\9f71f4bf-aa61-372e-b3df-50bd32884b11.npz,1.36,16.07,17.43
b34a84a1-8cec-398a-8047-5a19ea879729,823374,4,1,191,191,1.0,9,False,C:\Users\noahl\OneDrive\fatigue_cv\skenes_2026_season\keypoints\b34a84a1-8cec-398a-8047-5a19ea879729.npz,1.11,15.44,16.55
a210fc19-3b4b-3bdd-89a2-2557128115e4,823374,4,2,191,185,0.969,9,False,C:\Users\noahl\OneDrive\fatigue_cv\skenes_2026_season\keypoints\a210fc19-3b4b-3bdd-89a2-2557128115e4.npz,1.36,15.34,16.71
7b4c57f7-ad63-36e0-84e7-e71d32a5756a,823374,4,3,191,191,1.0,9,False,C:\Users\noahl\OneDrive\fatigue_cv\skenes_2026_season\keypoints\7b4c57f7-ad63-36e0-84e7-e71d32a5756a.npz,1.36,15.79,17.16
f55018d6-d613-338b-bd8c-edae4eb9e2c2,823374,4,4,191,191,1.0,9,False,C:\Users\noahl\OneDrive\fatigue_cv\skenes_2026_season\keypoints\f55018d6-d613-338b-bd8c-edae4eb9e2c2.npz,1.16,15.88,17.03
58019f52-2579-33f2-88ad-4ae8bc0dbcbe,823374,4,5,191,191,1.0,9,False,C:\Users\noahl\OneDrive\fatigue_cv\skenes_2026_season\keypoints\58019f52-2579-33f2-88ad-4ae8bc0dbcbe.npz,1.26,14.58,15.84
9cca55e9-78a6-3ad8-a3db-61b4fd3f112f,823374,4,6,191,191,1.0,9,False,C:\Users\noahl\OneDrive\fatigue_cv\skenes_2026_season\keypoints\9cca55e9-78a6-3ad8-a3db-61b4fd3f112f.npz,1.23,14.78,16.01
659d4352-0101-39ab-9889-903967937eaf,823374,4,1,191,191,1.0,9,False,C:\Users\noahl\OneDrive\fatigue_cv\skenes_2026_season\keypoints\659d4352-0101-39ab-9889-903967937eaf.npz,1.16,14.37,15.53
6d6d718a-0a91-34e1-aa30-d9052d09a7df,823374,4,2,191,191,1.0,9,False,C:\Users\noahl\OneDrive\fatigue_cv\skenes_2026_season\keypoints\6d6d718a-0a91-34e1-aa30-d9052d09a7df.npz,1.2,15.6,16.8
d006f7c5-3650-330b-81e5-70db3e82212c,823374,4,3,191,191,1.0,9,False,C:\Users\noahl\OneDrive\fatigue_cv\skenes_2026_season\keypoints\d006f7c5-3650-330b-81e5-70db3e82212c.npz,1.3,14.72,16.03
a96db3d2-b0b0-353c-acfd-bedde537eb03,823374,4,4,191,191,1.0,9,False,C:\Users\noahl\OneDrive\fatigue_cv\skenes_2026_season\keypoints\a96db3d2-b0b0-353c-acfd-bedde537eb03.npz,1.14,14.56,15.7
63119a94-dc32-3890-bd3b-264b46312908,823374,5,1,191,191,1.0,9,False,C:\Users\noahl\OneDrive\fatigue_cv\skenes_2026_season\keypoints\63119a94-dc32-3890-bd3b-264b46312908.npz,1.76,16.22,17.98
f2b439a9-881e-3b63-b423-76ad7f59b48a,823374,5,2,191,191,1.0,9,False,C:\Users\noahl\OneDrive\fatigue_cv\skenes_2026_season\keypoints\f2b439a9-881e-3b63-b423-76ad7f59b48a.npz,1.13,15.27,16.4
2363fc33-2488-367e-9109-0b86c622369c,823374,5,3,191,191,1.0,9,False,C:\Users\noahl\OneDrive\fatigue_cv\skenes_2026_season\keypoints\2363fc33-2488-367e-9109-0b86c622369c.npz,0.92,15.58,16.5
a68d1bb2-906d-369c-be5d-49faf4a30284,823374,5,4,191,191,1.0,9,False,C:\Users\noahl\OneDrive\fatigue_cv\skenes_2026_season\keypoints\a68d1bb2-906d-369c-be5d-49faf4a30284.npz,1.23,15.58,16.82
88e87876-0128-3791-a6a8-fed97ee0cb09,823374,5,5,191,191,1.0,9,False,C:\Users\noahl\OneDrive\fatigue_cv\skenes_2026_season\keypoints\88e87876-0128-3791-a6a8-fed97ee0cb09.npz,0.84,15.82,16.66
21367204-e415-3d7c-984e-b9f5a2ede47b,823374,5,1,191,191,1.0,9,False,C:\Users\noahl\OneDrive\fatigue_cv\skenes_2026_season\keypoints\21367204-e415-3d7c-984e-b9f5a2ede47b.npz,1.06,15.69,16.75
cbf050fc-e1dc-31eb-85c9-c03fae44da03,823374,5,2,191,191,1.0,9,False,C:\Users\noahl\OneDrive\fatigue_cv\skenes_2026_season\keypoints\cbf050fc-e1dc-31eb-85c9-c03fae44da03.npz,1.04,16.16,17.2
059ea74f-6643-30ef-971f-7c990fee5c29,823374,5,3,191,191,1.0,9,False,C:\Users\noahl\OneDrive\fatigue_cv\skenes_2026_season\keypoints\059ea74f-6643-30ef-971f-7c990fee5c29.npz,1.24,16.11,17.35
a2753039-972f-337a-880d-0f099060bdb5,823374,5,4,191,191,1.0,9,False,C:\Users\noahl\OneDrive\fatigue_cv\skenes_2026_season\keypoints\a2753039-972f-337a-880d-0f099060bdb5.npz,0.97,15.34,16.31
47c97f40-706f-3290-906c-999f1da759ed,823374,5,1,191,191,1.0,9,False,C:\Users\noahl\OneDrive\fatigue_cv\skenes_2026_season\keypoints\47c97f40-706f-3290-906c-999f1da759ed.npz,2.71,15.41,18.12
a30cbc42-e118-3435-8467-364c22198836,823374,5,2,191,191,1.0,9,False,C:\Users\noahl\OneDrive\fatigue_cv\skenes_2026_season\keypoints\a30cbc42-e118-3435-8467-364c22198836.npz,1.11,15.42,16.53
b91ffd51-f638-3671-a18e-db59cea7957f,823374,5,3,191,191,1.0,9,False,C:\Users\noahl\OneDrive\fatigue_cv\skenes_2026_season\keypoints\b91ffd51-f638-3671-a18e-db59cea7957f.npz,1.55,14.95,16.51
7c318b4c-0eb9-32c2-8257-f3ddcbaa6d61,823374,6,1,191,170,0.89,0,True,C:\Users\noahl\OneDrive\fatigue_cv\skenes_2026_season\keypoints\7c318b4c-0eb9-32c2-8257-f3ddcbaa6d61.npz,1.13,14.92,16.06
77841146-905d-393a-bd12-7cb9166b44ef,823374,6,2,191,191,1.0,9,False,C:\Users\noahl\OneDrive\fatigue_cv\skenes_2026_season\keypoints\77841146-905d-393a-bd12-7cb9166b44ef.npz,1.57,14.88,16.46
5edab8f0-0dd0-38d9-8bdd-d7cb5b5183f4,823374,6,3,191,186,0.974,9,False,C:\Users\noahl\OneDrive\fatigue_cv\skenes_2026_season\keypoints\5edab8f0-0dd0-38d9-8bdd-d7cb5b5183f4.npz,1.68,15.75,17.44
0d39af28-6663-37af-9720-def9c7705004,823374,6,4,191,191,1.0,9,False,C:\Users\noahl\OneDrive\fatigue_cv\skenes_2026_season\keypoints\0d39af28-6663-37af-9720-def9c7705004.npz,0.82,15.73,16.55
284237d7-a7be-3b39-87fc-dddf528f4896,823374,6,1,191,191,1.0,9,False,C:\Users\noahl\OneDrive\fatigue_cv\skenes_2026_season\keypoints\284237d7-a7be-3b39-87fc-dddf528f4896.npz,1.08,14.99,16.08
55b51eca-ce84-36e8-92b4-e332bd1e719e,823374,6,2,191,191,1.0,9,False,C:\Users\noahl\OneDrive\fatigue_cv\skenes_2026_season\keypoints\55b51eca-ce84-36e8-92b4-e332bd1e719e.npz,1.16,15.75,16.91
e8ccff7d-2867-3f1a-93a3-34e3609a9e31,823374,6,3,191,191,1.0,9,False,C:\Users\noahl\OneDrive\fatigue_cv\skenes_2026_season\keypoints\e8ccff7d-2867-3f1a-93a3-34e3609a9e31.npz,1.27,15.42,16.69
74948a19-be9a-35c0-9bb5-d9b727e771ce,823374,6,4,191,191,1.0,9,False,C:\Users\noahl\OneDrive\fatigue_cv\skenes_2026_season\keypoints\74948a19-be9a-35c0-9bb5-d9b727e771ce.npz,1.2,15.46,16.67
b818e3b9-f127-3ce8-85cd-b10b797d459f,823374,6,1,191,191,1.0,9,False,C:\Users\noahl\OneDrive\fatigue_cv\skenes_2026_season\keypoints\b818e3b9-f127-3ce8-85cd-b10b797d459f.npz,1.73,15.33,17.06
f75dbbef-7d41-3684-b0a7-509c120c0f1b,823374,6,2,191,191,1.0,9,False,C:\Users\noahl\OneDrive\fatigue_cv\skenes_2026_season\keypoints\f75dbbef-7d41-3684-b0a7-509c120c0f1b.npz,1.47,15.36,16.83
eb1bcd8f-4288-33cf-a43c-d079f69a26f9,823374,6,3,191,191,1.0,9,False,C:\Users\noahl\OneDrive\fatigue_cv\skenes_2026_season\keypoints\eb1bcd8f-4288-33cf-a43c-d079f69a26f9.npz,1.89,15.03,16.92
b4d19484-5a78-37d5-b4fd-269efcff433a,823374,6,4,191,191,1.0,9,False,C:\Users\noahl\OneDrive\fatigue_cv\skenes_2026_season\keypoints\b4d19484-5a78-37d5-b4fd-269efcff433a.npz,0.93,15.12,16.05
7c31eef3-4792-3631-b39c-8d62999b9dfd,823374,6,5,191,191,1.0,9,False,C:\Users\noahl\OneDrive\fatigue_cv\skenes_2026_season\keypoints\7c31eef3-4792-3631-b39c-8d62999b9dfd.npz,1.16,16.02,17.18
10bccda0-ca27-317b-b214-b36ca99a2b56,823374,6,6,191,191,1.0,9,False,C:\Users\noahl\OneDrive\fatigue_cv\skenes_2026_season\keypoints\10bccda0-ca27-317b-b214-b36ca99a2b56.npz,0.94,16.17,17.11
4d4493cb-9432-3371-ae99-8cce34cd0e96,823374,6,1,191,191,1.0,9,False,C:\Users\noahl\OneDrive\fatigue_cv\skenes_2026_season\keypoints\4d4493cb-9432-3371-ae99-8cce34cd0e96.npz,1.11,15.45,16.56
5db2e486-f5dc-304a-a29f-43d3be1553f8,823374,6,2,191,191,1.0,9,False,C:\Users\noahl\OneDrive\fatigue_cv\skenes_2026_season\keypoints\5db2e486-f5dc-304a-a29f-43d3be1553f8.npz,0.96,16.32,17.27
d452be3b-81b9-372b-a7a5-af7e2e3b78e1,823374,6,3,191,191,1.0,9,False,C:\Users\noahl\OneDrive\fatigue_cv\skenes_2026_season\keypoints\d452be3b-81b9-372b-a7a5-af7e2e3b78e1.npz,1.18,15.5,16.68
832ceed0-89a1-32aa-9e9c-68d83d253c31,823374,6,4,191,191,1.0,9,False,C:\Users\noahl\OneDrive\fatigue_cv\skenes_2026_season\keypoints\832ceed0-89a1-32aa-9e9c-68d83d253c31.npz,1.26,16.2,17.46
92ece109-40d5-39be-aa54-76a0ce605b39,823374,6,5,191,191,1.0,9,False,C:\Users\noahl\OneDrive\fatigue_cv\skenes_2026_season\keypoints\92ece109-40d5-39be-aa54-76a0ce605b39.npz,1.23,16.75,17.98
2727ee84-8a3f-3660-8206-11b33aa404f6,823374,6,1,191,176,0.921,9,False,C:\Users\noahl\OneDrive\fatigue_cv\skenes_2026_season\keypoints\2727ee84-8a3f-3660-8206-11b33aa404f6.npz,0.86,16.62,17.49
33cb13aa-c0e1-3118-82f2-8cde7eeab1d0,823374,6,2,191,191,1.0,9,False,C:\Users\noahl\OneDrive\fatigue_cv\skenes_2026_season\keypoints\33cb13aa-c0e1-3118-82f2-8cde7eeab1d0.npz,0.83,15.28,16.11
34125759-ee6c-3a81-9b9c-8645efc7ef94,823374,6,3,191,191,1.0,9,False,C:\Users\noahl\OneDrive\fatigue_cv\skenes_2026_season\keypoints\34125759-ee6c-3a81-9b9c-8645efc7ef94.npz,1.14,15.93,17.07
cd8cc400-bb3b-38f1-ba2a-f428ff97c641,823374,6,4,191,191,1.0,9,False,C:\Users\noahl\OneDrive\fatigue_cv\skenes_2026_season\keypoints\cd8cc400-bb3b-38f1-ba2a-f428ff97c641.npz,1.21,15.99,17.21
de9917a0-b916-3f12-ac0f-dd3f8cf9af03,823374,6,5,191,191,1.0,9,False,C:\Users\noahl\OneDrive\fatigue_cv\skenes_2026_season\keypoints\de9917a0-b916-3f12-ac0f-dd3f8cf9af03.npz,1.48,15.87,17.35
09f08a2f-3ac9-3304-a8b4-d258f8781ce0,823374,6,1,191,191,1.0,9,False,C:\Users\noahl\OneDrive\fatigue_cv\skenes_2026_season\keypoints\09f08a2f-3ac9-3304-a8b4-d258f8781ce0.npz,1.54,15.81,17.35
19278176-15ae-3329-8915-d5bad3856aa1,823368,1,1,191,191,1.0,9,False,C:\Users\noahl\OneDrive\fatigue_cv\skenes_2026_season\keypoints\19278176-15ae-3329-8915-d5bad3856aa1.npz,1.12,14.99,16.11
ceedda7d-be1d-38f9-9740-9798bed74628,823368,1,2,191,191,1.0,9,False,C:\Users\noahl\OneDrive\fatigue_cv\skenes_2026_season\keypoints\ceedda7d-be1d-38f9-9740-9798bed74628.npz,1.26,15.75,17.02
7114502e-eed8-3b8c-b920-0eceaa2a0d9d,823368,1,3,191,191,1.0,9,False,C:\Users\noahl\OneDrive\fatigue_cv\skenes_2026_season\keypoints\7114502e-eed8-3b8c-b920-0eceaa2a0d9d.npz,0.85,16.8,17.64
1c87a795-b61e-39a0-bf8f-004ee506df03,823368,1,4,191,191,1.0,9,False,C:\Users\noahl\OneDrive\fatigue_cv\skenes_2026_season\keypoints\1c87a795-b61e-39a0-bf8f-004ee506df03.npz,1.15,15.77,16.92
23d7a3e3-04a4-3473-adfc-62deb64eef3d,823368,1,5,191,191,1.0,9,False,C:\Users\noahl\OneDrive\fatigue_cv\skenes_2026_season\keypoints\23d7a3e3-04a4-3473-adfc-62deb64eef3d.npz,0.89,15.19,16.08
30199445-3ff2-3f2a-b8b3-61796c5ff93d,823368,1,1,191,191,1.0,9,False,C:\Users\noahl\OneDrive\fatigue_cv\skenes_2026_season\keypoints\30199445-3ff2-3f2a-b8b3-61796c5ff93d.npz,1.04,14.81,15.86
e5c1061e-b20a-38cb-aacc-b99af73473d0,823368,1,2,191,191,1.0,9,False,C:\Users\noahl\OneDrive\fatigue_cv\skenes_2026_season\keypoints\e5c1061e-b20a-38cb-aacc-b99af73473d0.npz,1.24,15.57,16.81
1cccc111-dadf-32f1-a469-8242ad2c4550,823368,1,3,191,191,1.0,9,False,C:\Users\noahl\OneDrive\fatigue_cv\skenes_2026_season\keypoints\1cccc111-dadf-32f1-a469-8242ad2c4550.npz,1.29,15.8,17.09
49ba0bd3-8ac7-34bd-8e92-f2c3065e9155,823368,1,4,191,191,1.0,9,False,C:\Users\noahl\OneDrive\fatigue_cv\skenes_2026_season\keypoints\49ba0bd3-8ac7-34bd-8e92-f2c3065e9155.npz,1.27,15.35,16.62
b2c0d228-f5d2-326d-9949-7fab6956f2e1,823368,1,5,191,191,1.0,9,False,C:\Users\noahl\OneDrive\fatigue_cv\skenes_2026_season\keypoints\b2c0d228-f5d2-326d-9949-7fab6956f2e1.npz,1.12,15.33,16.46
0205a170-a17a-3973-a857-7add2648ac6f,823368,1,6,191,191,1.0,9,False,C:\Users\noahl\OneDrive\fatigue_cv\skenes_2026_season\keypoints\0205a170-a17a-3973-a857-7add2648ac6f.npz,0.92,15.16,16.08
52c36e9f-fc0f-38b4-8d68-c634f35fa2cd,823368,1,1,191,191,1.0,9,False,C:\Users\noahl\OneDrive\fatigue_cv\skenes_2026_season\keypoints\52c36e9f-fc0f-38b4-8d68-c634f35fa2cd.npz,1.13,15.44,16.56
f04dbf6c-aab2-3316-bbe1-63c96f49f063,823368,1,2,191,191,1.0,9,False,C:\Users\noahl\OneDrive\fatigue_cv\skenes_2026_season\keypoints\f04dbf6c-aab2-3316-bbe1-63c96f49f063.npz,1.43,15.33,16.76
f11099e2-6e82-3e6a-90dd-ec6352ef066c,823368,1,3,191,191,1.0,9,False,C:\Users\noahl\OneDrive\fatigue_cv\skenes_2026_season\keypoints\f11099e2-6e82-3e6a-90dd-ec6352ef066c.npz,1.27,15.14,16.41
1a34f997-99ad-341b-9f82-1958fad17d80,823368,1,4,191,191,1.0,9,False,C:\Users\noahl\OneDrive\fatigue_cv\skenes_2026_season\keypoints\1a34f997-99ad-341b-9f82-1958fad17d80.npz,0.76,16.09,16.84
e24d5815-7bcd-3a10-9d20-8c0537dd02ed,823368,1,5,191,191,1.0,9,False,C:\Users\noahl\OneDrive\fatigue_cv\skenes_2026_season\keypoints\e24d5815-7bcd-3a10-9d20-8c0537dd02ed.npz,1.05,14.92,15.97
3c569a1e-72cf-3c21-a2a7-ffbbd5a5e8a5,823368,1,6,191,191,1.0,9,False,C:\Users\noahl\OneDrive\fatigue_cv\skenes_2026_season\keypoints\3c569a1e-72cf-3c21-a2a7-ffbbd5a5e8a5.npz,0.77,15.37,16.14
895a6afb-f47c-3ab4-bfdb-6b7fb6cac05f,823368,1,1,191,191,1.0,9,False,C:\Users\noahl\OneDrive\fatigue_cv\skenes_2026_season\keypoints\895a6afb-f47c-3ab4-bfdb-6b7fb6cac05f.npz,1.01,14.87,15.88
211a496e-085e-37ad-87f7-ef434d3745b9,823368,1,2,191,191,1.0,9,False,C:\Users\noahl\OneDrive\fatigue_cv\skenes_2026_season\keypoints\211a496e-085e-37ad-87f7-ef434d3745b9.npz,1.14,14.74,15.88
37355570-36d3-3f80-9eda-0a6194907519,823368,1,3,191,191,1.0,9,False,C:\Users\noahl\OneDrive\fatigue_cv\skenes_2026_season\keypoints\37355570-36d3-3f80-9eda-0a6194907519.npz,0.83,14.77,15.61
6ae32687-441e-3906-996a-652bdec480ed,823368,2,1,191,191,1.0,9,False,C:\Users\noahl\OneDrive\fatigue_cv\skenes_2026_season\keypoints\6ae32687-441e-3906-996a-652bdec480ed.npz,1.06,15.65,16.72
5fa9e3a3-c32d-3646-8804-668993a7215e,823368,2,2,191,191,1.0,9,False,C:\Users\noahl\OneDrive\fatigue_cv\skenes_2026_season\keypoints\5fa9e3a3-c32d-3646-8804-668993a7215e.npz,1.17,15.7,16.87
5d71bbc8-9b1d-3d81-9eee-e6354bc1bcb8,823368,2,3,191,191,1.0,9,False,C:\Users\noahl\OneDrive\fatigue_cv\skenes_2026_season\keypoints\5d71bbc8-9b1d-3d81-9eee-e6354bc1bcb8.npz,1.19,16.27,17.46
67055800-3da9-37fb-aff6-d54228a68782,823368,2,4,191,191,1.0,9,False,C:\Users\noahl\OneDrive\fatigue_cv\skenes_2026_season\keypoints\67055800-3da9-37fb-aff6-d54228a68782.npz,0.82,15.87,16.69
7421d2ed-4acd-3e08-a0e5-c5c10dd97bf6,823368,2,5,191,191,1.0,9,False,C:\Users\noahl\OneDrive\fatigue_cv\skenes_2026_season\keypoints\7421d2ed-4acd-3e08-a0e5-c5c10dd97bf6.npz,1.46,15.73,17.19
4e3fb43b-154b-3d1d-8fa5-87ffa9cfa21c,823368,2,1,191,191,1.0,9,False,C:\Users\noahl\OneDrive\fatigue_cv\skenes_2026_season\keypoints\4e3fb43b-154b-3d1d-8fa5-87ffa9cfa21c.npz,0.99,15.94,16.93
bda9d4f0-192e-3849-829e-ae5ec2298d2b,823368,2,2,191,191,1.0,9,False,C:\Users\noahl\OneDrive\fatigue_cv\skenes_2026_season\keypoints\bda9d4f0-192e-3849-829e-ae5ec2298d2b.npz,1.04,15.51,16.56
3a0a2e20-3f31-342e-9af4-06e0d3a82dec,823368,2,3,191,176,0.921,9,False,C:\Users\noahl\OneDrive\fatigue_cv\skenes_2026_season\keypoints\3a0a2e20-3f31-342e-9af4-06e0d3a82dec.npz,0.85,15.53,16.38
8494b65e-11ed-386a-b7b8-4c04e2703a31,823368,2,4,191,191,1.0,9,False,C:\Users\noahl\OneDrive\fatigue_cv\skenes_2026_season\keypoints\8494b65e-11ed-386a-b7b8-4c04e2703a31.npz,1.06,15.78,16.85
89d1b69c-19c9-3507-8c98-47a1f09d6387,823368,2,5,191,191,1.0,9,False,C:\Users\noahl\OneDrive\fatigue_cv\skenes_2026_season\keypoints\89d1b69c-19c9-3507-8c98-47a1f09d6387.npz,0.86,15.02,15.89
00aec829-7972-337b-9a5c-0c85994e4384,823368,2,1,191,191,1.0,9,False,C:\Users\noahl\OneDrive\fatigue_cv\skenes_2026_season\keypoints\00aec829-7972-337b-9a5c-0c85994e4384.npz,0.82,15.19,16.0
eaba99d9-80fb-3d76-9fe8-5cefcdc80c28,823368,2,2,191,189,0.99,9,False,C:\Users\noahl\OneDrive\fatigue_cv\skenes_2026_season\keypoints\eaba99d9-80fb-3d76-9fe8-5cefcdc80c28.npz,0.93,14.98,15.91
81555517-901f-3dbd-a0b0-cde728406468,823368,2,1,191,191,1.0,9,False,C:\Users\noahl\OneDrive\fatigue_cv\skenes_2026_season\keypoints\81555517-901f-3dbd-a0b0-cde728406468.npz,1.09,14.85,15.95
c0249543-07d0-3c34-b60c-390835b1ca23,823368,2,2,191,191,1.0,9,False,C:\Users\noahl\OneDrive\fatigue_cv\skenes_2026_season\keypoints\c0249543-07d0-3c34-b60c-390835b1ca23.npz,0.79,15.02,15.82
2860a8cf-2dee-34d2-8da0-62705e556a7b,823368,2,3,191,191,1.0,9,False,C:\Users\noahl\OneDrive\fatigue_cv\skenes_2026_season\keypoints\2860a8cf-2dee-34d2-8da0-62705e556a7b.npz,1.99,15.14,17.14
d6fa27ee-cdf3-37b5-9174-23e86580b83c,823368,2,1,191,191,1.0,9,False,C:\Users\noahl\OneDrive\fatigue_cv\skenes_2026_season\keypoints\d6fa27ee-cdf3-37b5-9174-23e86580b83c.npz,1.05,15.69,16.73
b233118e-1342-3b8a-baa6-bc518967f1f5,823368,2,2,191,191,1.0,9,False,C:\Users\noahl\OneDrive\fatigue_cv\skenes_2026_season\keypoints\b233118e-1342-3b8a-baa6-bc518967f1f5.npz,1.07,15.51,16.58
88ec6227-ae83-3618-8101-932a7b49e5d3,823368,2,3,191,187,0.979,9,False,C:\Users\noahl\OneDrive\fatigue_cv\skenes_2026_season\keypoints\88ec6227-ae83-3618-8101-932a7b49e5d3.npz,1.29,16.02,17.32
bc908c51-25f8-391d-8b09-f65a90f62bc5,823368,2,1,191,191,1.0,9,False,C:\Users\noahl\OneDrive\fatigue_cv\skenes_2026_season\keypoints\bc908c51-25f8-391d-8b09-f65a90f62bc5.npz,1.21,16.3,17.51
9ab13778-e479-3c14-9cce-48151b5f9790,823368,2,2,191,191,1.0,9,False,C:\Users\noahl\OneDrive\fatigue_cv\skenes_2026_season\keypoints\9ab13778-e479-3c14-9cce-48151b5f9790.npz,1.41,15.06,16.47
abeb5820-d6b3-3fc3-bee9-e07e5218866a,823368,2,3,191,191,1.0,9,False,C:\Users\noahl\OneDrive\fatigue_cv\skenes_2026_season\keypoints\abeb5820-d6b3-3fc3-bee9-e07e5218866a.npz,1.34,16.14,17.48
1072c641-2652-391b-8938-72b8ea08ef9d,823368,3,1,191,191,1.0,9,False,C:\Users\noahl\OneDrive\fatigue_cv\skenes_2026_season\keypoints\1072c641-2652-391b-8938-72b8ea08ef9d.npz,1.07,15.47,16.54
e14f3b23-01bd-35e2-8b77-87e0dc8d1499,823368,3,2,191,189,0.99,9,False,C:\Users\noahl\OneDrive\fatigue_cv\skenes_2026_season\keypoints\e14f3b23-01bd-35e2-8b77-87e0dc8d1499.npz,1.02,14.99,16.02
3dbf250b-c1b6-3b48-925d-6d4ce5d93acc,823368,3,1,191,191,1.0,9,False,C:\Users\noahl\OneDrive\fatigue_cv\skenes_2026_season\keypoints\3dbf250b-c1b6-3b48-925d-6d4ce5d93acc.npz,0.93,15.44,16.37
54b18653-bf38-3dfa-a7ba-24cd632f849d,823368,3,2,191,191,1.0,9,False,C:\Users\noahl\OneDrive\fatigue_cv\skenes_2026_season\keypoints\54b18653-bf38-3dfa-a7ba-24cd632f849d.npz,0.93,14.64,15.58
c099a109-1917-3245-81a3-86e29b28dbb6,823368,3,1,191,191,1.0,9,False,C:\Users\noahl\OneDrive\fatigue_cv\skenes_2026_season\keypoints\c099a109-1917-3245-81a3-86e29b28dbb6.npz,1.22,14.65,15.87
9476b5b5-cc15-34ec-86a8-390a5bbe5698,823368,3,2,191,191,1.0,9,False,C:\Users\noahl\OneDrive\fatigue_cv\skenes_2026_season\keypoints\9476b5b5-cc15-34ec-86a8-390a5bbe5698.npz,1.01,14.63,15.64
9e8e44be-cb38-3d48-9f6c-17f373480bdb,823368,3,3,191,191,1.0,9,False,C:\Users\noahl\OneDrive\fatigue_cv\skenes_2026_season\keypoints\9e8e44be-cb38-3d48-9f6c-17f373480bdb.npz,0.97,14.38,15.35
0685fde3-3ef6-330c-9f48-66fae189fab5,823368,4,1,191,191,1.0,9,False,C:\Users\noahl\OneDrive\fatigue_cv\skenes_2026_season\keypoints\0685fde3-3ef6-330c-9f48-66fae189fab5.npz,0.84,14.7,15.54
ff568720-ea7f-36eb-803f-eba0f568ef34,823368,4,2,191,191,1.0,9,False,C:\Users\noahl\OneDrive\fatigue_cv\skenes_2026_season\keypoints\ff568720-ea7f-36eb-803f-eba0f568ef34.npz,1.2,15.38,16.58
259c1e89-4879-37d5-980d-5c598750c046,823368,4,3,191,191,1.0,9,False,C:\Users\noahl\OneDrive\fatigue_cv\skenes_2026_season\keypoints\259c1e89-4879-37d5-980d-5c598750c046.npz,1.19,15.89,17.08
5a64b5e7-da8f-36cf-ae68-6fcc7057f6c0,823368,4,4,191,191,1.0,9,False,C:\Users\noahl\OneDrive\fatigue_cv\skenes_2026_season\keypoints\5a64b5e7-da8f-36cf-ae68-6fcc7057f6c0.npz,0.7,15.47,16.18
a3440021-9dbd-31f4-a309-f52583ebdf04,823368,4,5,191,191,1.0,9,False,C:\Users\noahl\OneDrive\fatigue_cv\skenes_2026_season\keypoints\a3440021-9dbd-31f4-a309-f52583ebdf04.npz,1.02,15.46,16.48
426dbc10-ad25-3b73-9054-d1c405114e92,823368,4,1,191,191,1.0,9,False,C:\Users\noahl\OneDrive\fatigue_cv\skenes_2026_season\keypoints\426dbc10-ad25-3b73-9054-d1c405114e92.npz,1.8,15.41,17.22
273e8bc3-2b0d-3104-8e07-f2ef62d262ca,823368,4,2,191,191,1.0,9,False,C:\Users\noahl\OneDrive\fatigue_cv\skenes_2026_season\keypoints\273e8bc3-2b0d-3104-8e07-f2ef62d262ca.npz,0.75,15.48,16.23
64dd27f4-c46e-3857-9efe-b40d8107150d,823368,4,3,191,191,1.0,9,False,C:\Users\noahl\OneDrive\fatigue_cv\skenes_2026_season\keypoints\64dd27f4-c46e-3857-9efe-b40d8107150d.npz,1.36,14.65,16.0
170af383-d3b8-3b4e-a9d7-d2ea8e862911,823368,4,4,191,191,1.0,9,False,C:\Users\noahl\OneDrive\fatigue_cv\skenes_2026_season\keypoints\170af383-d3b8-3b4e-a9d7-d2ea8e862911.npz,0.91,15.41,16.32
82b87690-d2b9-3bc6-b51a-f1bde0459769,823368,4,1,191,191,1.0,9,False,C:\Users\noahl\OneDrive\fatigue_cv\skenes_2026_season\keypoints\82b87690-d2b9-3bc6-b51a-f1bde0459769.npz,1.23,15.19,16.42
a29d43d8-415b-322a-bb54-5bb04258ca10,823368,4,2,191,191,1.0,9,False,C:\Users\noahl\OneDrive\fatigue_cv\skenes_2026_season\keypoints\a29d43d8-415b-322a-bb54-5bb04258ca10.npz,1.18,15.37,16.55
93a4c3ff-bb53-39b6-a8f1-b4de8c823b80,823368,4,3,191,191,1.0,9,False,C:\Users\noahl\OneDrive\fatigue_cv\skenes_2026_season\keypoints\93a4c3ff-bb53-39b6-a8f1-b4de8c823b80.npz,1.2,14.93,16.14
daedf423-b13e-3d97-bc64-198b0da23375,823368,4,4,191,191,1.0,9,False,C:\Users\noahl\OneDrive\fatigue_cv\skenes_2026_season\keypoints\daedf423-b13e-3d97-bc64-198b0da23375.npz,0.82,15.27,16.1
1b459878-bb27-3901-b0ae-2782938c4689,823368,4,5,191,191,1.0,9,False,C:\Users\noahl\OneDrive\fatigue_cv\skenes_2026_season\keypoints\1b459878-bb27-3901-b0ae-2782938c4689.npz,1.12,15.73,16.85
44601291-9eb0-3f79-b067-15cd5c35607e,823368,4,6,191,128,0.67,9,False,C:\Users\noahl\OneDrive\fatigue_cv\skenes_2026_season\keypoints\44601291-9eb0-3f79-b067-15cd5c35607e.npz,1.17,14.64,15.81
f8469d42-180f-323e-bc39-a18c469eeae8,823368,4,7,191,191,1.0,9,False,C:\Users\noahl\OneDrive\fatigue_cv\skenes_2026_season\keypoints\f8469d42-180f-323e-bc39-a18c469eeae8.npz,1.25,14.97,16.21
b32e6d22-8f02-368e-a594-bcc033f81e6a,823368,4,8,191,191,1.0,9,False,C:\Users\noahl\OneDrive\fatigue_cv\skenes_2026_season\keypoints\b32e6d22-8f02-368e-a594-bcc033f81e6a.npz,1.68,15.49,17.17
04c6ab4e-7421-38bd-88b8-8a701a9e6a02,823368,4,9,191,191,1.0,9,False,C:\Users\noahl\OneDrive\fatigue_cv\skenes_2026_season\keypoints\04c6ab4e-7421-38bd-88b8-8a701a9e6a02.npz,1.73,15.48,17.21
9a8ff938-abcf-3519-92c3-8ec58d1d5abc,823368,5,1,191,191,1.0,9,False,C:\Users\noahl\OneDrive\fatigue_cv\skenes_2026_season\keypoints\9a8ff938-abcf-3519-92c3-8ec58d1d5abc.npz,1.12,15.8,16.92
4993d4e1-ac48-3d27-b6ee-3278c1d33863,823368,5,2,191,191,1.0,9,False,C:\Users\noahl\OneDrive\fatigue_cv\skenes_2026_season\keypoints\4993d4e1-ac48-3d27-b6ee-3278c1d33863.npz,1.24,15.94,17.18
156203a1-7f16-3e65-9dab-f90f7a925bea,823368,5,3,191,191,1.0,9,False,C:\Users\noahl\OneDrive\fatigue_cv\skenes_2026_season\keypoints\156203a1-7f16-3e65-9dab-f90f7a925bea.npz,1.2,15.86,17.06
fbe0c1b9-8b71-3475-87ac-fbf273ccb2ee,823368,5,4,191,191,1.0,9,False,C:\Users\noahl\OneDrive\fatigue_cv\skenes_2026_season\keypoints\fbe0c1b9-8b71-3475-87ac-fbf273ccb2ee.npz,0.86,15.18,16.04
52d03788-3f5c-3552-804b-5353ec3d3b6b,823368,5,5,191,191,1.0,9,False,C:\Users\noahl\OneDrive\fatigue_cv\skenes_2026_season\keypoints\52d03788-3f5c-3552-804b-5353ec3d3b6b.npz,1.14,16.01,17.15
fbd10cc0-41d1-3403-9155-ad528973533a,823368,5,1,191,191,1.0,9,False,C:\Users\noahl\OneDrive\fatigue_cv\skenes_2026_season\keypoints\fbd10cc0-41d1-3403-9155-ad528973533a.npz,1.08,15.34,16.42
f9265537-4af9-3d34-9964-14083d4ebb2d,823368,5,2,191,191,1.0,9,False,C:\Users\noahl\OneDrive\fatigue_cv\skenes_2026_season\keypoints\f9265537-4af9-3d34-9964-14083d4ebb2d.npz,1.02,15.63,16.65
a11b127a-f885-3278-9391-bb6c0fe6443b,823368,5,3,191,191,1.0,9,False,C:\Users\noahl\OneDrive\fatigue_cv\skenes_2026_season\keypoints\a11b127a-f885-3278-9391-bb6c0fe6443b.npz,0.89,14.56,15.45
0aa6e5b4-d038-3918-913b-cddf0e50409f,823368,5,4,191,191,1.0,9,False,C:\Users\noahl\OneDrive\fatigue_cv\skenes_2026_season\keypoints\0aa6e5b4-d038-3918-913b-cddf0e50409f.npz,1.54,14.57,16.11
a17b51d6-b6e7-3b71-8d43-1e2885a9791e,823368,5,1,191,191,1.0,9,False,C:\Users\noahl\OneDrive\fatigue_cv\skenes_2026_season\keypoints\a17b51d6-b6e7-3b71-8d43-1e2885a9791e.npz,1.21,14.61,15.82
78c05ab1-77aa-3120-8b54-99c050695ca9,823368,5,2,191,191,1.0,9,False,C:\Users\noahl\OneDrive\fatigue_cv\skenes_2026_season\keypoints\78c05ab1-77aa-3120-8b54-99c050695ca9.npz,1.08,14.78,15.87
51007fd7-fb48-365b-9270-9ae366790de1,823368,5,3,191,191,1.0,9,False,C:\Users\noahl\OneDrive\fatigue_cv\skenes_2026_season\keypoints\51007fd7-fb48-365b-9270-9ae366790de1.npz,1.38,15.04,16.42
0bdcbeeb-7f75-376f-bd73-a3060a798eb3,823368,5,4,191,191,1.0,9,False,C:\Users\noahl\OneDrive\fatigue_cv\skenes_2026_season\keypoints\0bdcbeeb-7f75-376f-bd73-a3060a798eb3.npz,0.98,14.8,15.78
5ad8c8bd-c3a2-3732-b61a-85a89599643f,823368,5,5,191,191,1.0,9,False,C:\Users\noahl\OneDrive\fatigue_cv\skenes_2026_season\keypoints\5ad8c8bd-c3a2-3732-b61a-85a89599643f.npz,1.06,16.15,17.2
4e7fceee-2330-3aa6-848b-9f2a80a4264f,823368,5,6,191,189,0.99,9,False,C:\Users\noahl\OneDrive\fatigue_cv\skenes_2026_season\keypoints\4e7fceee-2330-3aa6-848b-9f2a80a4264f.npz,0.95,15.14,16.09
61248577-767a-3133-b259-63c5efcff0e1,823368,5,1,191,191,1.0,9,False,C:\Users\noahl\OneDrive\fatigue_cv\skenes_2026_season\keypoints\61248577-767a-3133-b259-63c5efcff0e1.npz,0.9,15.63,16.53
d733bc6a-7e09-3ffd-83d6-214e320f337b,823368,5,2,191,191,1.0,9,False,C:\Users\noahl\OneDrive\fatigue_cv\skenes_2026_season\keypoints\d733bc6a-7e09-3ffd-83d6-214e320f337b.npz,1.11,15.45,16.56
15e43fc6-09b9-3957-b69e-d04f5a51eab8,823368,5,3,191,191,1.0,9,False,C:\Users\noahl\OneDrive\fatigue_cv\skenes_2026_season\keypoints\15e43fc6-09b9-3957-b69e-d04f5a51eab8.npz,1.26,15.49,16.75
7cea183e-529e-3a93-af3f-078d533c9268,823368,6,1,191,191,1.0,9,False,C:\Users\noahl\OneDrive\fatigue_cv\skenes_2026_season\keypoints\7cea183e-529e-3a93-af3f-078d533c9268.npz,0.83,15.85,16.68
8cb7e10d-159b-32b3-b9cf-861dfa23a3fc,823368,6,2,191,191,1.0,9,False,C:\Users\noahl\OneDrive\fatigue_cv\skenes_2026_season\keypoints\8cb7e10d-159b-32b3-b9cf-861dfa23a3fc.npz,1.16,15.66,16.81
39211bc2-4806-3690-8bdd-2ed1ba7e49f1,823368,6,3,191,191,1.0,9,False,C:\Users\noahl\OneDrive\fatigue_cv\skenes_2026_season\keypoints\39211bc2-4806-3690-8bdd-2ed1ba7e49f1.npz,1.27,15.54,16.81
f5aa2828-ff09-3ea0-9e54-0f1c01dd48e4,823368,6,4,191,191,1.0,9,False,C:\Users\noahl\OneDrive\fatigue_cv\skenes_2026_season\keypoints\f5aa2828-ff09-3ea0-9e54-0f1c01dd48e4.npz,1.08,15.54,16.61
f9ba977b-6714-3976-82e9-6451350c6dc4,823368,6,5,191,191,1.0,9,False,C:\Users\noahl\OneDrive\fatigue_cv\skenes_2026_season\keypoints\f9ba977b-6714-3976-82e9-6451350c6dc4.npz,1.08,15.44,16.53
1aa46acf-2ae2-3c9f-bf91-5b404c4524f7,823368,6,6,191,191,1.0,9,False,C:\Users\noahl\OneDrive\fatigue_cv\skenes_2026_season\keypoints\1aa46acf-2ae2-3c9f-bf91-5b404c4524f7.npz,1.01,15.06,16.07
2c092fd4-cd75-3f5e-8a02-9d2dee27c1d2,823368,6,7,191,191,1.0,9,False,C:\Users\noahl\OneDrive\fatigue_cv\skenes_2026_season\keypoints\2c092fd4-cd75-3f5e-8a02-9d2dee27c1d2.npz,0.94,14.53,15.47
31fdceb2-b4f2-3e2c-bc8c-099c1dd2e3b4,823368,6,1,191,191,1.0,9,False,C:\Users\noahl\OneDrive\fatigue_cv\skenes_2026_season\keypoints\31fdceb2-b4f2-3e2c-bc8c-099c1dd2e3b4.npz,1.19,14.81,16.0
fca13554-ef7f-35e9-8977-a2c64fb6fd74,823368,6,2,191,191,1.0,9,False,C:\Users\noahl\OneDrive\fatigue_cv\skenes_2026_season\keypoints\fca13554-ef7f-35e9-8977-a2c64fb6fd74.npz,1.1,14.77,15.88
074d88b6-4560-334a-af4e-41dc4e76afb8,823368,6,3,191,191,1.0,9,False,C:\Users\noahl\OneDrive\fatigue_cv\skenes_2026_season\keypoints\074d88b6-4560-334a-af4e-41dc4e76afb8.npz,1.05,15.87,16.92
6b53805d-891c-3f53-8ac5-05bacb331f1e,823368,6,4,191,191,1.0,9,False,C:\Users\noahl\OneDrive\fatigue_cv\skenes_2026_season\keypoints\6b53805d-891c-3f53-8ac5-05bacb331f1e.npz,0.81,15.47,16.28
9577fe8a-fcb8-3677-b51e-4c39b84f433a,823368,6,5,191,191,1.0,9,False,C:\Users\noahl\OneDrive\fatigue_cv\skenes_2026_season\keypoints\9577fe8a-fcb8-3677-b51e-4c39b84f433a.npz,1.19,15.83,17.02
a51526c2-2fc8-3485-aa9d-b4d961ffc56a,823368,6,6,191,191,1.0,9,False,C:\Users\noahl\OneDrive\fatigue_cv\skenes_2026_season\keypoints\a51526c2-2fc8-3485-aa9d-b4d961ffc56a.npz,0.99,15.99,16.98
79ef13c0-bb15-3a21-ab0a-5727965ee8d1,823368,6,7,191,191,1.0,9,False,C:\Users\noahl\OneDrive\fatigue_cv\skenes_2026_season\keypoints\79ef13c0-bb15-3a21-ab0a-5727965ee8d1.npz,1.23,15.44,16.67
89ca0b81-6a41-3d15-8e05-b3e96766dcc7,823368,6,8,191,191,1.0,9,False,C:\Users\noahl\OneDrive\fatigue_cv\skenes_2026_season\keypoints\89ca0b81-6a41-3d15-8e05-b3e96766dcc7.npz,0.79,15.68,16.47
56f2038f-3c08-3d67-b941-9b1c813731d2,823368,6,1,191,191,1.0,9,False,C:\Users\noahl\OneDrive\fatigue_cv\skenes_2026_season\keypoints\56f2038f-3c08-3d67-b941-9b1c813731d2.npz,1.15,15.61,16.76
52de6621-2eb5-35ea-95ac-93592f754af8,823368,6,2,191,191,1.0,9,False,C:\Users\noahl\OneDrive\fatigue_cv\skenes_2026_season\keypoints\52de6621-2eb5-35ea-95ac-93592f754af8.npz,1.17,15.43,16.61
ad687efe-3fd0-3af1-ae4a-0516557c73a8,823368,6,3,191,191,1.0,9,False,C:\Users\noahl\OneDrive\fatigue_cv\skenes_2026_season\keypoints\ad687efe-3fd0-3af1-ae4a-0516557c73a8.npz,1.06,15.82,16.88
67505daa-f846-31c4-a02d-954f3d3ec3e5,823368,6,4,191,191,1.0,9,False,C:\Users\noahl\OneDrive\fatigue_cv\skenes_2026_season\keypoints\67505daa-f846-31c4-a02d-954f3d3ec3e5.npz,1.11,14.93,16.04
02b25ddb-c010-36a3-b3c6-4645475a4d93,823368,6,5,191,191,1.0,9,False,C:\Users\noahl\OneDrive\fatigue_cv\skenes_2026_season\keypoints\02b25ddb-c010-36a3-b3c6-4645475a4d93.npz,0.8,14.91,15.71
c36b7263-d5d1-38da-9b49-0c869a1c0b24,824342,1,1,191,191,1.0,9,False,C:\Users\noahl\OneDrive\fatigue_cv\skenes_2026_season\keypoints\c36b7263-d5d1-38da-9b49-0c869a1c0b24.npz,1.3,15.29,16.59
cf7cf7ed-c189-3276-85b4-f70d8833f8cb,824342,1,2,191,191,1.0,9,False,C:\Users\noahl\OneDrive\fatigue_cv\skenes_2026_season\keypoints\cf7cf7ed-c189-3276-85b4-f70d8833f8cb.npz,1.3,14.28,15.58
15765cea-1103-3874-94ff-7a420f882d63,824342,1,3,191,191,1.0,9,False,C:\Users\noahl\OneDrive\fatigue_cv\skenes_2026_season\keypoints\15765cea-1103-3874-94ff-7a420f882d63.npz,0.9,14.75,15.65
5277ee12-7487-30da-b485-aac9e65a4f90,824342,1,4,191,191,1.0,9,False,C:\Users\noahl\OneDrive\fatigue_cv\skenes_2026_season\keypoints\5277ee12-7487-30da-b485-aac9e65a4f90.npz,0.93,14.81,15.74
e55b4c02-e9df-3dd1-b790-40b598945a99,824342,1,1,191,169,0.885,9,False,C:\Users\noahl\OneDrive\fatigue_cv\skenes_2026_season\keypoints\e55b4c02-e9df-3dd1-b790-40b598945a99.npz,1.05,15.97,17.02
c14e0c9f-a46c-3f64-9124-eff02e18cdba,824342,1,2,191,169,0.885,9,False,C:\Users\noahl\OneDrive\fatigue_cv\skenes_2026_season\keypoints\c14e0c9f-a46c-3f64-9124-eff02e18cdba.npz,1.17,15.84,17.01
1e4d6a15-5ca2-3453-9f34-1ad14ea1245a,824342,1,3,191,191,1.0,9,False,C:\Users\noahl\OneDrive\fatigue_cv\skenes_2026_season\keypoints\1e4d6a15-5ca2-3453-9f34-1ad14ea1245a.npz,0.88,15.42,16.31
309b72d8-1a4d-329c-87e6-8b63e5999d50,824342,1,1,191,191,1.0,9,False,C:\Users\noahl\OneDrive\fatigue_cv\skenes_2026_season\keypoints\309b72d8-1a4d-329c-87e6-8b63e5999d50.npz,1.09,15.32,16.42
42e0462f-b66e-3954-88b1-c0c8d7d648cc,824342,1,2,191,191,1.0,9,False,C:\Users\noahl\OneDrive\fatigue_cv\skenes_2026_season\keypoints\42e0462f-b66e-3954-88b1-c0c8d7d648cc.npz,1.37,15.61,16.98
c98ef466-19fa-363c-9c7c-5dddd9d12397,824342,1,3,191,191,1.0,9,False,C:\Users\noahl\OneDrive\fatigue_cv\skenes_2026_season\keypoints\c98ef466-19fa-363c-9c7c-5dddd9d12397.npz,0.88,15.04,15.92
599ed466-2a05-379c-9b13-ea8779bae706,824342,1,1,191,191,1.0,9,False,C:\Users\noahl\OneDrive\fatigue_cv\skenes_2026_season\keypoints\599ed466-2a05-379c-9b13-ea8779bae706.npz,1.99,15.73,17.72
8f6011ce-ace3-3e65-8f13-b8bd0e8c456e,824342,1,2,191,191,1.0,9,False,C:\Users\noahl\OneDrive\fatigue_cv\skenes_2026_season\keypoints\8f6011ce-ace3-3e65-8f13-b8bd0e8c456e.npz,1.31,15.0,16.31
1e01a23f-a3e1-3187-9afe-8b42b2fe8190,824342,1,1,191,191,1.0,9,False,C:\Users\noahl\OneDrive\fatigue_cv\skenes_2026_season\keypoints\1e01a23f-a3e1-3187-9afe-8b42b2fe8190.npz,1.15,15.47,16.62
8e3e0bb1-b1bb-31ad-a6bc-934cac0af724,824342,1,2,191,191,1.0,9,False,C:\Users\noahl\OneDrive\fatigue_cv\skenes_2026_season\keypoints\8e3e0bb1-b1bb-31ad-a6bc-934cac0af724.npz,0.84,15.28,16.12
d120be31-460b-3de3-9d8c-87ecf37af991,824342,1,3,191,191,1.0,9,False,C:\Users\noahl\OneDrive\fatigue_cv\skenes_2026_season\keypoints\d120be31-460b-3de3-9d8c-87ecf37af991.npz,1.03,15.01,16.04
23e4ca40-c87a-3ab2-a4d7-0742b1d1e92d,824342,1,4,191,191,1.0,9,False,C:\Users\noahl\OneDrive\fatigue_cv\skenes_2026_season\keypoints\23e4ca40-c87a-3ab2-a4d7-0742b1d1e92d.npz,0.98,14.72,15.7
356448f9-d99e-3e4d-8dd8-24bdc26dacf7,824342,1,5,191,191,1.0,9,False,C:\Users\noahl\OneDrive\fatigue_cv\skenes_2026_season\keypoints\356448f9-d99e-3e4d-8dd8-24bdc26dacf7.npz,1.19,15.19,16.38
0d0fd653-0230-3869-832f-95ab654fd109,824342,2,1,191,191,1.0,9,False,C:\Users\noahl\OneDrive\fatigue_cv\skenes_2026_season\keypoints\0d0fd653-0230-3869-832f-95ab654fd109.npz,1.17,14.76,15.93
1a3893ab-82b0-32f5-9487-64795c93bd15,824342,2,2,191,191,1.0,9,False,C:\Users\noahl\OneDrive\fatigue_cv\skenes_2026_season\keypoints\1a3893ab-82b0-32f5-9487-64795c93bd15.npz,0.9,15.16,16.06
7052ec03-72bb-3f83-8ef3-8f2574b5dc69,824342,2,3,191,191,1.0,9,False,C:\Users\noahl\OneDrive\fatigue_cv\skenes_2026_season\keypoints\7052ec03-72bb-3f83-8ef3-8f2574b5dc69.npz,1.27,15.72,16.99
1271763a-45ae-3bc1-9f24-9143c6b5021a,824342,2,1,191,191,1.0,9,False,C:\Users\noahl\OneDrive\fatigue_cv\skenes_2026_season\keypoints\1271763a-45ae-3bc1-9f24-9143c6b5021a.npz,2.2,14.95,17.15
ff9b7caa-6aee-3a96-b685-891dc0a41e00,824342,2,2,191,191,1.0,9,False,C:\Users\noahl\OneDrive\fatigue_cv\skenes_2026_season\keypoints\ff9b7caa-6aee-3a96-b685-891dc0a41e00.npz,1.24,15.98,17.22
50ef1728-baa6-3b50-a6d3-b9dda2b3ba6a,824342,2,3,191,191,1.0,9,False,C:\Users\noahl\OneDrive\fatigue_cv\skenes_2026_season\keypoints\50ef1728-baa6-3b50-a6d3-b9dda2b3ba6a.npz,0.77,15.2,15.97
96406aba-dd1f-36ba-8e11-44174a6c90d5,824342,2,4,191,191,1.0,9,False,C:\Users\noahl\OneDrive\fatigue_cv\skenes_2026_season\keypoints\96406aba-dd1f-36ba-8e11-44174a6c90d5.npz,0.79,15.59,16.39
2bf9ff82-6d3c-30d6-a5cc-bf0e3bf5fa1d,824342,2,5,191,191,1.0,9,False,C:\Users\noahl\OneDrive\fatigue_cv\skenes_2026_season\keypoints\2bf9ff82-6d3c-30d6-a5cc-bf0e3bf5fa1d.npz,1.7,15.68,17.38
8913059d-bbf9-3f3d-9e88-0f751bc57f5b,824342,2,6,191,191,1.0,9,False,C:\Users\noahl\OneDrive\fatigue_cv\skenes_2026_season\keypoints\8913059d-bbf9-3f3d-9e88-0f751bc57f5b.npz,2.33,15.59,17.93
92f0dec6-cec7-34d0-9e88-288568aded39,824342,2,1,191,191,1.0,9,False,C:\Users\noahl\OneDrive\fatigue_cv\skenes_2026_season\keypoints\92f0dec6-cec7-34d0-9e88-288568aded39.npz,1.17,15.29,16.46
890caafd-d5a9-38fc-92c9-46f4608cfa54,824342,2,2,191,191,1.0,9,False,C:\Users\noahl\OneDrive\fatigue_cv\skenes_2026_season\keypoints\890caafd-d5a9-38fc-92c9-46f4608cfa54.npz,0.8,15.27,16.07
4697b43a-5cbe-3470-bf39-1611d5342684,824342,2,3,191,191,1.0,9,False,C:\Users\noahl\OneDrive\fatigue_cv\skenes_2026_season\keypoints\4697b43a-5cbe-3470-bf39-1611d5342684.npz,1.09,15.54,16.63
b753fd4a-4236-320f-87e4-23b02654113e,824342,2,4,191,191,1.0,9,False,C:\Users\noahl\OneDrive\fatigue_cv\skenes_2026_season\keypoints\b753fd4a-4236-320f-87e4-23b02654113e.npz,1.09,15.43,16.52
96d855d8-6c9e-3883-bf6e-4a9697633e9f,824342,3,1,191,191,1.0,9,False,C:\Users\noahl\OneDrive\fatigue_cv\skenes_2026_season\keypoints\96d855d8-6c9e-3883-bf6e-4a9697633e9f.npz,0.8,15.95,16.75
5883d379-2ca6-34b0-b6cf-be79003727a6,824342,3,2,191,191,1.0,9,False,C:\Users\noahl\OneDrive\fatigue_cv\skenes_2026_season\keypoints\5883d379-2ca6-34b0-b6cf-be79003727a6.npz,1.12,15.17,16.3
2d3cd453-80be-3ede-b87c-b54c0c16ce35,824342,3,3,191,191,1.0,9,False,C:\Users\noahl\OneDrive\fatigue_cv\skenes_2026_season\keypoints\2d3cd453-80be-3ede-b87c-b54c0c16ce35.npz,1.17,15.27,16.44
40da5ad9-2176-394d-bd3a-9ca941958e5b,824342,3,4,191,191,1.0,9,False,C:\Users\noahl\OneDrive\fatigue_cv\skenes_2026_season\keypoints\40da5ad9-2176-394d-bd3a-9ca941958e5b.npz,1.26,15.65,16.91
46220af0-c606-34c0-ba80-5c3d4accdf4e,824342,3,5,191,191,1.0,9,False,C:\Users\noahl\OneDrive\fatigue_cv\skenes_2026_season\keypoints\46220af0-c606-34c0-ba80-5c3d4accdf4e.npz,2.2,16.16,18.37
abbb3c87-98b5-3cd5-8333-3fc3ed5aeacb,824342,3,1,191,191,1.0,9,False,C:\Users\noahl\OneDrive\fatigue_cv\skenes_2026_season\keypoints\abbb3c87-98b5-3cd5-8333-3fc3ed5aeacb.npz,0.98,15.61,16.59
b2a11e30-539a-33bc-b4b9-715ea1c4a436,824342,3,2,191,181,0.948,8,False,C:\Users\noahl\OneDrive\fatigue_cv\skenes_2026_season\keypoints\b2a11e30-539a-33bc-b4b9-715ea1c4a436.npz,1.16,16.04,17.21
2d9b6a96-898e-390d-bc96-1884b0531045,824342,3,3,191,191,1.0,9,False,C:\Users\noahl\OneDrive\fatigue_cv\skenes_2026_season\keypoints\2d9b6a96-898e-390d-bc96-1884b0531045.npz,1.66,15.94,17.6
22abaae4-686b-36ee-9224-5d73cbb44ada,824342,3,4,191,189,0.99,9,False,C:\Users\noahl\OneDrive\fatigue_cv\skenes_2026_season\keypoints\22abaae4-686b-36ee-9224-5d73cbb44ada.npz,1.06,15.5,16.57
b39e4c5a-a296-395b-905c-6fd992ade283,824342,3,5,191,191,1.0,9,False,C:\Users\noahl\OneDrive\fatigue_cv\skenes_2026_season\keypoints\b39e4c5a-a296-395b-905c-6fd992ade283.npz,1.09,14.98,16.07
5b40bb76-b73b-3aa6-a52b-d58243a2d4b9,824342,3,6,191,191,1.0,9,False,C:\Users\noahl\OneDrive\fatigue_cv\skenes_2026_season\keypoints\5b40bb76-b73b-3aa6-a52b-d58243a2d4b9.npz,1.39,15.37,16.76
2087bc6c-dd49-34b9-a15e-a0703d3249ab,824342,3,1,191,191,1.0,9,False,C:\Users\noahl\OneDrive\fatigue_cv\skenes_2026_season\keypoints\2087bc6c-dd49-34b9-a15e-a0703d3249ab.npz,1.07,15.51,16.59
11497ac7-4b89-3a40-8095-410134460028,824342,3,2,191,191,1.0,9,False,C:\Users\noahl\OneDrive\fatigue_cv\skenes_2026_season\keypoints\11497ac7-4b89-3a40-8095-410134460028.npz,0.84,15.08,15.92
1a0277fb-7512-3b82-a652-2aa3aebe5fca,824342,3,3,191,191,1.0,9,False,C:\Users\noahl\OneDrive\fatigue_cv\skenes_2026_season\keypoints\1a0277fb-7512-3b82-a652-2aa3aebe5fca.npz,0.99,14.7,15.69
5acbce3d-5e35-3137-9831-d0407fa381f4,824342,3,4,191,191,1.0,9,False,C:\Users\noahl\OneDrive\fatigue_cv\skenes_2026_season\keypoints\5acbce3d-5e35-3137-9831-d0407fa381f4.npz,0.82,14.91,15.73
72b3574f-41e8-3bb1-af32-7fcf1269fd2d,824342,3,5,191,191,1.0,9,False,C:\Users\noahl\OneDrive\fatigue_cv\skenes_2026_season\keypoints\72b3574f-41e8-3bb1-af32-7fcf1269fd2d.npz,1.04,14.53,15.58
dc49e04a-a641-3cb6-85cc-24b4dd449147,824342,3,1,191,191,1.0,9,False,C:\Users\noahl\OneDrive\fatigue_cv\skenes_2026_season\keypoints\dc49e04a-a641-3cb6-85cc-24b4dd449147.npz,1.02,14.7,15.72
5a6aebe5-cd43-3a4c-9044-7eaf9d4a7eb9,824342,3,2,191,191,1.0,9,False,C:\Users\noahl\OneDrive\fatigue_cv\skenes_2026_season\keypoints\5a6aebe5-cd43-3a4c-9044-7eaf9d4a7eb9.npz,1.36,15.4,16.76
385af303-f743-3140-8ecd-e9080fb24ac9,824342,3,3,191,191,1.0,9,False,C:\Users\noahl\OneDrive\fatigue_cv\skenes_2026_season\keypoints\385af303-f743-3140-8ecd-e9080fb24ac9.npz,1.03,15.95,16.98
05850df9-988d-3e1f-ad64-beedf8ab69bc,824342,3,4,191,189,0.99,9,False,C:\Users\noahl\OneDrive\fatigue_cv\skenes_2026_season\keypoints\05850df9-988d-3e1f-ad64-beedf8ab69bc.npz,0.93,15.89,16.83
f52ddb29-8ccb-3521-9b3e-29b4c3bff40a,824342,3,1,191,165,0.864,9,False,C:\Users\noahl\OneDrive\fatigue_cv\skenes_2026_season\keypoints\f52ddb29-8ccb-3521-9b3e-29b4c3bff40a.npz,1.07,15.39,16.46
f502498f-e864-37fc-9b4c-b21991c0820d,824342,3,2,191,191,1.0,9,False,C:\Users\noahl\OneDrive\fatigue_cv\skenes_2026_season\keypoints\f502498f-e864-37fc-9b4c-b21991c0820d.npz,1.56,15.88,17.45
9aaa10eb-a4d0-3556-bea4-fc27db4540e9,824342,3,3,191,191,1.0,9,False,C:\Users\noahl\OneDrive\fatigue_cv\skenes_2026_season\keypoints\9aaa10eb-a4d0-3556-bea4-fc27db4540e9.npz,1.17,16.47,17.64
5dae1e4b-3bfb-30e0-91d9-a28547754c1f,824342,3,4,191,191,1.0,9,False,C:\Users\noahl\OneDrive\fatigue_cv\skenes_2026_season\keypoints\5dae1e4b-3bfb-30e0-91d9-a28547754c1f.npz,1.43,15.7,17.13
8b0d1712-ae61-3c2e-86b6-f7b6f25000d3,824342,3,5,191,191,1.0,9,False,C:\Users\noahl\OneDrive\fatigue_cv\skenes_2026_season\keypoints\8b0d1712-ae61-3c2e-86b6-f7b6f25000d3.npz,0.87,15.74,16.61
5b33c627-2c95-3386-a0bb-db18a7024bd8,824342,4,1,191,191,1.0,9,False,C:\Users\noahl\OneDrive\fatigue_cv\skenes_2026_season\keypoints\5b33c627-2c95-3386-a0bb-db18a7024bd8.npz,1.24,15.03,16.26
9919b303-e086-3e51-ad11-52cb92033e0b,824342,4,2,191,191,1.0,9,False,C:\Users\noahl\OneDrive\fatigue_cv\skenes_2026_season\keypoints\9919b303-e086-3e51-ad11-52cb92033e0b.npz,1.17,14.72,15.9
d898e151-06b1-3469-9a65-38edb388ad03,824342,4,3,191,191,1.0,9,False,C:\Users\noahl\OneDrive\fatigue_cv\skenes_2026_season\keypoints\d898e151-06b1-3469-9a65-38edb388ad03.npz,1.02,15.41,16.43
dea5920c-7c40-33aa-bd83-aa1637f71596,824342,4,4,191,191,1.0,9,False,C:\Users\noahl\OneDrive\fatigue_cv\skenes_2026_season\keypoints\dea5920c-7c40-33aa-bd83-aa1637f71596.npz,2.1,14.48,16.59
fd09544b-3cea-35a4-9f84-7c2edb2243f4,824342,4,5,191,191,1.0,9,False,C:\Users\noahl\OneDrive\fatigue_cv\skenes_2026_season\keypoints\fd09544b-3cea-35a4-9f84-7c2edb2243f4.npz,1.09,14.82,15.91
891f3ec1-b0e3-3746-9b49-1bf23ce18f47,824342,4,1,191,191,1.0,9,False,C:\Users\noahl\OneDrive\fatigue_cv\skenes_2026_season\keypoints\891f3ec1-b0e3-3746-9b49-1bf23ce18f47.npz,1.22,14.64,15.86
150ebf2d-c7de-3630-b1b8-e306497a18e6,824342,4,2,191,191,1.0,9,False,C:\Users\noahl\OneDrive\fatigue_cv\skenes_2026_season\keypoints\150ebf2d-c7de-3630-b1b8-e306497a18e6.npz,0.9,15.37,16.27
811dfdcb-7021-3cbb-8c3d-dcfef2b14f55,824342,4,3,191,191,1.0,9,False,C:\Users\noahl\OneDrive\fatigue_cv\skenes_2026_season\keypoints\811dfdcb-7021-3cbb-8c3d-dcfef2b14f55.npz,1.21,15.41,16.62
6ea9fe41-2753-3d9d-80c3-298b79b58080,824342,4,1,191,191,1.0,9,False,C:\Users\noahl\OneDrive\fatigue_cv\skenes_2026_season\keypoints\6ea9fe41-2753-3d9d-80c3-298b79b58080.npz,1.34,15.43,16.77
2b42f1de-6bf1-3a29-aafc-9288bcd3a9d8,824342,4,2,191,191,1.0,9,False,C:\Users\noahl\OneDrive\fatigue_cv\skenes_2026_season\keypoints\2b42f1de-6bf1-3a29-aafc-9288bcd3a9d8.npz,1.36,15.72,17.07
61a4c379-3a98-3061-82f3-b3b38d128264,824342,4,1,191,191,1.0,9,False,C:\Users\noahl\OneDrive\fatigue_cv\skenes_2026_season\keypoints\61a4c379-3a98-3061-82f3-b3b38d128264.npz,1.07,16.13,17.2
5f5a0ff7-2071-3d7d-929f-71357655610d,824342,4,2,191,191,1.0,9,False,C:\Users\noahl\OneDrive\fatigue_cv\skenes_2026_season\keypoints\5f5a0ff7-2071-3d7d-929f-71357655610d.npz,2.51,15.72,18.23
54e3ecfb-8b85-3308-b7fe-c68cf73a46ff,824342,4,3,191,191,1.0,9,False,C:\Users\noahl\OneDrive\fatigue_cv\skenes_2026_season\keypoints\54e3ecfb-8b85-3308-b7fe-c68cf73a46ff.npz,1.3,16.09,17.39
15497846-3b24-3d86-ba8a-5f888a967b9b,824342,5,1,191,191,1.0,9,False,C:\Users\noahl\OneDrive\fatigue_cv\skenes_2026_season\keypoints\15497846-3b24-3d86-ba8a-5f888a967b9b.npz,1.22,15.28,16.51
fa84965b-f823-3d86-94e4-1542b6b34aa9,824342,5,2,191,191,1.0,9,False,C:\Users\noahl\OneDrive\fatigue_cv\skenes_2026_season\keypoints\fa84965b-f823-3d86-94e4-1542b6b34aa9.npz,1.73,15.81,17.54
5361aa7e-2973-3249-9eea-4f8d8243f9d6,824342,5,3,191,191,1.0,9,False,C:\Users\noahl\OneDrive\fatigue_cv\skenes_2026_season\keypoints\5361aa7e-2973-3249-9eea-4f8d8243f9d6.npz,1.14,15.42,16.56
01b7797f-fb87-31a9-b323-581841aac369,824342,5,4,191,191,1.0,9,False,C:\Users\noahl\OneDrive\fatigue_cv\skenes_2026_season\keypoints\01b7797f-fb87-31a9-b323-581841aac369.npz,0.81,15.02,15.83
1098f40b-9a8d-31b7-8c34-4824d1fd764b,824342,5,5,191,191,1.0,9,False,C:\Users\noahl\OneDrive\fatigue_cv\skenes_2026_season\keypoints\1098f40b-9a8d-31b7-8c34-4824d1fd764b.npz,1.01,15.02,16.03
e2e73930-72a0-3980-96b9-2c4759b133d9,824342,5,6,191,191,1.0,9,False,C:\Users\noahl\OneDrive\fatigue_cv\skenes_2026_season\keypoints\e2e73930-72a0-3980-96b9-2c4759b133d9.npz,1.09,15.37,16.46
50ea3395-fe73-38fd-b384-a8d40fc9b66e,824342,5,7,191,175,0.916,9,False,C:\Users\noahl\OneDrive\fatigue_cv\skenes_2026_season\keypoints\50ea3395-fe73-38fd-b384-a8d40fc9b66e.npz,1.08,15.98,17.06
753ab2dd-d4f1-3f13-948c-151fba3192d3,824342,5,8,191,191,1.0,9,False,C:\Users\noahl\OneDrive\fatigue_cv\skenes_2026_season\keypoints\753ab2dd-d4f1-3f13-948c-151fba3192d3.npz,1.07,14.86,15.93
2230a888-bbb7-3b6e-b8ad-8cac6fb114ac,824342,5,1,191,191,1.0,9,False,C:\Users\noahl\OneDrive\fatigue_cv\skenes_2026_season\keypoints\2230a888-bbb7-3b6e-b8ad-8cac6fb114ac.npz,0.88,15.89,16.78
9bc2f699-20a5-32c6-9d5c-948b7462e703,824342,5,1,191,191,1.0,9,False,C:\Users\noahl\OneDrive\fatigue_cv\skenes_2026_season\keypoints\9bc2f699-20a5-32c6-9d5c-948b7462e703.npz,1.44,15.35,16.79
91b4cce3-9ad4-3de5-81af-82f27f924990,824342,5,2,191,191,1.0,9,False,C:\Users\noahl\OneDrive\fatigue_cv\skenes_2026_season\keypoints\91b4cce3-9ad4-3de5-81af-82f27f924990.npz,1.17,16.23,17.41
66384976-d6ea-3579-929e-b3841ff9f888,824342,5,3,191,191,1.0,9,False,C:\Users\noahl\OneDrive\fatigue_cv\skenes_2026_season\keypoints\66384976-d6ea-3579-929e-b3841ff9f888.npz,1.16,15.48,16.65
28a9ca15-dddd-356b-a910-e7fdf9317543,824342,5,4,191,191,1.0,9,False,C:\Users\noahl\OneDrive\fatigue_cv\skenes_2026_season\keypoints\28a9ca15-dddd-356b-a910-e7fdf9317543.npz,1.08,15.5,16.58
85f424b3-6b52-398a-84d6-37d3a4d2636f,824342,5,5,191,191,1.0,9,False,C:\Users\noahl\OneDrive\fatigue_cv\skenes_2026_season\keypoints\85f424b3-6b52-398a-84d6-37d3a4d2636f.npz,1.29,15.51,16.8
0018da3f-4b3a-3047-be14-f8e5f8fae901,824342,5,6,191,191,1.0,9,False,C:\Users\noahl\OneDrive\fatigue_cv\skenes_2026_season\keypoints\0018da3f-4b3a-3047-be14-f8e5f8fae901.npz,1.16,15.36,16.52
cd4cdcf3-00df-3df6-b1ca-f01a9f932d22,824342,5,7,191,191,1.0,9,False,C:\Users\noahl\OneDrive\fatigue_cv\skenes_2026_season\keypoints\cd4cdcf3-00df-3df6-b1ca-f01a9f932d22.npz,1.35,15.83,17.18
124fcd1e-ddbb-3960-8436-4456acbf3d90,824342,6,1,191,191,1.0,9,False,C:\Users\noahl\OneDrive\fatigue_cv\skenes_2026_season\keypoints\124fcd1e-ddbb-3960-8436-4456acbf3d90.npz,1.09,16.1,17.19
12385d11-701f-3eae-9fbe-04ebdbe71bde,824342,6,2,191,191,1.0,9,False,C:\Users\noahl\OneDrive\fatigue_cv\skenes_2026_season\keypoints\12385d11-701f-3eae-9fbe-04ebdbe71bde.npz,1.07,15.37,16.44
e42e0302-194a-390f-9e67-a7a227230579,824342,6,3,191,191,1.0,9,False,C:\Users\noahl\OneDrive\fatigue_cv\skenes_2026_season\keypoints\e42e0302-194a-390f-9e67-a7a227230579.npz,1.25,15.43,16.69
1e106d98-6b0c-31fc-a5cd-98af6d92d6c3,824342,6,4,191,191,1.0,9,False,C:\Users\noahl\OneDrive\fatigue_cv\skenes_2026_season\keypoints\1e106d98-6b0c-31fc-a5cd-98af6d92d6c3.npz,1.25,14.49,15.73
7e2486b6-46b4-3745-9363-9b30591465fc,824342,6,5,191,191,1.0,9,False,C:\Users\noahl\OneDrive\fatigue_cv\skenes_2026_season\keypoints\7e2486b6-46b4-3745-9363-9b30591465fc.npz,1.18,15.39,16.57
b2071359-f59d-382a-b16d-3a66ab84fc55,824342,6,6,191,191,1.0,9,False,C:\Users\noahl\OneDrive\fatigue_cv\skenes_2026_season\keypoints\b2071359-f59d-382a-b16d-3a66ab84fc55.npz,1.09,14.51,15.61
fdecc7d8-5f10-396f-b6b2-d96b154d2cff,824342,6,1,191,191,1.0,9,False,C:\Users\noahl\OneDrive\fatigue_cv\skenes_2026_season\keypoints\fdecc7d8-5f10-396f-b6b2-d96b154d2cff.npz,1.09,15.04,16.13
f61b4b83-72a9-3687-b7c6-fd56ff4bf776,824342,6,2,191,191,1.0,9,False,C:\Users\noahl\OneDrive\fatigue_cv\skenes_2026_season\keypoints\f61b4b83-72a9-3687-b7c6-fd56ff4bf776.npz,0.8,15.64,16.44
29984734-9559-3af5-b256-35eabfc14d18,824342,6,3,191,191,1.0,9,False,C:\Users\noahl\OneDrive\fatigue_cv\skenes_2026_season\keypoints\29984734-9559-3af5-b256-35eabfc14d18.npz,1.15,16.23,17.38
f2419e70-21b5-3723-9037-4d9d93c8760c,824342,6,4,191,191,1.0,9,False,C:\Users\noahl\OneDrive\fatigue_cv\skenes_2026_season\keypoints\f2419e70-21b5-3723-9037-4d9d93c8760c.npz,1.17,15.91,17.08
70faf91a-6606-329a-8f25-1d61912a3d0e,824342,6,5,191,191,1.0,9,False,C:\Users\noahl\OneDrive\fatigue_cv\skenes_2026_season\keypoints\70faf91a-6606-329a-8f25-1d61912a3d0e.npz,0.87,15.25,16.13
8a2b9d7c-cc81-3367-8e24-f642df1042d5,824342,6,1,191,191,1.0,9,False,C:\Users\noahl\OneDrive\fatigue_cv\skenes_2026_season\keypoints\8a2b9d7c-cc81-3367-8e24-f642df1042d5.npz,1.12,15.65,16.77
cf85ce82-14f8-384b-ba13-7df77102fa42,824342,6,2,191,191,1.0,9,False,C:\Users\noahl\OneDrive\fatigue_cv\skenes_2026_season\keypoints\cf85ce82-14f8-384b-ba13-7df77102fa42.npz,0.92,15.79,16.71
2c84e76f-742b-3003-86ca-4c65c6c1515f,824342,6,3,191,191,1.0,9,False,C:\Users\noahl\OneDrive\fatigue_cv\skenes_2026_season\keypoints\2c84e76f-742b-3003-86ca-4c65c6c1515f.npz,1.06,15.69,16.75
b0cf983a-af1a-3fb4-add1-0b00e078842b,824342,6,4,191,191,1.0,9,False,C:\Users\noahl\OneDrive\fatigue_cv\skenes_2026_season\keypoints\b0cf983a-af1a-3fb4-add1-0b00e078842b.npz,1.07,15.66,16.72
1bf111a7-b6bd-3eed-87cc-191996306d9a,824342,6,5,191,191,1.0,9,False,C:\Users\noahl\OneDrive\fatigue_cv\skenes_2026_season\keypoints\1bf111a7-b6bd-3eed-87cc-191996306d9a.npz,1.18,15.37,16.55
7f2d61ed-c327-3c05-bbda-a98b7fc0092b,824342,6,1,191,191,1.0,9,False,C:\Users\noahl\OneDrive\fatigue_cv\skenes_2026_season\keypoints\7f2d61ed-c327-3c05-bbda-a98b7fc0092b.npz,0.76,15.14,15.91
3d7a0a21-3b92-34d7-b17e-873e178635dd,824342,6,2,191,191,1.0,9,False,C:\Users\noahl\OneDrive\fatigue_cv\skenes_2026_season\keypoints\3d7a0a21-3b92-34d7-b17e-873e178635dd.npz,1.14,16.01,17.16
d0c67da6-65df-3ebe-8713-5bbdf20ac03b,824342,6,3,191,191,1.0,9,False,C:\Users\noahl\OneDrive\fatigue_cv\skenes_2026_season\keypoints\d0c67da6-65df-3ebe-8713-5bbdf20ac03b.npz,0.75,15.72,16.48
81f47d10-f96a-35a5-a0bd-8bc0b175d597,824342,6,4,191,191,1.0,9,False,C:\Users\noahl\OneDrive\fatigue_cv\skenes_2026_season\keypoints\81f47d10-f96a-35a5-a0bd-8bc0b175d597.npz,0.83,14.87,15.71
8bf90e8c-ab2a-34e3-9b6e-835bd62652cc,823363,1,1,191,191,1.0,9,False,C:\Users\noahl\OneDrive\fatigue_cv\skenes_2026_season\keypoints\8bf90e8c-ab2a-34e3-9b6e-835bd62652cc.npz,0.99,14.89,15.89
f2704efe-53e1-3ab3-a3fb-f3a8a18970aa,823363,1,2,191,191,1.0,9,False,C:\Users\noahl\OneDrive\fatigue_cv\skenes_2026_season\keypoints\f2704efe-53e1-3ab3-a3fb-f3a8a18970aa.npz,0.85,15.98,16.84
ab2bbcd1-6a43-37eb-8d7e-e16c892cc37f,823363,1,3,191,191,1.0,9,False,C:\Users\noahl\OneDrive\fatigue_cv\skenes_2026_season\keypoints\ab2bbcd1-6a43-37eb-8d7e-e16c892cc37f.npz,1.14,15.8,16.94
bae063e2-f327-3723-bf4a-3d4e6f277a6e,823363,1,4,191,191,1.0,9,False,C:\Users\noahl\OneDrive\fatigue_cv\skenes_2026_season\keypoints\bae063e2-f327-3723-bf4a-3d4e6f277a6e.npz,0.92,15.56,16.47
9780d29d-329d-3d86-8660-357ebeac47e4,823363,1,5,191,191,1.0,9,False,C:\Users\noahl\OneDrive\fatigue_cv\skenes_2026_season\keypoints\9780d29d-329d-3d86-8660-357ebeac47e4.npz,0.95,16.35,17.3
e5b4d721-fff3-3c87-b8e0-033f3444e0a1,823363,1,6,191,191,1.0,9,False,C:\Users\noahl\OneDrive\fatigue_cv\skenes_2026_season\keypoints\e5b4d721-fff3-3c87-b8e0-033f3444e0a1.npz,0.8,15.24,16.04
a4272342-ece1-3dd8-80a3-46e6ae30eba2,823363,1,7,191,191,1.0,9,False,C:\Users\noahl\OneDrive\fatigue_cv\skenes_2026_season\keypoints\a4272342-ece1-3dd8-80a3-46e6ae30eba2.npz,1.49,15.49,16.98
636430c3-47b5-3435-a283-9365de793af3,823363,1,1,191,191,1.0,9,False,C:\Users\noahl\OneDrive\fatigue_cv\skenes_2026_season\keypoints\636430c3-47b5-3435-a283-9365de793af3.npz,0.9,15.47,16.37
95e2c3a6-aa98-3fa3-9696-889cbbee7a91,823363,1,2,191,191,1.0,9,False,C:\Users\noahl\OneDrive\fatigue_cv\skenes_2026_season\keypoints\95e2c3a6-aa98-3fa3-9696-889cbbee7a91.npz,1.0,15.48,16.48
329d8968-10d4-38fb-b344-39f99e71606a,823363,1,3,191,191,1.0,9,False,C:\Users\noahl\OneDrive\fatigue_cv\skenes_2026_season\keypoints\329d8968-10d4-38fb-b344-39f99e71606a.npz,1.93,14.9,16.82
83013d11-360d-3b80-802f-513db60c7662,823363,1,1,191,191,1.0,9,False,C:\Users\noahl\OneDrive\fatigue_cv\skenes_2026_season\keypoints\83013d11-360d-3b80-802f-513db60c7662.npz,0.91,14.93,15.84
30d56680-8ddd-3b60-bc24-18c0496b1d98,823363,1,2,191,191,1.0,9,False,C:\Users\noahl\OneDrive\fatigue_cv\skenes_2026_season\keypoints\30d56680-8ddd-3b60-bc24-18c0496b1d98.npz,1.11,14.61,15.72
f87181d8-e5a5-3bb4-a5c9-e5ecd93f8495,823363,1,3,191,191,1.0,9,False,C:\Users\noahl\OneDrive\fatigue_cv\skenes_2026_season\keypoints\f87181d8-e5a5-3bb4-a5c9-e5ecd93f8495.npz,0.87,15.4,16.28
b3ca5667-b758-38cf-8df7-aeec86f7aeed,823363,1,4,191,191,1.0,9,False,C:\Users\noahl\OneDrive\fatigue_cv\skenes_2026_season\keypoints\b3ca5667-b758-38cf-8df7-aeec86f7aeed.npz,0.84,14.59,15.43
4fc091d5-187e-3154-9b3e-45e07c6984d7,823363,1,5,191,191,1.0,9,False,C:\Users\noahl\OneDrive\fatigue_cv\skenes_2026_season\keypoints\4fc091d5-187e-3154-9b3e-45e07c6984d7.npz,0.78,14.57,15.35
661c0f97-137c-32d5-a148-5b69f4865baa,823363,1,1,191,191,1.0,9,False,C:\Users\noahl\OneDrive\fatigue_cv\skenes_2026_season\keypoints\661c0f97-137c-32d5-a148-5b69f4865baa.npz,1.17,14.59,15.76
6c751e0f-3efa-391f-8905-bced7e7cabbe,823363,1,2,191,191,1.0,9,False,C:\Users\noahl\OneDrive\fatigue_cv\skenes_2026_season\keypoints\6c751e0f-3efa-391f-8905-bced7e7cabbe.npz,1.21,15.67,16.89
189b292a-c201-3f05-9b2e-bc0decc2cd50,823363,1,3,191,191,1.0,9,False,C:\Users\noahl\OneDrive\fatigue_cv\skenes_2026_season\keypoints\189b292a-c201-3f05-9b2e-bc0decc2cd50.npz,1.2,15.89,17.1
bdb43515-4514-3ab0-bf01-158fedb0b50c,823363,2,1,191,191,1.0,9,False,C:\Users\noahl\OneDrive\fatigue_cv\skenes_2026_season\keypoints\bdb43515-4514-3ab0-bf01-158fedb0b50c.npz,0.83,15.49,16.32
ecbd0574-289e-33f9-9cda-873e9b26fe65,823363,2,2,191,191,1.0,9,False,C:\Users\noahl\OneDrive\fatigue_cv\skenes_2026_season\keypoints\ecbd0574-289e-33f9-9cda-873e9b26fe65.npz,1.15,15.76,16.92
dc6d7bc7-ad91-38c9-bde3-a3128039519c,823363,2,3,191,191,1.0,9,False,C:\Users\noahl\OneDrive\fatigue_cv\skenes_2026_season\keypoints\dc6d7bc7-ad91-38c9-bde3-a3128039519c.npz,0.82,15.06,15.88
64de01b0-6869-3598-b267-59017108a4da,823363,2,4,191,191,1.0,9,False,C:\Users\noahl\OneDrive\fatigue_cv\skenes_2026_season\keypoints\64de01b0-6869-3598-b267-59017108a4da.npz,0.84,15.7,16.54
771288f3-68bc-3a19-b62b-6c8bbd11d6c0,823363,2,5,191,191,1.0,9,False,C:\Users\noahl\OneDrive\fatigue_cv\skenes_2026_season\keypoints\771288f3-68bc-3a19-b62b-6c8bbd11d6c0.npz,1.08,15.59,16.68
5eed69b9-654e-3221-83ea-f3e3a7793138,823363,2,1,191,191,1.0,9,False,C:\Users\noahl\OneDrive\fatigue_cv\skenes_2026_season\keypoints\5eed69b9-654e-3221-83ea-f3e3a7793138.npz,1.19,15.44,16.63
f7671ad8-193c-36fc-8951-957d6e2b91e0,823363,2,2,191,191,1.0,9,False,C:\Users\noahl\OneDrive\fatigue_cv\skenes_2026_season\keypoints\f7671ad8-193c-36fc-8951-957d6e2b91e0.npz,0.95,15.8,16.75
b11b4125-b398-3093-8cde-9989abc7dd93,823363,2,1,191,191,1.0,9,False,C:\Users\noahl\OneDrive\fatigue_cv\skenes_2026_season\keypoints\b11b4125-b398-3093-8cde-9989abc7dd93.npz,1.28,15.0,16.29
2561610d-097f-3918-8c6e-cff1989ec6a4,823363,2,2,191,191,1.0,9,False,C:\Users\noahl\OneDrive\fatigue_cv\skenes_2026_season\keypoints\2561610d-097f-3918-8c6e-cff1989ec6a4.npz,1.25,15.51,16.76
0c842da7-0156-36e5-9f1d-cf607e14914f,823363,2,3,191,191,1.0,9,False,C:\Users\noahl\OneDrive\fatigue_cv\skenes_2026_season\keypoints\0c842da7-0156-36e5-9f1d-cf607e14914f.npz,0.9,15.1,16.0
259969ec-6854-3ea1-b1a6-87ce9f290090,823363,2,4,191,191,1.0,9,False,C:\Users\noahl\OneDrive\fatigue_cv\skenes_2026_season\keypoints\259969ec-6854-3ea1-b1a6-87ce9f290090.npz,1.09,15.08,16.17
79407aa6-2832-3246-85e7-1e4692629089,823363,2,5,191,191,1.0,9,False,C:\Users\noahl\OneDrive\fatigue_cv\skenes_2026_season\keypoints\79407aa6-2832-3246-85e7-1e4692629089.npz,1.12,14.83,15.95
63f9add9-3db0-3e1f-a54a-4b41863b1ebb,823363,2,6,191,191,1.0,9,False,C:\Users\noahl\OneDrive\fatigue_cv\skenes_2026_season\keypoints\63f9add9-3db0-3e1f-a54a-4b41863b1ebb.npz,1.11,15.74,16.85
8bd8bb8e-56cc-3649-ac73-96c256882048,823363,2,7,191,191,1.0,9,False,C:\Users\noahl\OneDrive\fatigue_cv\skenes_2026_season\keypoints\8bd8bb8e-56cc-3649-ac73-96c256882048.npz,1.91,15.93,17.85
08ad5d9b-107d-35af-9985-6c7dd7f0d5ae,823363,2,1,191,191,1.0,9,False,C:\Users\noahl\OneDrive\fatigue_cv\skenes_2026_season\keypoints\08ad5d9b-107d-35af-9985-6c7dd7f0d5ae.npz,1.44,15.53,16.97
35c23d69-7f30-31a0-98b3-8ca08a9edea1,823363,2,2,191,191,1.0,9,False,C:\Users\noahl\OneDrive\fatigue_cv\skenes_2026_season\keypoints\35c23d69-7f30-31a0-98b3-8ca08a9edea1.npz,0.81,15.82,16.64
ffe9a131-009f-30be-96e7-0e016d6bb952,823363,2,3,191,191,1.0,9,False,C:\Users\noahl\OneDrive\fatigue_cv\skenes_2026_season\keypoints\ffe9a131-009f-30be-96e7-0e016d6bb952.npz,1.3,15.66,16.96
8251ef39-6323-3cb3-8a9d-23e03b02c467,823363,2,4,191,191,1.0,9,False,C:\Users\noahl\OneDrive\fatigue_cv\skenes_2026_season\keypoints\8251ef39-6323-3cb3-8a9d-23e03b02c467.npz,1.08,15.88,16.96
741cd64a-d9a6-39e9-bad4-dc3d40384c38,823363,2,5,191,191,1.0,9,False,C:\Users\noahl\OneDrive\fatigue_cv\skenes_2026_season\keypoints\741cd64a-d9a6-39e9-bad4-dc3d40384c38.npz,0.86,15.87,16.73
c2697f20-3361-3b68-873f-e5b85817ddfe,823363,2,6,191,191,1.0,9,False,C:\Users\noahl\OneDrive\fatigue_cv\skenes_2026_season\keypoints\c2697f20-3361-3b68-873f-e5b85817ddfe.npz,1.17,15.58,16.76
9b61b457-40a4-3c8c-a9f4-72af96a955f8,823363,2,1,191,191,1.0,9,False,C:\Users\noahl\OneDrive\fatigue_cv\skenes_2026_season\keypoints\9b61b457-40a4-3c8c-a9f4-72af96a955f8.npz,1.18,15.5,16.69
19b7b959-68e1-3f9c-922e-efd1416e14ae,823363,2,2,191,191,1.0,9,False,C:\Users\noahl\OneDrive\fatigue_cv\skenes_2026_season\keypoints\19b7b959-68e1-3f9c-922e-efd1416e14ae.npz,1.66,15.26,16.91
59123339-54ef-3cbb-a9ba-f4adec09a13f,823363,2,3,191,191,1.0,9,False,C:\Users\noahl\OneDrive\fatigue_cv\skenes_2026_season\keypoints\59123339-54ef-3cbb-a9ba-f4adec09a13f.npz,1.61,14.87,16.48
9973635e-dc3e-31e8-b511-f6b41f562ba6,823363,2,4,191,191,1.0,9,False,C:\Users\noahl\OneDrive\fatigue_cv\skenes_2026_season\keypoints\9973635e-dc3e-31e8-b511-f6b41f562ba6.npz,1.23,14.47,15.7
356aabcc-0d50-35f5-9c60-8e4e5ed6dfda,823363,2,5,191,191,1.0,9,False,C:\Users\noahl\OneDrive\fatigue_cv\skenes_2026_season\keypoints\356aabcc-0d50-35f5-9c60-8e4e5ed6dfda.npz,1.09,14.6,15.69
17a98b45-ed83-3f84-8d7f-aaa62e2866f9,823363,2,6,191,191,1.0,9,False,C:\Users\noahl\OneDrive\fatigue_cv\skenes_2026_season\keypoints\17a98b45-ed83-3f84-8d7f-aaa62e2866f9.npz,1.53,14.64,16.17
a23f8dbd-747f-3316-82fe-e7419c813c23,823363,2,1,191,191,1.0,9,False,C:\Users\noahl\OneDrive\fatigue_cv\skenes_2026_season\keypoints\a23f8dbd-747f-3316-82fe-e7419c813c23.npz,0.93,14.88,15.81
3534e0bc-cebf-32a1-bb81-9aecf805982f,823363,2,1,191,191,1.0,9,False,C:\Users\noahl\OneDrive\fatigue_cv\skenes_2026_season\keypoints\3534e0bc-cebf-32a1-bb81-9aecf805982f.npz,1.24,15.75,16.99
02c1fb03-ab5c-3472-a5f3-a3d63906469e,823363,2,1,191,191,1.0,9,False,C:\Users\noahl\OneDrive\fatigue_cv\skenes_2026_season\keypoints\02c1fb03-ab5c-3472-a5f3-a3d63906469e.npz,1.04,15.62,16.67
2c0a4814-188e-3d75-ab5c-9f285b82a676,823363,2,2,191,191,1.0,9,False,C:\Users\noahl\OneDrive\fatigue_cv\skenes_2026_season\keypoints\2c0a4814-188e-3d75-ab5c-9f285b82a676.npz,1.25,15.7,16.96
5c761e99-8511-3869-90f8-7e17cb66fcab,823363,2,3,191,191,1.0,9,False,C:\Users\noahl\OneDrive\fatigue_cv\skenes_2026_season\keypoints\5c761e99-8511-3869-90f8-7e17cb66fcab.npz,1.08,15.48,16.57
65cf7772-c481-3833-8faf-fa99927fe499,823363,2,4,191,191,1.0,9,False,C:\Users\noahl\OneDrive\fatigue_cv\skenes_2026_season\keypoints\65cf7772-c481-3833-8faf-fa99927fe499.npz,1.02,15.37,16.39
38a50b58-426f-33e0-bbf0-506067316e2a,823363,2,5,191,191,1.0,9,False,C:\Users\noahl\OneDrive\fatigue_cv\skenes_2026_season\keypoints\38a50b58-426f-33e0-bbf0-506067316e2a.npz,1.05,15.52,16.58
95152156-8c83-3d61-8281-613b0c8d30d6,823363,2,6,191,191,1.0,9,False,C:\Users\noahl\OneDrive\fatigue_cv\skenes_2026_season\keypoints\95152156-8c83-3d61-8281-613b0c8d30d6.npz,1.12,15.1,16.23
e9127e38-b34e-35e4-991a-19a9bf866d39,823363,2,1,191,191,1.0,9,False,C:\Users\noahl\OneDrive\fatigue_cv\skenes_2026_season\keypoints\e9127e38-b34e-35e4-991a-19a9bf866d39.npz,1.12,15.71,16.83
d8f2543a-1029-3940-b1e0-4fd8ff78d8bb,823363,2,2,191,191,1.0,9,False,C:\Users\noahl\OneDrive\fatigue_cv\skenes_2026_season\keypoints\d8f2543a-1029-3940-b1e0-4fd8ff78d8bb.npz,1.14,15.27,16.41
ed06cfe2-5285-3b0c-9aef-858c75a2653e,823363,2,3,191,191,1.0,9,False,C:\Users\noahl\OneDrive\fatigue_cv\skenes_2026_season\keypoints\ed06cfe2-5285-3b0c-9aef-858c75a2653e.npz,1.1,15.04,16.14
43a03e43-9f11-38e6-b3f3-e978bfd992a6,823363,2,4,191,191,1.0,9,False,C:\Users\noahl\OneDrive\fatigue_cv\skenes_2026_season\keypoints\43a03e43-9f11-38e6-b3f3-e978bfd992a6.npz,1.19,14.22,15.41
e02d8c0f-fbfd-30ae-bcae-ddff975d51d7,823363,3,1,191,191,1.0,9,False,C:\Users\noahl\OneDrive\fatigue_cv\skenes_2026_season\keypoints\e02d8c0f-fbfd-30ae-bcae-ddff975d51d7.npz,0.79,14.32,15.11
20ee9074-cea9-31c3-b231-3f4d743cafa8,823363,3,2,191,191,1.0,9,False,C:\Users\noahl\OneDrive\fatigue_cv\skenes_2026_season\keypoints\20ee9074-cea9-31c3-b231-3f4d743cafa8.npz,0.84,14.75,15.59
476842bf-0e9d-37f5-8d59-a34c8ba58025,823363,3,3,191,191,1.0,9,False,C:\Users\noahl\OneDrive\fatigue_cv\skenes_2026_season\keypoints\476842bf-0e9d-37f5-8d59-a34c8ba58025.npz,1.2,14.53,15.73
8598df93-1fb3-3562-b227-0bde78ba5369,823363,3,1,191,191,1.0,9,False,C:\Users\noahl\OneDrive\fatigue_cv\skenes_2026_season\keypoints\8598df93-1fb3-3562-b227-0bde78ba5369.npz,1.37,15.33,16.69
0bf5c627-efc3-3ffd-82b3-ce7f5cbc3dc1,823363,3,2,191,191,1.0,9,False,C:\Users\noahl\OneDrive\fatigue_cv\skenes_2026_season\keypoints\0bf5c627-efc3-3ffd-82b3-ce7f5cbc3dc1.npz,0.88,15.82,16.7
56f6452d-13c1-32de-ad1c-4924f50d968a,823363,3,3,191,191,1.0,9,False,C:\Users\noahl\OneDrive\fatigue_cv\skenes_2026_season\keypoints\56f6452d-13c1-32de-ad1c-4924f50d968a.npz,1.1,15.67,16.77
bb32a6e5-8261-32cd-bbaf-006c373ea055,823363,3,4,191,191,1.0,9,False,C:\Users\noahl\OneDrive\fatigue_cv\skenes_2026_season\keypoints\bb32a6e5-8261-32cd-bbaf-006c373ea055.npz,1.37,15.73,17.1
0e332dde-f81a-3b4a-8f8b-996aa0d6c158,823363,3,5,191,191,1.0,9,False,C:\Users\noahl\OneDrive\fatigue_cv\skenes_2026_season\keypoints\0e332dde-f81a-3b4a-8f8b-996aa0d6c158.npz,1.25,15.76,17.01
86fe8110-dac4-3016-8a02-2b76cbdc2bd5,823363,3,6,191,191,1.0,9,False,C:\Users\noahl\OneDrive\fatigue_cv\skenes_2026_season\keypoints\86fe8110-dac4-3016-8a02-2b76cbdc2bd5.npz,1.27,15.72,16.99
07ee8839-83c5-3374-9473-6231224cf418,823363,3,7,191,191,1.0,9,False,C:\Users\noahl\OneDrive\fatigue_cv\skenes_2026_season\keypoints\07ee8839-83c5-3374-9473-6231224cf418.npz,1.03,15.34,16.37
9e473754-7488-3ca8-b9dc-de22a8d5f827,823363,3,8,191,191,1.0,9,False,C:\Users\noahl\OneDrive\fatigue_cv\skenes_2026_season\keypoints\9e473754-7488-3ca8-b9dc-de22a8d5f827.npz,1.43,15.62,17.05
65f97cc1-bcdd-38a7-8847-c53bf63561b2,823363,3,1,191,191,1.0,9,False,C:\Users\noahl\OneDrive\fatigue_cv\skenes_2026_season\keypoints\65f97cc1-bcdd-38a7-8847-c53bf63561b2.npz,0.86,15.44,16.3
74e658a5-1fa8-3fdf-8969-6024b0671c9c,823363,3,2,191,191,1.0,9,False,C:\Users\noahl\OneDrive\fatigue_cv\skenes_2026_season\keypoints\74e658a5-1fa8-3fdf-8969-6024b0671c9c.npz,1.1,14.8,15.91
b9c5c37e-fff0-3642-a406-a71de02ac370,823363,3,3,191,191,1.0,9,False,C:\Users\noahl\OneDrive\fatigue_cv\skenes_2026_season\keypoints\b9c5c37e-fff0-3642-a406-a71de02ac370.npz,1.25,15.03,16.29
775008f2-2597-3968-8af4-9b08107143f1,823363,4,1,191,191,1.0,9,False,C:\Users\noahl\OneDrive\fatigue_cv\skenes_2026_season\keypoints\775008f2-2597-3968-8af4-9b08107143f1.npz,1.08,14.75,15.83
b799e547-a011-3640-976d-2bcfdfb5dcd8,823363,4,2,191,191,1.0,9,False,C:\Users\noahl\OneDrive\fatigue_cv\skenes_2026_season\keypoints\b799e547-a011-3640-976d-2bcfdfb5dcd8.npz,0.94,15.73,16.67
1c68a5a3-32fb-3945-8cd6-4db6a331af89,823363,4,3,191,191,1.0,9,False,C:\Users\noahl\OneDrive\fatigue_cv\skenes_2026_season\keypoints\1c68a5a3-32fb-3945-8cd6-4db6a331af89.npz,0.96,15.69,16.65
49648d72-9464-3119-9522-7e301409304d,823363,4,1,191,191,1.0,9,False,C:\Users\noahl\OneDrive\fatigue_cv\skenes_2026_season\keypoints\49648d72-9464-3119-9522-7e301409304d.npz,1.2,15.24,16.45
edf3a5ba-b9fc-3cf0-b3dc-25cafcc694c6,823363,4,2,191,191,1.0,9,False,C:\Users\noahl\OneDrive\fatigue_cv\skenes_2026_season\keypoints\edf3a5ba-b9fc-3cf0-b3dc-25cafcc694c6.npz,1.28,15.37,16.65
201b0254-785a-37c0-a583-231dbf802244,823363,4,3,191,191,1.0,9,False,C:\Users\noahl\OneDrive\fatigue_cv\skenes_2026_season\keypoints\201b0254-785a-37c0-a583-231dbf802244.npz,1.25,15.37,16.61
3d0a85e2-115f-325f-acb8-222be3972f2f,823363,4,4,191,191,1.0,9,False,C:\Users\noahl\OneDrive\fatigue_cv\skenes_2026_season\keypoints\3d0a85e2-115f-325f-acb8-222be3972f2f.npz,1.33,15.43,16.76
48570a68-774e-3fc9-8cfc-50b5843a417c,823363,4,5,191,191,1.0,9,False,C:\Users\noahl\OneDrive\fatigue_cv\skenes_2026_season\keypoints\48570a68-774e-3fc9-8cfc-50b5843a417c.npz,1.1,15.19,16.3
5edfeec5-a16f-3344-bf75-5048b9662a3b,823363,4,6,191,191,1.0,9,False,C:\Users\noahl\OneDrive\fatigue_cv\skenes_2026_season\keypoints\5edfeec5-a16f-3344-bf75-5048b9662a3b.npz,0.89,15.26,16.15
c99de2a6-9625-335a-9edd-60444f7ebf97,823363,4,7,191,191,1.0,9,False,C:\Users\noahl\OneDrive\fatigue_cv\skenes_2026_season\keypoints\c99de2a6-9625-335a-9edd-60444f7ebf97.npz,1.0,15.15,16.15
750e6606-508e-37c5-9215-eaaaa397690c,823363,4,1,191,191,1.0,9,False,C:\Users\noahl\OneDrive\fatigue_cv\skenes_2026_season\keypoints\750e6606-508e-37c5-9215-eaaaa397690c.npz,1.09,15.73,16.82
060d3991-9d44-37e3-9d3b-d6c7197c188b,823363,4,2,191,191,1.0,9,False,C:\Users\noahl\OneDrive\fatigue_cv\skenes_2026_season\keypoints\060d3991-9d44-37e3-9d3b-d6c7197c188b.npz,1.18,15.12,16.3
c40beb5e-c064-31b8-bbb3-313361890ecd,823363,4,3,191,191,1.0,9,False,C:\Users\noahl\OneDrive\fatigue_cv\skenes_2026_season\keypoints\c40beb5e-c064-31b8-bbb3-313361890ecd.npz,0.82,14.97,15.8
18a9c09d-8f8f-3e5c-8c55-92931628e064,823363,4,4,191,191,1.0,9,False,C:\Users\noahl\OneDrive\fatigue_cv\skenes_2026_season\keypoints\18a9c09d-8f8f-3e5c-8c55-92931628e064.npz,0.79,14.57,15.37
94d9e94a-5fe3-3df4-ab73-9ee502bf2050,823363,4,1,191,191,1.0,9,False,C:\Users\noahl\OneDrive\fatigue_cv\skenes_2026_season\keypoints\94d9e94a-5fe3-3df4-ab73-9ee502bf2050.npz,1.2,14.88,16.08
022f5e94-1dd8-36b0-ab04-d5e10a2aa524,823363,4,2,191,191,1.0,9,False,C:\Users\noahl\OneDrive\fatigue_cv\skenes_2026_season\keypoints\022f5e94-1dd8-36b0-ab04-d5e10a2aa524.npz,1.07,14.64,15.71
4b3b47c0-ffcd-326b-b70b-43ec0866da8b,823363,4,3,191,191,1.0,9,False,C:\Users\noahl\OneDrive\fatigue_cv\skenes_2026_season\keypoints\4b3b47c0-ffcd-326b-b70b-43ec0866da8b.npz,1.1,15.17,16.28
54bd05f9-ee40-3c34-9842-333971c2ac33,823363,4,4,191,191,1.0,9,False,C:\Users\noahl\OneDrive\fatigue_cv\skenes_2026_season\keypoints\54bd05f9-ee40-3c34-9842-333971c2ac33.npz,0.88,15.17,16.06
f50cd39d-24b1-3db8-bc12-152e41e528a3,823363,5,1,191,191,1.0,9,False,C:\Users\noahl\OneDrive\fatigue_cv\skenes_2026_season\keypoints\f50cd39d-24b1-3db8-bc12-152e41e528a3.npz,1.46,15.55,17.01
63dd3a68-cd68-350a-9a7f-08a210efc1ed,823363,5,1,191,191,1.0,9,False,C:\Users\noahl\OneDrive\fatigue_cv\skenes_2026_season\keypoints\63dd3a68-cd68-350a-9a7f-08a210efc1ed.npz,1.32,15.33,16.66
c80dd9ba-e1af-3c17-bb49-5aaa04850e86,823363,5,1,191,191,1.0,9,False,C:\Users\noahl\OneDrive\fatigue_cv\skenes_2026_season\keypoints\c80dd9ba-e1af-3c17-bb49-5aaa04850e86.npz,1.07,15.51,16.59
46256616-1cca-3931-a395-e866856a17b5,823363,5,2,191,191,1.0,9,False,C:\Users\noahl\OneDrive\fatigue_cv\skenes_2026_season\keypoints\46256616-1cca-3931-a395-e866856a17b5.npz,0.86,15.75,16.61
90642056-5d8f-39eb-8f0d-0e453bd0cad7,823363,5,3,191,191,1.0,9,False,C:\Users\noahl\OneDrive\fatigue_cv\skenes_2026_season\keypoints\90642056-5d8f-39eb-8f0d-0e453bd0cad7.npz,1.22,15.29,16.52
cdcf48ae-9660-3608-b2a9-157d28e36f79,823363,5,4,191,191,1.0,9,False,C:\Users\noahl\OneDrive\fatigue_cv\skenes_2026_season\keypoints\cdcf48ae-9660-3608-b2a9-157d28e36f79.npz,0.79,15.02,15.81
d4d01a27-76b2-39f2-a3e4-2167db6f75ab,823363,5,5,191,191,1.0,9,False,C:\Users\noahl\OneDrive\fatigue_cv\skenes_2026_season\keypoints\d4d01a27-76b2-39f2-a3e4-2167db6f75ab.npz,1.03,16.06,17.1
a994e4c9-22d0-3199-9a5e-2c93e4a599a8,823363,5,6,191,191,1.0,9,False,C:\Users\noahl\OneDrive\fatigue_cv\skenes_2026_season\keypoints\a994e4c9-22d0-3199-9a5e-2c93e4a599a8.npz,0.83,15.71,16.54
48b5fce9-0ec3-3216-8f0a-04ed644af96b,823446,1,1,191,191,1.0,9,False,C:\Users\noahl\OneDrive\fatigue_cv\skenes_2026_season\keypoints\48b5fce9-0ec3-3216-8f0a-04ed644af96b.npz,1.1,15.22,16.31
73b238b7-e18e-3294-8b17-32de479ea993,823446,1,2,191,191,1.0,9,False,C:\Users\noahl\OneDrive\fatigue_cv\skenes_2026_season\keypoints\73b238b7-e18e-3294-8b17-32de479ea993.npz,0.88,14.79,15.67
a04f990c-7786-373a-ab91-5a94298eb6d7,823446,1,3,191,191,1.0,9,False,C:\Users\noahl\OneDrive\fatigue_cv\skenes_2026_season\keypoints\a04f990c-7786-373a-ab91-5a94298eb6d7.npz,1.09,14.74,15.83
b47ef370-6c84-3929-8e1f-c3c3e7f70834,823446,1,1,191,191,1.0,9,False,C:\Users\noahl\OneDrive\fatigue_cv\skenes_2026_season\keypoints\b47ef370-6c84-3929-8e1f-c3c3e7f70834.npz,0.92,14.9,15.82
d3fb4abc-7b7f-3cf5-9dcc-cf6fad36a605,823446,1,2,191,191,1.0,9,False,C:\Users\noahl\OneDrive\fatigue_cv\skenes_2026_season\keypoints\d3fb4abc-7b7f-3cf5-9dcc-cf6fad36a605.npz,1.03,15.64,16.68
b53308cf-694e-335e-8c95-3fe82d175b7e,823446,1,3,191,191,1.0,9,False,C:\Users\noahl\OneDrive\fatigue_cv\skenes_2026_season\keypoints\b53308cf-694e-335e-8c95-3fe82d175b7e.npz,0.69,14.6,15.29
6aa76c52-a99a-3389-b7d5-df689cab089b,823446,1,4,191,191,1.0,9,False,C:\Users\noahl\OneDrive\fatigue_cv\skenes_2026_season\keypoints\6aa76c52-a99a-3389-b7d5-df689cab089b.npz,1.11,15.72,16.83
1563e7f6-f083-3bef-9af7-d9d510bdce3a,823446,1,5,191,191,1.0,9,False,C:\Users\noahl\OneDrive\fatigue_cv\skenes_2026_season\keypoints\1563e7f6-f083-3bef-9af7-d9d510bdce3a.npz,0.92,15.27,16.2
dac00a0b-eaf4-3e2f-9343-700daba04284,823446,1,1,191,191,1.0,9,False,C:\Users\noahl\OneDrive\fatigue_cv\skenes_2026_season\keypoints\dac00a0b-eaf4-3e2f-9343-700daba04284.npz,1.08,16.04,17.12
f7a47156-e9be-3e78-902c-cab27805dd95,823446,1,2,191,191,1.0,9,False,C:\Users\noahl\OneDrive\fatigue_cv\skenes_2026_season\keypoints\f7a47156-e9be-3e78-902c-cab27805dd95.npz,1.09,16.19,17.28
e710523d-2a76-3213-b464-588022e03147,823446,1,3,191,191,1.0,9,False,C:\Users\noahl\OneDrive\fatigue_cv\skenes_2026_season\keypoints\e710523d-2a76-3213-b464-588022e03147.npz,1.1,16.0,17.1
2ca06ff5-a039-30aa-9dd2-a44080b2005c,823446,1,4,191,191,1.0,9,False,C:\Users\noahl\OneDrive\fatigue_cv\skenes_2026_season\keypoints\2ca06ff5-a039-30aa-9dd2-a44080b2005c.npz,1.44,15.86,17.3
4b54a553-bb53-3b5b-863d-ebe783d250ec,823446,1,5,191,191,1.0,9,False,C:\Users\noahl\OneDrive\fatigue_cv\skenes_2026_season\keypoints\4b54a553-bb53-3b5b-863d-ebe783d250ec.npz,0.98,16.03,17.01
bf5467f1-77b9-3921-b221-abcc1e715b9e,823446,1,6,191,191,1.0,9,False,C:\Users\noahl\OneDrive\fatigue_cv\skenes_2026_season\keypoints\bf5467f1-77b9-3921-b221-abcc1e715b9e.npz,1.19,15.66,16.85
245c469d-e9eb-32f1-9752-698da2707920,823446,1,1,191,191,1.0,9,False,C:\Users\noahl\OneDrive\fatigue_cv\skenes_2026_season\keypoints\245c469d-e9eb-32f1-9752-698da2707920.npz,0.83,15.61,16.44
eafa1273-f734-3de1-a6a3-a832e3a0fa82,823446,1,2,191,191,1.0,9,False,C:\Users\noahl\OneDrive\fatigue_cv\skenes_2026_season\keypoints\eafa1273-f734-3de1-a6a3-a832e3a0fa82.npz,1.11,15.82,16.93
ad48e5c6-538f-3f85-9476-d537e91ba815,823446,1,3,191,191,1.0,9,False,C:\Users\noahl\OneDrive\fatigue_cv\skenes_2026_season\keypoints\ad48e5c6-538f-3f85-9476-d537e91ba815.npz,1.16,14.72,15.88
54eb0888-c53d-3805-a150-5ddf2790e8a5,823446,2,1,191,191,1.0,9,False,C:\Users\noahl\OneDrive\fatigue_cv\skenes_2026_season\keypoints\54eb0888-c53d-3805-a150-5ddf2790e8a5.npz,1.05,14.66,15.71
b50ccb84-84a0-3f4f-bd70-e42932a2416f,823446,2,2,191,191,1.0,9,False,C:\Users\noahl\OneDrive\fatigue_cv\skenes_2026_season\keypoints\b50ccb84-84a0-3f4f-bd70-e42932a2416f.npz,0.45,15.38,15.83
ccaf01a6-0a66-3627-8071-f927a020c461,823446,2,3,191,191,1.0,9,False,C:\Users\noahl\OneDrive\fatigue_cv\skenes_2026_season\keypoints\ccaf01a6-0a66-3627-8071-f927a020c461.npz,1.57,14.41,15.97
9dc39be0-c536-3b35-a28a-10f7814c8ea3,823446,2,1,191,191,1.0,9,False,C:\Users\noahl\OneDrive\fatigue_cv\skenes_2026_season\keypoints\9dc39be0-c536-3b35-a28a-10f7814c8ea3.npz,0.56,15.07,15.64
8927ad08-0fae-31cf-bc37-f1980e0fdca9,823446,2,2,191,191,1.0,9,False,C:\Users\noahl\OneDrive\fatigue_cv\skenes_2026_season\keypoints\8927ad08-0fae-31cf-bc37-f1980e0fdca9.npz,0.98,15.46,16.45
0b1e5e29-772b-311a-91a9-d7d38f6e6511,823446,2,3,191,191,1.0,9,False,C:\Users\noahl\OneDrive\fatigue_cv\skenes_2026_season\keypoints\0b1e5e29-772b-311a-91a9-d7d38f6e6511.npz,1.14,15.35,16.5
91cac9f1-9c6a-365c-93cf-03356e27ee72,823446,2,4,191,191,1.0,9,False,C:\Users\noahl\OneDrive\fatigue_cv\skenes_2026_season\keypoints\91cac9f1-9c6a-365c-93cf-03356e27ee72.npz,1.04,15.82,16.86
cf7fb4ae-a29b-34b6-9239-18f23190aa18,823446,2,5,191,191,1.0,9,False,C:\Users\noahl\OneDrive\fatigue_cv\skenes_2026_season\keypoints\cf7fb4ae-a29b-34b6-9239-18f23190aa18.npz,0.89,15.64,16.53
85d0f7d1-2ffb-347d-8f66-41f473fe8b71,823446,2,1,191,191,1.0,9,False,C:\Users\noahl\OneDrive\fatigue_cv\skenes_2026_season\keypoints\85d0f7d1-2ffb-347d-8f66-41f473fe8b71.npz,1.17,15.74,16.91
0a12dabc-d237-3aad-a906-18fa3561c1e2,823446,2,2,191,191,1.0,9,False,C:\Users\noahl\OneDrive\fatigue_cv\skenes_2026_season\keypoints\0a12dabc-d237-3aad-a906-18fa3561c1e2.npz,1.0,15.28,16.28
f9a6a889-39f3-334a-bf0b-02eb711f88f2,823446,2,3,191,191,1.0,9,False,C:\Users\noahl\OneDrive\fatigue_cv\skenes_2026_season\keypoints\f9a6a889-39f3-334a-bf0b-02eb711f88f2.npz,1.14,15.4,16.54
3c94965d-c39d-3c02-a4af-2c5f69fbbc8b,823446,2,4,191,191,1.0,9,False,C:\Users\noahl\OneDrive\fatigue_cv\skenes_2026_season\keypoints\3c94965d-c39d-3c02-a4af-2c5f69fbbc8b.npz,1.2,15.84,17.05
0b864420-d9b4-3f74-8881-bbedda694f24,823446,2,5,191,191,1.0,9,False,C:\Users\noahl\OneDrive\fatigue_cv\skenes_2026_season\keypoints\0b864420-d9b4-3f74-8881-bbedda694f24.npz,0.99,14.89,15.89
2a82ae1b-b774-3707-8865-2d4e3664ca28,823446,2,6,191,191,1.0,9,False,C:\Users\noahl\OneDrive\fatigue_cv\skenes_2026_season\keypoints\2a82ae1b-b774-3707-8865-2d4e3664ca28.npz,1.17,15.2,16.37
87d74638-7260-3936-9cd7-e9933a76ad72,823446,2,7,191,191,1.0,9,False,C:\Users\noahl\OneDrive\fatigue_cv\skenes_2026_season\keypoints\87d74638-7260-3936-9cd7-e9933a76ad72.npz,1.12,14.8,15.92
535c81a8-6de4-39f4-9ac1-c6cdf94cfdcf,823446,2,8,191,191,1.0,9,False,C:\Users\noahl\OneDrive\fatigue_cv\skenes_2026_season\keypoints\535c81a8-6de4-39f4-9ac1-c6cdf94cfdcf.npz,0.84,15.03,15.88
436a002e-fc8c-3433-9218-bbcd322e045c,823446,2,9,191,191,1.0,9,False,C:\Users\noahl\OneDrive\fatigue_cv\skenes_2026_season\keypoints\436a002e-fc8c-3433-9218-bbcd322e045c.npz,1.36,14.96,16.32
cc4e61a7-d174-32d2-b3fb-2ebc5d05d9c8,823446,2,10,191,191,1.0,9,False,C:\Users\noahl\OneDrive\fatigue_cv\skenes_2026_season\keypoints\cc4e61a7-d174-32d2-b3fb-2ebc5d05d9c8.npz,1.67,15.18,16.86
973f5de7-c16d-3cd0-8b0d-7c059daa1fd2,823446,2,1,191,191,1.0,9,False,C:\Users\noahl\OneDrive\fatigue_cv\skenes_2026_season\keypoints\973f5de7-c16d-3cd0-8b0d-7c059daa1fd2.npz,0.75,14.88,15.63
ef2009b3-5f4d-300e-9af1-1b336cb5b366,823446,2,2,191,191,1.0,9,False,C:\Users\noahl\OneDrive\fatigue_cv\skenes_2026_season\keypoints\ef2009b3-5f4d-300e-9af1-1b336cb5b366.npz,1.67,15.04,16.72
af90443b-2046-375d-b4e4-76db1487a853,823446,2,3,191,191,1.0,9,False,C:\Users\noahl\OneDrive\fatigue_cv\skenes_2026_season\keypoints\af90443b-2046-375d-b4e4-76db1487a853.npz,0.98,15.69,16.67
f94c064a-3642-3c5a-9e23-951606b44f53,823446,2,4,191,191,1.0,9,False,C:\Users\noahl\OneDrive\fatigue_cv\skenes_2026_season\keypoints\f94c064a-3642-3c5a-9e23-951606b44f53.npz,1.16,16.23,17.39
76f974f1-e4b5-33f6-a034-e29f995c7823,823446,2,5,191,191,1.0,9,False,C:\Users\noahl\OneDrive\fatigue_cv\skenes_2026_season\keypoints\76f974f1-e4b5-33f6-a034-e29f995c7823.npz,1.19,15.7,16.89
d7256d20-78d5-35fa-9703-4311dbda643f,823446,2,6,191,191,1.0,9,False,C:\Users\noahl\OneDrive\fatigue_cv\skenes_2026_season\keypoints\d7256d20-78d5-35fa-9703-4311dbda643f.npz,1.2,15.95,17.14
9d1c93e4-79ac-3a40-be60-304f2a68c7e5,823446,2,7,191,191,1.0,9,False,C:\Users\noahl\OneDrive\fatigue_cv\skenes_2026_season\keypoints\9d1c93e4-79ac-3a40-be60-304f2a68c7e5.npz,1.58,15.3,16.89
3af03ddf-23fa-39d5-8a63-7bb7e53eaf00,823446,2,1,191,191,1.0,9,False,C:\Users\noahl\OneDrive\fatigue_cv\skenes_2026_season\keypoints\3af03ddf-23fa-39d5-8a63-7bb7e53eaf00.npz,1.57,15.43,16.99
06fae5ba-eff3-3fc3-92b5-3609dacc56b7,823446,2,2,191,191,1.0,9,False,C:\Users\noahl\OneDrive\fatigue_cv\skenes_2026_season\keypoints\06fae5ba-eff3-3fc3-92b5-3609dacc56b7.npz,0.91,16.0,16.91
f0497825-f623-38ca-a6bf-495fc8ce85f8,823446,2,1,191,191,1.0,9,False,C:\Users\noahl\OneDrive\fatigue_cv\skenes_2026_season\keypoints\f0497825-f623-38ca-a6bf-495fc8ce85f8.npz,0.74,15.87,16.61
b8c5dd97-350a-34c8-9c32-b7742309bdb2,823446,2,2,191,191,1.0,9,False,C:\Users\noahl\OneDrive\fatigue_cv\skenes_2026_season\keypoints\b8c5dd97-350a-34c8-9c32-b7742309bdb2.npz,1.61,15.25,16.86
76df4a56-7630-35bd-864b-e3c630d8285b,823446,2,1,191,191,1.0,9,False,C:\Users\noahl\OneDrive\fatigue_cv\skenes_2026_season\keypoints\76df4a56-7630-35bd-864b-e3c630d8285b.npz,2.2,15.45,17.66
2c981ad9-f35a-3b6b-9951-97383b4162de,823446,2,2,191,191,1.0,9,False,C:\Users\noahl\OneDrive\fatigue_cv\skenes_2026_season\keypoints\2c981ad9-f35a-3b6b-9951-97383b4162de.npz,0.9,16.01,16.92
1a4ef2e5-0e54-3913-80e0-1bc1fd83ea6d,823446,2,1,191,191,1.0,9,False,C:\Users\noahl\OneDrive\fatigue_cv\skenes_2026_season\keypoints\1a4ef2e5-0e54-3913-80e0-1bc1fd83ea6d.npz,0.88,15.84,16.72
deaaf9e5-304c-346e-b223-263020f97228,823446,2,2,191,191,1.0,9,False,C:\Users\noahl\OneDrive\fatigue_cv\skenes_2026_season\keypoints\deaaf9e5-304c-346e-b223-263020f97228.npz,0.95,14.92,15.87
dab1a751-9347-3dff-92b1-ecf78f5280b7,823446,2,3,191,191,1.0,9,False,C:\Users\noahl\OneDrive\fatigue_cv\skenes_2026_season\keypoints\dab1a751-9347-3dff-92b1-ecf78f5280b7.npz,1.14,15.22,16.37
c141aef5-f88f-36c6-bd46-e8f38124611f,823446,2,4,191,191,1.0,9,False,C:\Users\noahl\OneDrive\fatigue_cv\skenes_2026_season\keypoints\c141aef5-f88f-36c6-bd46-e8f38124611f.npz,1.12,15.75,16.87
2e2e49d3-abaf-3613-91b8-f2f0f8e3b62b,823446,3,1,191,191,1.0,9,False,C:\Users\noahl\OneDrive\fatigue_cv\skenes_2026_season\keypoints\2e2e49d3-abaf-3613-91b8-f2f0f8e3b62b.npz,1.1,16.13,17.23
70fa716b-2278-3706-b67b-50eaf87323d7,823446,3,2,191,191,1.0,9,False,C:\Users\noahl\OneDrive\fatigue_cv\skenes_2026_season\keypoints\70fa716b-2278-3706-b67b-50eaf87323d7.npz,1.34,15.99,17.34
4d353cd3-555e-38aa-8450-27f6ab4c92e7,823446,3,1,191,191,1.0,9,False,C:\Users\noahl\OneDrive\fatigue_cv\skenes_2026_season\keypoints\4d353cd3-555e-38aa-8450-27f6ab4c92e7.npz,1.25,15.83,17.09
3f605efc-4395-3a96-93a6-0483f094c49f,823446,3,2,191,191,1.0,9,False,C:\Users\noahl\OneDrive\fatigue_cv\skenes_2026_season\keypoints\3f605efc-4395-3a96-93a6-0483f094c49f.npz,1.65,15.6,17.25
31e7040d-409b-3e68-aa51-d8274036c9b5,823446,3,3,191,184,0.963,9,False,C:\Users\noahl\OneDrive\fatigue_cv\skenes_2026_season\keypoints\31e7040d-409b-3e68-aa51-d8274036c9b5.npz,1.12,16.0,17.12
7e8fac02-a8b4-3ee5-bd43-7ee32b4bc74a,823446,3,4,191,191,1.0,9,False,C:\Users\noahl\OneDrive\fatigue_cv\skenes_2026_season\keypoints\7e8fac02-a8b4-3ee5-bd43-7ee32b4bc74a.npz,0.74,15.96,16.71
67673a30-9489-33b1-b071-c8d7c5d18439,823446,3,1,191,191,1.0,9,False,C:\Users\noahl\OneDrive\fatigue_cv\skenes_2026_season\keypoints\67673a30-9489-33b1-b071-c8d7c5d18439.npz,1.8,15.26,17.07
190233b2-dcdd-3a66-826f-247c0ecef722,823446,3,1,191,191,1.0,9,False,C:\Users\noahl\OneDrive\fatigue_cv\skenes_2026_season\keypoints\190233b2-dcdd-3a66-826f-247c0ecef722.npz,1.17,15.78,16.95
246c72b9-1fbd-315c-a43d-70977b80fc9e,823446,3,2,191,191,1.0,9,False,C:\Users\noahl\OneDrive\fatigue_cv\skenes_2026_season\keypoints\246c72b9-1fbd-315c-a43d-70977b80fc9e.npz,1.5,15.72,17.23
1824767a-bdcd-3068-985f-b357f5105a80,823446,4,1,191,191,1.0,9,False,C:\Users\noahl\OneDrive\fatigue_cv\skenes_2026_season\keypoints\1824767a-bdcd-3068-985f-b357f5105a80.npz,0.96,14.83,15.79
458ff9c6-f444-37f1-bea8-b209c70cadbb,823446,4,2,191,191,1.0,9,False,C:\Users\noahl\OneDrive\fatigue_cv\skenes_2026_season\keypoints\458ff9c6-f444-37f1-bea8-b209c70cadbb.npz,1.05,14.73,15.78
a4a608f5-d3ee-3b00-9665-e6654a6af2b0,823446,4,3,191,191,1.0,9,False,C:\Users\noahl\OneDrive\fatigue_cv\skenes_2026_season\keypoints\a4a608f5-d3ee-3b00-9665-e6654a6af2b0.npz,0.82,15.21,16.02
43d4945e-85d0-3786-888b-dedab784d0d2,823446,4,4,191,191,1.0,9,False,C:\Users\noahl\OneDrive\fatigue_cv\skenes_2026_season\keypoints\43d4945e-85d0-3786-888b-dedab784d0d2.npz,0.95,15.16,16.11
b4576273-ecf2-343c-b06e-be4235987be0,823446,4,1,191,191,1.0,9,False,C:\Users\noahl\OneDrive\fatigue_cv\skenes_2026_season\keypoints\b4576273-ecf2-343c-b06e-be4235987be0.npz,1.15,15.07,16.22
ae53e926-83d8-3e85-99b1-94c9a80d8916,823446,4,1,191,191,1.0,9,False,C:\Users\noahl\OneDrive\fatigue_cv\skenes_2026_season\keypoints\ae53e926-83d8-3e85-99b1-94c9a80d8916.npz,1.43,16.11,17.55
f64123e3-c384-3230-b426-2639d0ce0810,823446,4,2,191,191,1.0,9,False,C:\Users\noahl\OneDrive\fatigue_cv\skenes_2026_season\keypoints\f64123e3-c384-3230-b426-2639d0ce0810.npz,1.09,15.77,16.87
2d7debc0-8b02-3fe2-b855-1d7248171196,823446,4,3,191,191,1.0,9,False,C:\Users\noahl\OneDrive\fatigue_cv\skenes_2026_season\keypoints\2d7debc0-8b02-3fe2-b855-1d7248171196.npz,1.46,16.22,17.68
1ece607e-9fe6-321e-b3cb-8f1b9ee57cc0,823446,4,1,191,191,1.0,9,False,C:\Users\noahl\OneDrive\fatigue_cv\skenes_2026_season\keypoints\1ece607e-9fe6-321e-b3cb-8f1b9ee57cc0.npz,1.09,15.76,16.86
a6f2dba5-ed74-3deb-be6a-a8c99f2c484c,823446,4,2,191,191,1.0,9,False,C:\Users\noahl\OneDrive\fatigue_cv\skenes_2026_season\keypoints\a6f2dba5-ed74-3deb-be6a-a8c99f2c484c.npz,0.87,16.56,17.43
f1d93e74-1458-3475-b857-776530690e3c,823446,4,3,191,191,1.0,9,False,C:\Users\noahl\OneDrive\fatigue_cv\skenes_2026_season\keypoints\f1d93e74-1458-3475-b857-776530690e3c.npz,1.19,15.64,16.83
a62b7b23-1c22-366d-8fad-7138e7006198,823446,4,4,191,191,1.0,9,False,C:\Users\noahl\OneDrive\fatigue_cv\skenes_2026_season\keypoints\a62b7b23-1c22-366d-8fad-7138e7006198.npz,0.67,15.83,16.5
e5a48fbd-084e-3c17-9b2c-cf08d01009e3,823446,4,1,191,191,1.0,9,False,C:\Users\noahl\OneDrive\fatigue_cv\skenes_2026_season\keypoints\e5a48fbd-084e-3c17-9b2c-cf08d01009e3.npz,1.45,16.22,17.66
b8484436-c965-3e3c-bb1d-d1bd6dbbaf5c,823446,4,2,191,191,1.0,9,False,C:\Users\noahl\OneDrive\fatigue_cv\skenes_2026_season\keypoints\b8484436-c965-3e3c-bb1d-d1bd6dbbaf5c.npz,0.74,15.32,16.07
40070989-b45f-39b1-9df7-971d830e45b5,823446,4,3,191,191,1.0,9,False,C:\Users\noahl\OneDrive\fatigue_cv\skenes_2026_season\keypoints\40070989-b45f-39b1-9df7-971d830e45b5.npz,0.97,15.11,16.08
05f91e4d-921f-30d8-a482-dc561ad2239c,823446,4,1,191,191,1.0,9,False,C:\Users\noahl\OneDrive\fatigue_cv\skenes_2026_season\keypoints\05f91e4d-921f-30d8-a482-dc561ad2239c.npz,0.76,14.64,15.41
d2f2aade-b7ca-3885-aa9f-fc04f2cb1e4f,823446,4,2,191,191,1.0,9,False,C:\Users\noahl\OneDrive\fatigue_cv\skenes_2026_season\keypoints\d2f2aade-b7ca-3885-aa9f-fc04f2cb1e4f.npz,1.22,15.88,17.11
b1c3148a-a816-37a9-977e-f0329967f938,823446,4,3,191,191,1.0,9,False,C:\Users\noahl\OneDrive\fatigue_cv\skenes_2026_season\keypoints\b1c3148a-a816-37a9-977e-f0329967f938.npz,0.78,15.08,15.86
ea019d11-50e8-31d8-b4af-f56f00774178,823446,4,4,191,191,1.0,9,False,C:\Users\noahl\OneDrive\fatigue_cv\skenes_2026_season\keypoints\ea019d11-50e8-31d8-b4af-f56f00774178.npz,0.72,16.34,17.07
b24c3256-fad2-3b3b-9fe4-97413d1d167d,823446,4,5,191,191,1.0,9,False,C:\Users\noahl\OneDrive\fatigue_cv\skenes_2026_season\keypoints\b24c3256-fad2-3b3b-9fe4-97413d1d167d.npz,2.02,16.17,18.19
7caca212-39dc-3aaa-93b1-de987a1152a9,823361,1,1,191,191,1.0,9,False,C:\Users\noahl\OneDrive\fatigue_cv\skenes_2026_season\keypoints\7caca212-39dc-3aaa-93b1-de987a1152a9.npz,1.3,15.86,17.16
19276e5f-fd64-310e-a85b-c3ddd2ecf1cb,823361,1,2,191,191,1.0,9,False,C:\Users\noahl\OneDrive\fatigue_cv\skenes_2026_season\keypoints\19276e5f-fd64-310e-a85b-c3ddd2ecf1cb.npz,1.08,15.55,16.63
c40e43cb-dcf0-348d-ab88-090deb14e656,823361,1,3,191,191,1.0,9,False,C:\Users\noahl\OneDrive\fatigue_cv\skenes_2026_season\keypoints\c40e43cb-dcf0-348d-ab88-090deb14e656.npz,1.14,15.89,17.04
6337e723-4c04-315e-8dbf-50e71b9fb649,823361,1,4,191,191,1.0,9,False,C:\Users\noahl\OneDrive\fatigue_cv\skenes_2026_season\keypoints\6337e723-4c04-315e-8dbf-50e71b9fb649.npz,1.4,16.0,17.39
5c19a9e9-4dda-3f18-a431-5ea8870a44d1,823361,1,5,191,191,1.0,9,False,C:\Users\noahl\OneDrive\fatigue_cv\skenes_2026_season\keypoints\5c19a9e9-4dda-3f18-a431-5ea8870a44d1.npz,1.21,16.35,17.56
c1f2fd63-ace5-3074-8484-f7f2d1da5819,823361,1,1,191,191,1.0,9,False,C:\Users\noahl\OneDrive\fatigue_cv\skenes_2026_season\keypoints\c1f2fd63-ace5-3074-8484-f7f2d1da5819.npz,1.09,15.31,16.41
c7a6096a-69d9-3f66-8150-14b79f6391c2,823361,1,2,191,191,1.0,9,False,C:\Users\noahl\OneDrive\fatigue_cv\skenes_2026_season\keypoints\c7a6096a-69d9-3f66-8150-14b79f6391c2.npz,0.93,15.24,16.18
4d63f53f-0743-368c-8983-f5ff42ca22ea,823361,1,3,191,191,1.0,9,False,C:\Users\noahl\OneDrive\fatigue_cv\skenes_2026_season\keypoints\4d63f53f-0743-368c-8983-f5ff42ca22ea.npz,1.03,16.06,17.09
aac4bb35-8b59-399b-bc3e-968624622c89,823361,1,4,191,191,1.0,9,False,C:\Users\noahl\OneDrive\fatigue_cv\skenes_2026_season\keypoints\aac4bb35-8b59-399b-bc3e-968624622c89.npz,1.11,14.95,16.06
0ddbd0c6-84ff-3175-9bd4-596b33067fbb,823361,1,5,191,191,1.0,9,False,C:\Users\noahl\OneDrive\fatigue_cv\skenes_2026_season\keypoints\0ddbd0c6-84ff-3175-9bd4-596b33067fbb.npz,0.83,15.07,15.9
24e73332-d9be-3a8e-9eb1-8c016f3a166a,823361,1,1,191,191,1.0,9,False,C:\Users\noahl\OneDrive\fatigue_cv\skenes_2026_season\keypoints\24e73332-d9be-3a8e-9eb1-8c016f3a166a.npz,1.12,15.35,16.48
93590943-5bbd-32d9-b41b-e22050a4f647,823361,1,2,191,191,1.0,9,False,C:\Users\noahl\OneDrive\fatigue_cv\skenes_2026_season\keypoints\93590943-5bbd-32d9-b41b-e22050a4f647.npz,1.14,14.52,15.67
c6c440de-20c7-35ed-8896-89d30502c327,823361,1,3,191,191,1.0,9,False,C:\Users\noahl\OneDrive\fatigue_cv\skenes_2026_season\keypoints\c6c440de-20c7-35ed-8896-89d30502c327.npz,1.12,14.86,15.98
bf35b020-e9ce-363f-b648-4f2fafac3ff4,823361,1,4,191,191,1.0,9,False,C:\Users\noahl\OneDrive\fatigue_cv\skenes_2026_season\keypoints\bf35b020-e9ce-363f-b648-4f2fafac3ff4.npz,1.27,16.61,17.88
3d548dee-30b9-3dba-992c-f2e453993d17,823361,1,5,191,191,1.0,9,False,C:\Users\noahl\OneDrive\fatigue_cv\skenes_2026_season\keypoints\3d548dee-30b9-3dba-992c-f2e453993d17.npz,1.37,15.97,17.34
4688c007-438e-386a-b242-d2ccba9aa917,823361,1,6,191,191,1.0,9,False,C:\Users\noahl\OneDrive\fatigue_cv\skenes_2026_season\keypoints\4688c007-438e-386a-b242-d2ccba9aa917.npz,1.1,15.8,16.9
b97b7757-8f96-3218-acb7-879d75c19d76,823361,1,1,191,191,1.0,9,False,C:\Users\noahl\OneDrive\fatigue_cv\skenes_2026_season\keypoints\b97b7757-8f96-3218-acb7-879d75c19d76.npz,1.01,15.59,16.6
bdb0c9e3-4855-3371-b195-c948da1a1d01,823361,1,2,191,191,1.0,9,False,C:\Users\noahl\OneDrive\fatigue_cv\skenes_2026_season\keypoints\bdb0c9e3-4855-3371-b195-c948da1a1d01.npz,1.14,15.85,16.99
f91fbe38-6f7e-358e-8879-4b624f501ee0,823361,1,3,191,191,1.0,9,False,C:\Users\noahl\OneDrive\fatigue_cv\skenes_2026_season\keypoints\f91fbe38-6f7e-358e-8879-4b624f501ee0.npz,0.99,15.24,16.23
fef2d15e-0aa7-3d8f-966b-7b9e2b7f13c4,823361,1,4,191,191,1.0,9,False,C:\Users\noahl\OneDrive\fatigue_cv\skenes_2026_season\keypoints\fef2d15e-0aa7-3d8f-966b-7b9e2b7f13c4.npz,1.93,16.08,18.02
2021cf62-56d0-3d39-a498-1982174ed6f8,823361,1,5,191,191,1.0,9,False,C:\Users\noahl\OneDrive\fatigue_cv\skenes_2026_season\keypoints\2021cf62-56d0-3d39-a498-1982174ed6f8.npz,1.28,15.37,16.65
3a253ab9-4954-330c-bfb6-1f45f6d67a26,823361,1,1,191,191,1.0,9,False,C:\Users\noahl\OneDrive\fatigue_cv\skenes_2026_season\keypoints\3a253ab9-4954-330c-bfb6-1f45f6d67a26.npz,0.94,15.56,16.5
d2f61db9-59a3-3cc1-a8fb-4f711d72cbf2,823361,1,2,191,191,1.0,9,False,C:\Users\noahl\OneDrive\fatigue_cv\skenes_2026_season\keypoints\d2f61db9-59a3-3cc1-a8fb-4f711d72cbf2.npz,1.11,14.72,15.83
173c582c-4728-3d7b-bf13-5050f0acc157,823361,1,1,191,191,1.0,9,False,C:\Users\noahl\OneDrive\fatigue_cv\skenes_2026_season\keypoints\173c582c-4728-3d7b-bf13-5050f0acc157.npz,1.26,15.36,16.62
bf290189-5660-3283-8e58-175c8e1f49d7,823361,1,2,191,191,1.0,9,False,C:\Users\noahl\OneDrive\fatigue_cv\skenes_2026_season\keypoints\bf290189-5660-3283-8e58-175c8e1f49d7.npz,1.52,15.01,16.53
c0bdfb41-5955-36cc-b82f-7d7437724858,823361,1,3,191,191,1.0,9,False,C:\Users\noahl\OneDrive\fatigue_cv\skenes_2026_season\keypoints\c0bdfb41-5955-36cc-b82f-7d7437724858.npz,0.97,14.81,15.79
6fa135d0-77db-3f96-9ab4-d9fbebbc94d2,823361,2,1,191,191,1.0,9,False,C:\Users\noahl\OneDrive\fatigue_cv\skenes_2026_season\keypoints\6fa135d0-77db-3f96-9ab4-d9fbebbc94d2.npz,1.19,14.29,15.48
b583ebc9-cdf1-30b7-971d-6109cc244ac0,823361,2,2,191,191,1.0,9,False,C:\Users\noahl\OneDrive\fatigue_cv\skenes_2026_season\keypoints\b583ebc9-cdf1-30b7-971d-6109cc244ac0.npz,1.3,15.44,16.73
d8d347eb-2d30-3a4d-bb7e-de61dd95bb9d,823361,2,3,191,191,1.0,9,False,C:\Users\noahl\OneDrive\fatigue_cv\skenes_2026_season\keypoints\d8d347eb-2d30-3a4d-bb7e-de61dd95bb9d.npz,1.48,15.31,16.8
39c87bc9-7fca-346f-8636-e7c906343fbe,823361,2,4,191,191,1.0,9,False,C:\Users\noahl\OneDrive\fatigue_cv\skenes_2026_season\keypoints\39c87bc9-7fca-346f-8636-e7c906343fbe.npz,1.87,16.54,18.42
8e8bfbe0-a87f-3a2e-8318-d7c585c50fa8,823361,2,5,191,191,1.0,9,False,C:\Users\noahl\OneDrive\fatigue_cv\skenes_2026_season\keypoints\8e8bfbe0-a87f-3a2e-8318-d7c585c50fa8.npz,1.33,16.24,17.58
b010af2e-6c6b-3557-b734-e2b7a1d23fc2,823361,2,1,191,191,1.0,9,False,C:\Users\noahl\OneDrive\fatigue_cv\skenes_2026_season\keypoints\b010af2e-6c6b-3557-b734-e2b7a1d23fc2.npz,1.24,16.19,17.43
f23f8644-8028-33d9-8a19-d2f10f15752f,823361,2,2,191,191,1.0,9,False,C:\Users\noahl\OneDrive\fatigue_cv\skenes_2026_season\keypoints\f23f8644-8028-33d9-8a19-d2f10f15752f.npz,1.23,15.53,16.75
2fc2944c-a583-3981-adc2-abde71a75078,823361,2,3,191,191,1.0,9,False,C:\Users\noahl\OneDrive\fatigue_cv\skenes_2026_season\keypoints\2fc2944c-a583-3981-adc2-abde71a75078.npz,1.17,16.04,17.22
bef9fdd1-a871-329a-a8f3-43ad1b019c57,823361,2,4,191,191,1.0,9,False,C:\Users\noahl\OneDrive\fatigue_cv\skenes_2026_season\keypoints\bef9fdd1-a871-329a-a8f3-43ad1b019c57.npz,1.09,15.67,16.76
4e5e2a0e-886f-3ee4-addc-bb4a203971e8,823361,2,5,191,191,1.0,9,False,C:\Users\noahl\OneDrive\fatigue_cv\skenes_2026_season\keypoints\4e5e2a0e-886f-3ee4-addc-bb4a203971e8.npz,1.26,15.32,16.58
6e836f0f-4d29-34e9-b9eb-43a49668310e,823361,2,6,191,191,1.0,9,False,C:\Users\noahl\OneDrive\fatigue_cv\skenes_2026_season\keypoints\6e836f0f-4d29-34e9-b9eb-43a49668310e.npz,1.32,14.61,15.94
5b21c67f-e4d4-39bd-b8e7-262ceefec675,823361,2,1,191,191,1.0,9,False,C:\Users\noahl\OneDrive\fatigue_cv\skenes_2026_season\keypoints\5b21c67f-e4d4-39bd-b8e7-262ceefec675.npz,1.12,15.36,16.48
32db00fc-f503-3aa2-85ad-2701cfabc09e,823361,2,2,191,191,1.0,9,False,C:\Users\noahl\OneDrive\fatigue_cv\skenes_2026_season\keypoints\32db00fc-f503-3aa2-85ad-2701cfabc09e.npz,1.06,15.71,16.77
bfcef596-dfa0-3a5d-9192-933099ea868d,823361,2,3,191,191,1.0,9,False,C:\Users\noahl\OneDrive\fatigue_cv\skenes_2026_season\keypoints\bfcef596-dfa0-3a5d-9192-933099ea868d.npz,1.14,15.01,16.16
cb4a4fb5-5164-389b-9976-69f453d1fdca,823361,2,4,191,191,1.0,9,False,C:\Users\noahl\OneDrive\fatigue_cv\skenes_2026_season\keypoints\cb4a4fb5-5164-389b-9976-69f453d1fdca.npz,1.21,16.01,17.22
a0805fbd-b4bf-3dc9-a740-17a855c823bc,823361,3,1,191,191,1.0,9,False,C:\Users\noahl\OneDrive\fatigue_cv\skenes_2026_season\keypoints\a0805fbd-b4bf-3dc9-a740-17a855c823bc.npz,1.13,16.08,17.21
e0fa8afc-133e-38bb-9236-1c118ac9e6c3,823361,3,2,191,191,1.0,9,False,C:\Users\noahl\OneDrive\fatigue_cv\skenes_2026_season\keypoints\e0fa8afc-133e-38bb-9236-1c118ac9e6c3.npz,0.74,15.75,16.5
e5a15dcf-7a1f-3f05-8e56-171048b0e3e7,823361,3,3,191,191,1.0,9,False,C:\Users\noahl\OneDrive\fatigue_cv\skenes_2026_season\keypoints\e5a15dcf-7a1f-3f05-8e56-171048b0e3e7.npz,1.24,16.29,17.53
b8079374-307d-3983-b505-cfb32b8e2b4e,823361,3,1,191,191,1.0,9,False,C:\Users\noahl\OneDrive\fatigue_cv\skenes_2026_season\keypoints\b8079374-307d-3983-b505-cfb32b8e2b4e.npz,1.24,15.66,16.9
605f4fec-1c9a-3626-bb2d-8d0fdddd64fc,823361,3,2,191,191,1.0,9,False,C:\Users\noahl\OneDrive\fatigue_cv\skenes_2026_season\keypoints\605f4fec-1c9a-3626-bb2d-8d0fdddd64fc.npz,1.48,15.18,16.66
3a87802f-a0e1-35cd-875d-969c09f1534f,823361,3,3,191,191,1.0,9,False,C:\Users\noahl\OneDrive\fatigue_cv\skenes_2026_season\keypoints\3a87802f-a0e1-35cd-875d-969c09f1534f.npz,0.81,14.91,15.72
a9e6eb72-c932-31e5-bff7-6aaf720dbc6d,823361,3,4,191,191,1.0,9,False,C:\Users\noahl\OneDrive\fatigue_cv\skenes_2026_season\keypoints\a9e6eb72-c932-31e5-bff7-6aaf720dbc6d.npz,0.95,15.93,16.89
c0b9bbcd-8848-36d8-b63b-0baef6d18394,823361,3,1,191,154,0.806,9,False,C:\Users\noahl\OneDrive\fatigue_cv\skenes_2026_season\keypoints\c0b9bbcd-8848-36d8-b63b-0baef6d18394.npz,1.2,15.84,17.04
05802a40-2c68-31f5-91f3-9223ed50c9b7,823361,3,2,191,191,1.0,9,False,C:\Users\noahl\OneDrive\fatigue_cv\skenes_2026_season\keypoints\05802a40-2c68-31f5-91f3-9223ed50c9b7.npz,1.1,15.04,16.15
cab0b8ae-0f1c-3cbc-9f56-9e89bcfbe88d,823361,3,1,191,191,1.0,9,False,C:\Users\noahl\OneDrive\fatigue_cv\skenes_2026_season\keypoints\cab0b8ae-0f1c-3cbc-9f56-9e89bcfbe88d.npz,1.39,14.74,16.13
1e998b0d-0324-39f7-9dfa-13ee45da6b42,823361,3,2,191,191,1.0,9,False,C:\Users\noahl\OneDrive\fatigue_cv\skenes_2026_season\keypoints\1e998b0d-0324-39f7-9dfa-13ee45da6b42.npz,1.18,14.84,16.03
9c709977-7771-331c-8c71-bc978516efff,823361,3,3,191,191,1.0,9,False,C:\Users\noahl\OneDrive\fatigue_cv\skenes_2026_season\keypoints\9c709977-7771-331c-8c71-bc978516efff.npz,1.28,14.77,16.05
e91b71f7-f791-3b82-a391-6fc923b06a6f,823361,3,1,191,191,1.0,9,False,C:\Users\noahl\OneDrive\fatigue_cv\skenes_2026_season\keypoints\e91b71f7-f791-3b82-a391-6fc923b06a6f.npz,1.3,14.55,15.85
eabbb4e7-d736-372a-8f55-e3a5df055721,823361,3,2,191,191,1.0,9,False,C:\Users\noahl\OneDrive\fatigue_cv\skenes_2026_season\keypoints\eabbb4e7-d736-372a-8f55-e3a5df055721.npz,1.21,14.99,16.2
68a8332e-bb11-3c4d-8bc3-6499c05b121c,823361,3,3,191,191,1.0,9,False,C:\Users\noahl\OneDrive\fatigue_cv\skenes_2026_season\keypoints\68a8332e-bb11-3c4d-8bc3-6499c05b121c.npz,1.22,14.78,16.0
0bccd5f4-7bf1-3329-9d89-46b1b99387e7,823361,3,4,191,191,1.0,9,False,C:\Users\noahl\OneDrive\fatigue_cv\skenes_2026_season\keypoints\0bccd5f4-7bf1-3329-9d89-46b1b99387e7.npz,1.23,15.65,16.88
5dc4662b-bf03-30dd-a828-7cd7053337f1,823361,3,5,191,173,0.906,9,False,C:\Users\noahl\OneDrive\fatigue_cv\skenes_2026_season\keypoints\5dc4662b-bf03-30dd-a828-7cd7053337f1.npz,1.16,15.8,16.96
33cba55d-24a7-36e8-ae5d-b15032d15729,823361,3,6,191,191,1.0,9,False,C:\Users\noahl\OneDrive\fatigue_cv\skenes_2026_season\keypoints\33cba55d-24a7-36e8-ae5d-b15032d15729.npz,1.16,15.72,16.88
41a0b775-f9e8-3fea-b16d-6969ff486978,823361,3,7,191,191,1.0,9,False,C:\Users\noahl\OneDrive\fatigue_cv\skenes_2026_season\keypoints\41a0b775-f9e8-3fea-b16d-6969ff486978.npz,1.41,15.35,16.76
0fb2c869-4a85-317f-b9f8-062c3ae3d8cf,823361,3,8,191,179,0.937,9,False,C:\Users\noahl\OneDrive\fatigue_cv\skenes_2026_season\keypoints\0fb2c869-4a85-317f-b9f8-062c3ae3d8cf.npz,1.06,15.49,16.55
78bdfa38-488a-31f6-9d18-8310ade20ffa,823361,4,1,191,191,1.0,9,False,C:\Users\noahl\OneDrive\fatigue_cv\skenes_2026_season\keypoints\78bdfa38-488a-31f6-9d18-8310ade20ffa.npz,1.19,16.13,17.32
3970a574-0650-3f6a-bf7f-e9f30c0c62d0,823361,4,2,191,191,1.0,9,False,C:\Users\noahl\OneDrive\fatigue_cv\skenes_2026_season\keypoints\3970a574-0650-3f6a-bf7f-e9f30c0c62d0.npz,1.29,15.75,17.04
94cf2f95-233d-3bf7-9a1c-47e0c4614430,823361,4,3,191,191,1.0,9,False,C:\Users\noahl\OneDrive\fatigue_cv\skenes_2026_season\keypoints\94cf2f95-233d-3bf7-9a1c-47e0c4614430.npz,1.24,14.97,16.22
a0212282-4509-31f2-975e-3c01370970f3,823361,4,1,191,191,1.0,9,False,C:\Users\noahl\OneDrive\fatigue_cv\skenes_2026_season\keypoints\a0212282-4509-31f2-975e-3c01370970f3.npz,0.94,15.26,16.2
5021112e-1a61-3d4a-9f66-932ac7867bc7,823361,4,1,191,191,1.0,9,False,C:\Users\noahl\OneDrive\fatigue_cv\skenes_2026_season\keypoints\5021112e-1a61-3d4a-9f66-932ac7867bc7.npz,1.45,15.2,16.66
e239dc53-dfcb-315b-b6f7-b9aad650bc9a,823361,5,1,191,150,0.785,9,False,C:\Users\noahl\OneDrive\fatigue_cv\skenes_2026_season\keypoints\e239dc53-dfcb-315b-b6f7-b9aad650bc9a.npz,1.04,14.92,15.96
d2a3ce2c-d18f-3b07-8065-683901c18737,823361,5,2,191,191,1.0,9,False,C:\Users\noahl\OneDrive\fatigue_cv\skenes_2026_season\keypoints\d2a3ce2c-d18f-3b07-8065-683901c18737.npz,1.21,14.98,16.19
2da18854-e57d-36cb-a750-473570104d8b,823361,5,1,191,191,1.0,9,False,C:\Users\noahl\OneDrive\fatigue_cv\skenes_2026_season\keypoints\2da18854-e57d-36cb-a750-473570104d8b.npz,1.78,14.66,16.45
a67b58ee-c800-300c-a10b-353cf4abd9b3,823361,5,2,191,191,1.0,9,False,C:\Users\noahl\OneDrive\fatigue_cv\skenes_2026_season\keypoints\a67b58ee-c800-300c-a10b-353cf4abd9b3.npz,1.23,15.13,16.37
3ac21d5f-65b8-396a-8609-c806008b505b,823361,5,3,191,191,1.0,9,False,C:\Users\noahl\OneDrive\fatigue_cv\skenes_2026_season\keypoints\3ac21d5f-65b8-396a-8609-c806008b505b.npz,1.02,15.12,16.15
72f20f5e-1cc0-32ff-af53-7212b1a35a6e,823361,5,4,191,191,1.0,9,False,C:\Users\noahl\OneDrive\fatigue_cv\skenes_2026_season\keypoints\72f20f5e-1cc0-32ff-af53-7212b1a35a6e.npz,1.14,15.73,16.88
97fded53-1bcb-372b-993d-a85b6cbcfb1b,823361,5,1,191,191,1.0,9,False,C:\Users\noahl\OneDrive\fatigue_cv\skenes_2026_season\keypoints\97fded53-1bcb-372b-993d-a85b6cbcfb1b.npz,1.23,15.95,17.18
ed83abca-2fb4-3981-8942-2fff3cca2589,823361,5,2,191,191,1.0,9,False,C:\Users\noahl\OneDrive\fatigue_cv\skenes_2026_season\keypoints\ed83abca-2fb4-3981-8942-2fff3cca2589.npz,1.13,15.97,17.11
5214eb12-9950-3ef9-beff-82e7e1d6a78b,823361,5,3,191,191,1.0,9,False,C:\Users\noahl\OneDrive\fatigue_cv\skenes_2026_season\keypoints\5214eb12-9950-3ef9-beff-82e7e1d6a78b.npz,0.93,15.31,16.24
4fc9d099-36c6-37d8-9cc6-24d6cd6d6913,823361,5,1,191,191,1.0,9,False,C:\Users\noahl\OneDrive\fatigue_cv\skenes_2026_season\keypoints\4fc9d099-36c6-37d8-9cc6-24d6cd6d6913.npz,2.11,15.37,17.48
3cfca52f-f3cc-3f61-b686-3532d110cc59,823361,5,2,191,191,1.0,9,False,C:\Users\noahl\OneDrive\fatigue_cv\skenes_2026_season\keypoints\3cfca52f-f3cc-3f61-b686-3532d110cc59.npz,1.22,15.53,16.76
3f953cc4-ad49-3aeb-a335-a32f14b51576,823361,5,3,191,191,1.0,9,False,C:\Users\noahl\OneDrive\fatigue_cv\skenes_2026_season\keypoints\3f953cc4-ad49-3aeb-a335-a32f14b51576.npz,1.17,15.47,16.64
cad5101c-d49d-30ad-830d-a6a5f0ff8f49,823361,5,4,191,191,1.0,9,False,C:\Users\noahl\OneDrive\fatigue_cv\skenes_2026_season\keypoints\cad5101c-d49d-30ad-830d-a6a5f0ff8f49.npz,1.5,15.37,16.88
2f5a935b-10cd-3d42-a3d8-cd2d218b560e,823361,6,1,191,191,1.0,9,False,C:\Users\noahl\OneDrive\fatigue_cv\skenes_2026_season\keypoints\2f5a935b-10cd-3d42-a3d8-cd2d218b560e.npz,1.09,15.76,16.85
2e6c3b21-f101-3b1c-83fc-0e4b37b0a418,823361,6,2,191,191,1.0,9,False,C:\Users\noahl\OneDrive\fatigue_cv\skenes_2026_season\keypoints\2e6c3b21-f101-3b1c-83fc-0e4b37b0a418.npz,1.24,15.03,16.27
958f300e-adcd-3084-9182-2788a1d09ed4,823361,6,3,191,191,1.0,9,False,C:\Users\noahl\OneDrive\fatigue_cv\skenes_2026_season\keypoints\958f300e-adcd-3084-9182-2788a1d09ed4.npz,1.15,15.52,16.67
b68cb9c5-91a8-3e9e-b9ef-830fbf3ae53c,823361,6,4,191,191,1.0,9,False,C:\Users\noahl\OneDrive\fatigue_cv\skenes_2026_season\keypoints\b68cb9c5-91a8-3e9e-b9ef-830fbf3ae53c.npz,1.15,15.06,16.21
06744c56-85b8-305d-952c-6d7374344d7e,823361,6,5,191,191,1.0,9,False,C:\Users\noahl\OneDrive\fatigue_cv\skenes_2026_season\keypoints\06744c56-85b8-305d-952c-6d7374344d7e.npz,1.34,14.95,16.29
ea4a0d75-2139-32d6-84e7-3373552832a0,823361,6,1,191,191,1.0,9,False,C:\Users\noahl\OneDrive\fatigue_cv\skenes_2026_season\keypoints\ea4a0d75-2139-32d6-84e7-3373552832a0.npz,1.25,15.14,16.39
bfb0936a-65c7-3056-8131-67f29c1a8307,823361,6,2,191,191,1.0,9,False,C:\Users\noahl\OneDrive\fatigue_cv\skenes_2026_season\keypoints\bfb0936a-65c7-3056-8131-67f29c1a8307.npz,1.44,15.68,17.12
30ccb50e-a7e3-3692-b314-cd6637e9e076,823361,6,3,191,191,1.0,9,False,C:\Users\noahl\OneDrive\fatigue_cv\skenes_2026_season\keypoints\30ccb50e-a7e3-3692-b314-cd6637e9e076.npz,1.11,15.64,16.75
c96de751-fe9c-3070-a3bb-860c1b4a483a,823361,6,1,191,191,1.0,9,False,C:\Users\noahl\OneDrive\fatigue_cv\skenes_2026_season\keypoints\c96de751-fe9c-3070-a3bb-860c1b4a483a.npz,1.11,15.8,16.91
0c38d630-b6bc-3679-945c-ba8a5b33aed5,823361,6,2,191,191,1.0,9,False,C:\Users\noahl\OneDrive\fatigue_cv\skenes_2026_season\keypoints\0c38d630-b6bc-3679-945c-ba8a5b33aed5.npz,0.89,16.05,16.94
194771d1-b001-37f9-8496-b3f5ef91e2fd,823361,6,1,191,191,1.0,9,False,C:\Users\noahl\OneDrive\fatigue_cv\skenes_2026_season\keypoints\194771d1-b001-37f9-8496-b3f5ef91e2fd.npz,0.99,15.22,16.21
a8d8d051-39f8-3581-a4cf-9d4ecbdd754c,823361,6,2,191,191,1.0,9,False,C:\Users\noahl\OneDrive\fatigue_cv\skenes_2026_season\keypoints\a8d8d051-39f8-3581-a4cf-9d4ecbdd754c.npz,1.52,15.24,16.76
262d504f-70e0-3bac-9d44-5250e5576743,823361,6,3,191,191,1.0,9,False,C:\Users\noahl\OneDrive\fatigue_cv\skenes_2026_season\keypoints\262d504f-70e0-3bac-9d44-5250e5576743.npz,1.04,15.74,16.79
145030ea-3ad8-33e8-8848-11cb276fecc7,823361,6,4,191,191,1.0,9,False,C:\Users\noahl\OneDrive\fatigue_cv\skenes_2026_season\keypoints\145030ea-3ad8-33e8-8848-11cb276fecc7.npz,2.21,15.73,17.94
e02878a5-0734-3388-a951-a476c8eaa41c,823361,6,5,191,191,1.0,9,False,C:\Users\noahl\OneDrive\fatigue_cv\skenes_2026_season\keypoints\e02878a5-0734-3388-a951-a476c8eaa41c.npz,1.08,14.92,16.0
17f97433-656c-32ac-a877-b7089c14bbe5,823361,6,6,191,191,1.0,9,False,C:\Users\noahl\OneDrive\fatigue_cv\skenes_2026_season\keypoints\17f97433-656c-32ac-a877-b7089c14bbe5.npz,0.92,14.52,15.45
5334351c-8a5b-3b27-ac09-9fc6db175b3f,823358,1,1,191,191,1.0,9,False,C:\Users\noahl\OneDrive\fatigue_cv\skenes_2026_season\keypoints\5334351c-8a5b-3b27-ac09-9fc6db175b3f.npz,1.11,14.94,16.05
624be22f-f459-3c90-b2cc-70b9d25c4fde,823358,1,2,191,191,1.0,9,False,C:\Users\noahl\OneDrive\fatigue_cv\skenes_2026_season\keypoints\624be22f-f459-3c90-b2cc-70b9d25c4fde.npz,0.87,14.67,15.54
28642c9b-7c6f-3639-96a0-9dbb8e815d5b,823358,1,3,191,191,1.0,9,False,C:\Users\noahl\OneDrive\fatigue_cv\skenes_2026_season\keypoints\28642c9b-7c6f-3639-96a0-9dbb8e815d5b.npz,1.13,14.61,15.74
0ea62308-69af-303c-8e82-e1fb86f3cd10,823358,1,4,191,191,1.0,9,False,C:\Users\noahl\OneDrive\fatigue_cv\skenes_2026_season\keypoints\0ea62308-69af-303c-8e82-e1fb86f3cd10.npz,1.06,14.6,15.67
29d354ac-5b9a-3051-9480-647f39cfa6e7,823358,1,5,191,191,1.0,9,False,C:\Users\noahl\OneDrive\fatigue_cv\skenes_2026_season\keypoints\29d354ac-5b9a-3051-9480-647f39cfa6e7.npz,0.82,15.07,15.89
018d50de-ac09-3bf1-ab6c-75811c1cd68e,823358,1,1,191,191,1.0,9,False,C:\Users\noahl\OneDrive\fatigue_cv\skenes_2026_season\keypoints\018d50de-ac09-3bf1-ab6c-75811c1cd68e.npz,0.74,15.76,16.5
e98c6b35-fbc2-34cc-9672-1ac311a31df0,823358,1,2,191,191,1.0,9,False,C:\Users\noahl\OneDrive\fatigue_cv\skenes_2026_season\keypoints\e98c6b35-fbc2-34cc-9672-1ac311a31df0.npz,1.65,15.97,17.62
36802a7d-0e31-3ff8-9c26-7412e413bfc0,823358,1,3,191,191,1.0,9,False,C:\Users\noahl\OneDrive\fatigue_cv\skenes_2026_season\keypoints\36802a7d-0e31-3ff8-9c26-7412e413bfc0.npz,0.86,15.56,16.42
1823a896-c0d0-3e31-9a79-e04281a0b029,823358,1,1,191,191,1.0,9,False,C:\Users\noahl\OneDrive\fatigue_cv\skenes_2026_season\keypoints\1823a896-c0d0-3e31-9a79-e04281a0b029.npz,0.84,15.42,16.26
d86a717c-0418-3b35-85f5-c537578ae863,823358,1,2,191,191,1.0,9,False,C:\Users\noahl\OneDrive\fatigue_cv\skenes_2026_season\keypoints\d86a717c-0418-3b35-85f5-c537578ae863.npz,1.03,16.1,17.13
5f7306c1-bc77-3543-b3f2-7282592b6fc3,823358,2,1,191,191,1.0,9,False,C:\Users\noahl\OneDrive\fatigue_cv\skenes_2026_season\keypoints\5f7306c1-bc77-3543-b3f2-7282592b6fc3.npz,1.12,14.76,15.88
fed21a9e-7757-3066-85f2-cc5ad5a8cf2e,823358,2,2,191,191,1.0,9,False,C:\Users\noahl\OneDrive\fatigue_cv\skenes_2026_season\keypoints\fed21a9e-7757-3066-85f2-cc5ad5a8cf2e.npz,1.03,16.22,17.25
3d59c1c4-6823-38d5-ba72-418ffe1d4058,823358,2,3,191,191,1.0,9,False,C:\Users\noahl\OneDrive\fatigue_cv\skenes_2026_season\keypoints\3d59c1c4-6823-38d5-ba72-418ffe1d4058.npz,1.05,15.93,16.98
efb1642e-308e-33ff-a6f7-62b62e9ae9a2,823358,2,4,191,191,1.0,9,False,C:\Users\noahl\OneDrive\fatigue_cv\skenes_2026_season\keypoints\efb1642e-308e-33ff-a6f7-62b62e9ae9a2.npz,1.14,15.14,16.28
349710fb-6308-3bb0-b44a-d1ebd50a8a7c,823358,2,1,191,191,1.0,9,False,C:\Users\noahl\OneDrive\fatigue_cv\skenes_2026_season\keypoints\349710fb-6308-3bb0-b44a-d1ebd50a8a7c.npz,1.35,15.3,16.66
838d2016-ddf6-38c6-9ca9-b85f0afc97d3,823358,2,1,191,191,1.0,9,False,C:\Users\noahl\OneDrive\fatigue_cv\skenes_2026_season\keypoints\838d2016-ddf6-38c6-9ca9-b85f0afc97d3.npz,0.84,14.81,15.65
8862f1d1-d59e-32d4-a4af-17ebf69104a9,823358,2,2,191,191,1.0,9,False,C:\Users\noahl\OneDrive\fatigue_cv\skenes_2026_season\keypoints\8862f1d1-d59e-32d4-a4af-17ebf69104a9.npz,0.88,15.84,16.72
d52a75a8-6a8b-3159-b25a-573731e5acfd,823358,3,1,191,191,1.0,9,False,C:\Users\noahl\OneDrive\fatigue_cv\skenes_2026_season\keypoints\d52a75a8-6a8b-3159-b25a-573731e5acfd.npz,1.26,14.89,16.16
06a120b9-fcef-3a0a-962b-ac8361b98153,823358,3,2,191,191,1.0,9,False,C:\Users\noahl\OneDrive\fatigue_cv\skenes_2026_season\keypoints\06a120b9-fcef-3a0a-962b-ac8361b98153.npz,0.99,14.78,15.77
f435fabb-65d9-368b-82cc-daa39c1a7ac0,823358,3,3,191,191,1.0,9,False,C:\Users\noahl\OneDrive\fatigue_cv\skenes_2026_season\keypoints\f435fabb-65d9-368b-82cc-daa39c1a7ac0.npz,0.84,15.59,16.44
94130c28-af8c-379d-a4ab-7ff2006e6d0a,823358,3,4,191,191,1.0,9,False,C:\Users\noahl\OneDrive\fatigue_cv\skenes_2026_season\keypoints\94130c28-af8c-379d-a4ab-7ff2006e6d0a.npz,1.13,16.15,17.28
ba564a50-a29d-3014-afda-8896515cb27a,823358,3,5,191,191,1.0,9,False,C:\Users\noahl\OneDrive\fatigue_cv\skenes_2026_season\keypoints\ba564a50-a29d-3014-afda-8896515cb27a.npz,0.87,15.61,16.48
512932e1-7de5-3e61-a7df-8a18adc92144,823358,3,6,191,191,1.0,9,False,C:\Users\noahl\OneDrive\fatigue_cv\skenes_2026_season\keypoints\512932e1-7de5-3e61-a7df-8a18adc92144.npz,0.8,15.78,16.57
0dbbc234-a4ac-3263-81dd-0468efed5989,823358,3,7,191,191,1.0,9,False,C:\Users\noahl\OneDrive\fatigue_cv\skenes_2026_season\keypoints\0dbbc234-a4ac-3263-81dd-0468efed5989.npz,1.17,16.01,17.18
32b7a7b6-13a4-340f-87ec-6e45fc8dd13d,823358,3,1,191,191,1.0,9,False,C:\Users\noahl\OneDrive\fatigue_cv\skenes_2026_season\keypoints\32b7a7b6-13a4-340f-87ec-6e45fc8dd13d.npz,1.27,15.67,16.94
722e252b-a17c-37e1-9d25-9998d1f825bc,823358,3,2,191,191,1.0,9,False,C:\Users\noahl\OneDrive\fatigue_cv\skenes_2026_season\keypoints\722e252b-a17c-37e1-9d25-9998d1f825bc.npz,1.53,15.46,17.0
3ae57c41-d89a-353a-8b15-2ee0709931bf,823358,3,3,191,191,1.0,9,False,C:\Users\noahl\OneDrive\fatigue_cv\skenes_2026_season\keypoints\3ae57c41-d89a-353a-8b15-2ee0709931bf.npz,0.94,15.66,16.6
9ffe07b7-51bc-315a-b92c-b9419ffa262c,823358,3,4,191,191,1.0,9,False,C:\Users\noahl\OneDrive\fatigue_cv\skenes_2026_season\keypoints\9ffe07b7-51bc-315a-b92c-b9419ffa262c.npz,0.83,15.18,16.01
33007701-66e3-3a86-b713-336d3230dac2,823358,3,5,191,191,1.0,9,False,C:\Users\noahl\OneDrive\fatigue_cv\skenes_2026_season\keypoints\33007701-66e3-3a86-b713-336d3230dac2.npz,0.79,15.17,15.96
d22fe96f-fdf5-38d2-a61f-c2f9e67d9356,823358,3,1,191,179,0.937,9,False,C:\Users\noahl\OneDrive\fatigue_cv\skenes_2026_season\keypoints\d22fe96f-fdf5-38d2-a61f-c2f9e67d9356.npz,0.78,14.72,15.5
20c35ab7-c808-3fab-92b9-5c87347b57b2,823358,3,2,191,191,1.0,9,False,C:\Users\noahl\OneDrive\fatigue_cv\skenes_2026_season\keypoints\20c35ab7-c808-3fab-92b9-5c87347b57b2.npz,1.12,14.74,15.86
022263ab-9605-3dec-978f-5c113ee01ced,823358,3,3,191,191,1.0,9,False,C:\Users\noahl\OneDrive\fatigue_cv\skenes_2026_season\keypoints\022263ab-9605-3dec-978f-5c113ee01ced.npz,0.84,14.7,15.54
41b7c567-8dd6-3547-bcfe-8ca5657f9a8c,823358,3,4,191,191,1.0,9,False,C:\Users\noahl\OneDrive\fatigue_cv\skenes_2026_season\keypoints\41b7c567-8dd6-3547-bcfe-8ca5657f9a8c.npz,0.8,15.03,15.83
4065816b-0077-3bb5-a531-82d0404874db,823358,3,5,191,191,1.0,9,False,C:\Users\noahl\OneDrive\fatigue_cv\skenes_2026_season\keypoints\4065816b-0077-3bb5-a531-82d0404874db.npz,0.85,14.92,15.77
2324e976-ecda-3029-a460-d3bed2bf048a,823358,4,1,191,191,1.0,9,False,C:\Users\noahl\OneDrive\fatigue_cv\skenes_2026_season\keypoints\2324e976-ecda-3029-a460-d3bed2bf048a.npz,1.04,15.54,16.58
ad2906cd-faa5-36f7-a929-f01640328db1,823358,4,1,191,173,0.906,9,False,C:\Users\noahl\OneDrive\fatigue_cv\skenes_2026_season\keypoints\ad2906cd-faa5-36f7-a929-f01640328db1.npz,1.11,16.09,17.2
f35a99f3-8eba-3d95-977c-6e0da0a9861b,823358,4,2,191,191,1.0,9,False,C:\Users\noahl\OneDrive\fatigue_cv\skenes_2026_season\keypoints\f35a99f3-8eba-3d95-977c-6e0da0a9861b.npz,1.11,15.75,16.86
48f2a137-ba60-3fdf-aa7c-3cc0ba8efce0,823358,4,3,191,191,1.0,9,False,C:\Users\noahl\OneDrive\fatigue_cv\skenes_2026_season\keypoints\48f2a137-ba60-3fdf-aa7c-3cc0ba8efce0.npz,0.79,15.07,15.87
b06dd4f6-4104-341a-bf27-5052928824ef,823358,4,4,191,191,1.0,9,False,C:\Users\noahl\OneDrive\fatigue_cv\skenes_2026_season\keypoints\b06dd4f6-4104-341a-bf27-5052928824ef.npz,0.69,15.69,16.38
8a66f110-0eaf-3b47-a0f5-42048593c987,823358,4,5,191,191,1.0,9,False,C:\Users\noahl\OneDrive\fatigue_cv\skenes_2026_season\keypoints\8a66f110-0eaf-3b47-a0f5-42048593c987.npz,1.45,15.75,17.2
48b563d4-288b-3019-9c47-1fced2fb7df4,823358,4,6,191,191,1.0,9,False,C:\Users\noahl\OneDrive\fatigue_cv\skenes_2026_season\keypoints\48b563d4-288b-3019-9c47-1fced2fb7df4.npz,0.83,15.57,16.41
481da2ef-5949-3e27-82f7-8994670415cb,823358,4,7,191,191,1.0,9,False,C:\Users\noahl\OneDrive\fatigue_cv\skenes_2026_season\keypoints\481da2ef-5949-3e27-82f7-8994670415cb.npz,1.16,15.71,16.87
1dc30e86-40cb-38be-90af-a979446bdaf1,823358,4,1,191,191,1.0,9,False,C:\Users\noahl\OneDrive\fatigue_cv\skenes_2026_season\keypoints\1dc30e86-40cb-38be-90af-a979446bdaf1.npz,1.22,15.22,16.44
2ff47ed6-88a2-3699-a1f6-522ed07308a2,823358,4,1,191,191,1.0,9,False,C:\Users\noahl\OneDrive\fatigue_cv\skenes_2026_season\keypoints\2ff47ed6-88a2-3699-a1f6-522ed07308a2.npz,1.03,15.2,16.24
707c605b-8673-347c-aca0-cf38e7d121c1,823358,4,2,191,191,1.0,9,False,C:\Users\noahl\OneDrive\fatigue_cv\skenes_2026_season\keypoints\707c605b-8673-347c-aca0-cf38e7d121c1.npz,2.18,15.4,17.58
6880a90f-b28a-3e06-91a4-78fded60b37b,823358,4,3,191,191,1.0,9,False,C:\Users\noahl\OneDrive\fatigue_cv\skenes_2026_season\keypoints\6880a90f-b28a-3e06-91a4-78fded60b37b.npz,1.22,15.12,16.35
b4cd5483-e348-35df-a49a-c777a71bd48f,823358,4,4,191,191,1.0,9,False,C:\Users\noahl\OneDrive\fatigue_cv\skenes_2026_season\keypoints\b4cd5483-e348-35df-a49a-c777a71bd48f.npz,1.41,14.91,16.32
cf08ffd0-fc07-3cfa-9a4a-ea3f5b47c950,823358,4,5,191,191,1.0,9,False,C:\Users\noahl\OneDrive\fatigue_cv\skenes_2026_season\keypoints\cf08ffd0-fc07-3cfa-9a4a-ea3f5b47c950.npz,0.76,14.77,15.53
2cd4dd8a-9981-38a9-83e8-c35b9d16f7f5,823358,4,1,191,191,1.0,9,False,C:\Users\noahl\OneDrive\fatigue_cv\skenes_2026_season\keypoints\2cd4dd8a-9981-38a9-83e8-c35b9d16f7f5.npz,1.15,15.61,16.76
3a562505-ce6e-3215-956d-102ef8312781,823358,4,2,191,191,1.0,9,False,C:\Users\noahl\OneDrive\fatigue_cv\skenes_2026_season\keypoints\3a562505-ce6e-3215-956d-102ef8312781.npz,1.11,15.66,16.78
b667c971-c037-3b5a-b1df-1fa3b4b3bcd8,823358,4,3,191,191,1.0,9,False,C:\Users\noahl\OneDrive\fatigue_cv\skenes_2026_season\keypoints\b667c971-c037-3b5a-b1df-1fa3b4b3bcd8.npz,0.74,15.82,16.56
d1c7cf04-98d0-3177-82f3-1d94e2f8bc6a,823358,4,4,191,191,1.0,9,False,C:\Users\noahl\OneDrive\fatigue_cv\skenes_2026_season\keypoints\d1c7cf04-98d0-3177-82f3-1d94e2f8bc6a.npz,0.88,16.18,17.05
d1880bcc-052b-39c0-89ce-31dc1dc0040c,823358,4,1,191,191,1.0,9,False,C:\Users\noahl\OneDrive\fatigue_cv\skenes_2026_season\keypoints\d1880bcc-052b-39c0-89ce-31dc1dc0040c.npz,1.01,15.37,16.38
3ac3b686-d2b0-3119-903c-25b4f8fa09ac,823358,5,1,191,191,1.0,9,False,C:\Users\noahl\OneDrive\fatigue_cv\skenes_2026_season\keypoints\3ac3b686-d2b0-3119-903c-25b4f8fa09ac.npz,1.03,15.84,16.87
23e2d5ff-0c01-3ed3-b5e8-5f96bf0644de,823358,5,2,191,191,1.0,9,False,C:\Users\noahl\OneDrive\fatigue_cv\skenes_2026_season\keypoints\23e2d5ff-0c01-3ed3-b5e8-5f96bf0644de.npz,1.32,15.9,17.22
3a83249c-e4a9-3cfd-a8ba-fb6943bf3995,823358,5,3,191,191,1.0,9,False,C:\Users\noahl\OneDrive\fatigue_cv\skenes_2026_season\keypoints\3a83249c-e4a9-3cfd-a8ba-fb6943bf3995.npz,1.09,16.1,17.18
e0c64f00-9cf0-3959-ae65-81f525b3acff,823358,5,4,191,165,0.864,9,False,C:\Users\noahl\OneDrive\fatigue_cv\skenes_2026_season\keypoints\e0c64f00-9cf0-3959-ae65-81f525b3acff.npz,0.84,15.42,16.27
b9c89ff4-a068-3c66-b312-0a2d27a24224,823358,5,5,191,191,1.0,9,False,C:\Users\noahl\OneDrive\fatigue_cv\skenes_2026_season\keypoints\b9c89ff4-a068-3c66-b312-0a2d27a24224.npz,1.3,15.27,16.57
116b8822-be74-3f6f-bd44-bac8de36d8a1,823358,5,6,191,191,1.0,9,False,C:\Users\noahl\OneDrive\fatigue_cv\skenes_2026_season\keypoints\116b8822-be74-3f6f-bd44-bac8de36d8a1.npz,1.93,15.27,17.2
21ee29e3-7351-32a3-9e41-8ae48b34b7f3,823358,5,7,191,191,1.0,9,False,C:\Users\noahl\OneDrive\fatigue_cv\skenes_2026_season\keypoints\21ee29e3-7351-32a3-9e41-8ae48b34b7f3.npz,1.0,14.69,15.7
196524be-4070-3870-a93c-2ca42684682b,823358,5,8,191,191,1.0,9,False,C:\Users\noahl\OneDrive\fatigue_cv\skenes_2026_season\keypoints\196524be-4070-3870-a93c-2ca42684682b.npz,0.93,14.31,15.24
720143a8-a2a4-35b3-93d9-d1f6330f91bb,823358,5,1,191,175,0.916,9,False,C:\Users\noahl\OneDrive\fatigue_cv\skenes_2026_season\keypoints\720143a8-a2a4-35b3-93d9-d1f6330f91bb.npz,1.08,14.55,15.63
250df8db-26b0-3b62-8e7a-9ad6020168b8,823358,5,2,191,191,1.0,9,False,C:\Users\noahl\OneDrive\fatigue_cv\skenes_2026_season\keypoints\250df8db-26b0-3b62-8e7a-9ad6020168b8.npz,1.32,15.04,16.36
5d6f8a1a-2457-3ff8-8cf8-2fe89e0078b3,823358,5,3,191,191,1.0,9,False,C:\Users\noahl\OneDrive\fatigue_cv\skenes_2026_season\keypoints\5d6f8a1a-2457-3ff8-8cf8-2fe89e0078b3.npz,1.06,15.86,16.93
42da2973-b213-3d07-80d4-38d923c6b4c0,823358,5,4,191,191,1.0,9,False,C:\Users\noahl\OneDrive\fatigue_cv\skenes_2026_season\keypoints\42da2973-b213-3d07-80d4-38d923c6b4c0.npz,1.03,15.55,16.59
e937469a-e707-3940-97ec-ee26dd0d3b30,823358,5,5,191,191,1.0,9,False,C:\Users\noahl\OneDrive\fatigue_cv\skenes_2026_season\keypoints\e937469a-e707-3940-97ec-ee26dd0d3b30.npz,0.92,15.61,16.53
fbcc4b74-07cf-3eae-8a44-2d8294ac2e80,823358,5,1,191,191,1.0,9,False,C:\Users\noahl\OneDrive\fatigue_cv\skenes_2026_season\keypoints\fbcc4b74-07cf-3eae-8a44-2d8294ac2e80.npz,1.28,15.77,17.05
f941282e-8e19-3ee6-b6c0-41bcdb0bbb0c,823358,5,2,191,191,1.0,9,False,C:\Users\noahl\OneDrive\fatigue_cv\skenes_2026_season\keypoints\f941282e-8e19-3ee6-b6c0-41bcdb0bbb0c.npz,0.72,16.35,17.08
b9e91324-6704-3cac-82a4-2de508605eee,823358,5,3,191,191,1.0,9,False,C:\Users\noahl\OneDrive\fatigue_cv\skenes_2026_season\keypoints\b9e91324-6704-3cac-82a4-2de508605eee.npz,1.22,15.87,17.09
7fbf22f2-8dd3-3802-b238-cda2d2b3333b,823358,5,4,191,191,1.0,9,False,C:\Users\noahl\OneDrive\fatigue_cv\skenes_2026_season\keypoints\7fbf22f2-8dd3-3802-b238-cda2d2b3333b.npz,1.05,15.62,16.67
f54d9ec8-4e32-358e-9386-78029f5d92de,823358,5,1,191,191,1.0,9,False,C:\Users\noahl\OneDrive\fatigue_cv\skenes_2026_season\keypoints\f54d9ec8-4e32-358e-9386-78029f5d92de.npz,1.23,15.27,16.5
7c4d73ca-1f71-3b91-aeb7-c5b2cba9328f,823358,5,2,191,191,1.0,9,False,C:\Users\noahl\OneDrive\fatigue_cv\skenes_2026_season\keypoints\7c4d73ca-1f71-3b91-aeb7-c5b2cba9328f.npz,1.3,15.22,16.52
26206b78-4590-3fa4-afc2-b0902e091a94,823358,5,3,191,191,1.0,9,False,C:\Users\noahl\OneDrive\fatigue_cv\skenes_2026_season\keypoints\26206b78-4590-3fa4-afc2-b0902e091a94.npz,0.8,15.09,15.89
7669cbcb-902a-359a-a269-8c181ae119e1,823358,5,4,191,191,1.0,9,False,C:\Users\noahl\OneDrive\fatigue_cv\skenes_2026_season\keypoints\7669cbcb-902a-359a-a269-8c181ae119e1.npz,1.12,14.63,15.74
33e4d7cf-d305-3b31-aa18-f86af0e97751,823358,5,5,191,191,1.0,9,False,C:\Users\noahl\OneDrive\fatigue_cv\skenes_2026_season\keypoints\33e4d7cf-d305-3b31-aa18-f86af0e97751.npz,0.81,14.94,15.76
bb7d8417-483a-3ed2-88fd-b502f0f72b6a,823358,5,6,191,191,1.0,9,False,C:\Users\noahl\OneDrive\fatigue_cv\skenes_2026_season\keypoints\bb7d8417-483a-3ed2-88fd-b502f0f72b6a.npz,1.2,14.8,16.01
11cab86c-9553-31d7-a87a-127d8de32451,823358,6,1,191,191,1.0,9,False,C:\Users\noahl\OneDrive\fatigue_cv\skenes_2026_season\keypoints\11cab86c-9553-31d7-a87a-127d8de32451.npz,0.89,14.55,15.44
a5996f73-4c35-35b6-9673-6f202a88ff37,823358,6,2,191,191,1.0,9,False,C:\Users\noahl\OneDrive\fatigue_cv\skenes_2026_season\keypoints\a5996f73-4c35-35b6-9673-6f202a88ff37.npz,1.02,15.14,16.16
78a8091e-41ee-311e-b9be-1b16d3c810c5,823358,6,3,191,191,1.0,9,False,C:\Users\noahl\OneDrive\fatigue_cv\skenes_2026_season\keypoints\78a8091e-41ee-311e-b9be-1b16d3c810c5.npz,1.06,15.51,16.58
94ce092f-552d-350d-b227-75e8ce74714a,823358,6,4,191,191,1.0,9,False,C:\Users\noahl\OneDrive\fatigue_cv\skenes_2026_season\keypoints\94ce092f-552d-350d-b227-75e8ce74714a.npz,0.75,15.63,16.39
75dfa959-fd20-3254-a701-43d4337e6590,823358,6,5,191,191,1.0,9,False,C:\Users\noahl\OneDrive\fatigue_cv\skenes_2026_season\keypoints\75dfa959-fd20-3254-a701-43d4337e6590.npz,0.76,15.86,16.62
ba049422-973d-3fc4-baec-cd4429bda8e2,823358,6,6,191,191,1.0,9,False,C:\Users\noahl\OneDrive\fatigue_cv\skenes_2026_season\keypoints\ba049422-973d-3fc4-baec-cd4429bda8e2.npz,0.78,15.53,16.32
4593aa25-eb35-39b0-b5d7-88002a286302,824411,1,1,191,191,1.0,9,False,C:\Users\noahl\OneDrive\fatigue_cv\skenes_2026_season\keypoints\4593aa25-eb35-39b0-b5d7-88002a286302.npz,1.58,15.47,17.06
94395411-8d69-38fe-811c-b713e7101ab5,824411,1,2,191,191,1.0,9,False,C:\Users\noahl\OneDrive\fatigue_cv\skenes_2026_season\keypoints\94395411-8d69-38fe-811c-b713e7101ab5.npz,1.9,15.36,17.26
0ab1c076-f6ae-309d-a95d-234d2e177195,824411,1,1,191,191,1.0,9,False,C:\Users\noahl\OneDrive\fatigue_cv\skenes_2026_season\keypoints\0ab1c076-f6ae-309d-a95d-234d2e177195.npz,0.82,15.04,15.86
a8f05b2b-7aa9-349b-8431-9c6b0dacde20,824411,1,2,191,191,1.0,9,False,C:\Users\noahl\OneDrive\fatigue_cv\skenes_2026_season\keypoints\a8f05b2b-7aa9-349b-8431-9c6b0dacde20.npz,1.17,15.73,16.91
4f4103ef-6e5e-35c2-9a5f-ab7fb00d7557,824411,1,3,191,191,1.0,9,False,C:\Users\noahl\OneDrive\fatigue_cv\skenes_2026_season\keypoints\4f4103ef-6e5e-35c2-9a5f-ab7fb00d7557.npz,1.15,15.83,16.98
af11ab35-5fd7-3200-80b3-9136465b0215,824411,1,4,191,191,1.0,9,False,C:\Users\noahl\OneDrive\fatigue_cv\skenes_2026_season\keypoints\af11ab35-5fd7-3200-80b3-9136465b0215.npz,1.26,15.51,16.77
0e08d011-1c61-3638-b2d7-752d50a2b68e,824411,1,5,191,191,1.0,9,False,C:\Users\noahl\OneDrive\fatigue_cv\skenes_2026_season\keypoints\0e08d011-1c61-3638-b2d7-752d50a2b68e.npz,0.79,15.5,16.29
ed3fbb40-ea47-3a0f-bb51-d879da32b962,824411,1,6,191,191,1.0,9,False,C:\Users\noahl\OneDrive\fatigue_cv\skenes_2026_season\keypoints\ed3fbb40-ea47-3a0f-bb51-d879da32b962.npz,1.42,14.96,16.38
f2c969e0-d67e-3f7f-9027-6f70b757bf4c,824411,1,7,191,191,1.0,9,False,C:\Users\noahl\OneDrive\fatigue_cv\skenes_2026_season\keypoints\f2c969e0-d67e-3f7f-9027-6f70b757bf4c.npz,1.03,15.25,16.27
ebddc7aa-970b-3cfd-ab12-b1f471332e5d,824411,1,8,191,191,1.0,9,False,C:\Users\noahl\OneDrive\fatigue_cv\skenes_2026_season\keypoints\ebddc7aa-970b-3cfd-ab12-b1f471332e5d.npz,0.71,15.05,15.76
a2e62c75-0f7f-3473-90ff-cc6969eed1b8,824411,1,1,191,191,1.0,9,False,C:\Users\noahl\OneDrive\fatigue_cv\skenes_2026_season\keypoints\a2e62c75-0f7f-3473-90ff-cc6969eed1b8.npz,1.35,15.68,17.02
39aac7af-ac68-3800-8f25-44da2d1d826e,824411,1,2,191,191,1.0,9,False,C:\Users\noahl\OneDrive\fatigue_cv\skenes_2026_season\keypoints\39aac7af-ac68-3800-8f25-44da2d1d826e.npz,1.06,15.44,16.5
51dd0edc-088d-3fdb-ada2-5f358438595c,824411,1,3,191,191,1.0,9,False,C:\Users\noahl\OneDrive\fatigue_cv\skenes_2026_season\keypoints\51dd0edc-088d-3fdb-ada2-5f358438595c.npz,1.05,15.7,16.75
b51a2da3-5372-3fca-b2a2-3774d6c36b2f,824411,1,4,191,191,1.0,9,False,C:\Users\noahl\OneDrive\fatigue_cv\skenes_2026_season\keypoints\b51a2da3-5372-3fca-b2a2-3774d6c36b2f.npz,1.05,15.24,16.29
7e6fdd10-12f7-3dfa-bc87-1d8d3b0b2d7e,824411,1,5,191,191,1.0,9,False,C:\Users\noahl\OneDrive\fatigue_cv\skenes_2026_season\keypoints\7e6fdd10-12f7-3dfa-bc87-1d8d3b0b2d7e.npz,0.91,16.02,16.93
2caebcbb-a1cf-3a73-88f4-3da44ee2e658,824411,2,1,191,176,0.921,9,False,C:\Users\noahl\OneDrive\fatigue_cv\skenes_2026_season\keypoints\2caebcbb-a1cf-3a73-88f4-3da44ee2e658.npz,0.73,15.48,16.21
4a50a573-16bf-3930-99c5-a312d490fae1,824411,2,2,191,191,1.0,9,False,C:\Users\noahl\OneDrive\fatigue_cv\skenes_2026_season\keypoints\4a50a573-16bf-3930-99c5-a312d490fae1.npz,1.33,15.94,17.27
d7ebbdc0-89ee-302b-a70a-38c30b54d302,824411,2,3,191,191,1.0,9,False,C:\Users\noahl\OneDrive\fatigue_cv\skenes_2026_season\keypoints\d7ebbdc0-89ee-302b-a70a-38c30b54d302.npz,1.18,15.42,16.6
8b4ca401-e629-3e49-b7f5-c1637acdb5a9,824411,2,1,191,186,0.974,9,False,C:\Users\noahl\OneDrive\fatigue_cv\skenes_2026_season\keypoints\8b4ca401-e629-3e49-b7f5-c1637acdb5a9.npz,1.42,15.2,16.62
e48ff29b-24c4-340c-91ad-ce4c6ab46038,824411,2,1,191,191,1.0,9,False,C:\Users\noahl\OneDrive\fatigue_cv\skenes_2026_season\keypoints\e48ff29b-24c4-340c-91ad-ce4c6ab46038.npz,1.62,14.71,16.34
9d61529c-a13e-3cdb-a1df-27fce8ee464d,824411,2,2,191,191,1.0,9,False,C:\Users\noahl\OneDrive\fatigue_cv\skenes_2026_season\keypoints\9d61529c-a13e-3cdb-a1df-27fce8ee464d.npz,0.96,15.04,16.01
d0ea10b7-22b0-3110-ac44-a5f14cf020bd,824411,2,3,191,191,1.0,9,False,C:\Users\noahl\OneDrive\fatigue_cv\skenes_2026_season\keypoints\d0ea10b7-22b0-3110-ac44-a5f14cf020bd.npz,0.94,14.53,15.47
ac2f1239-fa4f-32df-acef-cc21f6b4a132,824411,3,1,191,191,1.0,9,False,C:\Users\noahl\OneDrive\fatigue_cv\skenes_2026_season\keypoints\ac2f1239-fa4f-32df-acef-cc21f6b4a132.npz,1.28,14.83,16.11
42c603b3-d4fd-3ce2-82ba-82b283584e3e,824411,3,2,191,191,1.0,9,False,C:\Users\noahl\OneDrive\fatigue_cv\skenes_2026_season\keypoints\42c603b3-d4fd-3ce2-82ba-82b283584e3e.npz,1.19,15.88,17.07
7646320f-8476-376f-9afb-cc71f258d556,824411,3,1,191,191,1.0,9,False,C:\Users\noahl\OneDrive\fatigue_cv\skenes_2026_season\keypoints\7646320f-8476-376f-9afb-cc71f258d556.npz,1.16,15.46,16.62
f8e14b61-9f66-3b3d-aa7d-530dac9b8ef9,824411,3,2,191,191,1.0,9,False,C:\Users\noahl\OneDrive\fatigue_cv\skenes_2026_season\keypoints\f8e14b61-9f66-3b3d-aa7d-530dac9b8ef9.npz,1.1,15.59,16.7
657fbef2-2d03-323f-af94-5d25b250554c,824411,3,3,191,191,1.0,9,False,C:\Users\noahl\OneDrive\fatigue_cv\skenes_2026_season\keypoints\657fbef2-2d03-323f-af94-5d25b250554c.npz,0.87,16.28,17.15
6eaf8ec5-8586-36b2-b02c-0cc83a213b2a,824411,3,4,191,120,0.628,9,False,C:\Users\noahl\OneDrive\fatigue_cv\skenes_2026_season\keypoints\6eaf8ec5-8586-36b2-b02c-0cc83a213b2a.npz,1.15,15.8,16.95
c3e71d46-a791-31ad-9a66-eb6686cc92c9,824411,3,5,191,191,1.0,9,False,C:\Users\noahl\OneDrive\fatigue_cv\skenes_2026_season\keypoints\c3e71d46-a791-31ad-9a66-eb6686cc92c9.npz,1.01,15.62,16.64
27363229-1ea8-32c3-895b-4db704a938a3,824411,3,6,191,183,0.958,9,False,C:\Users\noahl\OneDrive\fatigue_cv\skenes_2026_season\keypoints\27363229-1ea8-32c3-895b-4db704a938a3.npz,0.83,15.45,16.29
1ebb2399-00a0-3e0c-a71c-eab3473e66c6,824411,3,7,191,191,1.0,9,False,C:\Users\noahl\OneDrive\fatigue_cv\skenes_2026_season\keypoints\1ebb2399-00a0-3e0c-a71c-eab3473e66c6.npz,0.82,16.29,17.11
2352b5a7-3b50-32d6-a775-c797ddc4161d,824411,3,1,191,191,1.0,9,False,C:\Users\noahl\OneDrive\fatigue_cv\skenes_2026_season\keypoints\2352b5a7-3b50-32d6-a775-c797ddc4161d.npz,2.73,15.8,18.53
26cd90ab-feb8-3044-91a0-eade3d82d2b1,824411,3,2,191,191,1.0,9,False,C:\Users\noahl\OneDrive\fatigue_cv\skenes_2026_season\keypoints\26cd90ab-feb8-3044-91a0-eade3d82d2b1.npz,0.77,15.1,15.87
1bf43b53-6997-34d0-bee5-c6dcb7d00df7,824411,3,3,191,191,1.0,9,False,C:\Users\noahl\OneDrive\fatigue_cv\skenes_2026_season\keypoints\1bf43b53-6997-34d0-bee5-c6dcb7d00df7.npz,0.81,14.99,15.81
cee7c8ea-e022-3c9c-ab08-dc486cfef3a9,824411,3,4,191,181,0.948,9,False,C:\Users\noahl\OneDrive\fatigue_cv\skenes_2026_season\keypoints\cee7c8ea-e022-3c9c-ab08-dc486cfef3a9.npz,0.99,14.75,15.75
64581641-b58e-3012-87f7-a85c7391df83,824411,3,5,191,191,1.0,9,False,C:\Users\noahl\OneDrive\fatigue_cv\skenes_2026_season\keypoints\64581641-b58e-3012-87f7-a85c7391df83.npz,0.95,14.68,15.63
d46a1423-d1c1-324f-b98b-0803a7a9585d,824411,3,1,191,191,1.0,9,False,C:\Users\noahl\OneDrive\fatigue_cv\skenes_2026_season\keypoints\d46a1423-d1c1-324f-b98b-0803a7a9585d.npz,0.84,14.91,15.75
c9ed65f3-47c8-360c-8b66-961c3adb62b4,824411,3,1,191,191,1.0,9,False,C:\Users\noahl\OneDrive\fatigue_cv\skenes_2026_season\keypoints\c9ed65f3-47c8-360c-8b66-961c3adb62b4.npz,1.16,14.61,15.77
0ff9a20f-b642-37d4-8d08-cb2c37769721,824411,3,2,191,191,1.0,9,False,C:\Users\noahl\OneDrive\fatigue_cv\skenes_2026_season\keypoints\0ff9a20f-b642-37d4-8d08-cb2c37769721.npz,1.1,15.0,16.09
8be74311-c9db-307f-bc4f-8909aa969216,824411,3,3,191,191,1.0,9,False,C:\Users\noahl\OneDrive\fatigue_cv\skenes_2026_season\keypoints\8be74311-c9db-307f-bc4f-8909aa969216.npz,2.41,14.93,17.35
c860a997-f76a-3e6e-b131-f5faab16b2fb,824411,3,4,191,191,1.0,9,False,C:\Users\noahl\OneDrive\fatigue_cv\skenes_2026_season\keypoints\c860a997-f76a-3e6e-b131-f5faab16b2fb.npz,1.4,15.79,17.19
609d3ea3-12ec-328b-882a-c1dcd7291297,824411,3,5,191,191,1.0,9,False,C:\Users\noahl\OneDrive\fatigue_cv\skenes_2026_season\keypoints\609d3ea3-12ec-328b-882a-c1dcd7291297.npz,0.89,15.44,16.34
2223952a-95a4-3f4d-ac28-305056e94f6b,824411,3,6,191,191,1.0,9,False,C:\Users\noahl\OneDrive\fatigue_cv\skenes_2026_season\keypoints\2223952a-95a4-3f4d-ac28-305056e94f6b.npz,1.16,16.2,17.36
446df350-4ae7-3328-b759-61b86b5844f3,824411,3,7,191,181,0.948,9,False,C:\Users\noahl\OneDrive\fatigue_cv\skenes_2026_season\keypoints\446df350-4ae7-3328-b759-61b86b5844f3.npz,0.94,16.26,17.21
f68b281c-114c-3e6e-9d89-6d765ca9093c,824411,4,1,191,191,1.0,9,False,C:\Users\noahl\OneDrive\fatigue_cv\skenes_2026_season\keypoints\f68b281c-114c-3e6e-9d89-6d765ca9093c.npz,1.45,15.43,16.88
3f9c6b7d-ab85-3525-ac7a-5d2687224ca7,824411,4,2,191,191,1.0,9,False,C:\Users\noahl\OneDrive\fatigue_cv\skenes_2026_season\keypoints\3f9c6b7d-ab85-3525-ac7a-5d2687224ca7.npz,1.02,15.64,16.67
df9dd197-925a-37fd-8a56-ff758ef42ea2,824411,4,3,191,191,1.0,9,False,C:\Users\noahl\OneDrive\fatigue_cv\skenes_2026_season\keypoints\df9dd197-925a-37fd-8a56-ff758ef42ea2.npz,1.06,15.79,16.85
6056fe6d-700f-3630-96ac-051581e48503,824411,4,4,191,191,1.0,9,False,C:\Users\noahl\OneDrive\fatigue_cv\skenes_2026_season\keypoints\6056fe6d-700f-3630-96ac-051581e48503.npz,1.05,15.36,16.41
36601cfa-2352-32f3-b20d-f6f5c0c09467,824411,4,5,191,191,1.0,9,False,C:\Users\noahl\OneDrive\fatigue_cv\skenes_2026_season\keypoints\36601cfa-2352-32f3-b20d-f6f5c0c09467.npz,1.07,14.96,16.03
09bd9ce5-4f1c-335c-9347-e3efe1ff8926,824411,4,1,191,191,1.0,9,False,C:\Users\noahl\OneDrive\fatigue_cv\skenes_2026_season\keypoints\09bd9ce5-4f1c-335c-9347-e3efe1ff8926.npz,1.11,15.0,16.12
0dfd98b9-45ea-38dc-9806-ee4aaec0613c,824411,4,2,191,191,1.0,9,False,C:\Users\noahl\OneDrive\fatigue_cv\skenes_2026_season\keypoints\0dfd98b9-45ea-38dc-9806-ee4aaec0613c.npz,0.99,14.3,15.29
40f8ab8f-506b-3485-95c6-7590931c3529,824411,4,1,191,191,1.0,9,False,C:\Users\noahl\OneDrive\fatigue_cv\skenes_2026_season\keypoints\40f8ab8f-506b-3485-95c6-7590931c3529.npz,1.4,15.1,16.5
99778d89-5ea0-3bcd-be14-900639abaf41,824411,4,2,191,191,1.0,9,False,C:\Users\noahl\OneDrive\fatigue_cv\skenes_2026_season\keypoints\99778d89-5ea0-3bcd-be14-900639abaf41.npz,1.08,14.55,15.63
4e02aa73-81fa-3012-af76-fac669ac639d,824411,4,3,191,191,1.0,9,False,C:\Users\noahl\OneDrive\fatigue_cv\skenes_2026_season\keypoints\4e02aa73-81fa-3012-af76-fac669ac639d.npz,0.94,15.17,16.12
77bb00ee-1e46-32eb-b678-8f4b9ce22eb4,824411,4,1,191,191,1.0,9,False,C:\Users\noahl\OneDrive\fatigue_cv\skenes_2026_season\keypoints\77bb00ee-1e46-32eb-b678-8f4b9ce22eb4.npz,0.99,15.67,16.66
dec2eb4f-2205-3645-bb66-862d9f849e6e,824411,4,2,191,191,1.0,9,False,C:\Users\noahl\OneDrive\fatigue_cv\skenes_2026_season\keypoints\dec2eb4f-2205-3645-bb66-862d9f849e6e.npz,1.1,15.44,16.54
14119d9d-a5cc-360b-b148-2582f9221589,824411,4,3,191,191,1.0,9,False,C:\Users\noahl\OneDrive\fatigue_cv\skenes_2026_season\keypoints\14119d9d-a5cc-360b-b148-2582f9221589.npz,1.52,15.91,17.43
7d8d3609-a65f-3bd0-ab71-c0ca6f890fe1,824411,4,4,191,191,1.0,9,False,C:\Users\noahl\OneDrive\fatigue_cv\skenes_2026_season\keypoints\7d8d3609-a65f-3bd0-ab71-c0ca6f890fe1.npz,1.08,15.32,16.4
06249ba5-f8de-3f6a-bdaa-f6fe05e7c28b,824411,4,5,191,191,1.0,9,False,C:\Users\noahl\OneDrive\fatigue_cv\skenes_2026_season\keypoints\06249ba5-f8de-3f6a-bdaa-f6fe05e7c28b.npz,0.98,15.55,16.53
f6f9fcd9-c44e-375b-b06c-fa73cb2f0941,824411,5,1,191,191,1.0,9,False,C:\Users\noahl\OneDrive\fatigue_cv\skenes_2026_season\keypoints\f6f9fcd9-c44e-375b-b06c-fa73cb2f0941.npz,1.16,15.56,16.72
6046c998-d99c-32a7-b9fe-8e1c916be484,824411,5,2,191,191,1.0,9,False,C:\Users\noahl\OneDrive\fatigue_cv\skenes_2026_season\keypoints\6046c998-d99c-32a7-b9fe-8e1c916be484.npz,0.69,16.36,17.06
6c2baa69-31f0-3fad-bc7e-e2e3afb5dfa0,824411,5,3,191,191,1.0,9,False,C:\Users\noahl\OneDrive\fatigue_cv\skenes_2026_season\keypoints\6c2baa69-31f0-3fad-bc7e-e2e3afb5dfa0.npz,1.29,15.32,16.61
5832d378-7076-39e9-995a-565fe2bba853,824411,5,4,191,191,1.0,9,False,C:\Users\noahl\OneDrive\fatigue_cv\skenes_2026_season\keypoints\5832d378-7076-39e9-995a-565fe2bba853.npz,0.99,16.11,17.1
a8136d7b-696a-32af-983c-6166bc243735,824411,5,1,191,191,1.0,9,False,C:\Users\noahl\OneDrive\fatigue_cv\skenes_2026_season\keypoints\a8136d7b-696a-32af-983c-6166bc243735.npz,2.51,15.06,17.58
fb5be1ff-bc14-3b8f-acc2-bf94f8556dc8,824411,5,2,191,191,1.0,9,False,C:\Users\noahl\OneDrive\fatigue_cv\skenes_2026_season\keypoints\fb5be1ff-bc14-3b8f-acc2-bf94f8556dc8.npz,1.39,14.56,15.96
3dad34af-f396-3543-8885-9b634c307f13,824411,5,1,191,191,1.0,9,False,C:\Users\noahl\OneDrive\fatigue_cv\skenes_2026_season\keypoints\3dad34af-f396-3543-8885-9b634c307f13.npz,1.21,15.16,16.36
2e733a0f-1893-3ea1-9e8b-2d0d39cc6fe0,824411,5,2,191,191,1.0,9,False,C:\Users\noahl\OneDrive\fatigue_cv\skenes_2026_season\keypoints\2e733a0f-1893-3ea1-9e8b-2d0d39cc6fe0.npz,1.21,15.97,17.18
9dc7d245-fb1d-31ce-a206-ba8f7db598c7,824411,5,3,191,191,1.0,9,False,C:\Users\noahl\OneDrive\fatigue_cv\skenes_2026_season\keypoints\9dc7d245-fb1d-31ce-a206-ba8f7db598c7.npz,1.09,15.06,16.15
5ebf65e0-2e84-36b4-854e-a2b2cf6ba044,824411,5,4,191,191,1.0,9,False,C:\Users\noahl\OneDrive\fatigue_cv\skenes_2026_season\keypoints\5ebf65e0-2e84-36b4-854e-a2b2cf6ba044.npz,1.12,16.26,17.38
1725362d-211b-3148-b0b2-e53a60a03c14,824411,5,5,191,191,1.0,9,False,C:\Users\noahl\OneDrive\fatigue_cv\skenes_2026_season\keypoints\1725362d-211b-3148-b0b2-e53a60a03c14.npz,0.75,15.98,16.73
ae8d3af4-9c26-385e-85df-9ba032320e89,824411,5,6,191,191,1.0,9,False,C:\Users\noahl\OneDrive\fatigue_cv\skenes_2026_season\keypoints\ae8d3af4-9c26-385e-85df-9ba032320e89.npz,0.95,16.4,17.34
41985803-f5bd-35eb-b127-15fc280bdfc1,824411,5,7,191,191,1.0,9,False,C:\Users\noahl\OneDrive\fatigue_cv\skenes_2026_season\keypoints\41985803-f5bd-35eb-b127-15fc280bdfc1.npz,1.02,15.04,16.06
ff6c22d1-50c0-3f36-81c2-7951a3d3749c,824411,5,8,191,191,1.0,9,False,C:\Users\noahl\OneDrive\fatigue_cv\skenes_2026_season\keypoints\ff6c22d1-50c0-3f36-81c2-7951a3d3749c.npz,1.0,15.91,16.91
0e2b8bab-cd2a-3ae2-8939-39faf73a5746,824411,5,1,191,191,1.0,9,False,C:\Users\noahl\OneDrive\fatigue_cv\skenes_2026_season\keypoints\0e2b8bab-cd2a-3ae2-8939-39faf73a5746.npz,1.18,15.95,17.13
55750ca9-3b65-3df9-baa2-3095342d2456,824411,5,2,191,191,1.0,9,False,C:\Users\noahl\OneDrive\fatigue_cv\skenes_2026_season\keypoints\55750ca9-3b65-3df9-baa2-3095342d2456.npz,0.94,15.62,16.56
e09e66f1-b76a-3043-9b63-0237ec0767a0,824411,6,1,191,167,0.874,9,False,C:\Users\noahl\OneDrive\fatigue_cv\skenes_2026_season\keypoints\e09e66f1-b76a-3043-9b63-0237ec0767a0.npz,0.86,15.14,16.0
e8b6ecb7-b911-3488-892f-07877c16ef72,824411,6,2,191,191,1.0,9,False,C:\Users\noahl\OneDrive\fatigue_cv\skenes_2026_season\keypoints\e8b6ecb7-b911-3488-892f-07877c16ef72.npz,1.47,15.06,16.53
c7308ac8-5f75-3963-a448-ff152298f23e,824411,6,1,191,191,1.0,9,False,C:\Users\noahl\OneDrive\fatigue_cv\skenes_2026_season\keypoints\c7308ac8-5f75-3963-a448-ff152298f23e.npz,1.06,14.74,15.8
6e5057e2-9570-3367-b1b1-1887b6cad745,824411,6,2,191,191,1.0,9,False,C:\Users\noahl\OneDrive\fatigue_cv\skenes_2026_season\keypoints\6e5057e2-9570-3367-b1b1-1887b6cad745.npz,1.64,15.56,17.2
2a15160f-48d0-353e-9691-0ba061e725c0,824411,6,1,191,191,1.0,9,False,C:\Users\noahl\OneDrive\fatigue_cv\skenes_2026_season\keypoints\2a15160f-48d0-353e-9691-0ba061e725c0.npz,0.93,15.74,16.68
65fe5bf5-ee6a-3926-be5e-916563ee2f1d,824411,6,2,191,191,1.0,9,False,C:\Users\noahl\OneDrive\fatigue_cv\skenes_2026_season\keypoints\65fe5bf5-ee6a-3926-be5e-916563ee2f1d.npz,1.46,15.79,17.25
131fd07e-53f4-3fb9-8a9b-d16579a5890c,824411,6,3,191,191,1.0,9,False,C:\Users\noahl\OneDrive\fatigue_cv\skenes_2026_season\keypoints\131fd07e-53f4-3fb9-8a9b-d16579a5890c.npz,1.21,16.3,17.51
a245134f-77bf-3f86-8b16-db3b404866bc,824411,6,1,191,161,0.843,9,False,C:\Users\noahl\OneDrive\fatigue_cv\skenes_2026_season\keypoints\a245134f-77bf-3f86-8b16-db3b404866bc.npz,1.2,15.75,16.95
a5178cd0-fa2c-3a79-8e0e-fff775a9d011,824411,6,2,191,191,1.0,9,False,C:\Users\noahl\OneDrive\fatigue_cv\skenes_2026_season\keypoints\a5178cd0-fa2c-3a79-8e0e-fff775a9d011.npz,1.29,15.49,16.78
eca85fbe-da3e-3d4a-9b59-fc5480e9bad1,824411,6,3,191,191,1.0,9,False,C:\Users\noahl\OneDrive\fatigue_cv\skenes_2026_season\keypoints\eca85fbe-da3e-3d4a-9b59-fc5480e9bad1.npz,0.94,16.09,17.03
d7ac63fc-6eb6-37d4-906c-842c53c6d616,824411,7,1,191,191,1.0,9,False,C:\Users\noahl\OneDrive\fatigue_cv\skenes_2026_season\keypoints\d7ac63fc-6eb6-37d4-906c-842c53c6d616.npz,1.07,15.72,16.79
790e5d74-c229-31a8-a3c1-a28650237059,824411,7,2,191,191,1.0,9,False,C:\Users\noahl\OneDrive\fatigue_cv\skenes_2026_season\keypoints\790e5d74-c229-31a8-a3c1-a28650237059.npz,1.4,15.57,16.97
df0021f9-fa99-3123-abf6-61c5ff2bfb39,824411,7,3,191,191,1.0,9,False,C:\Users\noahl\OneDrive\fatigue_cv\skenes_2026_season\keypoints\df0021f9-fa99-3123-abf6-61c5ff2bfb39.npz,1.52,15.16,16.68
14be5b23-576f-3b7a-8dc9-579dacb0cbf3,824411,7,4,191,191,1.0,9,False,C:\Users\noahl\OneDrive\fatigue_cv\skenes_2026_season\keypoints\14be5b23-576f-3b7a-8dc9-579dacb0cbf3.npz,1.11,15.38,16.49
ee25c8b9-6f99-3927-b236-f6ff7b3eeeea,824411,7,5,191,191,1.0,9,False,C:\Users\noahl\OneDrive\fatigue_cv\skenes_2026_season\keypoints\ee25c8b9-6f99-3927-b236-f6ff7b3eeeea.npz,1.36,15.11,16.48
61ac81c0-e205-334a-a8ae-7b1f0a314d95,824411,7,1,191,191,1.0,9,False,C:\Users\noahl\OneDrive\fatigue_cv\skenes_2026_season\keypoints\61ac81c0-e205-334a-a8ae-7b1f0a314d95.npz,1.14,15.84,16.98
0b77c9ad-8c49-3ab4-8660-a59a3b5714ba,824411,7,2,191,191,1.0,9,False,C:\Users\noahl\OneDrive\fatigue_cv\skenes_2026_season\keypoints\0b77c9ad-8c49-3ab4-8660-a59a3b5714ba.npz,1.17,15.22,16.39
0bba045f-f9d3-33d9-9548-f9d8541b853a,824411,7,3,191,191,1.0,9,False,C:\Users\noahl\OneDrive\fatigue_cv\skenes_2026_season\keypoints\0bba045f-f9d3-33d9-9548-f9d8541b853a.npz,1.55,15.1,16.65
bf1709d8-1241-3f8c-9399-41909bedb99b,824411,7,4,191,191,1.0,9,False,C:\Users\noahl\OneDrive\fatigue_cv\skenes_2026_season\keypoints\bf1709d8-1241-3f8c-9399-41909bedb99b.npz,1.31,15.66,16.97
f1b6b612-4f69-3780-ac10-b44303c7bd06,824411,7,5,191,191,1.0,9,False,C:\Users\noahl\OneDrive\fatigue_cv\skenes_2026_season\keypoints\f1b6b612-4f69-3780-ac10-b44303c7bd06.npz,0.82,15.22,16.04
6c2c2c69-ca0a-3912-861a-8b9ed6f89474,824411,7,6,191,191,1.0,9,False,C:\Users\noahl\OneDrive\fatigue_cv\skenes_2026_season\keypoints\6c2c2c69-ca0a-3912-861a-8b9ed6f89474.npz,1.08,14.86,15.95
2f5491d2-3e60-3df6-82a6-ee8af80f97aa,824411,7,1,191,191,1.0,9,False,C:\Users\noahl\OneDrive\fatigue_cv\skenes_2026_season\keypoints\2f5491d2-3e60-3df6-82a6-ee8af80f97aa.npz,1.09,14.97,16.06
2a2bae75-d78e-3f16-9faa-97245c81489f,824411,7,2,191,191,1.0,9,False,C:\Users\noahl\OneDrive\fatigue_cv\skenes_2026_season\keypoints\2a2bae75-d78e-3f16-9faa-97245c81489f.npz,1.23,15.2,16.43
908e207a-83d8-371e-a5f8-ab279e8a7861,824411,7,3,191,191,1.0,9,False,C:\Users\noahl\OneDrive\fatigue_cv\skenes_2026_season\keypoints\908e207a-83d8-371e-a5f8-ab279e8a7861.npz,1.1,16.04,17.14
1cdcc8eb-d1ea-39b3-8d24-c19e1b98b032,824411,7,4,191,191,1.0,9,False,C:\Users\noahl\OneDrive\fatigue_cv\skenes_2026_season\keypoints\1cdcc8eb-d1ea-39b3-8d24-c19e1b98b032.npz,0.76,16.19,16.95
890dd061-7335-373d-8d17-159b2ec6b80f,823355,1,1,191,191,1.0,9,False,C:\Users\noahl\OneDrive\fatigue_cv\skenes_2026_season\keypoints\890dd061-7335-373d-8d17-159b2ec6b80f.npz,1.07,15.63,16.7
fa0070aa-6807-3594-a411-7abdd97d281b,823355,1,2,191,191,1.0,9,False,C:\Users\noahl\OneDrive\fatigue_cv\skenes_2026_season\keypoints\fa0070aa-6807-3594-a411-7abdd97d281b.npz,1.0,15.71,16.71
7ebbfa2c-e1f3-3fea-a78f-edb4089e4b54,823355,1,1,191,191,1.0,9,False,C:\Users\noahl\OneDrive\fatigue_cv\skenes_2026_season\keypoints\7ebbfa2c-e1f3-3fea-a78f-edb4089e4b54.npz,0.97,15.92,16.89
5f5059b3-b82c-35b7-8f78-73bfec5b14ff,823355,1,2,191,191,1.0,9,False,C:\Users\noahl\OneDrive\fatigue_cv\skenes_2026_season\keypoints\5f5059b3-b82c-35b7-8f78-73bfec5b14ff.npz,1.3,15.41,16.71
bc5eb1ed-e523-3151-bab1-c42da7e2e273,823355,1,3,191,191,1.0,9,False,C:\Users\noahl\OneDrive\fatigue_cv\skenes_2026_season\keypoints\bc5eb1ed-e523-3151-bab1-c42da7e2e273.npz,1.02,14.79,15.81
95fbc379-fbdb-3569-a44a-1c968b5147fe,823355,1,4,191,191,1.0,9,False,C:\Users\noahl\OneDrive\fatigue_cv\skenes_2026_season\keypoints\95fbc379-fbdb-3569-a44a-1c968b5147fe.npz,0.76,15.42,16.18
c507c461-deb8-3247-9fcb-3bda56fe9d02,823355,1,1,191,191,1.0,9,False,C:\Users\noahl\OneDrive\fatigue_cv\skenes_2026_season\keypoints\c507c461-deb8-3247-9fcb-3bda56fe9d02.npz,1.37,15.96,17.33
e0b76897-1747-3ff4-a74c-6a190ff38c3d,823355,1,2,191,191,1.0,9,False,C:\Users\noahl\OneDrive\fatigue_cv\skenes_2026_season\keypoints\e0b76897-1747-3ff4-a74c-6a190ff38c3d.npz,0.92,15.02,15.94
35b691fb-0a95-39ca-a7af-91754aae4b73,823355,1,3,191,191,1.0,9,False,C:\Users\noahl\OneDrive\fatigue_cv\skenes_2026_season\keypoints\35b691fb-0a95-39ca-a7af-91754aae4b73.npz,1.11,15.33,16.45
6c07b743-1ce8-3160-9dcd-79dcc5863af0,823355,1,4,191,191,1.0,9,False,C:\Users\noahl\OneDrive\fatigue_cv\skenes_2026_season\keypoints\6c07b743-1ce8-3160-9dcd-79dcc5863af0.npz,1.92,14.98,16.91
aab51ed9-9846-336a-b16e-b22648b33ea5,823355,1,5,191,81,0.424,9,False,C:\Users\noahl\OneDrive\fatigue_cv\skenes_2026_season\keypoints\aab51ed9-9846-336a-b16e-b22648b33ea5.npz,0.8,15.37,16.18
6f486f6c-d7b5-321f-9f7a-e8383bd69637,823355,1,1,191,191,1.0,9,False,C:\Users\noahl\OneDrive\fatigue_cv\skenes_2026_season\keypoints\6f486f6c-d7b5-321f-9f7a-e8383bd69637.npz,1.13,15.68,16.82
9315d4c4-4501-332c-a359-e3aeff3c309c,823355,1,2,191,191,1.0,9,False,C:\Users\noahl\OneDrive\fatigue_cv\skenes_2026_season\keypoints\9315d4c4-4501-332c-a359-e3aeff3c309c.npz,1.77,15.13,16.9
839f7b6f-4751-3d37-9f0e-286304b80bd6,823355,2,1,191,191,1.0,9,False,C:\Users\noahl\OneDrive\fatigue_cv\skenes_2026_season\keypoints\839f7b6f-4751-3d37-9f0e-286304b80bd6.npz,0.81,16.01,16.82
75cdde2f-b26b-3f50-80f9-1463ce41ac17,823355,2,2,191,191,1.0,9,False,C:\Users\noahl\OneDrive\fatigue_cv\skenes_2026_season\keypoints\75cdde2f-b26b-3f50-80f9-1463ce41ac17.npz,0.79,16.06,16.85
177be778-c4ec-3069-9a5f-b6fed7e78bbb,823355,2,3,191,191,1.0,9,False,C:\Users\noahl\OneDrive\fatigue_cv\skenes_2026_season\keypoints\177be778-c4ec-3069-9a5f-b6fed7e78bbb.npz,1.25,15.72,16.98
49544e3d-bbc4-35e7-8ea2-f3c12b25bcc5,823355,2,4,191,191,1.0,9,False,C:\Users\noahl\OneDrive\fatigue_cv\skenes_2026_season\keypoints\49544e3d-bbc4-35e7-8ea2-f3c12b25bcc5.npz,0.99,15.54,16.53
aa5a4b87-c4e1-3d60-aae3-abc5db8db06c,823355,2,5,191,191,1.0,9,False,C:\Users\noahl\OneDrive\fatigue_cv\skenes_2026_season\keypoints\aa5a4b87-c4e1-3d60-aae3-abc5db8db06c.npz,0.86,15.59,16.45
d383e624-c922-34c7-9066-b7f2ec603c13,823355,2,6,191,191,1.0,9,False,C:\Users\noahl\OneDrive\fatigue_cv\skenes_2026_season\keypoints\d383e624-c922-34c7-9066-b7f2ec603c13.npz,0.83,15.56,16.39
f7031776-902a-3265-b61c-0aed209b0bd4,823355,2,7,191,116,0.607,9,False,C:\Users\noahl\OneDrive\fatigue_cv\skenes_2026_season\keypoints\f7031776-902a-3265-b61c-0aed209b0bd4.npz,1.51,15.36,16.88
147e3a7d-ff3f-3e96-a196-34564de219d9,823355,2,8,191,191,1.0,9,False,C:\Users\noahl\OneDrive\fatigue_cv\skenes_2026_season\keypoints\147e3a7d-ff3f-3e96-a196-34564de219d9.npz,0.89,15.22,16.11
8606f132-86c7-3995-83ec-9d5f6e02c713,823355,2,9,191,191,1.0,9,False,C:\Users\noahl\OneDrive\fatigue_cv\skenes_2026_season\keypoints\8606f132-86c7-3995-83ec-9d5f6e02c713.npz,0.75,14.92,15.67
4c3559ca-1aa7-3eea-b982-ba572d4aae62,823355,2,1,191,191,1.0,9,False,C:\Users\noahl\OneDrive\fatigue_cv\skenes_2026_season\keypoints\4c3559ca-1aa7-3eea-b982-ba572d4aae62.npz,1.11,14.72,15.84
61824bb6-6208-3c60-a26d-fae4fc7b4a79,823355,2,2,191,191,1.0,9,False,C:\Users\noahl\OneDrive\fatigue_cv\skenes_2026_season\keypoints\61824bb6-6208-3c60-a26d-fae4fc7b4a79.npz,1.17,14.69,15.86
347ae567-d956-33c7-ba0a-6a90a8e6f0e8,823355,2,3,191,166,0.869,9,False,C:\Users\noahl\OneDrive\fatigue_cv\skenes_2026_season\keypoints\347ae567-d956-33c7-ba0a-6a90a8e6f0e8.npz,1.33,15.06,16.39
c78982a0-f073-318f-824f-665b823a9bc9,823355,2,4,191,191,1.0,9,False,C:\Users\noahl\OneDrive\fatigue_cv\skenes_2026_season\keypoints\c78982a0-f073-318f-824f-665b823a9bc9.npz,1.04,15.02,16.07
c55a4751-351b-3345-adb2-c20ae9fbeddc,823355,2,5,191,191,1.0,9,False,C:\Users\noahl\OneDrive\fatigue_cv\skenes_2026_season\keypoints\c55a4751-351b-3345-adb2-c20ae9fbeddc.npz,1.06,16.29,17.35
62c04599-e0bd-330a-a41f-bab6b824ce5e,823355,2,1,191,191,1.0,9,False,C:\Users\noahl\OneDrive\fatigue_cv\skenes_2026_season\keypoints\62c04599-e0bd-330a-a41f-bab6b824ce5e.npz,1.08,14.9,15.98
bde20846-34e5-3fd0-b690-18cdf42ce1cd,823355,2,2,191,191,1.0,9,False,C:\Users\noahl\OneDrive\fatigue_cv\skenes_2026_season\keypoints\bde20846-34e5-3fd0-b690-18cdf42ce1cd.npz,1.15,15.61,16.76
a9c1be19-d0fd-3d45-a450-375b6831b843,823355,2,3,191,191,1.0,9,False,C:\Users\noahl\OneDrive\fatigue_cv\skenes_2026_season\keypoints\a9c1be19-d0fd-3d45-a450-375b6831b843.npz,1.25,15.67,16.93
f6c26c11-b03d-38e4-a2e1-e34ead7cda10,823355,2,4,191,191,1.0,9,False,C:\Users\noahl\OneDrive\fatigue_cv\skenes_2026_season\keypoints\f6c26c11-b03d-38e4-a2e1-e34ead7cda10.npz,0.79,15.94,16.73
f570c7b7-9a09-3194-9cf1-4ad26342ccc5,823355,3,1,191,178,0.932,7,False,C:\Users\noahl\OneDrive\fatigue_cv\skenes_2026_season\keypoints\f570c7b7-9a09-3194-9cf1-4ad26342ccc5.npz,1.14,15.59,16.73
fc15e587-4251-3e3e-a8c0-b678f2b5d43d,823355,3,2,191,191,1.0,9,False,C:\Users\noahl\OneDrive\fatigue_cv\skenes_2026_season\keypoints\fc15e587-4251-3e3e-a8c0-b678f2b5d43d.npz,1.31,16.2,17.52
990a3e94-f6dd-3a62-a773-c7eeb5aa70b5,823355,3,3,191,191,1.0,9,False,C:\Users\noahl\OneDrive\fatigue_cv\skenes_2026_season\keypoints\990a3e94-f6dd-3a62-a773-c7eeb5aa70b5.npz,1.1,15.24,16.34
801171d1-201a-39f9-98cd-fa0b31ee85d7,823355,3,4,191,106,0.555,9,False,C:\Users\noahl\OneDrive\fatigue_cv\skenes_2026_season\keypoints\801171d1-201a-39f9-98cd-fa0b31ee85d7.npz,1.17,15.25,16.42
5b8a398f-44b5-303d-a38d-7bffa5ff8e53,823355,3,1,191,191,1.0,9,False,C:\Users\noahl\OneDrive\fatigue_cv\skenes_2026_season\keypoints\5b8a398f-44b5-303d-a38d-7bffa5ff8e53.npz,1.13,15.1,16.24
d64cda0f-2140-369c-b503-242b7ac136cc,823355,3,2,191,191,1.0,9,False,C:\Users\noahl\OneDrive\fatigue_cv\skenes_2026_season\keypoints\d64cda0f-2140-369c-b503-242b7ac136cc.npz,1.32,14.37,15.69
050f0030-7519-3865-902e-83555e145de5,823355,3,3,191,191,1.0,9,False,C:\Users\noahl\OneDrive\fatigue_cv\skenes_2026_season\keypoints\050f0030-7519-3865-902e-83555e145de5.npz,1.3,14.94,16.24
61df028a-0450-30db-ad3a-811ae87584cb,823355,3,1,191,191,1.0,9,False,C:\Users\noahl\OneDrive\fatigue_cv\skenes_2026_season\keypoints\61df028a-0450-30db-ad3a-811ae87584cb.npz,1.09,14.49,15.59
b3c25d14-5020-3c6d-9be7-ad494034459e,823355,3,2,191,191,1.0,9,False,C:\Users\noahl\OneDrive\fatigue_cv\skenes_2026_season\keypoints\b3c25d14-5020-3c6d-9be7-ad494034459e.npz,1.12,14.59,15.72
3e559a68-6e28-3432-9660-199c236e658b,823355,3,3,191,126,0.66,9,False,C:\Users\noahl\OneDrive\fatigue_cv\skenes_2026_season\keypoints\3e559a68-6e28-3432-9660-199c236e658b.npz,1.09,15.63,16.72
4ded449b-e549-39ce-8dc9-5303261275c1,823355,3,4,191,191,1.0,9,False,C:\Users\noahl\OneDrive\fatigue_cv\skenes_2026_season\keypoints\4ded449b-e549-39ce-8dc9-5303261275c1.npz,1.13,15.58,16.72
c858a967-52d1-33e0-a30e-7adbd72609fd,823355,3,5,191,191,1.0,9,False,C:\Users\noahl\OneDrive\fatigue_cv\skenes_2026_season\keypoints\c858a967-52d1-33e0-a30e-7adbd72609fd.npz,0.81,15.67,16.49
7cbe0b1b-a2b2-38ce-9de8-f46d99d8c92f,823355,3,6,191,191,1.0,9,False,C:\Users\noahl\OneDrive\fatigue_cv\skenes_2026_season\keypoints\7cbe0b1b-a2b2-38ce-9de8-f46d99d8c92f.npz,0.93,15.77,16.71
257ff9b7-3284-326d-9d5d-04a3cf47e241,823355,3,1,191,156,0.817,9,False,C:\Users\noahl\OneDrive\fatigue_cv\skenes_2026_season\keypoints\257ff9b7-3284-326d-9d5d-04a3cf47e241.npz,1.25,15.76,17.01
398377ef-4889-3713-a731-befaa6706319,823355,3,2,191,191,1.0,9,False,C:\Users\noahl\OneDrive\fatigue_cv\skenes_2026_season\keypoints\398377ef-4889-3713-a731-befaa6706319.npz,1.08,15.54,16.62
01bde9d2-ecae-3e59-91d4-ceb7dd1b4691,823355,3,3,191,191,1.0,9,False,C:\Users\noahl\OneDrive\fatigue_cv\skenes_2026_season\keypoints\01bde9d2-ecae-3e59-91d4-ceb7dd1b4691.npz,0.8,15.75,16.56
827cda3c-7af2-370a-a15c-dade3ff57f14,823355,3,1,191,191,1.0,9,False,C:\Users\noahl\OneDrive\fatigue_cv\skenes_2026_season\keypoints\827cda3c-7af2-370a-a15c-dade3ff57f14.npz,1.05,15.59,16.64
7d5c92e3-6903-3549-ad12-c230d236cbfa,823355,3,2,191,191,1.0,9,False,C:\Users\noahl\OneDrive\fatigue_cv\skenes_2026_season\keypoints\7d5c92e3-6903-3549-ad12-c230d236cbfa.npz,1.84,15.53,17.37
20c791e6-0f74-3945-888d-32c9a63af11d,823355,3,3,191,191,1.0,9,False,C:\Users\noahl\OneDrive\fatigue_cv\skenes_2026_season\keypoints\20c791e6-0f74-3945-888d-32c9a63af11d.npz,1.29,15.14,16.43
1680fea3-c24e-3c72-badc-e4dbe2d89e20,823355,4,1,191,191,1.0,9,False,C:\Users\noahl\OneDrive\fatigue_cv\skenes_2026_season\keypoints\1680fea3-c24e-3c72-badc-e4dbe2d89e20.npz,1.08,15.42,16.5
cdaeeb31-8d4e-3749-bcff-cbfa0dac8069,823355,4,2,191,191,1.0,9,False,C:\Users\noahl\OneDrive\fatigue_cv\skenes_2026_season\keypoints\cdaeeb31-8d4e-3749-bcff-cbfa0dac8069.npz,2.17,14.9,17.07
1f00e512-f616-3684-b1c0-3da56abc8cdb,823355,4,3,191,191,1.0,9,False,C:\Users\noahl\OneDrive\fatigue_cv\skenes_2026_season\keypoints\1f00e512-f616-3684-b1c0-3da56abc8cdb.npz,1.0,15.31,16.31
abd2573f-6d08-3365-b5d8-5ce04910fdbe,823355,4,4,191,191,1.0,9,False,C:\Users\noahl\OneDrive\fatigue_cv\skenes_2026_season\keypoints\abd2573f-6d08-3365-b5d8-5ce04910fdbe.npz,1.27,15.58,16.85
cd1cf02d-3f0d-3f1e-8a0d-78ea767df6cb,823355,4,1,191,191,1.0,9,False,C:\Users\noahl\OneDrive\fatigue_cv\skenes_2026_season\keypoints\cd1cf02d-3f0d-3f1e-8a0d-78ea767df6cb.npz,1.1,14.99,16.09
daa98e32-5bf7-3fcc-834b-f01b4801d2ba,823355,4,2,191,191,1.0,9,False,C:\Users\noahl\OneDrive\fatigue_cv\skenes_2026_season\keypoints\daa98e32-5bf7-3fcc-834b-f01b4801d2ba.npz,1.1,15.71,16.81
3fdf9027-9068-3b81-b40e-9fc4ca045a47,823355,4,3,191,191,1.0,9,False,C:\Users\noahl\OneDrive\fatigue_cv\skenes_2026_season\keypoints\3fdf9027-9068-3b81-b40e-9fc4ca045a47.npz,0.8,15.03,15.83
b06fc35b-ba1b-3dd9-a939-ccb868232244,823355,4,4,191,191,1.0,9,False,C:\Users\noahl\OneDrive\fatigue_cv\skenes_2026_season\keypoints\b06fc35b-ba1b-3dd9-a939-ccb868232244.npz,1.09,15.45,16.55
71726660-74b1-3b25-8a54-5d8ee55b6b96,823355,4,5,191,191,1.0,9,False,C:\Users\noahl\OneDrive\fatigue_cv\skenes_2026_season\keypoints\71726660-74b1-3b25-8a54-5d8ee55b6b96.npz,1.18,15.95,17.13
ac127bb6-0798-3fa1-87d5-16d031bad419,823355,4,6,191,168,0.88,9,False,C:\Users\noahl\OneDrive\fatigue_cv\skenes_2026_season\keypoints\ac127bb6-0798-3fa1-87d5-16d031bad419.npz,0.79,15.73,16.52
5673ff50-a72b-3d53-affe-93240fa8da9d,823355,4,1,191,191,1.0,9,False,C:\Users\noahl\OneDrive\fatigue_cv\skenes_2026_season\keypoints\5673ff50-a72b-3d53-affe-93240fa8da9d.npz,1.01,16.23,17.24
8d5c22be-b518-3cfa-b13f-f12a66fd40af,823355,4,2,191,191,1.0,9,False,C:\Users\noahl\OneDrive\fatigue_cv\skenes_2026_season\keypoints\8d5c22be-b518-3cfa-b13f-f12a66fd40af.npz,1.36,15.41,16.77
581e82a2-a6bd-36f5-b945-678e960a8bdb,823355,4,3,191,191,1.0,9,False,C:\Users\noahl\OneDrive\fatigue_cv\skenes_2026_season\keypoints\581e82a2-a6bd-36f5-b945-678e960a8bdb.npz,1.09,15.14,16.23
9c3eea25-5f60-3cda-87a2-1280cfc1fec5,823355,4,4,191,191,1.0,9,False,C:\Users\noahl\OneDrive\fatigue_cv\skenes_2026_season\keypoints\9c3eea25-5f60-3cda-87a2-1280cfc1fec5.npz,1.15,15.08,16.23
690bd4e6-cc54-35b9-8b19-5f5ec1139865,823355,4,5,191,191,1.0,9,False,C:\Users\noahl\OneDrive\fatigue_cv\skenes_2026_season\keypoints\690bd4e6-cc54-35b9-8b19-5f5ec1139865.npz,1.49,14.57,16.05
ad185317-4254-301f-af69-fe2070c94faf,823355,4,6,191,191,1.0,9,False,C:\Users\noahl\OneDrive\fatigue_cv\skenes_2026_season\keypoints\ad185317-4254-301f-af69-fe2070c94faf.npz,0.97,14.89,15.87
cea7816d-c025-3185-aa81-c4f0b6c95d6f,823355,5,1,191,168,0.88,0,True,C:\Users\noahl\OneDrive\fatigue_cv\skenes_2026_season\keypoints\cea7816d-c025-3185-aa81-c4f0b6c95d6f.npz,0.76,14.59,15.36
14da7dc5-f29f-3626-9cd4-50a7ab7f3a70,823355,5,2,191,191,1.0,9,False,C:\Users\noahl\OneDrive\fatigue_cv\skenes_2026_season\keypoints\14da7dc5-f29f-3626-9cd4-50a7ab7f3a70.npz,1.28,15.15,16.43
969c0211-e6be-3649-8cf8-d3dd6ac01968,823355,5,1,191,191,1.0,9,False,C:\Users\noahl\OneDrive\fatigue_cv\skenes_2026_season\keypoints\969c0211-e6be-3649-8cf8-d3dd6ac01968.npz,0.85,14.78,15.63
026b0166-83ec-358a-9cc7-671e0a49788d,823355,5,2,191,191,1.0,9,False,C:\Users\noahl\OneDrive\fatigue_cv\skenes_2026_season\keypoints\026b0166-83ec-358a-9cc7-671e0a49788d.npz,1.24,15.07,16.31
0c82ef50-1e21-3eed-9705-1292908d7aaa,823355,5,3,191,191,1.0,9,False,C:\Users\noahl\OneDrive\fatigue_cv\skenes_2026_season\keypoints\0c82ef50-1e21-3eed-9705-1292908d7aaa.npz,0.99,15.42,16.41
2c3662ec-4a73-3d21-83a4-5a973ed54130,823355,5,1,191,191,1.0,9,False,C:\Users\noahl\OneDrive\fatigue_cv\skenes_2026_season\keypoints\2c3662ec-4a73-3d21-83a4-5a973ed54130.npz,1.64,15.28,16.93
861873d8-839a-3096-8d6b-4edb48a616e1,823355,5,2,191,191,1.0,9,False,C:\Users\noahl\OneDrive\fatigue_cv\skenes_2026_season\keypoints\861873d8-839a-3096-8d6b-4edb48a616e1.npz,1.01,15.77,16.78
ee710acb-c22b-3d30-8138-96a8c2235b05,823355,5,3,191,191,1.0,9,False,C:\Users\noahl\OneDrive\fatigue_cv\skenes_2026_season\keypoints\ee710acb-c22b-3d30-8138-96a8c2235b05.npz,0.79,15.62,16.41
0aa835c9-1f3c-3460-bbe4-faaa08f7aad8,823355,5,4,191,191,1.0,9,False,C:\Users\noahl\OneDrive\fatigue_cv\skenes_2026_season\keypoints\0aa835c9-1f3c-3460-bbe4-faaa08f7aad8.npz,1.25,15.36,16.61
732548d4-4d70-3e31-867b-53eb65483416,823355,5,1,191,191,1.0,9,False,C:\Users\noahl\OneDrive\fatigue_cv\skenes_2026_season\keypoints\732548d4-4d70-3e31-867b-53eb65483416.npz,1.19,15.47,16.66
126b5eec-5a88-36d2-b46d-38b8751835de,823355,5,2,191,191,1.0,9,False,C:\Users\noahl\OneDrive\fatigue_cv\skenes_2026_season\keypoints\126b5eec-5a88-36d2-b46d-38b8751835de.npz,1.49,16.07,17.57
e21dd9da-cae8-3ef2-8201-7ad086847c13,823355,5,3,191,77,0.403,9,False,C:\Users\noahl\OneDrive\fatigue_cv\skenes_2026_season\keypoints\e21dd9da-cae8-3ef2-8201-7ad086847c13.npz,1.1,15.3,16.41
20e927a3-a526-342d-b9d3-8d107e1e9d2a,823355,5,4,191,191,1.0,9,False,C:\Users\noahl\OneDrive\fatigue_cv\skenes_2026_season\keypoints\20e927a3-a526-342d-b9d3-8d107e1e9d2a.npz,1.09,15.13,16.22
8bb94968-a6ed-359f-a97b-14c0e04dd081,823355,5,5,191,191,1.0,9,False,C:\Users\noahl\OneDrive\fatigue_cv\skenes_2026_season\keypoints\8bb94968-a6ed-359f-a97b-14c0e04dd081.npz,1.11,15.2,16.31
03171209-004f-3655-a5c8-5bc6ae42df5c,823355,5,6,191,191,1.0,9,False,C:\Users\noahl\OneDrive\fatigue_cv\skenes_2026_season\keypoints\03171209-004f-3655-a5c8-5bc6ae42df5c.npz,1.12,14.88,16.0
ddba5d34-ee3a-30df-bb45-1d3f2daf7365,823355,5,1,191,191,1.0,9,False,C:\Users\noahl\OneDrive\fatigue_cv\skenes_2026_season\keypoints\ddba5d34-ee3a-30df-bb45-1d3f2daf7365.npz,1.35,15.28,16.63
66bb9a89-b454-3600-9f9f-34f84c9ecb83,823355,5,2,191,170,0.89,9,False,C:\Users\noahl\OneDrive\fatigue_cv\skenes_2026_season\keypoints\66bb9a89-b454-3600-9f9f-34f84c9ecb83.npz,1.06,15.16,16.22
ceadb5af-717c-3a93-8c29-6efe874ad900,823355,5,1,191,191,1.0,9,False,C:\Users\noahl\OneDrive\fatigue_cv\skenes_2026_season\keypoints\ceadb5af-717c-3a93-8c29-6efe874ad900.npz,1.11,14.91,16.02
91ce8b5b-7d29-34db-a25d-8123f4e9d657,823355,5,2,191,191,1.0,9,False,C:\Users\noahl\OneDrive\fatigue_cv\skenes_2026_season\keypoints\91ce8b5b-7d29-34db-a25d-8123f4e9d657.npz,1.72,15.63,17.36
a6f2ead8-abbe-3b13-943f-4a2acace7f41,823355,5,3,191,191,1.0,9,False,C:\Users\noahl\OneDrive\fatigue_cv\skenes_2026_season\keypoints\a6f2ead8-abbe-3b13-943f-4a2acace7f41.npz,1.25,15.83,17.09
604dd845-a391-3366-b5ba-5e627731bead,823355,5,4,191,191,1.0,9,False,C:\Users\noahl\OneDrive\fatigue_cv\skenes_2026_season\keypoints\604dd845-a391-3366-b5ba-5e627731bead.npz,1.75,15.81,17.57
aef65dcf-0606-31f9-8839-8d397a5af547,823355,5,5,191,191,1.0,9,False,C:\Users\noahl\OneDrive\fatigue_cv\skenes_2026_season\keypoints\aef65dcf-0606-31f9-8839-8d397a5af547.npz,1.06,15.97,17.03
fb828a93-6c52-3004-b633-c8e3a145d8b3,823355,5,1,191,191,1.0,9,False,C:\Users\noahl\OneDrive\fatigue_cv\skenes_2026_season\keypoints\fb828a93-6c52-3004-b633-c8e3a145d8b3.npz,0.81,15.83,16.65
d588a0d0-ed06-3110-a1be-fab7dd85b136,823355,5,2,191,191,1.0,9,False,C:\Users\noahl\OneDrive\fatigue_cv\skenes_2026_season\keypoints\d588a0d0-ed06-3110-a1be-fab7dd85b136.npz,1.07,15.47,16.54
6b6b3695-480d-37ef-b40a-3be5b87398ef,823355,5,3,191,191,1.0,9,False,C:\Users\noahl\OneDrive\fatigue_cv\skenes_2026_season\keypoints\6b6b3695-480d-37ef-b40a-3be5b87398ef.npz,1.11,16.29,17.4
56dfeec2-bdf7-38b5-bfc8-978719482993,823355,5,4,191,191,1.0,9,False,C:\Users\noahl\OneDrive\fatigue_cv\skenes_2026_season\keypoints\56dfeec2-bdf7-38b5-bfc8-978719482993.npz,1.01,15.14,16.15
d8e36e14-7c6e-3575-ae54-ced1d2b1f7e7,823355,6,1,191,191,1.0,9,False,C:\Users\noahl\OneDrive\fatigue_cv\skenes_2026_season\keypoints\d8e36e14-7c6e-3575-ae54-ced1d2b1f7e7.npz,1.24,15.42,16.67
844c3aa3-cc01-3e64-8f13-7665a146c422,823355,6,2,191,191,1.0,9,False,C:\Users\noahl\OneDrive\fatigue_cv\skenes_2026_season\keypoints\844c3aa3-cc01-3e64-8f13-7665a146c422.npz,1.75,15.2,16.95
4c28bcfd-98fa-3e92-808c-23664e14817b,823355,6,3,191,191,1.0,9,False,C:\Users\noahl\OneDrive\fatigue_cv\skenes_2026_season\keypoints\4c28bcfd-98fa-3e92-808c-23664e14817b.npz,1.09,15.4,16.5
907fa9fa-94c0-3c75-a00e-03be6fe1e793,823355,6,4,191,191,1.0,9,False,C:\Users\noahl\OneDrive\fatigue_cv\skenes_2026_season\keypoints\907fa9fa-94c0-3c75-a00e-03be6fe1e793.npz,4.71,14.51,19.23
69d818dc-50bb-348b-8c06-5f830245a3b7,823355,6,5,191,191,1.0,9,False,C:\Users\noahl\OneDrive\fatigue_cv\skenes_2026_season\keypoints\69d818dc-50bb-348b-8c06-5f830245a3b7.npz,1.21,14.41,15.62
73e4670c-8038-3878-9bca-ae6fcee2af10,823355,6,6,191,191,1.0,9,False,C:\Users\noahl\OneDrive\fatigue_cv\skenes_2026_season\keypoints\73e4670c-8038-3878-9bca-ae6fcee2af10.npz,2.94,14.89,17.84
8a762183-662a-3b33-8a1d-db01c444e5d1,823355,6,7,191,191,1.0,9,False,C:\Users\noahl\OneDrive\fatigue_cv\skenes_2026_season\keypoints\8a762183-662a-3b33-8a1d-db01c444e5d1.npz,1.1,15.63,16.74
cc085d24-69e2-323a-8830-b2d3b9968f47,823355,6,1,191,191,1.0,9,False,C:\Users\noahl\OneDrive\fatigue_cv\skenes_2026_season\keypoints\cc085d24-69e2-323a-8830-b2d3b9968f47.npz,1.24,15.93,17.17
a6c4bb91-cc91-3e69-82e1-88a790dbd428,823355,6,1,191,191,1.0,9,False,C:\Users\noahl\OneDrive\fatigue_cv\skenes_2026_season\keypoints\a6c4bb91-cc91-3e69-82e1-88a790dbd428.npz,1.03,15.43,16.46
e7e2edd5-1165-3f1e-9d86-0bb40a6c6a0e,823355,6,2,191,191,1.0,9,False,C:\Users\noahl\OneDrive\fatigue_cv\skenes_2026_season\keypoints\e7e2edd5-1165-3f1e-9d86-0bb40a6c6a0e.npz,0.84,15.33,16.16
b93547bc-3227-3ebb-bb36-90c140965b06,823355,6,3,191,191,1.0,9,False,C:\Users\noahl\OneDrive\fatigue_cv\skenes_2026_season\keypoints\b93547bc-3227-3ebb-bb36-90c140965b06.npz,1.43,15.67,17.1
4e08a46f-8296-373d-a6c2-3ed8e58e983f,823355,6,4,191,191,1.0,9,False,C:\Users\noahl\OneDrive\fatigue_cv\skenes_2026_season\keypoints\4e08a46f-8296-373d-a6c2-3ed8e58e983f.npz,1.32,15.16,16.49
fcc7ccc8-40f5-3e4e-87c8-04980b59dcfd,823355,6,5,191,191,1.0,9,False,C:\Users\noahl\OneDrive\fatigue_cv\skenes_2026_season\keypoints\fcc7ccc8-40f5-3e4e-87c8-04980b59dcfd.npz,1.07,15.2,16.27
d800282c-2bc4-394b-96f2-2f73498cc232,824486,1,1,191,191,1.0,9,False,C:\Users\noahl\OneDrive\fatigue_cv\skenes_2026_season\keypoints\d800282c-2bc4-394b-96f2-2f73498cc232.npz,1.06,14.98,16.04
a86ceb05-8132-3b5d-aa52-ab6e2f932ee1,824486,1,2,191,191,1.0,9,False,C:\Users\noahl\OneDrive\fatigue_cv\skenes_2026_season\keypoints\a86ceb05-8132-3b5d-aa52-ab6e2f932ee1.npz,1.3,15.16,16.47
b6c03219-ac24-3c58-a315-6ed1c78d5a03,824486,1,3,191,191,1.0,9,False,C:\Users\noahl\OneDrive\fatigue_cv\skenes_2026_season\keypoints\b6c03219-ac24-3c58-a315-6ed1c78d5a03.npz,1.13,15.08,16.21
f12166fb-f886-344c-baf8-52e303e3fcb1,824486,1,4,191,191,1.0,9,False,C:\Users\noahl\OneDrive\fatigue_cv\skenes_2026_season\keypoints\f12166fb-f886-344c-baf8-52e303e3fcb1.npz,1.04,14.81,15.84
1a1fc479-c704-35d8-adc9-8d25126c07a0,824486,1,5,191,191,1.0,9,False,C:\Users\noahl\OneDrive\fatigue_cv\skenes_2026_season\keypoints\1a1fc479-c704-35d8-adc9-8d25126c07a0.npz,1.07,14.58,15.65
f6cb2a29-caf3-3f0f-9fb9-05823fdda263,824486,1,6,191,191,1.0,9,False,C:\Users\noahl\OneDrive\fatigue_cv\skenes_2026_season\keypoints\f6cb2a29-caf3-3f0f-9fb9-05823fdda263.npz,1.18,14.91,16.09
d3e70cfa-3e18-3834-99aa-01885dd78274,824486,1,7,191,191,1.0,9,False,C:\Users\noahl\OneDrive\fatigue_cv\skenes_2026_season\keypoints\d3e70cfa-3e18-3834-99aa-01885dd78274.npz,1.09,15.08,16.17
cddc0353-05ec-38d2-b1b3-c85d1e1f0db8,824486,1,8,191,191,1.0,9,False,C:\Users\noahl\OneDrive\fatigue_cv\skenes_2026_season\keypoints\cddc0353-05ec-38d2-b1b3-c85d1e1f0db8.npz,0.73,15.01,15.74
599442d3-b4a1-35ec-9138-2937b059cd51,824486,1,1,191,164,0.859,9,False,C:\Users\noahl\OneDrive\fatigue_cv\skenes_2026_season\keypoints\599442d3-b4a1-35ec-9138-2937b059cd51.npz,1.29,15.84,17.14
169eea4a-1306-36fe-9710-8afc363ada23,824486,1,2,191,191,1.0,9,False,C:\Users\noahl\OneDrive\fatigue_cv\skenes_2026_season\keypoints\169eea4a-1306-36fe-9710-8afc363ada23.npz,1.12,15.81,16.93
7851a350-ab00-3a6f-bef4-c29436244f0c,824486,1,3,191,191,1.0,9,False,C:\Users\noahl\OneDrive\fatigue_cv\skenes_2026_season\keypoints\7851a350-ab00-3a6f-bef4-c29436244f0c.npz,0.77,15.68,16.45
93444aff-3115-386a-852c-c9876aa6f1ff,824486,1,4,191,191,1.0,9,False,C:\Users\noahl\OneDrive\fatigue_cv\skenes_2026_season\keypoints\93444aff-3115-386a-852c-c9876aa6f1ff.npz,1.42,15.65,17.07
6535a8bc-2e9e-3ae6-b94f-ae75b7f54d74,824486,1,1,191,191,1.0,9,False,C:\Users\noahl\OneDrive\fatigue_cv\skenes_2026_season\keypoints\6535a8bc-2e9e-3ae6-b94f-ae75b7f54d74.npz,1.16,15.35,16.51
4a9cabc8-d7b0-36b7-aff3-226bd785dbe3,824486,1,2,191,191,1.0,9,False,C:\Users\noahl\OneDrive\fatigue_cv\skenes_2026_season\keypoints\4a9cabc8-d7b0-36b7-aff3-226bd785dbe3.npz,1.07,15.91,16.98
f54f9823-2caf-324d-b786-b0581a3ea06a,824486,1,3,191,191,1.0,9,False,C:\Users\noahl\OneDrive\fatigue_cv\skenes_2026_season\keypoints\f54f9823-2caf-324d-b786-b0581a3ea06a.npz,1.22,15.58,16.81
a8c752b8-12eb-3de2-b476-e40a5e28fdf8,824486,1,4,191,191,1.0,9,False,C:\Users\noahl\OneDrive\fatigue_cv\skenes_2026_season\keypoints\a8c752b8-12eb-3de2-b476-e40a5e28fdf8.npz,1.1,15.3,16.41
8223a642-64a8-3330-a8bd-ec5add782e5f,824486,1,5,191,191,1.0,9,False,C:\Users\noahl\OneDrive\fatigue_cv\skenes_2026_season\keypoints\8223a642-64a8-3330-a8bd-ec5add782e5f.npz,1.03,15.8,16.83
e738cc7f-8caa-307b-91ca-f37ab2d7eef4,824486,1,6,191,191,1.0,9,False,C:\Users\noahl\OneDrive\fatigue_cv\skenes_2026_season\keypoints\e738cc7f-8caa-307b-91ca-f37ab2d7eef4.npz,1.22,15.18,16.4
e4460db4-8fd2-309a-9866-1b9db79d07f8,824486,1,7,191,191,1.0,9,False,C:\Users\noahl\OneDrive\fatigue_cv\skenes_2026_season\keypoints\e4460db4-8fd2-309a-9866-1b9db79d07f8.npz,0.81,15.22,16.02
3beb52b8-5b47-313b-a65f-d1eada5c505a,824486,1,8,191,191,1.0,9,False,C:\Users\noahl\OneDrive\fatigue_cv\skenes_2026_season\keypoints\3beb52b8-5b47-313b-a65f-d1eada5c505a.npz,1.15,15.98,17.13
1319f139-9a68-3e5a-b7c2-0a15e835774d,824486,1,1,191,191,1.0,9,False,C:\Users\noahl\OneDrive\fatigue_cv\skenes_2026_season\keypoints\1319f139-9a68-3e5a-b7c2-0a15e835774d.npz,0.78,15.15,15.93
48ee89c3-9866-3a95-8e30-b3aa864f9aad,824486,1,2,191,191,1.0,9,False,C:\Users\noahl\OneDrive\fatigue_cv\skenes_2026_season\keypoints\48ee89c3-9866-3a95-8e30-b3aa864f9aad.npz,1.8,15.65,17.46
0a0a50d3-7811-33e1-84db-f57db733fbfe,824486,1,3,191,191,1.0,9,False,C:\Users\noahl\OneDrive\fatigue_cv\skenes_2026_season\keypoints\0a0a50d3-7811-33e1-84db-f57db733fbfe.npz,1.17,16.43,17.6
4446af55-f39c-3ebc-8d93-482be52b1914,824486,1,4,191,191,1.0,9,False,C:\Users\noahl\OneDrive\fatigue_cv\skenes_2026_season\keypoints\4446af55-f39c-3ebc-8d93-482be52b1914.npz,1.2,16.03,17.23
2a3b3fbc-4b71-3194-8d0d-5a8796a5ac99,824486,1,5,191,72,0.377,9,False,C:\Users\noahl\OneDrive\fatigue_cv\skenes_2026_season\keypoints\2a3b3fbc-4b71-3194-8d0d-5a8796a5ac99.npz,0.98,15.7,16.68
c80ce0b1-d30f-324d-9379-4c0b58496440,824486,1,1,191,164,0.859,9,False,C:\Users\noahl\OneDrive\fatigue_cv\skenes_2026_season\keypoints\c80ce0b1-d30f-324d-9379-4c0b58496440.npz,1.13,16.19,17.33
ec556a88-86fe-3b65-8b3e-0bbbceedffc0,824486,1,2,191,191,1.0,9,False,C:\Users\noahl\OneDrive\fatigue_cv\skenes_2026_season\keypoints\ec556a88-86fe-3b65-8b3e-0bbbceedffc0.npz,1.05,15.76,16.81
71d30c57-bb77-3cff-a368-0a1a304d91e1,824486,1,3,191,191,1.0,9,False,C:\Users\noahl\OneDrive\fatigue_cv\skenes_2026_season\keypoints\71d30c57-bb77-3cff-a368-0a1a304d91e1.npz,1.33,15.94,17.27
a89a1c14-a352-3f58-8bcc-64e6c5a50587,824486,1,4,191,191,1.0,9,False,C:\Users\noahl\OneDrive\fatigue_cv\skenes_2026_season\keypoints\a89a1c14-a352-3f58-8bcc-64e6c5a50587.npz,0.99,15.65,16.64
7d9c6af2-5327-3013-bce0-13ba6245d71e,824486,1,5,191,191,1.0,9,False,C:\Users\noahl\OneDrive\fatigue_cv\skenes_2026_season\keypoints\7d9c6af2-5327-3013-bce0-13ba6245d71e.npz,0.9,15.33,16.23
bbc38a48-9ddf-308e-9e85-ffe54f6a9dc7,824486,1,1,191,191,1.0,9,False,C:\Users\noahl\OneDrive\fatigue_cv\skenes_2026_season\keypoints\bbc38a48-9ddf-308e-9e85-ffe54f6a9dc7.npz,0.94,15.57,16.51
0480f467-8ec8-38ac-90cb-b1847977f74e,824486,1,2,191,191,1.0,9,False,C:\Users\noahl\OneDrive\fatigue_cv\skenes_2026_season\keypoints\0480f467-8ec8-38ac-90cb-b1847977f74e.npz,1.1,14.76,15.86
d4fba46a-9793-3a75-939f-5e7121597d7f,824486,1,3,191,191,1.0,9,False,C:\Users\noahl\OneDrive\fatigue_cv\skenes_2026_season\keypoints\d4fba46a-9793-3a75-939f-5e7121597d7f.npz,1.26,14.64,15.9
b453734c-096f-3fc0-8e28-250d2871954d,824486,1,4,191,191,1.0,9,False,C:\Users\noahl\OneDrive\fatigue_cv\skenes_2026_season\keypoints\b453734c-096f-3fc0-8e28-250d2871954d.npz,1.17,15.17,16.34
e5c42780-be57-36c6-b5d5-0163de5b641c,824486,1,5,191,191,1.0,9,False,C:\Users\noahl\OneDrive\fatigue_cv\skenes_2026_season\keypoints\e5c42780-be57-36c6-b5d5-0163de5b641c.npz,1.02,14.37,15.4
539cda04-7bd9-3328-99d2-97f4f5f1984e,824486,1,6,191,191,1.0,9,False,C:\Users\noahl\OneDrive\fatigue_cv\skenes_2026_season\keypoints\539cda04-7bd9-3328-99d2-97f4f5f1984e.npz,5.33,15.54,20.88
c14d03c3-6ea0-3be7-af0f-ac2f039c5a44,824486,2,1,191,191,1.0,9,False,C:\Users\noahl\OneDrive\fatigue_cv\skenes_2026_season\keypoints\c14d03c3-6ea0-3be7-af0f-ac2f039c5a44.npz,1.22,14.95,16.17
7ee689cd-2be9-3039-a8a2-bfdddec19286,824486,2,2,191,191,1.0,9,False,C:\Users\noahl\OneDrive\fatigue_cv\skenes_2026_season\keypoints\7ee689cd-2be9-3039-a8a2-bfdddec19286.npz,1.16,15.37,16.53
a231c837-3549-32f1-9c10-1f7a99688571,824486,2,3,191,191,1.0,9,False,C:\Users\noahl\OneDrive\fatigue_cv\skenes_2026_season\keypoints\a231c837-3549-32f1-9c10-1f7a99688571.npz,1.53,15.87,17.41
f970b176-2cc8-36c1-b9a2-3e80a7a4eb2a,824486,2,4,191,191,1.0,9,False,C:\Users\noahl\OneDrive\fatigue_cv\skenes_2026_season\keypoints\f970b176-2cc8-36c1-b9a2-3e80a7a4eb2a.npz,1.07,15.65,16.72
719338fd-54eb-3455-8fd9-da384666b11c,824486,2,1,191,191,1.0,9,False,C:\Users\noahl\OneDrive\fatigue_cv\skenes_2026_season\keypoints\719338fd-54eb-3455-8fd9-da384666b11c.npz,1.5,15.65,17.15
23e94065-7bbb-35f7-9268-c340db438adf,824486,2,2,191,191,1.0,9,False,C:\Users\noahl\OneDrive\fatigue_cv\skenes_2026_season\keypoints\23e94065-7bbb-35f7-9268-c340db438adf.npz,1.1,15.05,16.16
951c993a-b1fa-3198-b271-ec4c39905257,824486,2,3,191,191,1.0,9,False,C:\Users\noahl\OneDrive\fatigue_cv\skenes_2026_season\keypoints\951c993a-b1fa-3198-b271-ec4c39905257.npz,1.14,15.56,16.7
780186b6-66ef-3bfa-8215-523ca1a4da65,824486,2,1,191,191,1.0,9,False,C:\Users\noahl\OneDrive\fatigue_cv\skenes_2026_season\keypoints\780186b6-66ef-3bfa-8215-523ca1a4da65.npz,1.06,15.72,16.78
7273e4a8-0bad-3fe2-93f5-224a064bdd80,824486,2,2,191,191,1.0,9,False,C:\Users\noahl\OneDrive\fatigue_cv\skenes_2026_season\keypoints\7273e4a8-0bad-3fe2-93f5-224a064bdd80.npz,1.06,15.69,16.75
abe17a29-339e-3edf-8554-a3a855a14192,824486,2,3,191,191,1.0,9,False,C:\Users\noahl\OneDrive\fatigue_cv\skenes_2026_season\keypoints\abe17a29-339e-3edf-8554-a3a855a14192.npz,1.03,15.12,16.15
0e8b51f5-e0e9-35ac-afd4-a68379b0964b,824486,2,4,191,191,1.0,9,False,C:\Users\noahl\OneDrive\fatigue_cv\skenes_2026_season\keypoints\0e8b51f5-e0e9-35ac-afd4-a68379b0964b.npz,1.2,14.9,16.11
9ce96cf3-d28a-382c-9dff-fa9167f42672,824486,2,5,191,191,1.0,9,False,C:\Users\noahl\OneDrive\fatigue_cv\skenes_2026_season\keypoints\9ce96cf3-d28a-382c-9dff-fa9167f42672.npz,1.94,15.07,17.01
b37dc2e5-aed5-334c-95f9-46c2ea7e40c7,824486,2,1,191,191,1.0,9,False,C:\Users\noahl\OneDrive\fatigue_cv\skenes_2026_season\keypoints\b37dc2e5-aed5-334c-95f9-46c2ea7e40c7.npz,1.08,14.86,15.95
21550685-a482-3a38-8cc4-3cb2ba0c9e1d,824486,2,2,191,191,1.0,9,False,C:\Users\noahl\OneDrive\fatigue_cv\skenes_2026_season\keypoints\21550685-a482-3a38-8cc4-3cb2ba0c9e1d.npz,0.95,14.77,15.72
af29ad08-b7c9-3f28-8d87-decb7e32f957,824486,3,1,191,191,1.0,9,False,C:\Users\noahl\OneDrive\fatigue_cv\skenes_2026_season\keypoints\af29ad08-b7c9-3f28-8d87-decb7e32f957.npz,1.2,15.15,16.35
3689825f-308b-3260-9aa5-ccbddd5fe361,824486,3,2,191,191,1.0,9,False,C:\Users\noahl\OneDrive\fatigue_cv\skenes_2026_season\keypoints\3689825f-308b-3260-9aa5-ccbddd5fe361.npz,0.92,15.67,16.6
720b0bdd-4ad9-32e1-8d94-1c17a7e39fec,824486,3,1,191,191,1.0,9,False,C:\Users\noahl\OneDrive\fatigue_cv\skenes_2026_season\keypoints\720b0bdd-4ad9-32e1-8d94-1c17a7e39fec.npz,1.27,15.61,16.88
44126992-1fb5-3f83-b688-9670d7d3855a,824486,3,1,191,191,1.0,9,False,C:\Users\noahl\OneDrive\fatigue_cv\skenes_2026_season\keypoints\44126992-1fb5-3f83-b688-9670d7d3855a.npz,1.24,15.93,17.17
a9b84667-2045-3663-bee7-81c5c386428a,824486,3,2,191,191,1.0,9,False,C:\Users\noahl\OneDrive\fatigue_cv\skenes_2026_season\keypoints\a9b84667-2045-3663-bee7-81c5c386428a.npz,0.79,16.58,17.37
d0693e5f-56de-394a-a4c1-9a0ea8f4a866,824486,3,3,191,191,1.0,9,False,C:\Users\noahl\OneDrive\fatigue_cv\skenes_2026_season\keypoints\d0693e5f-56de-394a-a4c1-9a0ea8f4a866.npz,0.98,16.02,17.01
239446f0-ce3a-3776-9013-f974c2f26844,824486,3,4,191,191,1.0,9,False,C:\Users\noahl\OneDrive\fatigue_cv\skenes_2026_season\keypoints\239446f0-ce3a-3776-9013-f974c2f26844.npz,1.15,16.32,17.47
d51e4115-2331-3f8d-a297-8431fc0a7a25,824486,3,5,191,191,1.0,9,False,C:\Users\noahl\OneDrive\fatigue_cv\skenes_2026_season\keypoints\d51e4115-2331-3f8d-a297-8431fc0a7a25.npz,1.2,15.62,16.82
574b2c70-4ea1-3b0f-8992-7551239ba8bd,824486,3,6,191,191,1.0,9,False,C:\Users\noahl\OneDrive\fatigue_cv\skenes_2026_season\keypoints\574b2c70-4ea1-3b0f-8992-7551239ba8bd.npz,4.23,15.06,19.29
518297c9-acfe-3f62-bdc1-a2447ace1121,824486,3,7,191,191,1.0,9,False,C:\Users\noahl\OneDrive\fatigue_cv\skenes_2026_season\keypoints\518297c9-acfe-3f62-bdc1-a2447ace1121.npz,0.83,15.37,16.21
048d958a-c8e7-3b6e-842d-ec2ccd9cee81,824486,3,1,191,191,1.0,9,False,C:\Users\noahl\OneDrive\fatigue_cv\skenes_2026_season\keypoints\048d958a-c8e7-3b6e-842d-ec2ccd9cee81.npz,0.92,15.32,16.25
e748586d-8ab3-34b2-b4d9-c0162cd66298,824486,3,2,191,191,1.0,9,False,C:\Users\noahl\OneDrive\fatigue_cv\skenes_2026_season\keypoints\e748586d-8ab3-34b2-b4d9-c0162cd66298.npz,1.0,14.84,15.84
5d80a289-52aa-3ab5-80d7-40b9c7a93058,824486,3,3,191,191,1.0,9,False,C:\Users\noahl\OneDrive\fatigue_cv\skenes_2026_season\keypoints\5d80a289-52aa-3ab5-80d7-40b9c7a93058.npz,1.08,15.1,16.18
ab7a8447-b3f5-3668-8537-df49cd74be93,824486,3,4,191,191,1.0,9,False,C:\Users\noahl\OneDrive\fatigue_cv\skenes_2026_season\keypoints\ab7a8447-b3f5-3668-8537-df49cd74be93.npz,1.04,14.98,16.03
0fd4fe63-9016-374a-b422-aea5f5c33156,824486,3,5,191,191,1.0,9,False,C:\Users\noahl\OneDrive\fatigue_cv\skenes_2026_season\keypoints\0fd4fe63-9016-374a-b422-aea5f5c33156.npz,1.13,14.54,15.68
03765441-f5e6-3329-9e5c-c6487fc45b46,824486,3,6,191,191,1.0,9,False,C:\Users\noahl\OneDrive\fatigue_cv\skenes_2026_season\keypoints\03765441-f5e6-3329-9e5c-c6487fc45b46.npz,1.22,15.42,16.64
9f4073cb-5203-394f-a172-597fb2b4df00,824486,3,7,191,191,1.0,9,False,C:\Users\noahl\OneDrive\fatigue_cv\skenes_2026_season\keypoints\9f4073cb-5203-394f-a172-597fb2b4df00.npz,1.52,15.59,17.11
7d79a6e8-b139-3f42-b36b-49cfc54c9884,824486,3,8,191,191,1.0,9,False,C:\Users\noahl\OneDrive\fatigue_cv\skenes_2026_season\keypoints\7d79a6e8-b139-3f42-b36b-49cfc54c9884.npz,0.85,15.94,16.79
45141090-ec30-39c4-a69d-b958b5f3a6f3,824486,3,1,191,191,1.0,9,False,C:\Users\noahl\OneDrive\fatigue_cv\skenes_2026_season\keypoints\45141090-ec30-39c4-a69d-b958b5f3a6f3.npz,1.15,15.54,16.7
43ef84f3-b4cc-302f-9de4-b04e5463fb1a,824486,3,2,191,191,1.0,9,False,C:\Users\noahl\OneDrive\fatigue_cv\skenes_2026_season\keypoints\43ef84f3-b4cc-302f-9de4-b04e5463fb1a.npz,1.3,15.32,16.63
07033577-8987-3b9f-a1cf-318f86951cc0,824486,3,3,191,191,1.0,9,False,C:\Users\noahl\OneDrive\fatigue_cv\skenes_2026_season\keypoints\07033577-8987-3b9f-a1cf-318f86951cc0.npz,0.89,15.3,16.19
f5ed1da9-71c8-397f-a46a-2cb437fbf1e3,824486,3,4,191,191,1.0,9,False,C:\Users\noahl\OneDrive\fatigue_cv\skenes_2026_season\keypoints\f5ed1da9-71c8-397f-a46a-2cb437fbf1e3.npz,1.04,15.7,16.74
11260521-25bc-3c20-b688-3cf8f227a896,824486,3,5,191,191,1.0,9,False,C:\Users\noahl\OneDrive\fatigue_cv\skenes_2026_season\keypoints\11260521-25bc-3c20-b688-3cf8f227a896.npz,1.46,15.68,17.14
fb92a2bc-200d-3d22-9196-a38b456cc88d,824486,3,6,191,191,1.0,9,False,C:\Users\noahl\OneDrive\fatigue_cv\skenes_2026_season\keypoints\fb92a2bc-200d-3d22-9196-a38b456cc88d.npz,2.52,15.54,18.06
6eff85f1-354c-3b20-9c1c-d2ad641f283c,824486,3,1,191,191,1.0,9,False,C:\Users\noahl\OneDrive\fatigue_cv\skenes_2026_season\keypoints\6eff85f1-354c-3b20-9c1c-d2ad641f283c.npz,0.79,14.73,15.52
bae4b0e8-ab9c-3b14-a42d-265c97d37ad3,824486,3,2,191,191,1.0,9,False,C:\Users\noahl\OneDrive\fatigue_cv\skenes_2026_season\keypoints\bae4b0e8-ab9c-3b14-a42d-265c97d37ad3.npz,1.06,15.69,16.75
526e4cef-fbc5-385f-aad8-e8727453aded,824486,3,1,191,191,1.0,9,False,C:\Users\noahl\OneDrive\fatigue_cv\skenes_2026_season\keypoints\526e4cef-fbc5-385f-aad8-e8727453aded.npz,1.18,15.28,16.45
e1fba127-220b-3464-8962-2cf5b41b5aa4,824486,3,2,191,191,1.0,9,False,C:\Users\noahl\OneDrive\fatigue_cv\skenes_2026_season\keypoints\e1fba127-220b-3464-8962-2cf5b41b5aa4.npz,1.58,15.09,16.68
baaabedd-f870-383b-81a0-06a82c9f8946,824486,3,3,191,191,1.0,9,False,C:\Users\noahl\OneDrive\fatigue_cv\skenes_2026_season\keypoints\baaabedd-f870-383b-81a0-06a82c9f8946.npz,1.08,14.44,15.52
12b579b6-203b-3289-a1d8-4b92fd1a718e,824486,3,4,191,191,1.0,9,False,C:\Users\noahl\OneDrive\fatigue_cv\skenes_2026_season\keypoints\12b579b6-203b-3289-a1d8-4b92fd1a718e.npz,1.18,14.79,15.97
011ac219-a514-34dc-85d3-2a688fd240bc,824486,3,5,191,83,0.435,9,False,C:\Users\noahl\OneDrive\fatigue_cv\skenes_2026_season\keypoints\011ac219-a514-34dc-85d3-2a688fd240bc.npz,0.88,15.73,16.61
b0b9be04-5273-33ea-8253-e36554191f11,824486,4,1,191,154,0.806,9,False,C:\Users\noahl\OneDrive\fatigue_cv\skenes_2026_season\keypoints\b0b9be04-5273-33ea-8253-e36554191f11.npz,0.82,16.27,17.09
7dc86d88-f1d9-34da-ba08-d3f145ad4fdf,824486,4,2,191,191,1.0,9,False,C:\Users\noahl\OneDrive\fatigue_cv\skenes_2026_season\keypoints\7dc86d88-f1d9-34da-ba08-d3f145ad4fdf.npz,0.93,15.75,16.68
40bdaddf-298f-3a39-9468-3360e96f5c8f,824486,4,1,191,183,0.958,9,False,C:\Users\noahl\OneDrive\fatigue_cv\skenes_2026_season\keypoints\40bdaddf-298f-3a39-9468-3360e96f5c8f.npz,1.12,16.41,17.53
0edf8406-7524-3ddc-a589-006724ca289e,824486,4,2,191,191,1.0,9,False,C:\Users\noahl\OneDrive\fatigue_cv\skenes_2026_season\keypoints\0edf8406-7524-3ddc-a589-006724ca289e.npz,1.02,15.64,16.66
0a212b60-7a56-32d1-b17c-606408de05c8,824486,4,3,191,191,1.0,9,False,C:\Users\noahl\OneDrive\fatigue_cv\skenes_2026_season\keypoints\0a212b60-7a56-32d1-b17c-606408de05c8.npz,0.69,15.33,16.02
9f07be3e-a32f-3ed2-826d-a22dd432e10e,824486,4,4,191,191,1.0,9,False,C:\Users\noahl\OneDrive\fatigue_cv\skenes_2026_season\keypoints\9f07be3e-a32f-3ed2-826d-a22dd432e10e.npz,1.19,15.66,16.85
1924499a-e5f5-3534-a40e-3df0a52caa29,824486,4,1,191,191,1.0,9,False,C:\Users\noahl\OneDrive\fatigue_cv\skenes_2026_season\keypoints\1924499a-e5f5-3534-a40e-3df0a52caa29.npz,1.55,15.51,17.06
662db896-789c-3a95-9f32-d0849614c814,824486,4,1,191,71,0.372,0,True,C:\Users\noahl\OneDrive\fatigue_cv\skenes_2026_season\keypoints\662db896-789c-3a95-9f32-d0849614c814.npz,1.41,15.11,16.53
6823c5c5-f1c1-3335-b45a-09d853b0a55a,824486,4,2,191,191,1.0,9,False,C:\Users\noahl\OneDrive\fatigue_cv\skenes_2026_season\keypoints\6823c5c5-f1c1-3335-b45a-09d853b0a55a.npz,1.17,15.02,16.19
5f9fd6ae-dbde-35ae-aa1f-7c570d5faccc,824486,4,3,191,191,1.0,9,False,C:\Users\noahl\OneDrive\fatigue_cv\skenes_2026_season\keypoints\5f9fd6ae-dbde-35ae-aa1f-7c570d5faccc.npz,1.5,15.71,17.21
12452e42-ea3b-3681-b311-5e998cc47a89,824486,4,4,191,191,1.0,9,False,C:\Users\noahl\OneDrive\fatigue_cv\skenes_2026_season\keypoints\12452e42-ea3b-3681-b311-5e998cc47a89.npz,0.98,15.84,16.82
bdb07052-1213-36c3-89d9-4469adfa1dbf,824486,4,5,191,191,1.0,9,False,C:\Users\noahl\OneDrive\fatigue_cv\skenes_2026_season\keypoints\bdb07052-1213-36c3-89d9-4469adfa1dbf.npz,1.66,15.89,17.55
d9eeee55-8dbf-320f-bb90-5c2751d69cf9,824486,4,6,191,191,1.0,9,False,C:\Users\noahl\OneDrive\fatigue_cv\skenes_2026_season\keypoints\d9eeee55-8dbf-320f-bb90-5c2751d69cf9.npz,0.94,15.21,16.15
7d2b6483-98db-3436-9283-d6719236f7d2,824486,4,7,191,191,1.0,9,False,C:\Users\noahl\OneDrive\fatigue_cv\skenes_2026_season\keypoints\7d2b6483-98db-3436-9283-d6719236f7d2.npz,1.24,15.32,16.56
74082a77-d57b-34df-a40c-5238765494ed,824486,4,1,191,191,1.0,9,False,C:\Users\noahl\OneDrive\fatigue_cv\skenes_2026_season\keypoints\74082a77-d57b-34df-a40c-5238765494ed.npz,1.15,15.38,16.54
fc6ae3eb-251f-3557-b38d-23b9c9fc3dc7,824486,4,2,191,191,1.0,9,False,C:\Users\noahl\OneDrive\fatigue_cv\skenes_2026_season\keypoints\fc6ae3eb-251f-3557-b38d-23b9c9fc3dc7.npz,0.8,16.13,16.94
65350da4-733f-3575-8019-3a1870f657cc,824486,4,3,191,191,1.0,9,False,C:\Users\noahl\OneDrive\fatigue_cv\skenes_2026_season\keypoints\65350da4-733f-3575-8019-3a1870f657cc.npz,1.08,15.69,16.77
9645b74f-3b02-3254-bca2-21fcb79d344e,824486,4,4,191,191,1.0,9,False,C:\Users\noahl\OneDrive\fatigue_cv\skenes_2026_season\keypoints\9645b74f-3b02-3254-bca2-21fcb79d344e.npz,1.19,15.77,16.97
26a295fa-4801-3dea-a484-52cf53859a5f,824486,4,5,191,191,1.0,9,False,C:\Users\noahl\OneDrive\fatigue_cv\skenes_2026_season\keypoints\26a295fa-4801-3dea-a484-52cf53859a5f.npz,0.81,15.7,16.52
f7f31f32-cfea-3445-bec8-3ed754167bc4,823753,1,1,191,191,1.0,9,False,C:\Users\noahl\OneDrive\fatigue_cv\skenes_2026_season\keypoints\f7f31f32-cfea-3445-bec8-3ed754167bc4.npz,1.16,15.25,16.41
dd98c54a-2cd8-387a-b49c-23b3783e0a75,823753,1,2,191,191,1.0,9,False,C:\Users\noahl\OneDrive\fatigue_cv\skenes_2026_season\keypoints\dd98c54a-2cd8-387a-b49c-23b3783e0a75.npz,0.77,16.09,16.87
05f28870-b9db-3a8e-bfe1-4550c7c4e64f,823753,1,3,191,191,1.0,9,False,C:\Users\noahl\OneDrive\fatigue_cv\skenes_2026_season\keypoints\05f28870-b9db-3a8e-bfe1-4550c7c4e64f.npz,1.52,15.04,16.56
598af007-300f-36d4-b42c-7e9662b3d9e9,823753,1,4,191,191,1.0,9,False,C:\Users\noahl\OneDrive\fatigue_cv\skenes_2026_season\keypoints\598af007-300f-36d4-b42c-7e9662b3d9e9.npz,0.9,15.12,16.02
172839f7-38db-312c-b1ac-1476073ec60e,823753,1,1,191,191,1.0,9,False,C:\Users\noahl\OneDrive\fatigue_cv\skenes_2026_season\keypoints\172839f7-38db-312c-b1ac-1476073ec60e.npz,0.89,14.88,15.77
f69c0821-6bc3-375f-929a-45b6974d086f,823753,1,2,191,191,1.0,9,False,C:\Users\noahl\OneDrive\fatigue_cv\skenes_2026_season\keypoints\f69c0821-6bc3-375f-929a-45b6974d086f.npz,2.19,15.51,17.7
c5a85125-286d-3ed5-94db-7519d5810de2,823753,1,3,191,191,1.0,9,False,C:\Users\noahl\OneDrive\fatigue_cv\skenes_2026_season\keypoints\c5a85125-286d-3ed5-94db-7519d5810de2.npz,3.48,14.76,18.24
bc840364-1187-3f90-a3fd-5bf7237b83bf,823753,1,4,191,191,1.0,9,False,C:\Users\noahl\OneDrive\fatigue_cv\skenes_2026_season\keypoints\bc840364-1187-3f90-a3fd-5bf7237b83bf.npz,1.07,15.07,16.14
b7c9bba3-74ef-34e9-b600-3710acd40203,823753,1,5,191,191,1.0,9,False,C:\Users\noahl\OneDrive\fatigue_cv\skenes_2026_season\keypoints\b7c9bba3-74ef-34e9-b600-3710acd40203.npz,1.1,15.33,16.43
2028d621-e064-344b-8a11-25a453ac7d79,823753,1,6,191,191,1.0,9,False,C:\Users\noahl\OneDrive\fatigue_cv\skenes_2026_season\keypoints\2028d621-e064-344b-8a11-25a453ac7d79.npz,1.22,15.83,17.05
a06f2fd3-a362-3ecf-875d-fa379f7d9b4d,823753,1,7,191,191,1.0,9,False,C:\Users\noahl\OneDrive\fatigue_cv\skenes_2026_season\keypoints\a06f2fd3-a362-3ecf-875d-fa379f7d9b4d.npz,1.7,16.09,17.79
6ed82940-5e69-30f5-a017-0f305ba93ae4,823753,1,1,191,191,1.0,9,False,C:\Users\noahl\OneDrive\fatigue_cv\skenes_2026_season\keypoints\6ed82940-5e69-30f5-a017-0f305ba93ae4.npz,3.04,15.91,18.96
361b0717-6fcb-35d9-a08b-659064c9e0c6,823753,1,2,191,191,1.0,9,False,C:\Users\noahl\OneDrive\fatigue_cv\skenes_2026_season\keypoints\361b0717-6fcb-35d9-a08b-659064c9e0c6.npz,1.03,15.44,16.47
080f2c35-d580-3e47-bc60-ec18bff8c779,823753,1,3,191,191,1.0,9,False,C:\Users\noahl\OneDrive\fatigue_cv\skenes_2026_season\keypoints\080f2c35-d580-3e47-bc60-ec18bff8c779.npz,0.87,15.74,16.61
2e3c061f-17a9-3ca9-be89-8134def27869,823753,1,4,191,191,1.0,9,False,C:\Users\noahl\OneDrive\fatigue_cv\skenes_2026_season\keypoints\2e3c061f-17a9-3ca9-be89-8134def27869.npz,0.85,15.81,16.66
820e9009-2ab6-327c-99ef-b5c6b85bd2fa,823753,1,1,191,191,1.0,9,False,C:\Users\noahl\OneDrive\fatigue_cv\skenes_2026_season\keypoints\820e9009-2ab6-327c-99ef-b5c6b85bd2fa.npz,1.15,15.46,16.61
920fc12b-2e20-3f5b-8a74-ebd22922ddb7,823753,1,2,191,191,1.0,9,False,C:\Users\noahl\OneDrive\fatigue_cv\skenes_2026_season\keypoints\920fc12b-2e20-3f5b-8a74-ebd22922ddb7.npz,1.16,15.72,16.88
350d8272-d359-3de0-b20f-53230b1691b3,823753,1,3,191,191,1.0,9,False,C:\Users\noahl\OneDrive\fatigue_cv\skenes_2026_season\keypoints\350d8272-d359-3de0-b20f-53230b1691b3.npz,1.28,15.65,16.94
b49232af-aaeb-3287-ba6d-6323558c4123,823753,1,4,191,191,1.0,9,False,C:\Users\noahl\OneDrive\fatigue_cv\skenes_2026_season\keypoints\b49232af-aaeb-3287-ba6d-6323558c4123.npz,0.9,15.22,16.12
39499d75-dd83-316d-948e-8b8a797befbd,823753,1,5,191,191,1.0,9,False,C:\Users\noahl\OneDrive\fatigue_cv\skenes_2026_season\keypoints\39499d75-dd83-316d-948e-8b8a797befbd.npz,1.07,14.92,15.99
346521c0-5787-3a24-81d7-25977396d4d5,823753,1,6,191,191,1.0,9,False,C:\Users\noahl\OneDrive\fatigue_cv\skenes_2026_season\keypoints\346521c0-5787-3a24-81d7-25977396d4d5.npz,1.28,14.88,16.17
d5c52a69-6932-337d-bc8f-53f2b6477e87,823753,1,7,191,191,1.0,9,False,C:\Users\noahl\OneDrive\fatigue_cv\skenes_2026_season\keypoints\d5c52a69-6932-337d-bc8f-53f2b6477e87.npz,0.9,14.68,15.58
ae86db41-f510-3e72-be94-dbaa04e3dd4e,823753,2,1,191,191,1.0,9,False,C:\Users\noahl\OneDrive\fatigue_cv\skenes_2026_season\keypoints\ae86db41-f510-3e72-be94-dbaa04e3dd4e.npz,0.91,14.75,15.66
517ba34e-091e-3c49-a0e2-d468f20e6244,823753,2,2,191,191,1.0,9,False,C:\Users\noahl\OneDrive\fatigue_cv\skenes_2026_season\keypoints\517ba34e-091e-3c49-a0e2-d468f20e6244.npz,0.98,16.42,17.39
a4752a55-a2dc-30fd-9782-8f41beaa90b5,823753,2,3,191,191,1.0,9,False,C:\Users\noahl\OneDrive\fatigue_cv\skenes_2026_season\keypoints\a4752a55-a2dc-30fd-9782-8f41beaa90b5.npz,1.05,15.83,16.88
b3c2721a-8243-3ce7-b890-e97537a8d6e2,823753,2,4,191,191,1.0,9,False,C:\Users\noahl\OneDrive\fatigue_cv\skenes_2026_season\keypoints\b3c2721a-8243-3ce7-b890-e97537a8d6e2.npz,1.27,15.99,17.27
dbe6f4da-fa7f-33ae-99cb-7f9b077941e0,823753,2,5,191,191,1.0,9,False,C:\Users\noahl\OneDrive\fatigue_cv\skenes_2026_season\keypoints\dbe6f4da-fa7f-33ae-99cb-7f9b077941e0.npz,1.06,15.97,17.04
a4523aa9-7351-3af3-a3b5-ca1629cc2362,823753,2,6,191,191,1.0,9,False,C:\Users\noahl\OneDrive\fatigue_cv\skenes_2026_season\keypoints\a4523aa9-7351-3af3-a3b5-ca1629cc2362.npz,1.0,15.62,16.62
4b1b06e4-d957-3da1-a493-b7b3383667a2,823753,2,1,191,191,1.0,9,False,C:\Users\noahl\OneDrive\fatigue_cv\skenes_2026_season\keypoints\4b1b06e4-d957-3da1-a493-b7b3383667a2.npz,2.31,15.36,17.68
456e4ac5-e612-3162-a54b-5172822e7a70,823753,2,2,191,191,1.0,9,False,C:\Users\noahl\OneDrive\fatigue_cv\skenes_2026_season\keypoints\456e4ac5-e612-3162-a54b-5172822e7a70.npz,1.47,15.88,17.35
ff46d75a-ad8f-3dcb-9df0-c47dbda00dbe,823753,2,1,191,191,1.0,9,False,C:\Users\noahl\OneDrive\fatigue_cv\skenes_2026_season\keypoints\ff46d75a-ad8f-3dcb-9df0-c47dbda00dbe.npz,0.73,15.63,16.36
46abd07e-0ee7-3aba-b52b-f15cecb206ff,823753,2,2,191,191,1.0,9,False,C:\Users\noahl\OneDrive\fatigue_cv\skenes_2026_season\keypoints\46abd07e-0ee7-3aba-b52b-f15cecb206ff.npz,0.79,15.53,16.32
05f83f17-d0c3-34c5-9b15-3305c5c4779f,823753,2,3,191,191,1.0,9,False,C:\Users\noahl\OneDrive\fatigue_cv\skenes_2026_season\keypoints\05f83f17-d0c3-34c5-9b15-3305c5c4779f.npz,1.11,15.54,16.66
87728090-fbe8-366e-93c5-afa534304968,823753,2,4,191,191,1.0,9,False,C:\Users\noahl\OneDrive\fatigue_cv\skenes_2026_season\keypoints\87728090-fbe8-366e-93c5-afa534304968.npz,1.39,15.39,16.78
d0a979e2-044b-37d9-9e5d-b8f7b6e9d935,823753,3,1,191,191,1.0,9,False,C:\Users\noahl\OneDrive\fatigue_cv\skenes_2026_season\keypoints\d0a979e2-044b-37d9-9e5d-b8f7b6e9d935.npz,0.84,16.13,16.98
8f3a4c53-a327-31fa-8135-659f2b86d8e0,823753,3,2,191,191,1.0,9,False,C:\Users\noahl\OneDrive\fatigue_cv\skenes_2026_season\keypoints\8f3a4c53-a327-31fa-8135-659f2b86d8e0.npz,1.25,14.9,16.15
f7ef93a4-ea9f-3248-bb27-a9c3076b700b,823753,3,3,191,191,1.0,9,False,C:\Users\noahl\OneDrive\fatigue_cv\skenes_2026_season\keypoints\f7ef93a4-ea9f-3248-bb27-a9c3076b700b.npz,1.17,14.56,15.73
48f708b8-ff0c-3790-97ae-201f2d860e17,823753,3,4,191,191,1.0,9,False,C:\Users\noahl\OneDrive\fatigue_cv\skenes_2026_season\keypoints\48f708b8-ff0c-3790-97ae-201f2d860e17.npz,1.28,15.98,17.26
7381adf7-00aa-33b8-8b68-ee2dc892c90d,823753,3,5,191,191,1.0,9,False,C:\Users\noahl\OneDrive\fatigue_cv\skenes_2026_season\keypoints\7381adf7-00aa-33b8-8b68-ee2dc892c90d.npz,1.13,16.24,17.37
940d6d12-5930-3b4c-a828-fedf2be22762,823753,3,6,191,191,1.0,9,False,C:\Users\noahl\OneDrive\fatigue_cv\skenes_2026_season\keypoints\940d6d12-5930-3b4c-a828-fedf2be22762.npz,1.05,15.86,16.91
2f0e09d8-6ca3-3c42-a558-471902c760fa,823753,3,1,191,191,1.0,9,False,C:\Users\noahl\OneDrive\fatigue_cv\skenes_2026_season\keypoints\2f0e09d8-6ca3-3c42-a558-471902c760fa.npz,1.23,16.08,17.31
2c245806-2439-36dd-aa5f-a5b7fb5130fd,823753,3,2,191,191,1.0,9,False,C:\Users\noahl\OneDrive\fatigue_cv\skenes_2026_season\keypoints\2c245806-2439-36dd-aa5f-a5b7fb5130fd.npz,0.83,16.33,17.16
8c870d87-b2cf-33b5-a12c-5a383aa15c04,823753,3,3,191,191,1.0,9,False,C:\Users\noahl\OneDrive\fatigue_cv\skenes_2026_season\keypoints\8c870d87-b2cf-33b5-a12c-5a383aa15c04.npz,1.03,15.32,16.35
13308c43-bb4d-3eab-98ff-3b8a9cadcbd0,823753,3,4,191,191,1.0,9,False,C:\Users\noahl\OneDrive\fatigue_cv\skenes_2026_season\keypoints\13308c43-bb4d-3eab-98ff-3b8a9cadcbd0.npz,1.4,15.01,16.41
e93d018c-81fe-3913-9baa-970a2ae5f46f,823753,3,5,191,191,1.0,9,False,C:\Users\noahl\OneDrive\fatigue_cv\skenes_2026_season\keypoints\e93d018c-81fe-3913-9baa-970a2ae5f46f.npz,1.66,15.62,17.27
93546f3f-976b-3056-aca2-f3d41091ecc4,823753,3,6,191,191,1.0,9,False,C:\Users\noahl\OneDrive\fatigue_cv\skenes_2026_season\keypoints\93546f3f-976b-3056-aca2-f3d41091ecc4.npz,0.88,15.51,16.39
176bbdf1-d25e-3f74-b211-cd1c629dba32,823753,3,1,191,191,1.0,9,False,C:\Users\noahl\OneDrive\fatigue_cv\skenes_2026_season\keypoints\176bbdf1-d25e-3f74-b211-cd1c629dba32.npz,1.07,15.84,16.91
5451795f-9c6c-31d8-90ef-783dc57ff425,823753,3,2,191,191,1.0,9,False,C:\Users\noahl\OneDrive\fatigue_cv\skenes_2026_season\keypoints\5451795f-9c6c-31d8-90ef-783dc57ff425.npz,1.2,15.03,16.24
71ff6ace-0b59-3717-8258-13b6219098ee,823753,3,3,191,191,1.0,9,False,C:\Users\noahl\OneDrive\fatigue_cv\skenes_2026_season\keypoints\71ff6ace-0b59-3717-8258-13b6219098ee.npz,1.84,14.52,16.36
9f2f7de2-4695-39d7-b023-3756072cb7b5,823753,4,1,191,191,1.0,9,False,C:\Users\noahl\OneDrive\fatigue_cv\skenes_2026_season\keypoints\9f2f7de2-4695-39d7-b023-3756072cb7b5.npz,0.99,14.53,15.53
6e08d06f-138c-36fd-926b-56ec3b1cdb1c,823753,4,2,191,191,1.0,9,False,C:\Users\noahl\OneDrive\fatigue_cv\skenes_2026_season\keypoints\6e08d06f-138c-36fd-926b-56ec3b1cdb1c.npz,1.15,14.76,15.91
9872fb33-f16a-336b-9c3e-f0eb064d54bd,823753,4,3,191,191,1.0,9,False,C:\Users\noahl\OneDrive\fatigue_cv\skenes_2026_season\keypoints\9872fb33-f16a-336b-9c3e-f0eb064d54bd.npz,0.83,15.1,15.92
02385606-7075-33e9-980c-2a1367374a2b,823753,4,4,191,191,1.0,9,False,C:\Users\noahl\OneDrive\fatigue_cv\skenes_2026_season\keypoints\02385606-7075-33e9-980c-2a1367374a2b.npz,0.77,15.4,16.18
5e1f8551-9678-355b-b78b-2789b2d9dadd,823753,4,1,191,191,1.0,9,False,C:\Users\noahl\OneDrive\fatigue_cv\skenes_2026_season\keypoints\5e1f8551-9678-355b-b78b-2789b2d9dadd.npz,1.1,15.64,16.75
4d845725-61ae-3962-9ea1-863dcbf202fb,823753,4,2,191,191,1.0,9,False,C:\Users\noahl\OneDrive\fatigue_cv\skenes_2026_season\keypoints\4d845725-61ae-3962-9ea1-863dcbf202fb.npz,1.1,16.29,17.38
8154d996-44c5-3667-8019-b4b8c74d6600,823753,4,3,191,191,1.0,9,False,C:\Users\noahl\OneDrive\fatigue_cv\skenes_2026_season\keypoints\8154d996-44c5-3667-8019-b4b8c74d6600.npz,1.25,15.55,16.8
a3dfdf2d-a0c1-34ea-9a87-fcc24ced7078,823753,4,4,191,191,1.0,9,False,C:\Users\noahl\OneDrive\fatigue_cv\skenes_2026_season\keypoints\a3dfdf2d-a0c1-34ea-9a87-fcc24ced7078.npz,1.45,15.62,17.07
0c3f3efa-05ab-34cc-8890-e8f103617eef,823753,4,1,191,191,1.0,9,False,C:\Users\noahl\OneDrive\fatigue_cv\skenes_2026_season\keypoints\0c3f3efa-05ab-34cc-8890-e8f103617eef.npz,1.02,15.01,16.03
a40a4429-bfdd-3ad3-beb1-9546b29e0788,823753,4,2,191,191,1.0,9,False,C:\Users\noahl\OneDrive\fatigue_cv\skenes_2026_season\keypoints\a40a4429-bfdd-3ad3-beb1-9546b29e0788.npz,1.04,15.09,16.13
b203672c-4121-397d-8e47-cdc75469953d,823753,4,3,191,191,1.0,9,False,C:\Users\noahl\OneDrive\fatigue_cv\skenes_2026_season\keypoints\b203672c-4121-397d-8e47-cdc75469953d.npz,1.19,14.83,16.02
c768a9d2-125b-3185-a44a-80ae1287647d,823753,4,4,191,191,1.0,9,False,C:\Users\noahl\OneDrive\fatigue_cv\skenes_2026_season\keypoints\c768a9d2-125b-3185-a44a-80ae1287647d.npz,1.17,14.8,15.98
bcdac01a-83cd-346a-a8d3-7368158ffd90,823753,4,5,191,191,1.0,9,False,C:\Users\noahl\OneDrive\fatigue_cv\skenes_2026_season\keypoints\bcdac01a-83cd-346a-a8d3-7368158ffd90.npz,1.57,15.14,16.71
76109b6c-5582-3a83-8096-a6e3e3c0fcca,823753,4,6,191,191,1.0,9,False,C:\Users\noahl\OneDrive\fatigue_cv\skenes_2026_season\keypoints\76109b6c-5582-3a83-8096-a6e3e3c0fcca.npz,1.13,15.71,16.85
90e02a1c-cd50-32dd-872a-5d6673ba2b30,823753,4,7,191,191,1.0,9,False,C:\Users\noahl\OneDrive\fatigue_cv\skenes_2026_season\keypoints\90e02a1c-cd50-32dd-872a-5d6673ba2b30.npz,0.87,15.7,16.58
0f7f5bb5-8bab-3ee9-87e0-f2cbf3e18e50,823753,4,1,191,191,1.0,9,False,C:\Users\noahl\OneDrive\fatigue_cv\skenes_2026_season\keypoints\0f7f5bb5-8bab-3ee9-87e0-f2cbf3e18e50.npz,1.09,15.52,16.61
9368770e-ac14-3b3f-a4bb-99a999e09b7c,823753,4,2,191,191,1.0,9,False,C:\Users\noahl\OneDrive\fatigue_cv\skenes_2026_season\keypoints\9368770e-ac14-3b3f-a4bb-99a999e09b7c.npz,0.78,15.64,16.43
b4a0b6ae-eb5e-312b-9721-db9664e8e934,823753,4,3,191,191,1.0,9,False,C:\Users\noahl\OneDrive\fatigue_cv\skenes_2026_season\keypoints\b4a0b6ae-eb5e-312b-9721-db9664e8e934.npz,0.85,16.29,17.13
16d960d4-e4bb-3900-b444-481de0d1766a,823753,4,4,191,191,1.0,9,False,C:\Users\noahl\OneDrive\fatigue_cv\skenes_2026_season\keypoints\16d960d4-e4bb-3900-b444-481de0d1766a.npz,1.05,16.51,17.56
3a799530-26a2-3028-942c-d24b8be121b0,823753,4,5,191,191,1.0,9,False,C:\Users\noahl\OneDrive\fatigue_cv\skenes_2026_season\keypoints\3a799530-26a2-3028-942c-d24b8be121b0.npz,0.96,16.34,17.3
d2e6c98f-317f-3f84-b46b-c703f73c28b7,823753,4,1,191,191,1.0,9,False,C:\Users\noahl\OneDrive\fatigue_cv\skenes_2026_season\keypoints\d2e6c98f-317f-3f84-b46b-c703f73c28b7.npz,1.06,16.29,17.36
8774ad40-9e45-3b58-afd6-b18086f5838c,823753,4,2,191,191,1.0,9,False,C:\Users\noahl\OneDrive\fatigue_cv\skenes_2026_season\keypoints\8774ad40-9e45-3b58-afd6-b18086f5838c.npz,1.16,15.73,16.89
8c194211-bc05-345e-99eb-3b1e9bfb9f7f,823753,4,3,191,191,1.0,9,False,C:\Users\noahl\OneDrive\fatigue_cv\skenes_2026_season\keypoints\8c194211-bc05-345e-99eb-3b1e9bfb9f7f.npz,1.13,16.1,17.23
a970d5ce-4e4b-3300-922c-00c0d29eca95,823753,4,4,191,191,1.0,9,False,C:\Users\noahl\OneDrive\fatigue_cv\skenes_2026_season\keypoints\a970d5ce-4e4b-3300-922c-00c0d29eca95.npz,0.84,15.35,16.19
afb1eca3-a982-3a66-8645-e285230046eb,823753,4,1,191,191,1.0,9,False,C:\Users\noahl\OneDrive\fatigue_cv\skenes_2026_season\keypoints\afb1eca3-a982-3a66-8645-e285230046eb.npz,1.28,15.96,17.24
144231f2-2f9a-359a-9688-57ea42ec6955,823753,4,2,191,191,1.0,9,False,C:\Users\noahl\OneDrive\fatigue_cv\skenes_2026_season\keypoints\144231f2-2f9a-359a-9688-57ea42ec6955.npz,1.3,14.91,16.21
9657cea3-f97c-3f35-8161-268fd23e461f,823753,4,3,191,191,1.0,9,False,C:\Users\noahl\OneDrive\fatigue_cv\skenes_2026_season\keypoints\9657cea3-f97c-3f35-8161-268fd23e461f.npz,1.02,14.73,15.75
047c27fa-f151-36b7-8122-f858cde0faaf,823753,4,4,191,191,1.0,9,False,C:\Users\noahl\OneDrive\fatigue_cv\skenes_2026_season\keypoints\047c27fa-f151-36b7-8122-f858cde0faaf.npz,0.94,14.59,15.53
e54f1973-9fb0-3677-9a62-f39a6693cafb,823753,4,5,191,191,1.0,9,False,C:\Users\noahl\OneDrive\fatigue_cv\skenes_2026_season\keypoints\e54f1973-9fb0-3677-9a62-f39a6693cafb.npz,1.12,15.3,16.42
d853f7da-17c0-3ae5-b2fb-53dd85716a10,823753,4,6,191,182,0.953,9,False,C:\Users\noahl\OneDrive\fatigue_cv\skenes_2026_season\keypoints\d853f7da-17c0-3ae5-b2fb-53dd85716a10.npz,1.29,14.84,16.14
0c5f92f4-8d61-3068-b2a7-dbe2126dbea7,823753,4,7,191,191,1.0,9,False,C:\Users\noahl\OneDrive\fatigue_cv\skenes_2026_season\keypoints\0c5f92f4-8d61-3068-b2a7-dbe2126dbea7.npz,1.27,14.95,16.23
8094ad34-eafb-3eca-b0f8-e9931650a065,823753,4,8,191,191,1.0,9,False,C:\Users\noahl\OneDrive\fatigue_cv\skenes_2026_season\keypoints\8094ad34-eafb-3eca-b0f8-e9931650a065.npz,0.9,15.77,16.68
1d54d78f-961b-3ecd-a3db-12346dde3345,823753,4,1,191,191,1.0,9,False,C:\Users\noahl\OneDrive\fatigue_cv\skenes_2026_season\keypoints\1d54d78f-961b-3ecd-a3db-12346dde3345.npz,0.75,16.16,16.91
be9c25ee-b6a2-36df-b832-9e143119e834,823753,4,2,191,191,1.0,9,False,C:\Users\noahl\OneDrive\fatigue_cv\skenes_2026_season\keypoints\be9c25ee-b6a2-36df-b832-9e143119e834.npz,1.33,15.5,16.83
d3e5cb1b-f25d-326a-9a0d-324cab7be728,823753,5,1,191,191,1.0,9,False,C:\Users\noahl\OneDrive\fatigue_cv\skenes_2026_season\keypoints\d3e5cb1b-f25d-326a-9a0d-324cab7be728.npz,1.08,15.5,16.58
74d3c933-8f39-3ecc-86d1-87c22cc57ecf,823753,5,2,191,191,1.0,9,False,C:\Users\noahl\OneDrive\fatigue_cv\skenes_2026_season\keypoints\74d3c933-8f39-3ecc-86d1-87c22cc57ecf.npz,1.08,14.99,16.07
14159376-d2ce-3863-baa5-0ecda5c67c91,823753,5,3,191,191,1.0,9,False,C:\Users\noahl\OneDrive\fatigue_cv\skenes_2026_season\keypoints\14159376-d2ce-3863-baa5-0ecda5c67c91.npz,1.11,15.66,16.77
a88ee62d-985b-3fcc-8a13-6b5697d50516,823753,5,4,191,191,1.0,9,False,C:\Users\noahl\OneDrive\fatigue_cv\skenes_2026_season\keypoints\a88ee62d-985b-3fcc-8a13-6b5697d50516.npz,1.03,15.61,16.65
6e916fc9-f4de-3ac3-babe-58afe591f402,823753,5,1,191,191,1.0,9,False,C:\Users\noahl\OneDrive\fatigue_cv\skenes_2026_season\keypoints\6e916fc9-f4de-3ac3-babe-58afe591f402.npz,1.05,15.96,17.0
c3c583aa-406f-3656-bf12-276f6cc2e2ff,823753,5,2,191,191,1.0,9,False,C:\Users\noahl\OneDrive\fatigue_cv\skenes_2026_season\keypoints\c3c583aa-406f-3656-bf12-276f6cc2e2ff.npz,0.78,16.03,16.81
d25c27cd-6d41-3c6f-b53e-433d121e8cbc,823753,5,3,191,191,1.0,9,False,C:\Users\noahl\OneDrive\fatigue_cv\skenes_2026_season\keypoints\d25c27cd-6d41-3c6f-b53e-433d121e8cbc.npz,1.04,15.06,16.1
0963742f-dd99-326b-9610-e1a49e33c2f1,823753,5,4,191,191,1.0,9,False,C:\Users\noahl\OneDrive\fatigue_cv\skenes_2026_season\keypoints\0963742f-dd99-326b-9610-e1a49e33c2f1.npz,0.81,15.16,15.98
a3c3c1ef-9038-380b-abcf-9a263519af19,823753,5,1,191,191,1.0,9,False,C:\Users\noahl\OneDrive\fatigue_cv\skenes_2026_season\keypoints\a3c3c1ef-9038-380b-abcf-9a263519af19.npz,1.21,14.86,16.07
7f17c90f-2ea5-3540-96ed-09acbe254f02,823753,5,2,191,191,1.0,9,False,C:\Users\noahl\OneDrive\fatigue_cv\skenes_2026_season\keypoints\7f17c90f-2ea5-3540-96ed-09acbe254f02.npz,1.3,15.26,16.56
2928982b-eb03-31b0-9eb5-006ee6b6d894,823832,1,1,191,191,1.0,9,False,C:\Users\noahl\OneDrive\fatigue_cv\skenes_2026_season\keypoints\2928982b-eb03-31b0-9eb5-006ee6b6d894.npz,1.33,14.94,16.27
19d3bddf-1ab4-36c0-8f0b-749adaad8a28,823832,1,2,191,191,1.0,9,False,C:\Users\noahl\OneDrive\fatigue_cv\skenes_2026_season\keypoints\19d3bddf-1ab4-36c0-8f0b-749adaad8a28.npz,1.35,15.21,16.56
33b88936-21f0-3fad-b405-8aa6d089e463,823832,1,1,191,191,1.0,9,False,C:\Users\noahl\OneDrive\fatigue_cv\skenes_2026_season\keypoints\33b88936-21f0-3fad-b405-8aa6d089e463.npz,1.08,15.39,16.47
3ca77f32-7498-3e1f-b0b2-db12f6fd5b9e,823832,1,2,191,191,1.0,9,False,C:\Users\noahl\OneDrive\fatigue_cv\skenes_2026_season\keypoints\3ca77f32-7498-3e1f-b0b2-db12f6fd5b9e.npz,1.19,16.2,17.4
576f5624-31ad-370f-b6d2-bc73d798f025,823832,1,3,191,191,1.0,9,False,C:\Users\noahl\OneDrive\fatigue_cv\skenes_2026_season\keypoints\576f5624-31ad-370f-b6d2-bc73d798f025.npz,1.23,15.8,17.03
dae373f4-92ac-3528-9682-102e9f3f6f94,823832,1,4,191,191,1.0,9,False,C:\Users\noahl\OneDrive\fatigue_cv\skenes_2026_season\keypoints\dae373f4-92ac-3528-9682-102e9f3f6f94.npz,1.06,16.44,17.5
dae4dd3e-764f-323d-9d13-991996b9d902,823832,1,5,191,189,0.99,9,False,C:\Users\noahl\OneDrive\fatigue_cv\skenes_2026_season\keypoints\dae4dd3e-764f-323d-9d13-991996b9d902.npz,1.36,16.14,17.5
2f6d4669-a594-3c41-b6ac-9fd91d6a00ec,823832,1,6,191,191,1.0,9,False,C:\Users\noahl\OneDrive\fatigue_cv\skenes_2026_season\keypoints\2f6d4669-a594-3c41-b6ac-9fd91d6a00ec.npz,0.83,15.31,16.14
f77b3307-c112-3d1b-846f-b1c1ff9df673,823832,1,7,191,191,1.0,9,False,C:\Users\noahl\OneDrive\fatigue_cv\skenes_2026_season\keypoints\f77b3307-c112-3d1b-846f-b1c1ff9df673.npz,1.56,16.1,17.67
61a1fa4f-2a07-3b0a-9da1-403515a22a0d,823832,1,8,191,191,1.0,9,False,C:\Users\noahl\OneDrive\fatigue_cv\skenes_2026_season\keypoints\61a1fa4f-2a07-3b0a-9da1-403515a22a0d.npz,1.01,15.42,16.43
b39d591a-22d3-3803-b77a-4d7230a34bc9,823832,1,1,191,191,1.0,9,False,C:\Users\noahl\OneDrive\fatigue_cv\skenes_2026_season\keypoints\b39d591a-22d3-3803-b77a-4d7230a34bc9.npz,1.38,14.63,16.01
93401a9a-864e-304f-a869-60d7f780e118,823832,1,1,191,191,1.0,9,False,C:\Users\noahl\OneDrive\fatigue_cv\skenes_2026_season\keypoints\93401a9a-864e-304f-a869-60d7f780e118.npz,1.3,15.03,16.33
a2701228-44ff-31db-8a57-d58281ab3b29,823832,1,2,191,191,1.0,9,False,C:\Users\noahl\OneDrive\fatigue_cv\skenes_2026_season\keypoints\a2701228-44ff-31db-8a57-d58281ab3b29.npz,0.92,14.74,15.66
a134ac16-9c57-373b-afe1-6da4df2167c4,823832,1,3,191,191,1.0,9,False,C:\Users\noahl\OneDrive\fatigue_cv\skenes_2026_season\keypoints\a134ac16-9c57-373b-afe1-6da4df2167c4.npz,1.3,14.88,16.19
88b804a1-7048-375f-a1f0-876c2f70c2b4,823832,1,4,191,191,1.0,9,False,C:\Users\noahl\OneDrive\fatigue_cv\skenes_2026_season\keypoints\88b804a1-7048-375f-a1f0-876c2f70c2b4.npz,1.05,14.58,15.63
21f8008a-1caa-35fe-9174-eb12585a36e2,823832,2,1,191,191,1.0,9,False,C:\Users\noahl\OneDrive\fatigue_cv\skenes_2026_season\keypoints\21f8008a-1caa-35fe-9174-eb12585a36e2.npz,1.24,14.78,16.02
6fd79f82-71fe-3135-b6bb-9cd6cf57eae2,823832,2,2,191,191,1.0,9,False,C:\Users\noahl\OneDrive\fatigue_cv\skenes_2026_season\keypoints\6fd79f82-71fe-3135-b6bb-9cd6cf57eae2.npz,1.33,14.64,15.96
4f71e3f3-5639-3851-833a-199c6cf63467,823832,2,3,191,191,1.0,9,False,C:\Users\noahl\OneDrive\fatigue_cv\skenes_2026_season\keypoints\4f71e3f3-5639-3851-833a-199c6cf63467.npz,1.25,15.72,16.97
8d352923-51b5-3805-8c4a-96414596f7e5,823832,2,4,191,191,1.0,9,False,C:\Users\noahl\OneDrive\fatigue_cv\skenes_2026_season\keypoints\8d352923-51b5-3805-8c4a-96414596f7e5.npz,1.03,15.63,16.66
434ad3a5-602c-3810-b726-3fe396a6dec8,823832,2,5,191,191,1.0,9,False,C:\Users\noahl\OneDrive\fatigue_cv\skenes_2026_season\keypoints\434ad3a5-602c-3810-b726-3fe396a6dec8.npz,2.02,15.36,17.38
b1cd20f4-bce0-3eca-8f4f-39a13037e5b6,823832,2,1,191,191,1.0,9,False,C:\Users\noahl\OneDrive\fatigue_cv\skenes_2026_season\keypoints\b1cd20f4-bce0-3eca-8f4f-39a13037e5b6.npz,1.33,15.74,17.07
abf3bf74-ba9a-3698-bd7c-94638654f995,823832,2,2,191,186,0.974,9,False,C:\Users\noahl\OneDrive\fatigue_cv\skenes_2026_season\keypoints\abf3bf74-ba9a-3698-bd7c-94638654f995.npz,2.35,15.2,17.55
337b64c3-2218-31e9-839f-b831b6885fe9,823832,2,3,191,191,1.0,9,False,C:\Users\noahl\OneDrive\fatigue_cv\skenes_2026_season\keypoints\337b64c3-2218-31e9-839f-b831b6885fe9.npz,0.93,15.5,16.44
3c71a6aa-b0a9-3184-8668-e7d542b56b9a,823832,2,1,191,191,1.0,9,False,C:\Users\noahl\OneDrive\fatigue_cv\skenes_2026_season\keypoints\3c71a6aa-b0a9-3184-8668-e7d542b56b9a.npz,1.2,15.44,16.64
e4486f3e-fdf0-3976-b660-c64f66b0c731,823832,2,2,191,191,1.0,9,False,C:\Users\noahl\OneDrive\fatigue_cv\skenes_2026_season\keypoints\e4486f3e-fdf0-3976-b660-c64f66b0c731.npz,1.16,15.12,16.28
a7d3beec-e52a-3e0c-a687-c3549f956547,823832,2,3,191,191,1.0,9,False,C:\Users\noahl\OneDrive\fatigue_cv\skenes_2026_season\keypoints\a7d3beec-e52a-3e0c-a687-c3549f956547.npz,1.3,15.08,16.39
bac1bf38-132a-35f0-a092-fb6e2f8465f3,823832,3,1,191,191,1.0,9,False,C:\Users\noahl\OneDrive\fatigue_cv\skenes_2026_season\keypoints\bac1bf38-132a-35f0-a092-fb6e2f8465f3.npz,1.01,15.77,16.78
66dc839b-df36-307a-a904-d63c7a60887d,823832,3,2,191,185,0.969,9,False,C:\Users\noahl\OneDrive\fatigue_cv\skenes_2026_season\keypoints\66dc839b-df36-307a-a904-d63c7a60887d.npz,1.06,14.93,15.99
c3449894-a4d6-3dab-bf1d-bab1168763bc,823832,3,1,191,191,1.0,9,False,C:\Users\noahl\OneDrive\fatigue_cv\skenes_2026_season\keypoints\c3449894-a4d6-3dab-bf1d-bab1168763bc.npz,1.38,14.99,16.37
6c40f327-55ac-30cf-9b2f-bb99c874803e,823832,3,1,191,167,0.874,9,False,C:\Users\noahl\OneDrive\fatigue_cv\skenes_2026_season\keypoints\6c40f327-55ac-30cf-9b2f-bb99c874803e.npz,0.83,14.99,15.82
44a670e7-5033-3d79-af1a-15a2aeca7310,823832,3,2,191,173,0.906,9,False,C:\Users\noahl\OneDrive\fatigue_cv\skenes_2026_season\keypoints\44a670e7-5033-3d79-af1a-15a2aeca7310.npz,0.82,15.55,16.37
b75010a2-a7d4-3a69-9f66-4794a915eaf0,823832,3,3,191,191,1.0,9,False,C:\Users\noahl\OneDrive\fatigue_cv\skenes_2026_season\keypoints\b75010a2-a7d4-3a69-9f66-4794a915eaf0.npz,1.11,16.36,17.46
63c36d42-3b78-3e1a-8438-8db23320abd6,823832,3,4,191,191,1.0,9,False,C:\Users\noahl\OneDrive\fatigue_cv\skenes_2026_season\keypoints\63c36d42-3b78-3e1a-8438-8db23320abd6.npz,1.11,15.83,16.95
36a8282e-9e9b-3ed2-ba48-8957de74a4a3,823832,3,5,191,191,1.0,9,False,C:\Users\noahl\OneDrive\fatigue_cv\skenes_2026_season\keypoints\36a8282e-9e9b-3ed2-ba48-8957de74a4a3.npz,1.21,15.68,16.9
34da9101-18f6-3b32-bee6-532ac2f792df,823832,3,6,191,191,1.0,9,False,C:\Users\noahl\OneDrive\fatigue_cv\skenes_2026_season\keypoints\34da9101-18f6-3b32-bee6-532ac2f792df.npz,1.01,15.94,16.95
5cd5b93f-9937-35d8-b9b6-f0812d314d6c,823832,3,1,191,189,0.99,9,False,C:\Users\noahl\OneDrive\fatigue_cv\skenes_2026_season\keypoints\5cd5b93f-9937-35d8-b9b6-f0812d314d6c.npz,1.12,16.34,17.46
5ac2f717-16b8-30e7-b6c0-57c790d4a644,823832,3,2,191,191,1.0,9,False,C:\Users\noahl\OneDrive\fatigue_cv\skenes_2026_season\keypoints\5ac2f717-16b8-30e7-b6c0-57c790d4a644.npz,1.29,16.12,17.41
f99ec102-820d-35ef-8a7a-e18726a40cc4,823832,4,1,191,191,1.0,9,False,C:\Users\noahl\OneDrive\fatigue_cv\skenes_2026_season\keypoints\f99ec102-820d-35ef-8a7a-e18726a40cc4.npz,0.98,15.68,16.66
0181f74d-538e-3bad-96e2-7a8a651b1385,823832,4,1,191,191,1.0,9,False,C:\Users\noahl\OneDrive\fatigue_cv\skenes_2026_season\keypoints\0181f74d-538e-3bad-96e2-7a8a651b1385.npz,1.19,15.7,16.89
2f3dbd3a-76ac-34fb-9a64-335a49db1ff7,823832,4,2,191,191,1.0,9,False,C:\Users\noahl\OneDrive\fatigue_cv\skenes_2026_season\keypoints\2f3dbd3a-76ac-34fb-9a64-335a49db1ff7.npz,1.4,15.66,17.07
0f16c762-19fb-3d44-966e-61ab2bcdc947,823832,4,3,191,191,1.0,9,False,C:\Users\noahl\OneDrive\fatigue_cv\skenes_2026_season\keypoints\0f16c762-19fb-3d44-966e-61ab2bcdc947.npz,0.87,15.18,16.05
bd11537d-efe7-3c25-9388-4062db16723b,823832,4,1,191,191,1.0,9,False,C:\Users\noahl\OneDrive\fatigue_cv\skenes_2026_season\keypoints\bd11537d-efe7-3c25-9388-4062db16723b.npz,1.17,15.27,16.44
ab1cacd9-3e69-3296-9afa-b9f9ff73bba3,823832,4,2,191,119,0.623,9,False,C:\Users\noahl\OneDrive\fatigue_cv\skenes_2026_season\keypoints\ab1cacd9-3e69-3296-9afa-b9f9ff73bba3.npz,1.1,16.21,17.32
0abc4489-825d-3265-9065-828a90790464,823832,4,3,191,191,1.0,9,False,C:\Users\noahl\OneDrive\fatigue_cv\skenes_2026_season\keypoints\0abc4489-825d-3265-9065-828a90790464.npz,1.14,16.06,17.2
f82cacea-2db9-3bd1-98a1-22a981e699f7,823832,4,4,191,191,1.0,9,False,C:\Users\noahl\OneDrive\fatigue_cv\skenes_2026_season\keypoints\f82cacea-2db9-3bd1-98a1-22a981e699f7.npz,1.45,16.25,17.7
c4d60e1a-d511-3e7c-9adb-e683a574e4e3,823832,4,1,191,191,1.0,9,False,C:\Users\noahl\OneDrive\fatigue_cv\skenes_2026_season\keypoints\c4d60e1a-d511-3e7c-9adb-e683a574e4e3.npz,1.32,16.31,17.63
940b8b22-94c3-33a3-b9b6-dc675c9b95f8,823832,4,1,191,191,1.0,9,False,C:\Users\noahl\OneDrive\fatigue_cv\skenes_2026_season\keypoints\940b8b22-94c3-33a3-b9b6-dc675c9b95f8.npz,1.07,15.47,16.54
8e3ccd13-af78-33c1-9bf8-02192e334b08,823832,4,2,191,191,1.0,9,False,C:\Users\noahl\OneDrive\fatigue_cv\skenes_2026_season\keypoints\8e3ccd13-af78-33c1-9bf8-02192e334b08.npz,1.19,16.14,17.33
f1639940-6d4d-3d45-a518-4b1d920755a1,823832,4,3,191,191,1.0,9,False,C:\Users\noahl\OneDrive\fatigue_cv\skenes_2026_season\keypoints\f1639940-6d4d-3d45-a518-4b1d920755a1.npz,0.88,15.65,16.53
df4637f4-e771-37ac-aaeb-2494ca935ab8,823832,5,1,191,185,0.969,9,False,C:\Users\noahl\OneDrive\fatigue_cv\skenes_2026_season\keypoints\df4637f4-e771-37ac-aaeb-2494ca935ab8.npz,1.64,16.01,17.66
18c42449-caf6-358b-9290-bf5fbfe3f45f,823832,5,2,191,93,0.487,9,False,C:\Users\noahl\OneDrive\fatigue_cv\skenes_2026_season\keypoints\18c42449-caf6-358b-9290-bf5fbfe3f45f.npz,1.21,15.73,16.94
f171cd08-7510-31a0-b426-821a081ba645,823832,5,3,191,191,1.0,9,False,C:\Users\noahl\OneDrive\fatigue_cv\skenes_2026_season\keypoints\f171cd08-7510-31a0-b426-821a081ba645.npz,1.54,15.3,16.85
a36c855d-d6d4-3596-8d91-48e584517e8e,823832,5,4,191,191,1.0,9,False,C:\Users\noahl\OneDrive\fatigue_cv\skenes_2026_season\keypoints\a36c855d-d6d4-3596-8d91-48e584517e8e.npz,1.43,15.34,16.77
857221f1-0881-3d1d-86ef-14646c7f4a4a,823832,5,5,191,180,0.942,9,False,C:\Users\noahl\OneDrive\fatigue_cv\skenes_2026_season\keypoints\857221f1-0881-3d1d-86ef-14646c7f4a4a.npz,2.21,15.58,17.79
743558fe-7ff9-3503-9e06-dae820f2efb9,823832,5,1,191,191,1.0,9,False,C:\Users\noahl\OneDrive\fatigue_cv\skenes_2026_season\keypoints\743558fe-7ff9-3503-9e06-dae820f2efb9.npz,1.0,15.05,16.06
acd54aed-59b0-3479-8a04-c46c1773b14c,823832,5,1,191,191,1.0,9,False,C:\Users\noahl\OneDrive\fatigue_cv\skenes_2026_season\keypoints\acd54aed-59b0-3479-8a04-c46c1773b14c.npz,1.19,14.3,15.49
ffe33334-d234-3bca-bd72-4e687056fb67,823832,5,2,191,191,1.0,9,False,C:\Users\noahl\OneDrive\fatigue_cv\skenes_2026_season\keypoints\ffe33334-d234-3bca-bd72-4e687056fb67.npz,1.12,15.69,16.81
3f6c3ca3-9816-3ef9-97b0-acc7463e9617,823832,5,3,191,191,1.0,9,False,C:\Users\noahl\OneDrive\fatigue_cv\skenes_2026_season\keypoints\3f6c3ca3-9816-3ef9-97b0-acc7463e9617.npz,1.1,14.72,15.83
3693b6dc-8bf7-32e7-b1b0-c383ad3b5471,823832,5,4,191,185,0.969,9,False,C:\Users\noahl\OneDrive\fatigue_cv\skenes_2026_season\keypoints\3693b6dc-8bf7-32e7-b1b0-c383ad3b5471.npz,0.85,15.68,16.53
0e4a8ba4-53e7-33ef-ad44-2e03d0016f7c,823832,5,1,191,191,1.0,9,False,C:\Users\noahl\OneDrive\fatigue_cv\skenes_2026_season\keypoints\0e4a8ba4-53e7-33ef-ad44-2e03d0016f7c.npz,1.04,15.48,16.52
b05de6f9-279c-3b36-b1c9-d3868f4d0263,823832,5,2,191,191,1.0,9,False,C:\Users\noahl\OneDrive\fatigue_cv\skenes_2026_season\keypoints\b05de6f9-279c-3b36-b1c9-d3868f4d0263.npz,1.49,16.17,17.66
ae20d36e-0302-34c8-b954-a934ef869dea,823832,5,1,191,191,1.0,9,False,C:\Users\noahl\OneDrive\fatigue_cv\skenes_2026_season\keypoints\ae20d36e-0302-34c8-b954-a934ef869dea.npz,1.21,15.6,16.81
338263a3-7a64-3ee4-8145-c2f9102a5217,823832,5,2,191,191,1.0,9,False,C:\Users\noahl\OneDrive\fatigue_cv\skenes_2026_season\keypoints\338263a3-7a64-3ee4-8145-c2f9102a5217.npz,1.31,16.4,17.71
abd4ead8-d344-3b47-965d-23cee358fb86,823832,5,3,191,191,1.0,9,False,C:\Users\noahl\OneDrive\fatigue_cv\skenes_2026_season\keypoints\abd4ead8-d344-3b47-965d-23cee358fb86.npz,0.73,15.86,16.6
4f6de403-86da-3d64-864b-db7c63a9f73e,823832,5,4,191,191,1.0,9,False,C:\Users\noahl\OneDrive\fatigue_cv\skenes_2026_season\keypoints\4f6de403-86da-3d64-864b-db7c63a9f73e.npz,0.99,15.53,16.52
9d924979-09d4-38e3-8aae-2c68979b7357,823342,1,1,191,191,1.0,9,False,C:\Users\noahl\OneDrive\fatigue_cv\skenes_2026_season\keypoints\9d924979-09d4-38e3-8aae-2c68979b7357.npz,1.52,15.41,16.94
a434d654-5680-37ef-888f-54a606a3962f,823342,1,2,191,191,1.0,9,False,C:\Users\noahl\OneDrive\fatigue_cv\skenes_2026_season\keypoints\a434d654-5680-37ef-888f-54a606a3962f.npz,2.39,15.45,17.85
9289fb88-d0e8-37a8-98bb-5d1bda800c72,823342,1,3,191,191,1.0,9,False,C:\Users\noahl\OneDrive\fatigue_cv\skenes_2026_season\keypoints\9289fb88-d0e8-37a8-98bb-5d1bda800c72.npz,1.36,15.6,16.96
ad68cf95-1a91-3555-a825-43c54e38ab6d,823342,1,4,191,191,1.0,9,False,C:\Users\noahl\OneDrive\fatigue_cv\skenes_2026_season\keypoints\ad68cf95-1a91-3555-a825-43c54e38ab6d.npz,1.19,16.01,17.21
60ad2da0-e428-3647-a052-b2e9cccb2939,823342,1,5,191,191,1.0,9,False,C:\Users\noahl\OneDrive\fatigue_cv\skenes_2026_season\keypoints\60ad2da0-e428-3647-a052-b2e9cccb2939.npz,1.18,15.25,16.42
b5952611-095e-3220-9765-7a5aa78c79c3,823342,1,6,191,191,1.0,9,False,C:\Users\noahl\OneDrive\fatigue_cv\skenes_2026_season\keypoints\b5952611-095e-3220-9765-7a5aa78c79c3.npz,1.28,14.55,15.83
b6fb383c-857c-34a3-92d8-13e658b4017c,823342,1,7,191,191,1.0,9,False,C:\Users\noahl\OneDrive\fatigue_cv\skenes_2026_season\keypoints\b6fb383c-857c-34a3-92d8-13e658b4017c.npz,1.54,14.66,16.2
e7aac3d4-8c3b-3416-95ac-f8105bb9e278,823342,1,8,191,191,1.0,9,False,C:\Users\noahl\OneDrive\fatigue_cv\skenes_2026_season\keypoints\e7aac3d4-8c3b-3416-95ac-f8105bb9e278.npz,1.18,15.07,16.25
95aa5e3d-8c28-3eb1-886f-40f7c1c7bf65,823342,1,1,191,191,1.0,9,False,C:\Users\noahl\OneDrive\fatigue_cv\skenes_2026_season\keypoints\95aa5e3d-8c28-3eb1-886f-40f7c1c7bf65.npz,1.73,15.25,16.98
4776e868-96a9-3403-8886-2a49c2fac2e5,823342,1,2,191,191,1.0,9,False,C:\Users\noahl\OneDrive\fatigue_cv\skenes_2026_season\keypoints\4776e868-96a9-3403-8886-2a49c2fac2e5.npz,1.09,16.22,17.31
a4fe135c-0d80-33fe-af01-2042beb513ba,823342,1,3,191,191,1.0,9,False,C:\Users\noahl\OneDrive\fatigue_cv\skenes_2026_season\keypoints\a4fe135c-0d80-33fe-af01-2042beb513ba.npz,1.19,15.67,16.86
b3e4275c-a50b-38a6-965b-f7444b70457a,823342,1,4,191,191,1.0,9,False,C:\Users\noahl\OneDrive\fatigue_cv\skenes_2026_season\keypoints\b3e4275c-a50b-38a6-965b-f7444b70457a.npz,1.09,16.56,17.65
8102749a-fce9-3a6b-a6a3-684f03457266,823342,1,5,191,191,1.0,9,False,C:\Users\noahl\OneDrive\fatigue_cv\skenes_2026_season\keypoints\8102749a-fce9-3a6b-a6a3-684f03457266.npz,1.64,15.72,17.36
6d61a8ac-8906-343d-bf86-ee9536312a8c,823342,1,6,191,191,1.0,9,False,C:\Users\noahl\OneDrive\fatigue_cv\skenes_2026_season\keypoints\6d61a8ac-8906-343d-bf86-ee9536312a8c.npz,1.24,15.95,17.19
0f981a6b-dddc-3611-a67b-f771fa0667a8,823342,1,7,191,191,1.0,9,False,C:\Users\noahl\OneDrive\fatigue_cv\skenes_2026_season\keypoints\0f981a6b-dddc-3611-a67b-f771fa0667a8.npz,1.11,15.56,16.67
4a063b9a-9d57-3459-b1e8-3c929780b97d,823342,1,1,191,191,1.0,9,False,C:\Users\noahl\OneDrive\fatigue_cv\skenes_2026_season\keypoints\4a063b9a-9d57-3459-b1e8-3c929780b97d.npz,1.77,15.95,17.73
a1be3601-6e15-3521-a516-2dc22a8ec586,823342,1,1,191,191,1.0,9,False,C:\Users\noahl\OneDrive\fatigue_cv\skenes_2026_season\keypoints\a1be3601-6e15-3521-a516-2dc22a8ec586.npz,1.3,15.72,17.03
1663fda4-3e20-3cb3-9796-65131c2645d8,823342,1,2,191,191,1.0,9,False,C:\Users\noahl\OneDrive\fatigue_cv\skenes_2026_season\keypoints\1663fda4-3e20-3cb3-9796-65131c2645d8.npz,2.33,14.99,17.32
be9ebd6c-3624-3e9a-b2ff-d61e73244584,823342,1,3,191,191,1.0,9,False,C:\Users\noahl\OneDrive\fatigue_cv\skenes_2026_season\keypoints\be9ebd6c-3624-3e9a-b2ff-d61e73244584.npz,1.15,14.55,15.7
eefc59d9-d859-34eb-85ad-6b03e2014eb9,823342,1,4,191,191,1.0,9,False,C:\Users\noahl\OneDrive\fatigue_cv\skenes_2026_season\keypoints\eefc59d9-d859-34eb-85ad-6b03e2014eb9.npz,1.26,14.71,15.96
eceea6cd-07e3-3da8-abbf-6e90beb371b6,823342,1,5,191,191,1.0,9,False,C:\Users\noahl\OneDrive\fatigue_cv\skenes_2026_season\keypoints\eceea6cd-07e3-3da8-abbf-6e90beb371b6.npz,1.14,14.54,15.69
936655eb-fa5f-3f6c-8f1e-e6a951d3a0e5,823342,1,6,191,191,1.0,9,False,C:\Users\noahl\OneDrive\fatigue_cv\skenes_2026_season\keypoints\936655eb-fa5f-3f6c-8f1e-e6a951d3a0e5.npz,0.95,14.74,15.69
345e157e-eb1d-3d43-a62b-80ee7976df86,823342,1,1,191,191,1.0,9,False,C:\Users\noahl\OneDrive\fatigue_cv\skenes_2026_season\keypoints\345e157e-eb1d-3d43-a62b-80ee7976df86.npz,1.15,15.16,16.31
eb34e177-3e72-38f2-bac5-3c7ce92e8a77,823342,1,2,191,191,1.0,9,False,C:\Users\noahl\OneDrive\fatigue_cv\skenes_2026_season\keypoints\eb34e177-3e72-38f2-bac5-3c7ce92e8a77.npz,0.91,15.67,16.58
20426875-0f4e-31b9-a022-5b5060828df3,823342,2,1,191,186,0.974,9,False,C:\Users\noahl\OneDrive\fatigue_cv\skenes_2026_season\keypoints\20426875-0f4e-31b9-a022-5b5060828df3.npz,1.03,15.83,16.86
8a2b509e-e145-30fc-9444-dbc3edb65ac8,823342,2,2,191,191,1.0,9,False,C:\Users\noahl\OneDrive\fatigue_cv\skenes_2026_season\keypoints\8a2b509e-e145-30fc-9444-dbc3edb65ac8.npz,2.27,15.27,17.54
5ce10460-3fab-345b-ba36-3fda85456f86,823342,2,3,191,191,1.0,9,False,C:\Users\noahl\OneDrive\fatigue_cv\skenes_2026_season\keypoints\5ce10460-3fab-345b-ba36-3fda85456f86.npz,0.83,15.38,16.21
72cad26a-31a2-3b8c-9c28-37b75558a5dd,823342,2,4,191,191,1.0,9,False,C:\Users\noahl\OneDrive\fatigue_cv\skenes_2026_season\keypoints\72cad26a-31a2-3b8c-9c28-37b75558a5dd.npz,1.33,16.39,17.72
30c4cc51-82e9-369b-8a56-3f64228672f0,823342,2,5,191,191,1.0,9,False,C:\Users\noahl\OneDrive\fatigue_cv\skenes_2026_season\keypoints\30c4cc51-82e9-369b-8a56-3f64228672f0.npz,0.85,15.46,16.32
4a4f5500-12be-3474-af3b-084308e74f74,823342,2,1,191,191,1.0,9,False,C:\Users\noahl\OneDrive\fatigue_cv\skenes_2026_season\keypoints\4a4f5500-12be-3474-af3b-084308e74f74.npz,1.22,16.18,17.4
e99d73d4-4209-3a64-9c60-8c60dc524bdd,823342,2,2,191,191,1.0,9,False,C:\Users\noahl\OneDrive\fatigue_cv\skenes_2026_season\keypoints\e99d73d4-4209-3a64-9c60-8c60dc524bdd.npz,1.44,15.14,16.58
130cc0b1-52dd-3eca-837a-bac5deaa1d00,823342,2,3,191,191,1.0,9,False,C:\Users\noahl\OneDrive\fatigue_cv\skenes_2026_season\keypoints\130cc0b1-52dd-3eca-837a-bac5deaa1d00.npz,2.87,15.71,18.59
8770fb80-60e1-339b-b334-52402c2c4134,823342,2,4,191,191,1.0,9,False,C:\Users\noahl\OneDrive\fatigue_cv\skenes_2026_season\keypoints\8770fb80-60e1-339b-b334-52402c2c4134.npz,1.63,15.09,16.73
b6edc0a4-d348-3658-b0d4-16c66b0dba29,823342,2,5,191,191,1.0,9,False,C:\Users\noahl\OneDrive\fatigue_cv\skenes_2026_season\keypoints\b6edc0a4-d348-3658-b0d4-16c66b0dba29.npz,1.89,15.42,17.31
4372477b-e7af-320e-bade-b50306cdaef6,823342,2,6,191,191,1.0,9,False,C:\Users\noahl\OneDrive\fatigue_cv\skenes_2026_season\keypoints\4372477b-e7af-320e-bade-b50306cdaef6.npz,1.09,14.8,15.9
0fa73e18-e0bc-3430-98b6-ba0360accaf3,823342,2,1,191,191,1.0,9,False,C:\Users\noahl\OneDrive\fatigue_cv\skenes_2026_season\keypoints\0fa73e18-e0bc-3430-98b6-ba0360accaf3.npz,1.15,15.49,16.64
f146256c-dddb-3e18-adde-76abff5b22b5,823342,2,2,191,191,1.0,9,False,C:\Users\noahl\OneDrive\fatigue_cv\skenes_2026_season\keypoints\f146256c-dddb-3e18-adde-76abff5b22b5.npz,1.39,14.67,16.07
cd284281-612d-36de-ad8e-e84f84ecd962,823342,2,3,191,191,1.0,9,False,C:\Users\noahl\OneDrive\fatigue_cv\skenes_2026_season\keypoints\cd284281-612d-36de-ad8e-e84f84ecd962.npz,1.24,15.44,16.68
ced9899e-0d76-3abd-8708-0457819f309f,823342,2,4,191,191,1.0,9,False,C:\Users\noahl\OneDrive\fatigue_cv\skenes_2026_season\keypoints\ced9899e-0d76-3abd-8708-0457819f309f.npz,1.57,16.11,17.68
1c7eb691-40be-310d-a8be-29f9f3526154,823342,3,1,191,191,1.0,9,False,C:\Users\noahl\OneDrive\fatigue_cv\skenes_2026_season\keypoints\1c7eb691-40be-310d-a8be-29f9f3526154.npz,1.19,15.57,16.77
fd4b348c-dc40-35e1-998f-9f6116d304e2,823342,3,2,191,191,1.0,9,False,C:\Users\noahl\OneDrive\fatigue_cv\skenes_2026_season\keypoints\fd4b348c-dc40-35e1-998f-9f6116d304e2.npz,1.0,15.94,16.94
3ee0bcca-851c-3ea5-aa2a-948260287005,823342,3,1,191,191,1.0,9,False,C:\Users\noahl\OneDrive\fatigue_cv\skenes_2026_season\keypoints\3ee0bcca-851c-3ea5-aa2a-948260287005.npz,1.39,15.96,17.35
0064a38f-51da-3663-bddb-90dc5322b319,823342,3,2,191,191,1.0,9,False,C:\Users\noahl\OneDrive\fatigue_cv\skenes_2026_season\keypoints\0064a38f-51da-3663-bddb-90dc5322b319.npz,1.09,15.05,16.15
3a1e332b-fd98-3853-b342-21d4cf18dad8,823342,3,3,191,191,1.0,9,False,C:\Users\noahl\OneDrive\fatigue_cv\skenes_2026_season\keypoints\3a1e332b-fd98-3853-b342-21d4cf18dad8.npz,1.17,15.86,17.03
fc62770d-73ca-3dcf-bc30-795d957eb87e,823342,3,4,191,191,1.0,9,False,C:\Users\noahl\OneDrive\fatigue_cv\skenes_2026_season\keypoints\fc62770d-73ca-3dcf-bc30-795d957eb87e.npz,3.13,15.88,19.01
21540640-f6b5-34e2-bbfc-95ebd4d800a2,823342,3,5,191,191,1.0,9,False,C:\Users\noahl\OneDrive\fatigue_cv\skenes_2026_season\keypoints\21540640-f6b5-34e2-bbfc-95ebd4d800a2.npz,1.01,15.62,16.64
4c2f088f-b2f4-3228-96ec-997628984dbc,823342,3,1,191,191,1.0,9,False,C:\Users\noahl\OneDrive\fatigue_cv\skenes_2026_season\keypoints\4c2f088f-b2f4-3228-96ec-997628984dbc.npz,1.19,14.6,15.79
ecd8e2f1-41bd-3bc2-8d2f-b936ea881a17,823342,3,2,191,191,1.0,9,False,C:\Users\noahl\OneDrive\fatigue_cv\skenes_2026_season\keypoints\ecd8e2f1-41bd-3bc2-8d2f-b936ea881a17.npz,1.12,15.96,17.09
b2abebcc-aaf4-36e8-9173-1929c9968f9e,823342,3,3,191,191,1.0,9,False,C:\Users\noahl\OneDrive\fatigue_cv\skenes_2026_season\keypoints\b2abebcc-aaf4-36e8-9173-1929c9968f9e.npz,1.33,15.71,17.04
073841e0-8991-3d13-87c1-15c5a6c6e395,823342,3,4,191,191,1.0,9,False,C:\Users\noahl\OneDrive\fatigue_cv\skenes_2026_season\keypoints\073841e0-8991-3d13-87c1-15c5a6c6e395.npz,1.3,15.5,16.81
ea4f6343-ed84-3763-a031-673cd4b4619a,823342,3,5,191,191,1.0,9,False,C:\Users\noahl\OneDrive\fatigue_cv\skenes_2026_season\keypoints\ea4f6343-ed84-3763-a031-673cd4b4619a.npz,1.45,15.58,17.04
43f6c18c-53bc-3ab2-9b68-e07d44223c60,823342,3,6,191,191,1.0,9,False,C:\Users\noahl\OneDrive\fatigue_cv\skenes_2026_season\keypoints\43f6c18c-53bc-3ab2-9b68-e07d44223c60.npz,0.92,15.37,16.3
d65f0516-3abb-365a-9e1a-45e32511d76d,823342,3,1,191,191,1.0,9,False,C:\Users\noahl\OneDrive\fatigue_cv\skenes_2026_season\keypoints\d65f0516-3abb-365a-9e1a-45e32511d76d.npz,1.26,15.99,17.25
60755c38-4f2d-3a06-9458-1a26e61f0034,823342,3,2,191,191,1.0,9,False,C:\Users\noahl\OneDrive\fatigue_cv\skenes_2026_season\keypoints\60755c38-4f2d-3a06-9458-1a26e61f0034.npz,2.42,15.49,17.91
a2d89a65-4c05-3a26-b38f-2f14ecc75f03,823342,3,1,191,191,1.0,9,False,C:\Users\noahl\OneDrive\fatigue_cv\skenes_2026_season\keypoints\a2d89a65-4c05-3a26-b38f-2f14ecc75f03.npz,1.09,15.81,16.9
8c9ac812-7d85-3637-a01a-1fcf21773267,823342,4,1,191,191,1.0,9,False,C:\Users\noahl\OneDrive\fatigue_cv\skenes_2026_season\keypoints\8c9ac812-7d85-3637-a01a-1fcf21773267.npz,2.26,15.88,18.15
52b877f4-4af8-335c-a7ed-15a5734091e5,823342,4,1,191,191,1.0,9,False,C:\Users\noahl\OneDrive\fatigue_cv\skenes_2026_season\keypoints\52b877f4-4af8-335c-a7ed-15a5734091e5.npz,0.91,15.91,16.82
c83cbae0-fa24-3aeb-927d-6686a4935af9,823342,4,2,191,191,1.0,9,False,C:\Users\noahl\OneDrive\fatigue_cv\skenes_2026_season\keypoints\c83cbae0-fa24-3aeb-927d-6686a4935af9.npz,1.15,15.1,16.26
4242eed4-cd96-3ded-85b8-e8ddcd24bd46,823342,4,3,191,191,1.0,9,False,C:\Users\noahl\OneDrive\fatigue_cv\skenes_2026_season\keypoints\4242eed4-cd96-3ded-85b8-e8ddcd24bd46.npz,0.86,15.27,16.13
eae33769-5e84-3a43-aa22-40d3248070d3,823342,4,4,191,191,1.0,9,False,C:\Users\noahl\OneDrive\fatigue_cv\skenes_2026_season\keypoints\eae33769-5e84-3a43-aa22-40d3248070d3.npz,0.79,15.51,16.3
46efe036-b591-3568-be01-4a96cd838713,823342,4,1,191,191,1.0,9,False,C:\Users\noahl\OneDrive\fatigue_cv\skenes_2026_season\keypoints\46efe036-b591-3568-be01-4a96cd838713.npz,0.87,15.91,16.78
ad41953c-ef78-3234-8fdf-97c250e49b4d,823342,4,2,191,191,1.0,9,False,C:\Users\noahl\OneDrive\fatigue_cv\skenes_2026_season\keypoints\ad41953c-ef78-3234-8fdf-97c250e49b4d.npz,1.38,14.45,15.83
f8d9185a-f9cb-398a-9bab-614b7e4cdae1,823342,4,3,191,191,1.0,9,False,C:\Users\noahl\OneDrive\fatigue_cv\skenes_2026_season\keypoints\f8d9185a-f9cb-398a-9bab-614b7e4cdae1.npz,1.15,14.61,15.75
2980f9f5-db6d-3d9f-8d2f-186c7c889a75,823342,4,4,191,191,1.0,9,False,C:\Users\noahl\OneDrive\fatigue_cv\skenes_2026_season\keypoints\2980f9f5-db6d-3d9f-8d2f-186c7c889a75.npz,0.94,14.32,15.26
5ac4a4c6-1095-34ee-aebe-609541f2dbf8,823342,5,1,191,191,1.0,9,False,C:\Users\noahl\OneDrive\fatigue_cv\skenes_2026_season\keypoints\5ac4a4c6-1095-34ee-aebe-609541f2dbf8.npz,0.86,15.59,16.45
0b1ce2cc-47fc-33bb-87a5-52517d823c52,823342,5,2,191,191,1.0,9,False,C:\Users\noahl\OneDrive\fatigue_cv\skenes_2026_season\keypoints\0b1ce2cc-47fc-33bb-87a5-52517d823c52.npz,1.41,14.84,16.25
122792ef-bc46-3244-9332-15d4b28e187a,823342,5,1,191,191,1.0,9,False,C:\Users\noahl\OneDrive\fatigue_cv\skenes_2026_season\keypoints\122792ef-bc46-3244-9332-15d4b28e187a.npz,0.92,15.67,16.59
5e50a1e5-0103-3f2c-a559-508fbbf7b820,823342,5,2,191,191,1.0,9,False,C:\Users\noahl\OneDrive\fatigue_cv\skenes_2026_season\keypoints\5e50a1e5-0103-3f2c-a559-508fbbf7b820.npz,1.07,16.14,17.21
dc3d8f03-488e-3b03-9922-8036c44faab2,823342,5,3,191,191,1.0,9,False,C:\Users\noahl\OneDrive\fatigue_cv\skenes_2026_season\keypoints\dc3d8f03-488e-3b03-9922-8036c44faab2.npz,1.32,15.88,17.2
5e5dfaa6-877c-300d-af67-9dd5c1ec2abb,823342,5,4,191,191,1.0,9,False,C:\Users\noahl\OneDrive\fatigue_cv\skenes_2026_season\keypoints\5e5dfaa6-877c-300d-af67-9dd5c1ec2abb.npz,1.19,16.09,17.28
c18710d7-015b-316d-bd81-790620ba2273,823342,5,5,191,191,1.0,9,False,C:\Users\noahl\OneDrive\fatigue_cv\skenes_2026_season\keypoints\c18710d7-015b-316d-bd81-790620ba2273.npz,1.26,15.25,16.52
298eb5fd-c3b6-3ba2-a4fb-3322f922c8b7,823342,5,6,191,191,1.0,9,False,C:\Users\noahl\OneDrive\fatigue_cv\skenes_2026_season\keypoints\298eb5fd-c3b6-3ba2-a4fb-3322f922c8b7.npz,1.12,15.24,16.36
d4545ac1-223f-33c1-a417-d5345d4cf982,823342,5,7,191,191,1.0,9,False,C:\Users\noahl\OneDrive\fatigue_cv\skenes_2026_season\keypoints\d4545ac1-223f-33c1-a417-d5345d4cf982.npz,1.28,16.37,17.65
724bc82c-8f09-37d2-a62d-b98c08df00e1,823342,5,8,191,191,1.0,9,False,C:\Users\noahl\OneDrive\fatigue_cv\skenes_2026_season\keypoints\724bc82c-8f09-37d2-a62d-b98c08df00e1.npz,0.81,15.64,16.45
8f0c5001-ee12-388e-bea1-a12474b5f19f,823342,5,1,191,191,1.0,9,False,C:\Users\noahl\OneDrive\fatigue_cv\skenes_2026_season\keypoints\8f0c5001-ee12-388e-bea1-a12474b5f19f.npz,1.26,16.04,17.3
f379c6a1-8b67-3007-a088-7e9cba4c4432,823342,5,2,191,191,1.0,9,False,C:\Users\noahl\OneDrive\fatigue_cv\skenes_2026_season\keypoints\f379c6a1-8b67-3007-a088-7e9cba4c4432.npz,1.11,15.7,16.81
d954ff03-fd1a-3bc8-bbee-8cb01f17ff86,823342,5,3,191,191,1.0,9,False,C:\Users\noahl\OneDrive\fatigue_cv\skenes_2026_season\keypoints\d954ff03-fd1a-3bc8-bbee-8cb01f17ff86.npz,1.16,15.36,16.53
bbc5dd52-a9f5-312d-96e5-4ca985dec697,823342,5,4,191,191,1.0,9,False,C:\Users\noahl\OneDrive\fatigue_cv\skenes_2026_season\keypoints\bbc5dd52-a9f5-312d-96e5-4ca985dec697.npz,0.91,15.79,16.7
2e8eb32b-7635-3996-bce6-f337d9b62ff0,823342,5,1,191,191,1.0,9,False,C:\Users\noahl\OneDrive\fatigue_cv\skenes_2026_season\keypoints\2e8eb32b-7635-3996-bce6-f337d9b62ff0.npz,1.61,14.81,16.42
98d36628-a2a7-3aa3-a93d-c047e9e6494a,823342,5,2,191,191,1.0,9,False,C:\Users\noahl\OneDrive\fatigue_cv\skenes_2026_season\keypoints\98d36628-a2a7-3aa3-a93d-c047e9e6494a.npz,1.12,15.23,16.35
9143a235-ed07-36d5-ba18-38cf008b4628,823342,5,3,191,191,1.0,9,False,C:\Users\noahl\OneDrive\fatigue_cv\skenes_2026_season\keypoints\9143a235-ed07-36d5-ba18-38cf008b4628.npz,0.97,16.56,17.53
710dc9e9-59fe-33fb-bdd8-6d15077a47f7,823259,1,1,191,191,1.0,9,False,C:\Users\noahl\OneDrive\fatigue_cv\skenes_2026_season\keypoints\710dc9e9-59fe-33fb-bdd8-6d15077a47f7.npz,1.54,15.28,16.82
774c4d28-3205-39f0-a330-e52af4b46f27,823259,1,2,191,191,1.0,9,False,C:\Users\noahl\OneDrive\fatigue_cv\skenes_2026_season\keypoints\774c4d28-3205-39f0-a330-e52af4b46f27.npz,0.75,15.54,16.29
1b92f82d-e679-37ec-8707-431fb08322c4,823259,1,3,191,191,1.0,9,False,C:\Users\noahl\OneDrive\fatigue_cv\skenes_2026_season\keypoints\1b92f82d-e679-37ec-8707-431fb08322c4.npz,1.2,16.11,17.31
af50ee34-8965-312e-9a8a-d0352c78a2a9,823259,1,1,191,191,1.0,9,False,C:\Users\noahl\OneDrive\fatigue_cv\skenes_2026_season\keypoints\af50ee34-8965-312e-9a8a-d0352c78a2a9.npz,1.11,15.55,16.66
e1680730-2a87-3d86-b094-01bf47c62b74,823259,1,2,191,191,1.0,9,False,C:\Users\noahl\OneDrive\fatigue_cv\skenes_2026_season\keypoints\e1680730-2a87-3d86-b094-01bf47c62b74.npz,1.26,15.72,16.99
9261df9d-84c3-319d-849c-628ed0c0182b,823259,1,3,191,191,1.0,9,False,C:\Users\noahl\OneDrive\fatigue_cv\skenes_2026_season\keypoints\9261df9d-84c3-319d-849c-628ed0c0182b.npz,1.14,16.51,17.65
a95b4527-15b7-3a5f-88fe-0414af430cc9,823259,1,4,191,191,1.0,9,False,C:\Users\noahl\OneDrive\fatigue_cv\skenes_2026_season\keypoints\a95b4527-15b7-3a5f-88fe-0414af430cc9.npz,1.22,15.68,16.9
f6afab17-1d50-337c-bffd-d97854d58b7a,823259,1,5,191,191,1.0,9,False,C:\Users\noahl\OneDrive\fatigue_cv\skenes_2026_season\keypoints\f6afab17-1d50-337c-bffd-d97854d58b7a.npz,0.98,15.6,16.59
b003c98a-7749-3131-8029-8d779a5e6b6a,823259,1,6,191,191,1.0,9,False,C:\Users\noahl\OneDrive\fatigue_cv\skenes_2026_season\keypoints\b003c98a-7749-3131-8029-8d779a5e6b6a.npz,0.83,15.57,16.4
573ff456-ab50-3187-8f27-535a0d1708d8,823259,1,1,191,191,1.0,9,False,C:\Users\noahl\OneDrive\fatigue_cv\skenes_2026_season\keypoints\573ff456-ab50-3187-8f27-535a0d1708d8.npz,1.31,14.98,16.3
9cc28e89-bd7f-3838-9386-bb5b21646e01,823259,1,2,191,191,1.0,9,False,C:\Users\noahl\OneDrive\fatigue_cv\skenes_2026_season\keypoints\9cc28e89-bd7f-3838-9386-bb5b21646e01.npz,1.21,15.02,16.23
99f854fd-2de8-3655-a905-ba6d49b81700,823259,1,3,191,191,1.0,9,False,C:\Users\noahl\OneDrive\fatigue_cv\skenes_2026_season\keypoints\99f854fd-2de8-3655-a905-ba6d49b81700.npz,1.12,14.99,16.11
6b1e0f7b-0acd-35b2-93ce-7e27a676a0ea,823259,1,4,191,191,1.0,9,False,C:\Users\noahl\OneDrive\fatigue_cv\skenes_2026_season\keypoints\6b1e0f7b-0acd-35b2-93ce-7e27a676a0ea.npz,1.22,15.09,16.32
1f344ee7-2b48-3b08-90cc-3a5b38368870,823259,1,1,191,191,1.0,9,False,C:\Users\noahl\OneDrive\fatigue_cv\skenes_2026_season\keypoints\1f344ee7-2b48-3b08-90cc-3a5b38368870.npz,1.52,15.48,16.99
fc6aa836-6b4f-38ae-83e1-c4a6c7c4e4cd,823259,1,2,191,191,1.0,9,False,C:\Users\noahl\OneDrive\fatigue_cv\skenes_2026_season\keypoints\fc6aa836-6b4f-38ae-83e1-c4a6c7c4e4cd.npz,1.33,16.16,17.49
b3bd91b0-4065-39bc-806c-c2e4a28855a9,823259,1,3,191,191,1.0,9,False,C:\Users\noahl\OneDrive\fatigue_cv\skenes_2026_season\keypoints\b3bd91b0-4065-39bc-806c-c2e4a28855a9.npz,1.39,15.69,17.09
a3ca36d9-760d-32dc-ad51-15e602e06c04,823259,2,1,191,191,1.0,9,False,C:\Users\noahl\OneDrive\fatigue_cv\skenes_2026_season\keypoints\a3ca36d9-760d-32dc-ad51-15e602e06c04.npz,1.37,15.75,17.13
2d8b1f93-c669-3489-9d2f-dd301d330f81,823259,2,2,191,191,1.0,9,False,C:\Users\noahl\OneDrive\fatigue_cv\skenes_2026_season\keypoints\2d8b1f93-c669-3489-9d2f-dd301d330f81.npz,1.02,15.12,16.13
58c3ccb5-5f07-3178-80f5-aa498caa8aef,823259,2,3,191,191,1.0,9,False,C:\Users\noahl\OneDrive\fatigue_cv\skenes_2026_season\keypoints\58c3ccb5-5f07-3178-80f5-aa498caa8aef.npz,1.54,15.74,17.28
e26ed4aa-2ce3-36e2-b41b-3647aabbb722,823259,2,4,191,191,1.0,9,False,C:\Users\noahl\OneDrive\fatigue_cv\skenes_2026_season\keypoints\e26ed4aa-2ce3-36e2-b41b-3647aabbb722.npz,1.4,14.93,16.34
f43593be-096f-3dad-96c9-d19b1b2c965c,823259,2,5,191,191,1.0,9,False,C:\Users\noahl\OneDrive\fatigue_cv\skenes_2026_season\keypoints\f43593be-096f-3dad-96c9-d19b1b2c965c.npz,0.86,15.86,16.72
d2692099-13a6-3c5d-8493-a58d0ca470fe,823259,2,6,191,191,1.0,9,False,C:\Users\noahl\OneDrive\fatigue_cv\skenes_2026_season\keypoints\d2692099-13a6-3c5d-8493-a58d0ca470fe.npz,1.23,15.23,16.46
43507f27-54b6-3a8e-a8ca-583a742df55c,823259,2,1,191,191,1.0,9,False,C:\Users\noahl\OneDrive\fatigue_cv\skenes_2026_season\keypoints\43507f27-54b6-3a8e-a8ca-583a742df55c.npz,0.79,15.06,15.86
1739f92b-3c53-3759-8867-692518f05ff7,823259,2,2,191,191,1.0,9,False,C:\Users\noahl\OneDrive\fatigue_cv\skenes_2026_season\keypoints\1739f92b-3c53-3759-8867-692518f05ff7.npz,0.8,14.34,15.14
515ad177-533a-3b9c-97f5-c7c969814810,823259,2,3,191,135,0.707,9,False,C:\Users\noahl\OneDrive\fatigue_cv\skenes_2026_season\keypoints\515ad177-533a-3b9c-97f5-c7c969814810.npz,0.9,14.79,15.69
d8cad63b-b755-30d4-900c-81c81207ce30,823259,2,4,191,191,1.0,9,False,C:\Users\noahl\OneDrive\fatigue_cv\skenes_2026_season\keypoints\d8cad63b-b755-30d4-900c-81c81207ce30.npz,1.38,14.35,15.72
6de66cd4-dd61-3276-9028-7ea381f7cf72,823259,2,5,191,191,1.0,9,False,C:\Users\noahl\OneDrive\fatigue_cv\skenes_2026_season\keypoints\6de66cd4-dd61-3276-9028-7ea381f7cf72.npz,1.13,15.03,16.15
beef183d-eac2-3a61-82c3-9901172bc5af,823259,2,6,191,191,1.0,9,False,C:\Users\noahl\OneDrive\fatigue_cv\skenes_2026_season\keypoints\beef183d-eac2-3a61-82c3-9901172bc5af.npz,0.94,14.47,15.41
33f016bf-b0db-3113-9b9b-7d5889c0c63f,823259,2,7,191,191,1.0,9,False,C:\Users\noahl\OneDrive\fatigue_cv\skenes_2026_season\keypoints\33f016bf-b0db-3113-9b9b-7d5889c0c63f.npz,0.9,15.98,16.89
826da74c-6b98-31f4-b1d3-eb114ac0e015,823259,2,1,191,191,1.0,9,False,C:\Users\noahl\OneDrive\fatigue_cv\skenes_2026_season\keypoints\826da74c-6b98-31f4-b1d3-eb114ac0e015.npz,1.25,15.86,17.11
e1e7b5ef-bc63-33db-9da8-e4c00b4361a8,823259,2,2,191,191,1.0,9,False,C:\Users\noahl\OneDrive\fatigue_cv\skenes_2026_season\keypoints\e1e7b5ef-bc63-33db-9da8-e4c00b4361a8.npz,0.83,15.98,16.82
75645d60-536f-3b76-b082-41b54326c628,823259,2,3,191,191,1.0,9,False,C:\Users\noahl\OneDrive\fatigue_cv\skenes_2026_season\keypoints\75645d60-536f-3b76-b082-41b54326c628.npz,0.93,15.54,16.48
7af76f3c-c67b-3c0c-8a61-9fb333169334,823259,2,4,191,191,1.0,9,False,C:\Users\noahl\OneDrive\fatigue_cv\skenes_2026_season\keypoints\7af76f3c-c67b-3c0c-8a61-9fb333169334.npz,1.14,15.96,17.1
2f7f27e3-53b4-3d9f-aaae-8560ac97bf9e,823259,2,5,191,191,1.0,9,False,C:\Users\noahl\OneDrive\fatigue_cv\skenes_2026_season\keypoints\2f7f27e3-53b4-3d9f-aaae-8560ac97bf9e.npz,1.07,15.72,16.79
9ff2feb4-54d1-3115-998e-4f60ba758cf9,823259,2,6,191,191,1.0,9,False,C:\Users\noahl\OneDrive\fatigue_cv\skenes_2026_season\keypoints\9ff2feb4-54d1-3115-998e-4f60ba758cf9.npz,0.86,16.26,17.12
f4a6d229-92f6-39cc-b744-1253c38a6df1,823259,3,1,191,191,1.0,9,False,C:\Users\noahl\OneDrive\fatigue_cv\skenes_2026_season\keypoints\f4a6d229-92f6-39cc-b744-1253c38a6df1.npz,1.16,15.79,16.96
2d216f3e-5266-3446-a5bd-5f92661a19af,823259,3,1,191,191,1.0,9,False,C:\Users\noahl\OneDrive\fatigue_cv\skenes_2026_season\keypoints\2d216f3e-5266-3446-a5bd-5f92661a19af.npz,0.97,15.37,16.34
f96c5ac5-7fa1-3e35-9580-0c4f37b04ad0,823259,3,1,191,191,1.0,9,False,C:\Users\noahl\OneDrive\fatigue_cv\skenes_2026_season\keypoints\f96c5ac5-7fa1-3e35-9580-0c4f37b04ad0.npz,1.09,15.04,16.14
a11c0736-f460-336d-98a7-a215729c0b16,823259,3,2,191,191,1.0,9,False,C:\Users\noahl\OneDrive\fatigue_cv\skenes_2026_season\keypoints\a11c0736-f460-336d-98a7-a215729c0b16.npz,1.52,15.15,16.67
b962deb7-3f4e-3b04-b4f8-b31b07350742,823259,3,3,191,191,1.0,9,False,C:\Users\noahl\OneDrive\fatigue_cv\skenes_2026_season\keypoints\b962deb7-3f4e-3b04-b4f8-b31b07350742.npz,1.58,15.2,16.78
00c23b9f-6c62-3683-8ce7-eb376e44fb3a,823259,3,4,191,191,1.0,9,False,C:\Users\noahl\OneDrive\fatigue_cv\skenes_2026_season\keypoints\00c23b9f-6c62-3683-8ce7-eb376e44fb3a.npz,0.79,15.31,16.11
031d27b3-ad60-319e-bc9c-d3930aaa63f8,823259,3,5,191,191,1.0,9,False,C:\Users\noahl\OneDrive\fatigue_cv\skenes_2026_season\keypoints\031d27b3-ad60-319e-bc9c-d3930aaa63f8.npz,1.3,15.74,17.04
3c54f471-cd55-3eb1-9663-912d234dadd9,823259,3,1,191,191,1.0,9,False,C:\Users\noahl\OneDrive\fatigue_cv\skenes_2026_season\keypoints\3c54f471-cd55-3eb1-9663-912d234dadd9.npz,0.9,15.62,16.52
a789640e-65cd-3e1f-94a0-d0368d33aae1,823259,4,1,191,191,1.0,9,False,C:\Users\noahl\OneDrive\fatigue_cv\skenes_2026_season\keypoints\a789640e-65cd-3e1f-94a0-d0368d33aae1.npz,1.11,15.58,16.69
2be6e587-0c3f-33ad-a0f0-318b4073ac4f,823259,4,2,191,191,1.0,9,False,C:\Users\noahl\OneDrive\fatigue_cv\skenes_2026_season\keypoints\2be6e587-0c3f-33ad-a0f0-318b4073ac4f.npz,1.35,15.62,16.96
a7d8af68-f0bd-301a-86e7-31e27b17de34,823259,4,3,191,191,1.0,9,False,C:\Users\noahl\OneDrive\fatigue_cv\skenes_2026_season\keypoints\a7d8af68-f0bd-301a-86e7-31e27b17de34.npz,1.13,15.4,16.54
cfea8d44-cbf1-3bf4-abb0-98c2492ee74a,823259,4,4,191,191,1.0,9,False,C:\Users\noahl\OneDrive\fatigue_cv\skenes_2026_season\keypoints\cfea8d44-cbf1-3bf4-abb0-98c2492ee74a.npz,1.38,15.68,17.06
768e0e0c-e67b-3ac4-b5de-ce562facbc46,823259,4,5,191,191,1.0,9,False,C:\Users\noahl\OneDrive\fatigue_cv\skenes_2026_season\keypoints\768e0e0c-e67b-3ac4-b5de-ce562facbc46.npz,1.43,15.29,16.72
a9d987cb-8c8a-3066-8bb9-443c72bc2781,823259,4,1,191,191,1.0,9,False,C:\Users\noahl\OneDrive\fatigue_cv\skenes_2026_season\keypoints\a9d987cb-8c8a-3066-8bb9-443c72bc2781.npz,1.13,15.7,16.83
557fc298-17b7-3242-8968-a24c71663a86,823259,4,2,191,191,1.0,9,False,C:\Users\noahl\OneDrive\fatigue_cv\skenes_2026_season\keypoints\557fc298-17b7-3242-8968-a24c71663a86.npz,1.19,15.32,16.52
7dd7a76a-1c68-399d-852e-a7c2ca05d4ac,823259,4,3,191,191,1.0,9,False,C:\Users\noahl\OneDrive\fatigue_cv\skenes_2026_season\keypoints\7dd7a76a-1c68-399d-852e-a7c2ca05d4ac.npz,1.17,14.6,15.77
4e8e540c-6199-33b9-8d06-5d0344594a8f,823259,4,4,191,191,1.0,9,False,C:\Users\noahl\OneDrive\fatigue_cv\skenes_2026_season\keypoints\4e8e540c-6199-33b9-8d06-5d0344594a8f.npz,1.27,14.95,16.23
180929fe-8de6-3cce-938c-fc65d9f7e25b,823259,4,5,191,191,1.0,9,False,C:\Users\noahl\OneDrive\fatigue_cv\skenes_2026_season\keypoints\180929fe-8de6-3cce-938c-fc65d9f7e25b.npz,1.6,14.95,16.55
5f9a74e8-ef4e-36b7-b3f0-771c4251cc1e,823259,4,6,191,191,1.0,9,False,C:\Users\noahl\OneDrive\fatigue_cv\skenes_2026_season\keypoints\5f9a74e8-ef4e-36b7-b3f0-771c4251cc1e.npz,1.09,14.12,15.21
b792d503-2ecb-3536-9ee9-bfefbd96e896,823259,4,1,191,191,1.0,9,False,C:\Users\noahl\OneDrive\fatigue_cv\skenes_2026_season\keypoints\b792d503-2ecb-3536-9ee9-bfefbd96e896.npz,1.25,14.99,16.23
961a9708-b3fc-3951-8dc4-eca21b8da28c,823259,4,2,191,191,1.0,9,False,C:\Users\noahl\OneDrive\fatigue_cv\skenes_2026_season\keypoints\961a9708-b3fc-3951-8dc4-eca21b8da28c.npz,0.69,15.51,16.21
174a1a2a-be40-3299-82b1-df2c809f0fcf,823259,4,3,191,191,1.0,9,False,C:\Users\noahl\OneDrive\fatigue_cv\skenes_2026_season\keypoints\174a1a2a-be40-3299-82b1-df2c809f0fcf.npz,1.29,15.08,16.37
2dbbb326-925a-3573-970b-003dc57fc3a4,823259,4,4,191,191,1.0,9,False,C:\Users\noahl\OneDrive\fatigue_cv\skenes_2026_season\keypoints\2dbbb326-925a-3573-970b-003dc57fc3a4.npz,0.93,15.19,16.12
243058b4-b5a7-3a06-86b0-17263c5b561d,823259,5,1,191,191,1.0,9,False,C:\Users\noahl\OneDrive\fatigue_cv\skenes_2026_season\keypoints\243058b4-b5a7-3a06-86b0-17263c5b561d.npz,1.04,15.11,16.15
5365ba8f-4f0f-3d60-9117-75999a967630,823259,5,2,191,191,1.0,9,False,C:\Users\noahl\OneDrive\fatigue_cv\skenes_2026_season\keypoints\5365ba8f-4f0f-3d60-9117-75999a967630.npz,0.95,15.71,16.66
a498c6c3-21fd-3239-8b3a-8c276b4c4f23,823259,5,3,191,191,1.0,9,False,C:\Users\noahl\OneDrive\fatigue_cv\skenes_2026_season\keypoints\a498c6c3-21fd-3239-8b3a-8c276b4c4f23.npz,1.03,15.3,16.34
d5e8be48-8cf3-3b53-b4aa-e9ecdf959d7f,823259,5,4,191,191,1.0,9,False,C:\Users\noahl\OneDrive\fatigue_cv\skenes_2026_season\keypoints\d5e8be48-8cf3-3b53-b4aa-e9ecdf959d7f.npz,0.89,15.13,16.02
c5efc5b2-c76f-34f2-bb77-eef0ccc862ac,823259,5,5,191,191,1.0,9,False,C:\Users\noahl\OneDrive\fatigue_cv\skenes_2026_season\keypoints\c5efc5b2-c76f-34f2-bb77-eef0ccc862ac.npz,1.07,15.35,16.43
95bbf8c6-6ea9-3486-a7a7-b28a7121a963,823259,5,6,191,191,1.0,9,False,C:\Users\noahl\OneDrive\fatigue_cv\skenes_2026_season\keypoints\95bbf8c6-6ea9-3486-a7a7-b28a7121a963.npz,0.86,14.76,15.62
3860bb70-70c6-3a56-b4e3-79599664f86c,823259,5,1,191,191,1.0,9,False,C:\Users\noahl\OneDrive\fatigue_cv\skenes_2026_season\keypoints\3860bb70-70c6-3a56-b4e3-79599664f86c.npz,1.16,15.88,17.05
bdc0261c-d3f0-33d1-b5ae-bdaaee861aac,823259,5,2,191,191,1.0,9,False,C:\Users\noahl\OneDrive\fatigue_cv\skenes_2026_season\keypoints\bdc0261c-d3f0-33d1-b5ae-bdaaee861aac.npz,5.32,15.24,20.57
65908517-3b88-3bed-84db-32ac3a42727b,823259,5,3,191,191,1.0,9,False,C:\Users\noahl\OneDrive\fatigue_cv\skenes_2026_season\keypoints\65908517-3b88-3bed-84db-32ac3a42727b.npz,0.96,15.01,15.96
3378c651-4f4a-3484-8356-e596edcedde5,823259,5,4,191,191,1.0,9,False,C:\Users\noahl\OneDrive\fatigue_cv\skenes_2026_season\keypoints\3378c651-4f4a-3484-8356-e596edcedde5.npz,0.82,14.78,15.6
6061223c-3b4d-308b-89d6-1e053625dedf,823259,5,5,191,191,1.0,9,False,C:\Users\noahl\OneDrive\fatigue_cv\skenes_2026_season\keypoints\6061223c-3b4d-308b-89d6-1e053625dedf.npz,0.75,14.66,15.42
f38ec1a3-dd42-3041-81d9-a51866ac9d0d,823259,5,6,191,191,1.0,9,False,C:\Users\noahl\OneDrive\fatigue_cv\skenes_2026_season\keypoints\f38ec1a3-dd42-3041-81d9-a51866ac9d0d.npz,1.13,15.05,16.18
5f1c6732-3d17-3402-9aca-2fcb15ae45b7,823259,5,1,191,191,1.0,9,False,C:\Users\noahl\OneDrive\fatigue_cv\skenes_2026_season\keypoints\5f1c6732-3d17-3402-9aca-2fcb15ae45b7.npz,0.98,15.15,16.14
9be68128-d08b-344b-9106-e0135c514463,823259,5,2,191,191,1.0,9,False,C:\Users\noahl\OneDrive\fatigue_cv\skenes_2026_season\keypoints\9be68128-d08b-344b-9106-e0135c514463.npz,1.58,15.17,16.75
ccd44a3b-0247-383b-94b0-ecc37300ac66,823259,5,3,191,191,1.0,9,False,C:\Users\noahl\OneDrive\fatigue_cv\skenes_2026_season\keypoints\ccd44a3b-0247-383b-94b0-ecc37300ac66.npz,1.33,16.48,17.81
8ba385c5-db0f-3a0f-b088-bea2b7529003,823259,5,4,191,191,1.0,9,False,C:\Users\noahl\OneDrive\fatigue_cv\skenes_2026_season\keypoints\8ba385c5-db0f-3a0f-b088-bea2b7529003.npz,0.87,16.11,16.98
dadb3ae9-7463-3971-9abf-ab2ea66e1922,823259,6,1,191,191,1.0,9,False,C:\Users\noahl\OneDrive\fatigue_cv\skenes_2026_season\keypoints\dadb3ae9-7463-3971-9abf-ab2ea66e1922.npz,0.95,15.84,16.8
58861a94-eb40-3ef6-92d8-9940cd391dce,823259,6,1,191,191,1.0,9,False,C:\Users\noahl\OneDrive\fatigue_cv\skenes_2026_season\keypoints\58861a94-eb40-3ef6-92d8-9940cd391dce.npz,0.92,15.46,16.38
f4b659f9-f0c8-3adc-9fec-002877a2885e,823259,6,2,191,191,1.0,9,False,C:\Users\noahl\OneDrive\fatigue_cv\skenes_2026_season\keypoints\f4b659f9-f0c8-3adc-9fec-002877a2885e.npz,0.9,15.75,16.66
2471e68b-4b60-3982-b3cf-5aceb496f28c,823259,6,3,191,191,1.0,9,False,C:\Users\noahl\OneDrive\fatigue_cv\skenes_2026_season\keypoints\2471e68b-4b60-3982-b3cf-5aceb496f28c.npz,1.02,15.56,16.58
c55401f1-d26f-3b22-863c-4745d49b75b6,823259,6,4,191,191,1.0,9,False,C:\Users\noahl\OneDrive\fatigue_cv\skenes_2026_season\keypoints\c55401f1-d26f-3b22-863c-4745d49b75b6.npz,0.8,15.57,16.38
f7111eef-dbf5-335e-8d39-e53be6b9c31d,823259,6,1,191,191,1.0,9,False,C:\Users\noahl\OneDrive\fatigue_cv\skenes_2026_season\keypoints\f7111eef-dbf5-335e-8d39-e53be6b9c31d.npz,1.13,15.66,16.79
2e4d336c-59cb-3efe-bf6e-51118ce33804,823259,6,2,191,191,1.0,9,False,C:\Users\noahl\OneDrive\fatigue_cv\skenes_2026_season\keypoints\2e4d336c-59cb-3efe-bf6e-51118ce33804.npz,0.8,15.47,16.28
8472b104-990a-3cbb-9fec-be75d862847e,823259,6,3,191,191,1.0,9,False,C:\Users\noahl\OneDrive\fatigue_cv\skenes_2026_season\keypoints\8472b104-990a-3cbb-9fec-be75d862847e.npz,0.78,15.02,15.8
5a3f4be3-0db1-3e8a-a16c-0705a3e5ad10,823259,6,4,191,191,1.0,9,False,C:\Users\noahl\OneDrive\fatigue_cv\skenes_2026_season\keypoints\5a3f4be3-0db1-3e8a-a16c-0705a3e5ad10.npz,0.89,14.88,15.77
a9046558-f0f6-30ed-9d68-e77a4d4da538,823259,6,5,191,151,0.791,9,False,C:\Users\noahl\OneDrive\fatigue_cv\skenes_2026_season\keypoints\a9046558-f0f6-30ed-9d68-e77a4d4da538.npz,1.14,14.31,15.46
c161b0cd-0ba1-3d20-b5f8-61d1aa783311,823259,6,6,191,191,1.0,9,False,C:\Users\noahl\OneDrive\fatigue_cv\skenes_2026_season\keypoints\c161b0cd-0ba1-3d20-b5f8-61d1aa783311.npz,0.94,14.76,15.7
a1bb2586-1f32-36a1-a170-19236652930c,823259,6,1,191,191,1.0,9,False,C:\Users\noahl\OneDrive\fatigue_cv\skenes_2026_season\keypoints\a1bb2586-1f32-36a1-a170-19236652930c.npz,1.12,14.94,16.07
f486a430-aed4-33cb-88ad-ede2867fde36,823259,6,2,191,191,1.0,9,False,C:\Users\noahl\OneDrive\fatigue_cv\skenes_2026_season\keypoints\f486a430-aed4-33cb-88ad-ede2867fde36.npz,1.25,15.47,16.72
6f617e13-60cb-3adb-9309-f7348d082365,823340,1,1,191,191,1.0,9,False,C:\Users\noahl\OneDrive\fatigue_cv\skenes_2026_season\keypoints\6f617e13-60cb-3adb-9309-f7348d082365.npz,1.29,16.13,17.43
29a69858-517f-3b77-b676-0bf92351353a,823340,1,2,191,191,1.0,9,False,C:\Users\noahl\OneDrive\fatigue_cv\skenes_2026_season\keypoints\29a69858-517f-3b77-b676-0bf92351353a.npz,1.28,15.77,17.05
e977cc3a-c1c0-3c73-8da0-e91615c4e281,823340,1,3,191,191,1.0,9,False,C:\Users\noahl\OneDrive\fatigue_cv\skenes_2026_season\keypoints\e977cc3a-c1c0-3c73-8da0-e91615c4e281.npz,1.29,15.38,16.67
ff0b4c63-ee4b-3100-a282-e2f0cad36fa1,823340,1,4,191,191,1.0,9,False,C:\Users\noahl\OneDrive\fatigue_cv\skenes_2026_season\keypoints\ff0b4c63-ee4b-3100-a282-e2f0cad36fa1.npz,1.23,15.08,16.31
da814bce-4784-3893-b201-ccbc0a0a9e00,823340,1,5,191,191,1.0,9,False,C:\Users\noahl\OneDrive\fatigue_cv\skenes_2026_season\keypoints\da814bce-4784-3893-b201-ccbc0a0a9e00.npz,1.36,15.44,16.81
16b0e6a0-723f-3929-a4e4-9ef1ccf6ffd7,823340,1,1,191,191,1.0,9,False,C:\Users\noahl\OneDrive\fatigue_cv\skenes_2026_season\keypoints\16b0e6a0-723f-3929-a4e4-9ef1ccf6ffd7.npz,1.3,15.48,16.77
1feb0dfc-5177-33e9-8718-05582b348d1a,823340,1,2,191,191,1.0,9,False,C:\Users\noahl\OneDrive\fatigue_cv\skenes_2026_season\keypoints\1feb0dfc-5177-33e9-8718-05582b348d1a.npz,0.89,15.55,16.44
3ec5f15d-b12d-34b5-812c-63cb331adf35,823340,1,3,191,191,1.0,9,False,C:\Users\noahl\OneDrive\fatigue_cv\skenes_2026_season\keypoints\3ec5f15d-b12d-34b5-812c-63cb331adf35.npz,1.12,15.79,16.91
87bb4293-235d-3760-ba56-8dee03814b74,823340,1,4,191,191,1.0,9,False,C:\Users\noahl\OneDrive\fatigue_cv\skenes_2026_season\keypoints\87bb4293-235d-3760-ba56-8dee03814b74.npz,1.17,14.5,15.67
c3a5b723-7ecc-3b67-a04e-06d57306848f,823340,1,5,191,191,1.0,9,False,C:\Users\noahl\OneDrive\fatigue_cv\skenes_2026_season\keypoints\c3a5b723-7ecc-3b67-a04e-06d57306848f.npz,1.1,14.79,15.89
607e7eb5-dc0f-3962-b64f-971fc71e9921,823340,1,1,191,191,1.0,9,False,C:\Users\noahl\OneDrive\fatigue_cv\skenes_2026_season\keypoints\607e7eb5-dc0f-3962-b64f-971fc71e9921.npz,1.51,14.82,16.34
75ce08a5-bb5c-3a4c-8910-7244647135f6,823340,1,2,191,191,1.0,9,False,C:\Users\noahl\OneDrive\fatigue_cv\skenes_2026_season\keypoints\75ce08a5-bb5c-3a4c-8910-7244647135f6.npz,1.35,14.07,15.42
56980c31-c3d6-340c-937b-76d65194b047,823340,1,3,191,191,1.0,9,False,C:\Users\noahl\OneDrive\fatigue_cv\skenes_2026_season\keypoints\56980c31-c3d6-340c-937b-76d65194b047.npz,1.32,14.67,15.99
023ccdab-2a7d-3288-a928-88951bf841a1,823340,1,4,191,191,1.0,9,False,C:\Users\noahl\OneDrive\fatigue_cv\skenes_2026_season\keypoints\023ccdab-2a7d-3288-a928-88951bf841a1.npz,1.89,15.63,17.52
3b502e37-8a70-3a0a-80a8-46429c8289c4,823340,1,5,191,191,1.0,9,False,C:\Users\noahl\OneDrive\fatigue_cv\skenes_2026_season\keypoints\3b502e37-8a70-3a0a-80a8-46429c8289c4.npz,2.2,15.25,17.45
c64c6667-be4f-31dc-a11e-6db139da19a2,823340,1,6,191,191,1.0,9,False,C:\Users\noahl\OneDrive\fatigue_cv\skenes_2026_season\keypoints\c64c6667-be4f-31dc-a11e-6db139da19a2.npz,1.19,15.89,17.08
a3b33389-3608-3c10-85d2-91b9f1fac6c5,823340,1,1,191,191,1.0,9,False,C:\Users\noahl\OneDrive\fatigue_cv\skenes_2026_season\keypoints\a3b33389-3608-3c10-85d2-91b9f1fac6c5.npz,1.23,15.56,16.8
1e31e6e3-3358-35bf-8eff-cae521c2bb33,823340,1,2,191,191,1.0,9,False,C:\Users\noahl\OneDrive\fatigue_cv\skenes_2026_season\keypoints\1e31e6e3-3358-35bf-8eff-cae521c2bb33.npz,1.14,15.82,16.97
566def69-4eb8-3158-b895-ef861ec37d2b,823340,1,3,191,191,1.0,9,False,C:\Users\noahl\OneDrive\fatigue_cv\skenes_2026_season\keypoints\566def69-4eb8-3158-b895-ef861ec37d2b.npz,1.21,14.88,16.1
f64fa852-dc30-3ce4-8f12-89b0eccc5dad,823340,1,4,191,191,1.0,9,False,C:\Users\noahl\OneDrive\fatigue_cv\skenes_2026_season\keypoints\f64fa852-dc30-3ce4-8f12-89b0eccc5dad.npz,1.29,16.41,17.7
d951461c-c94a-370f-880e-4f4579f0251d,823340,1,5,191,166,0.869,9,False,C:\Users\noahl\OneDrive\fatigue_cv\skenes_2026_season\keypoints\d951461c-c94a-370f-880e-4f4579f0251d.npz,1.44,15.53,16.97
1ad36201-1fe7-30a7-b13b-0d8fbb2f15ce,823340,1,1,191,191,1.0,9,False,C:\Users\noahl\OneDrive\fatigue_cv\skenes_2026_season\keypoints\1ad36201-1fe7-30a7-b13b-0d8fbb2f15ce.npz,1.44,15.7,17.14
bb545dfb-8f0b-31ce-a6bc-a4ff07697e52,823340,1,2,191,191,1.0,9,False,C:\Users\noahl\OneDrive\fatigue_cv\skenes_2026_season\keypoints\bb545dfb-8f0b-31ce-a6bc-a4ff07697e52.npz,1.33,15.6,16.93
3179f601-00f3-3106-bcca-2f62dd83cdbf,823340,2,1,191,191,1.0,9,False,C:\Users\noahl\OneDrive\fatigue_cv\skenes_2026_season\keypoints\3179f601-00f3-3106-bcca-2f62dd83cdbf.npz,1.23,14.73,15.96
63251b6e-bf8f-346d-975a-72cb2b982c1d,823340,2,2,191,191,1.0,9,False,C:\Users\noahl\OneDrive\fatigue_cv\skenes_2026_season\keypoints\63251b6e-bf8f-346d-975a-72cb2b982c1d.npz,1.13,15.22,16.35
34db200b-1050-3f72-a9a7-a9cf171bc7b5,823340,2,3,191,191,1.0,9,False,C:\Users\noahl\OneDrive\fatigue_cv\skenes_2026_season\keypoints\34db200b-1050-3f72-a9a7-a9cf171bc7b5.npz,1.2,15.56,16.76
0efb444f-b1f3-3afc-a375-900e9973ae99,823340,2,4,191,191,1.0,9,False,C:\Users\noahl\OneDrive\fatigue_cv\skenes_2026_season\keypoints\0efb444f-b1f3-3afc-a375-900e9973ae99.npz,1.38,14.84,16.22
889c52f3-47f4-391e-a712-21d9d3f88b64,823340,2,5,191,191,1.0,9,False,C:\Users\noahl\OneDrive\fatigue_cv\skenes_2026_season\keypoints\889c52f3-47f4-391e-a712-21d9d3f88b64.npz,2.08,14.56,16.65
8048598c-4794-3251-944e-5296a2089444,823340,2,6,191,191,1.0,9,False,C:\Users\noahl\OneDrive\fatigue_cv\skenes_2026_season\keypoints\8048598c-4794-3251-944e-5296a2089444.npz,0.78,15.42,16.21
97f66955-24e0-3b39-88de-e72034b5cdb1,823340,2,7,191,191,1.0,9,False,C:\Users\noahl\OneDrive\fatigue_cv\skenes_2026_season\keypoints\97f66955-24e0-3b39-88de-e72034b5cdb1.npz,1.25,14.74,15.99
8942ae4e-f0d7-3c85-bc29-ee644bfb76df,823340,2,8,191,191,1.0,9,False,C:\Users\noahl\OneDrive\fatigue_cv\skenes_2026_season\keypoints\8942ae4e-f0d7-3c85-bc29-ee644bfb76df.npz,1.44,15.57,17.01
0238fcdd-e18d-305b-b0e5-e0577e86dea7,823340,2,1,191,191,1.0,9,False,C:\Users\noahl\OneDrive\fatigue_cv\skenes_2026_season\keypoints\0238fcdd-e18d-305b-b0e5-e0577e86dea7.npz,1.05,14.9,15.95
1ea58dd2-bcf7-33ae-9ce5-3534160e0501,823340,2,2,191,191,1.0,9,False,C:\Users\noahl\OneDrive\fatigue_cv\skenes_2026_season\keypoints\1ea58dd2-bcf7-33ae-9ce5-3534160e0501.npz,0.91,16.0,16.91
ce6f201c-a87b-3d81-aa8e-2d7b5002000d,823340,2,3,191,191,1.0,9,False,C:\Users\noahl\OneDrive\fatigue_cv\skenes_2026_season\keypoints\ce6f201c-a87b-3d81-aa8e-2d7b5002000d.npz,1.1,15.94,17.04
df09d61a-2249-38fc-a27d-17e6dbf37295,823340,2,1,191,191,1.0,9,False,C:\Users\noahl\OneDrive\fatigue_cv\skenes_2026_season\keypoints\df09d61a-2249-38fc-a27d-17e6dbf37295.npz,0.9,15.45,16.35
fe6958ee-54a2-39f7-958e-5b7925c23f2f,823340,2,1,191,191,1.0,9,False,C:\Users\noahl\OneDrive\fatigue_cv\skenes_2026_season\keypoints\fe6958ee-54a2-39f7-958e-5b7925c23f2f.npz,0.95,15.48,16.44
4fab2d3f-c8bf-3b77-bd0a-af8d451e961a,823340,2,1,191,191,1.0,9,False,C:\Users\noahl\OneDrive\fatigue_cv\skenes_2026_season\keypoints\4fab2d3f-c8bf-3b77-bd0a-af8d451e961a.npz,1.05,15.46,16.51
948401e3-1187-3f74-8e74-475d7d42eebb,823340,2,2,191,191,1.0,9,False,C:\Users\noahl\OneDrive\fatigue_cv\skenes_2026_season\keypoints\948401e3-1187-3f74-8e74-475d7d42eebb.npz,1.2,14.6,15.8
1a44be99-4250-354f-8b48-9dcab61de1fb,823340,2,1,191,191,1.0,9,False,C:\Users\noahl\OneDrive\fatigue_cv\skenes_2026_season\keypoints\1a44be99-4250-354f-8b48-9dcab61de1fb.npz,1.09,14.85,15.94
c5413751-4612-32fd-9191-98b318daee35,823340,2,2,191,191,1.0,9,False,C:\Users\noahl\OneDrive\fatigue_cv\skenes_2026_season\keypoints\c5413751-4612-32fd-9191-98b318daee35.npz,1.5,14.64,16.14
e3784d7e-b231-3962-9477-0977a36297d6,823340,2,1,191,124,0.649,9,False,C:\Users\noahl\OneDrive\fatigue_cv\skenes_2026_season\keypoints\e3784d7e-b231-3962-9477-0977a36297d6.npz,1.21,14.74,15.95
83c89fd5-8660-3d55-98aa-0a061a8f269a,823340,2,2,191,191,1.0,9,False,C:\Users\noahl\OneDrive\fatigue_cv\skenes_2026_season\keypoints\83c89fd5-8660-3d55-98aa-0a061a8f269a.npz,1.14,14.38,15.53
bc37f5a0-0b78-3fd0-9b2e-caacabae5d0c,823340,2,3,191,191,1.0,9,False,C:\Users\noahl\OneDrive\fatigue_cv\skenes_2026_season\keypoints\bc37f5a0-0b78-3fd0-9b2e-caacabae5d0c.npz,1.17,14.83,15.99
d0bdf102-dd88-3a71-b60b-026b6003f63a,823340,2,4,191,190,0.995,9,False,C:\Users\noahl\OneDrive\fatigue_cv\skenes_2026_season\keypoints\d0bdf102-dd88-3a71-b60b-026b6003f63a.npz,1.26,15.83,17.09
433bc5cf-71d3-36e0-8f66-8740acb61a17,823340,2,1,191,191,1.0,9,False,C:\Users\noahl\OneDrive\fatigue_cv\skenes_2026_season\keypoints\433bc5cf-71d3-36e0-8f66-8740acb61a17.npz,1.18,15.46,16.64
302df9db-08d5-3d55-b11b-4017fb9553fc,823340,2,2,191,191,1.0,9,False,C:\Users\noahl\OneDrive\fatigue_cv\skenes_2026_season\keypoints\302df9db-08d5-3d55-b11b-4017fb9553fc.npz,1.01,15.15,16.16
e982974e-6f84-3dc9-ae4c-b72b4c5dfed7,823340,2,3,191,191,1.0,9,False,C:\Users\noahl\OneDrive\fatigue_cv\skenes_2026_season\keypoints\e982974e-6f84-3dc9-ae4c-b72b4c5dfed7.npz,1.57,15.72,17.29
cf09b3e9-3461-33ff-85df-0e4f31eeb0c4,823340,2,4,191,191,1.0,9,False,C:\Users\noahl\OneDrive\fatigue_cv\skenes_2026_season\keypoints\cf09b3e9-3461-33ff-85df-0e4f31eeb0c4.npz,1.24,15.58,16.82
90d9727e-f013-3723-8a89-6174070603fb,823340,2,5,191,191,1.0,9,False,C:\Users\noahl\OneDrive\fatigue_cv\skenes_2026_season\keypoints\90d9727e-f013-3723-8a89-6174070603fb.npz,0.77,15.51,16.28
77de6571-e7e7-3137-b494-8d3a53f0362a,823340,3,1,191,191,1.0,9,False,C:\Users\noahl\OneDrive\fatigue_cv\skenes_2026_season\keypoints\77de6571-e7e7-3137-b494-8d3a53f0362a.npz,1.33,16.17,17.51
4b71b7d3-b03b-3afd-8040-f1ceb816cf4c,823340,3,2,191,191,1.0,9,False,C:\Users\noahl\OneDrive\fatigue_cv\skenes_2026_season\keypoints\4b71b7d3-b03b-3afd-8040-f1ceb816cf4c.npz,1.17,15.48,16.66
eddfaf0a-484c-359a-bbaf-e91d4d6b8346,823340,3,3,191,191,1.0,9,False,C:\Users\noahl\OneDrive\fatigue_cv\skenes_2026_season\keypoints\eddfaf0a-484c-359a-bbaf-e91d4d6b8346.npz,1.12,15.77,16.89
5e1387d3-520a-30cb-a5d6-3d9a09208478,823340,3,4,191,191,1.0,9,False,C:\Users\noahl\OneDrive\fatigue_cv\skenes_2026_season\keypoints\5e1387d3-520a-30cb-a5d6-3d9a09208478.npz,1.27,14.57,15.85
ff3a230b-5d44-3b87-8e50-d5ed1690127b,823340,3,1,191,191,1.0,9,False,C:\Users\noahl\OneDrive\fatigue_cv\skenes_2026_season\keypoints\ff3a230b-5d44-3b87-8e50-d5ed1690127b.npz,1.16,14.77,15.93
642ec340-45b2-336c-85b1-88fee4f3c6b6,823340,3,1,191,191,1.0,9,False,C:\Users\noahl\OneDrive\fatigue_cv\skenes_2026_season\keypoints\642ec340-45b2-336c-85b1-88fee4f3c6b6.npz,0.78,14.35,15.12
e869598f-0ed3-394a-9e90-7ff9c53ed1a9,823340,3,2,191,191,1.0,9,False,C:\Users\noahl\OneDrive\fatigue_cv\skenes_2026_season\keypoints\e869598f-0ed3-394a-9e90-7ff9c53ed1a9.npz,1.11,15.56,16.67
2e8df4fe-65a5-3830-8e76-7b5432156a10,823340,3,3,191,191,1.0,9,False,C:\Users\noahl\OneDrive\fatigue_cv\skenes_2026_season\keypoints\2e8df4fe-65a5-3830-8e76-7b5432156a10.npz,1.45,14.43,15.88
2ef3d0b1-91f6-3b41-bdc4-185fd7eee5b1,823340,3,4,191,191,1.0,9,False,C:\Users\noahl\OneDrive\fatigue_cv\skenes_2026_season\keypoints\2ef3d0b1-91f6-3b41-bdc4-185fd7eee5b1.npz,1.28,16.71,17.99
76f448b5-32b8-3066-9380-a0aeadd6b049,823340,3,5,191,191,1.0,9,False,C:\Users\noahl\OneDrive\fatigue_cv\skenes_2026_season\keypoints\76f448b5-32b8-3066-9380-a0aeadd6b049.npz,0.82,15.45,16.27
ccebb02f-ecf0-328a-abd0-338d1b54ce23,823340,4,1,191,191,1.0,9,False,C:\Users\noahl\OneDrive\fatigue_cv\skenes_2026_season\keypoints\ccebb02f-ecf0-328a-abd0-338d1b54ce23.npz,1.13,15.67,16.8
e0775044-e05b-3aae-904f-e12a6095d7a2,823340,4,2,191,191,1.0,9,False,C:\Users\noahl\OneDrive\fatigue_cv\skenes_2026_season\keypoints\e0775044-e05b-3aae-904f-e12a6095d7a2.npz,0.87,15.57,16.44
3accbf86-0489-353f-a64b-a51c7f3ae694,823340,4,3,191,191,1.0,9,False,C:\Users\noahl\OneDrive\fatigue_cv\skenes_2026_season\keypoints\3accbf86-0489-353f-a64b-a51c7f3ae694.npz,1.2,15.81,17.01
9208b846-e106-374d-8a48-beb611dea3c3,823340,4,4,191,191,1.0,9,False,C:\Users\noahl\OneDrive\fatigue_cv\skenes_2026_season\keypoints\9208b846-e106-374d-8a48-beb611dea3c3.npz,1.43,16.06,17.49
fe0776de-5ff3-3d9a-865d-129f82771ee6,823340,4,5,191,191,1.0,9,False,C:\Users\noahl\OneDrive\fatigue_cv\skenes_2026_season\keypoints\fe0776de-5ff3-3d9a-865d-129f82771ee6.npz,1.53,16.31,17.84
f3474b12-adc5-3f11-9f62-40f3227d1b60,823340,4,1,191,191,1.0,9,False,C:\Users\noahl\OneDrive\fatigue_cv\skenes_2026_season\keypoints\f3474b12-adc5-3f11-9f62-40f3227d1b60.npz,1.13,15.93,17.06
39000115-4bfc-35cf-9bd0-b6e43ecc572f,823340,4,2,191,191,1.0,9,False,C:\Users\noahl\OneDrive\fatigue_cv\skenes_2026_season\keypoints\39000115-4bfc-35cf-9bd0-b6e43ecc572f.npz,1.34,15.4,16.74
0a23500b-2b9c-3726-a147-e20b0e7c71b9,823340,4,3,191,191,1.0,9,False,C:\Users\noahl\OneDrive\fatigue_cv\skenes_2026_season\keypoints\0a23500b-2b9c-3726-a147-e20b0e7c71b9.npz,1.0,15.01,16.01
0c68a535-2155-3151-8c23-aa51f7cfc1f8,823340,4,4,191,191,1.0,9,False,C:\Users\noahl\OneDrive\fatigue_cv\skenes_2026_season\keypoints\0c68a535-2155-3151-8c23-aa51f7cfc1f8.npz,1.31,15.22,16.53
73a32db7-8239-3157-a0ab-1c3a3630f746,823340,4,5,191,191,1.0,9,False,C:\Users\noahl\OneDrive\fatigue_cv\skenes_2026_season\keypoints\73a32db7-8239-3157-a0ab-1c3a3630f746.npz,0.82,14.72,15.54
f519d236-ad60-3b66-b742-81c8442a5697,823340,4,1,191,191,1.0,9,False,C:\Users\noahl\OneDrive\fatigue_cv\skenes_2026_season\keypoints\f519d236-ad60-3b66-b742-81c8442a5697.npz,1.22,15.18,16.4
210150ea-b02e-3157-8ec2-00d4e5f75e5d,823340,4,2,191,191,1.0,9,False,C:\Users\noahl\OneDrive\fatigue_cv\skenes_2026_season\keypoints\210150ea-b02e-3157-8ec2-00d4e5f75e5d.npz,1.56,14.59,16.16
4d86ec6d-119d-3413-8a5a-a1628a609830,823340,4,1,191,191,1.0,9,False,C:\Users\noahl\OneDrive\fatigue_cv\skenes_2026_season\keypoints\4d86ec6d-119d-3413-8a5a-a1628a609830.npz,1.29,15.26,16.55
081e5f9b-755b-3680-8947-61bd139ba9e6,823340,4,2,191,191,1.0,9,False,C:\Users\noahl\OneDrive\fatigue_cv\skenes_2026_season\keypoints\081e5f9b-755b-3680-8947-61bd139ba9e6.npz,1.13,15.61,16.74
8e07f475-7c68-3477-8256-ef2caf9d5924,823340,4,3,191,191,1.0,9,False,C:\Users\noahl\OneDrive\fatigue_cv\skenes_2026_season\keypoints\8e07f475-7c68-3477-8256-ef2caf9d5924.npz,1.27,15.85,17.13
77d39044-f48a-3e89-9bca-009bf867cfaf,823340,4,4,191,191,1.0,9,False,C:\Users\noahl\OneDrive\fatigue_cv\skenes_2026_season\keypoints\77d39044-f48a-3e89-9bca-009bf867cfaf.npz,1.24,16.05,17.29
21a41a5c-c6c1-3124-8be7-35a30e018dc0,823340,4,1,191,191,1.0,9,False,C:\Users\noahl\OneDrive\fatigue_cv\skenes_2026_season\keypoints\21a41a5c-c6c1-3124-8be7-35a30e018dc0.npz,1.57,15.36,16.93
96790f35-fd16-3764-9823-92f11d2c795f,823340,4,2,191,191,1.0,9,False,C:\Users\noahl\OneDrive\fatigue_cv\skenes_2026_season\keypoints\96790f35-fd16-3764-9823-92f11d2c795f.npz,1.05,15.1,16.15
1c2f01f3-575c-39d8-9d3c-eb6893bb9f2e,823340,4,3,191,191,1.0,9,False,C:\Users\noahl\OneDrive\fatigue_cv\skenes_2026_season\keypoints\1c2f01f3-575c-39d8-9d3c-eb6893bb9f2e.npz,1.3,15.23,16.54
82ec8115-c4cd-3eab-9227-55f4ca9210b2,823340,4,4,191,191,1.0,9,False,C:\Users\noahl\OneDrive\fatigue_cv\skenes_2026_season\keypoints\82ec8115-c4cd-3eab-9227-55f4ca9210b2.npz,1.1,16.02,17.12
9f3e4df0-f1cb-3e12-96b2-ebf898f19f8d,823340,4,5,191,191,1.0,9,False,C:\Users\noahl\OneDrive\fatigue_cv\skenes_2026_season\keypoints\9f3e4df0-f1cb-3e12-96b2-ebf898f19f8d.npz,0.8,15.75,16.54
b01407cc-bb5a-3aa6-b635-cbba11e1fe24,823340,5,1,191,169,0.885,9,False,C:\Users\noahl\OneDrive\fatigue_cv\skenes_2026_season\keypoints\b01407cc-bb5a-3aa6-b635-cbba11e1fe24.npz,3.02,15.29,18.32
80495fff-4d3f-330d-bb3b-93c22101e3b7,823340,5,2,191,191,1.0,9,False,C:\Users\noahl\OneDrive\fatigue_cv\skenes_2026_season\keypoints\80495fff-4d3f-330d-bb3b-93c22101e3b7.npz,1.3,14.83,16.14
6533ea0f-7dee-3d13-bd65-312e90adae3c,823340,5,3,191,191,1.0,9,False,C:\Users\noahl\OneDrive\fatigue_cv\skenes_2026_season\keypoints\6533ea0f-7dee-3d13-bd65-312e90adae3c.npz,1.12,15.45,16.57
a093d742-ac51-3f30-973c-57e00ee3d5c5,823340,5,4,191,191,1.0,9,False,C:\Users\noahl\OneDrive\fatigue_cv\skenes_2026_season\keypoints\a093d742-ac51-3f30-973c-57e00ee3d5c5.npz,0.99,15.16,16.16
018de0fc-330c-39b3-8279-b6cbc0c38d8e,823340,5,1,191,191,1.0,9,False,C:\Users\noahl\OneDrive\fatigue_cv\skenes_2026_season\keypoints\018de0fc-330c-39b3-8279-b6cbc0c38d8e.npz,0.96,14.3,15.26
fdc6f7a9-b8a7-3b8f-a21a-626545c90df8,823340,5,1,191,191,1.0,9,False,C:\Users\noahl\OneDrive\fatigue_cv\skenes_2026_season\keypoints\fdc6f7a9-b8a7-3b8f-a21a-626545c90df8.npz,0.91,15.39,16.3
38eb57f8-3b8c-31f3-a4aa-f606e0467aef,823340,5,2,191,191,1.0,9,False,C:\Users\noahl\OneDrive\fatigue_cv\skenes_2026_season\keypoints\38eb57f8-3b8c-31f3-a4aa-f606e0467aef.npz,1.2,15.69,16.9
818e3a54-5c7e-3c39-92f9-177e1cee209e,823340,5,3,191,191,1.0,9,False,C:\Users\noahl\OneDrive\fatigue_cv\skenes_2026_season\keypoints\818e3a54-5c7e-3c39-92f9-177e1cee209e.npz,0.82,15.1,15.92
8f5821bc-d87f-32b8-84b3-3b7b731d5674,823340,5,4,191,191,1.0,9,False,C:\Users\noahl\OneDrive\fatigue_cv\skenes_2026_season\keypoints\8f5821bc-d87f-32b8-84b3-3b7b731d5674.npz,0.85,16.29,17.14
9bb4918a-cb85-3555-8ecf-2358b399c565,823340,5,5,191,191,1.0,9,False,C:\Users\noahl\OneDrive\fatigue_cv\skenes_2026_season\keypoints\9bb4918a-cb85-3555-8ecf-2358b399c565.npz,1.05,15.75,16.8
74ea2d07-a1e6-39b1-8dca-fc9c970a28c0,823340,5,1,191,191,1.0,9,False,C:\Users\noahl\OneDrive\fatigue_cv\skenes_2026_season\keypoints\74ea2d07-a1e6-39b1-8dca-fc9c970a28c0.npz,1.03,15.26,16.3
b6872933-1586-3645-a05b-c54a85543493,823340,5,2,191,183,0.958,9,False,C:\Users\noahl\OneDrive\fatigue_cv\skenes_2026_season\keypoints\b6872933-1586-3645-a05b-c54a85543493.npz,0.85,15.6,16.45
a0151b56-fd7a-3995-8aaa-4e323d3c009d,823340,5,3,191,191,1.0,9,False,C:\Users\noahl\OneDrive\fatigue_cv\skenes_2026_season\keypoints\a0151b56-fd7a-3995-8aaa-4e323d3c009d.npz,0.83,16.12,16.96
6626a993-6360-3340-bd17-2777bd64882e,823340,5,4,191,191,1.0,9,False,C:\Users\noahl\OneDrive\fatigue_cv\skenes_2026_season\keypoints\6626a993-6360-3340-bd17-2777bd64882e.npz,0.84,15.5,16.34
790e192e-77cb-304e-8a95-35a2d64096e8,823340,5,5,191,191,1.0,9,False,C:\Users\noahl\OneDrive\fatigue_cv\skenes_2026_season\keypoints\790e192e-77cb-304e-8a95-35a2d64096e8.npz,2.04,15.69,17.73
a28bae3b-04f7-3ff2-b52a-b2d855a20b01,823336,1,1,191,191,1.0,9,False,C:\Users\noahl\OneDrive\fatigue_cv\skenes_2026_season\keypoints\a28bae3b-04f7-3ff2-b52a-b2d855a20b01.npz,1.62,14.57,16.2
f0d97520-7280-3f17-8b77-c127aa2a2ada,823336,1,1,191,191,1.0,9,False,C:\Users\noahl\OneDrive\fatigue_cv\skenes_2026_season\keypoints\f0d97520-7280-3f17-8b77-c127aa2a2ada.npz,0.8,15.82,16.62
d209f1c0-21b0-3f18-ad15-ba24cd0935e0,823336,1,2,191,191,1.0,9,False,C:\Users\noahl\OneDrive\fatigue_cv\skenes_2026_season\keypoints\d209f1c0-21b0-3f18-ad15-ba24cd0935e0.npz,1.63,15.27,16.9
797a482d-2569-3334-9aff-f67f3aa71263,823336,1,3,191,191,1.0,9,False,C:\Users\noahl\OneDrive\fatigue_cv\skenes_2026_season\keypoints\797a482d-2569-3334-9aff-f67f3aa71263.npz,0.95,16.34,17.29
c9e7ba5f-ca42-3595-b35a-899bca697a94,823336,1,1,191,191,1.0,9,False,C:\Users\noahl\OneDrive\fatigue_cv\skenes_2026_season\keypoints\c9e7ba5f-ca42-3595-b35a-899bca697a94.npz,1.02,15.0,16.02
689cd597-2806-3a01-8c41-2f1aa25ed819,823336,1,2,191,191,1.0,9,False,C:\Users\noahl\OneDrive\fatigue_cv\skenes_2026_season\keypoints\689cd597-2806-3a01-8c41-2f1aa25ed819.npz,0.99,15.74,16.73
268c7f48-299c-35c3-977d-1677d3f996f0,823336,1,3,191,191,1.0,9,False,C:\Users\noahl\OneDrive\fatigue_cv\skenes_2026_season\keypoints\268c7f48-299c-35c3-977d-1677d3f996f0.npz,1.02,15.5,16.52
942379c3-c5c1-3cc2-94b7-7160b786bdf8,823336,1,1,191,191,1.0,9,False,C:\Users\noahl\OneDrive\fatigue_cv\skenes_2026_season\keypoints\942379c3-c5c1-3cc2-94b7-7160b786bdf8.npz,1.24,15.66,16.9
9f0b1b32-72a0-3efc-9329-bf6c1ba06468,823336,1,2,191,191,1.0,9,False,C:\Users\noahl\OneDrive\fatigue_cv\skenes_2026_season\keypoints\9f0b1b32-72a0-3efc-9329-bf6c1ba06468.npz,0.91,15.54,16.45
416b9b89-6d1c-3548-a714-d76e36cab6fb,823336,1,3,191,191,1.0,9,False,C:\Users\noahl\OneDrive\fatigue_cv\skenes_2026_season\keypoints\416b9b89-6d1c-3548-a714-d76e36cab6fb.npz,1.2,15.37,16.57
ffcc882a-e042-3144-be7d-2bfabc5bc2ec,823336,1,4,191,191,1.0,9,False,C:\Users\noahl\OneDrive\fatigue_cv\skenes_2026_season\keypoints\ffcc882a-e042-3144-be7d-2bfabc5bc2ec.npz,2.37,15.9,18.27
53efbf4e-377b-3b6c-af5c-be7eea39567f,823336,2,1,191,191,1.0,9,False,C:\Users\noahl\OneDrive\fatigue_cv\skenes_2026_season\keypoints\53efbf4e-377b-3b6c-af5c-be7eea39567f.npz,1.36,15.7,17.05
25a75dbb-aa01-3e40-8d14-618126f39030,823336,2,2,191,191,1.0,9,False,C:\Users\noahl\OneDrive\fatigue_cv\skenes_2026_season\keypoints\25a75dbb-aa01-3e40-8d14-618126f39030.npz,1.33,15.34,16.68
b94c6600-8ee3-3ac9-a6c1-d1387a5e45b9,823336,2,1,191,191,1.0,9,False,C:\Users\noahl\OneDrive\fatigue_cv\skenes_2026_season\keypoints\b94c6600-8ee3-3ac9-a6c1-d1387a5e45b9.npz,1.23,15.21,16.44
c9b1b962-f67b-325a-b8ab-6c51eb735791,823336,2,2,191,191,1.0,9,False,C:\Users\noahl\OneDrive\fatigue_cv\skenes_2026_season\keypoints\c9b1b962-f67b-325a-b8ab-6c51eb735791.npz,1.0,15.08,16.08
09ec20da-570a-314a-af30-dd8bc2be8ec0,823336,2,3,191,191,1.0,9,False,C:\Users\noahl\OneDrive\fatigue_cv\skenes_2026_season\keypoints\09ec20da-570a-314a-af30-dd8bc2be8ec0.npz,1.14,14.63,15.77
d5e17e87-f767-3a7a-8c57-fdc6a793e6b2,823336,2,4,191,191,1.0,9,False,C:\Users\noahl\OneDrive\fatigue_cv\skenes_2026_season\keypoints\d5e17e87-f767-3a7a-8c57-fdc6a793e6b2.npz,0.81,14.82,15.63
9f0906e6-ad96-3a84-a7df-0b7da505b8f4,823336,2,5,191,190,0.995,9,False,C:\Users\noahl\OneDrive\fatigue_cv\skenes_2026_season\keypoints\9f0906e6-ad96-3a84-a7df-0b7da505b8f4.npz,1.01,14.98,15.99
de86fbca-1baf-3797-a7cc-ac129fdfa325,823336,2,1,191,191,1.0,9,False,C:\Users\noahl\OneDrive\fatigue_cv\skenes_2026_season\keypoints\de86fbca-1baf-3797-a7cc-ac129fdfa325.npz,0.87,14.85,15.72
b5f260bf-3f2b-329a-a7b0-f3942b04ccc0,823336,2,2,191,191,1.0,9,False,C:\Users\noahl\OneDrive\fatigue_cv\skenes_2026_season\keypoints\b5f260bf-3f2b-329a-a7b0-f3942b04ccc0.npz,0.86,15.19,16.05
34dcfc1e-ed51-364d-ab29-caf505e3fd36,823336,2,3,191,191,1.0,9,False,C:\Users\noahl\OneDrive\fatigue_cv\skenes_2026_season\keypoints\34dcfc1e-ed51-364d-ab29-caf505e3fd36.npz,0.95,15.69,16.64
63b591e0-dd2b-3fca-824c-a846368ef409,823336,2,4,191,191,1.0,9,False,C:\Users\noahl\OneDrive\fatigue_cv\skenes_2026_season\keypoints\63b591e0-dd2b-3fca-824c-a846368ef409.npz,1.18,15.47,16.66
476ffc8f-91b7-3c30-bc55-ec46a45f7136,823336,2,5,191,191,1.0,9,False,C:\Users\noahl\OneDrive\fatigue_cv\skenes_2026_season\keypoints\476ffc8f-91b7-3c30-bc55-ec46a45f7136.npz,1.06,16.24,17.3
f6d9d68b-bff4-3010-9f5e-ea831713ce27,823336,2,6,191,191,1.0,9,False,C:\Users\noahl\OneDrive\fatigue_cv\skenes_2026_season\keypoints\f6d9d68b-bff4-3010-9f5e-ea831713ce27.npz,1.04,16.3,17.35
31a191c8-cca1-35d1-bd94-f0ad8c442e97,823336,2,1,191,191,1.0,9,False,C:\Users\noahl\OneDrive\fatigue_cv\skenes_2026_season\keypoints\31a191c8-cca1-35d1-bd94-f0ad8c442e97.npz,0.83,15.8,16.63
07ced784-de32-3a85-a55b-2b6393efc2ad,823336,2,2,191,191,1.0,9,False,C:\Users\noahl\OneDrive\fatigue_cv\skenes_2026_season\keypoints\07ced784-de32-3a85-a55b-2b6393efc2ad.npz,2.6,15.21,17.81
38c4ba98-2302-36e3-8ca8-dceeb1602f5c,823336,2,3,191,191,1.0,9,False,C:\Users\noahl\OneDrive\fatigue_cv\skenes_2026_season\keypoints\38c4ba98-2302-36e3-8ca8-dceeb1602f5c.npz,1.22,15.97,17.2
52839b53-c1e6-39a1-9d0d-6e1a393eab3d,823336,2,4,191,191,1.0,9,False,C:\Users\noahl\OneDrive\fatigue_cv\skenes_2026_season\keypoints\52839b53-c1e6-39a1-9d0d-6e1a393eab3d.npz,1.11,15.21,16.32
64b7d00c-415a-35ee-95f3-8a91582b2f6b,823336,3,1,191,191,1.0,9,False,C:\Users\noahl\OneDrive\fatigue_cv\skenes_2026_season\keypoints\64b7d00c-415a-35ee-95f3-8a91582b2f6b.npz,1.24,16.45,17.69
471b85bb-034b-3a73-a186-a324b3ce8e22,823336,3,2,191,191,1.0,9,False,C:\Users\noahl\OneDrive\fatigue_cv\skenes_2026_season\keypoints\471b85bb-034b-3a73-a186-a324b3ce8e22.npz,1.6,15.19,16.79
080f7564-3296-39aa-b2b5-b5813f38997f,823336,3,3,191,156,0.817,0,True,C:\Users\noahl\OneDrive\fatigue_cv\skenes_2026_season\keypoints\080f7564-3296-39aa-b2b5-b5813f38997f.npz,1.9,14.99,16.89
f4891cc1-483e-3fb2-8ce0-e2a707b533c1,823336,3,4,191,191,1.0,9,False,C:\Users\noahl\OneDrive\fatigue_cv\skenes_2026_season\keypoints\f4891cc1-483e-3fb2-8ce0-e2a707b533c1.npz,1.15,14.58,15.74
1736e6e0-7328-3272-b067-1f614a54f978,823336,3,1,191,191,1.0,9,False,C:\Users\noahl\OneDrive\fatigue_cv\skenes_2026_season\keypoints\1736e6e0-7328-3272-b067-1f614a54f978.npz,0.94,15.4,16.34
e9e611c6-a6ea-3038-825a-a11e02a05c22,823336,3,2,191,191,1.0,9,False,C:\Users\noahl\OneDrive\fatigue_cv\skenes_2026_season\keypoints\e9e611c6-a6ea-3038-825a-a11e02a05c22.npz,0.87,14.76,15.63
e2d1ff9d-77f7-3a72-bf28-be2f7ad2f66d,823336,3,3,191,191,1.0,9,False,C:\Users\noahl\OneDrive\fatigue_cv\skenes_2026_season\keypoints\e2d1ff9d-77f7-3a72-bf28-be2f7ad2f66d.npz,0.93,15.59,16.52
53fa337a-905a-3239-aaa2-303bfc79ea06,823336,3,4,191,191,1.0,9,False,C:\Users\noahl\OneDrive\fatigue_cv\skenes_2026_season\keypoints\53fa337a-905a-3239-aaa2-303bfc79ea06.npz,1.02,15.85,16.88
cd86d258-a0f6-3940-8cef-1926265f2fb2,823336,3,5,191,191,1.0,9,False,C:\Users\noahl\OneDrive\fatigue_cv\skenes_2026_season\keypoints\cd86d258-a0f6-3940-8cef-1926265f2fb2.npz,0.93,16.63,17.56
404858a5-f783-3abe-895c-91888f3305b5,823336,3,6,191,191,1.0,9,False,C:\Users\noahl\OneDrive\fatigue_cv\skenes_2026_season\keypoints\404858a5-f783-3abe-895c-91888f3305b5.npz,0.82,16.14,16.96
52bd0c8d-e05d-3278-9e64-7f74a571c4a6,823336,3,7,191,191,1.0,9,False,C:\Users\noahl\OneDrive\fatigue_cv\skenes_2026_season\keypoints\52bd0c8d-e05d-3278-9e64-7f74a571c4a6.npz,1.31,15.7,17.01
955ddb97-aafc-3343-81d2-78c8ade74877,823336,3,8,191,191,1.0,9,False,C:\Users\noahl\OneDrive\fatigue_cv\skenes_2026_season\keypoints\955ddb97-aafc-3343-81d2-78c8ade74877.npz,0.99,15.59,16.59
bedb0e5a-5c79-3e43-9f90-c2a456790349,823336,3,9,191,191,1.0,9,False,C:\Users\noahl\OneDrive\fatigue_cv\skenes_2026_season\keypoints\bedb0e5a-5c79-3e43-9f90-c2a456790349.npz,0.92,15.56,16.48
0d39cac8-eb40-39ea-887d-e62b7477f5c7,823336,3,10,191,191,1.0,9,False,C:\Users\noahl\OneDrive\fatigue_cv\skenes_2026_season\keypoints\0d39cac8-eb40-39ea-887d-e62b7477f5c7.npz,0.99,15.35,16.35
9c846442-7bd1-33a0-a3e2-0b3db3c1945c,823336,3,1,191,191,1.0,9,False,C:\Users\noahl\OneDrive\fatigue_cv\skenes_2026_season\keypoints\9c846442-7bd1-33a0-a3e2-0b3db3c1945c.npz,1.13,15.75,16.89
c9a54d7d-2bba-3c1b-9048-6a1dee4842f2,823336,3,2,191,191,1.0,9,False,C:\Users\noahl\OneDrive\fatigue_cv\skenes_2026_season\keypoints\c9a54d7d-2bba-3c1b-9048-6a1dee4842f2.npz,0.86,15.95,16.81
d52b881a-2ae0-3e94-bd51-42e08cd58a7f,823336,3,3,191,191,1.0,9,False,C:\Users\noahl\OneDrive\fatigue_cv\skenes_2026_season\keypoints\d52b881a-2ae0-3e94-bd51-42e08cd58a7f.npz,0.94,15.13,16.08
57a7510c-d683-3422-ba92-56272ed9daa4,823336,3,4,191,191,1.0,9,False,C:\Users\noahl\OneDrive\fatigue_cv\skenes_2026_season\keypoints\57a7510c-d683-3422-ba92-56272ed9daa4.npz,1.33,15.15,16.48
8f3c7f8c-aa27-3752-a888-870d64181f9c,823336,3,5,191,191,1.0,9,False,C:\Users\noahl\OneDrive\fatigue_cv\skenes_2026_season\keypoints\8f3c7f8c-aa27-3752-a888-870d64181f9c.npz,1.1,15.51,16.62
7ca4da04-5c98-3aaa-92f3-c2a28bf0a939,823336,3,1,191,191,1.0,9,False,C:\Users\noahl\OneDrive\fatigue_cv\skenes_2026_season\keypoints\7ca4da04-5c98-3aaa-92f3-c2a28bf0a939.npz,1.36,15.3,16.66
def77e2e-7643-3a94-a3bd-e30447c90b2e,823336,4,1,191,156,0.817,9,False,C:\Users\noahl\OneDrive\fatigue_cv\skenes_2026_season\keypoints\def77e2e-7643-3a94-a3bd-e30447c90b2e.npz,1.11,15.52,16.63
6072e628-bcfe-3186-9ed5-169dd6efd388,823336,4,2,191,191,1.0,9,False,C:\Users\noahl\OneDrive\fatigue_cv\skenes_2026_season\keypoints\6072e628-bcfe-3186-9ed5-169dd6efd388.npz,0.83,15.69,16.52
faed3c05-d67f-3d6c-8b14-a76bc414e293,823336,4,3,191,191,1.0,9,False,C:\Users\noahl\OneDrive\fatigue_cv\skenes_2026_season\keypoints\faed3c05-d67f-3d6c-8b14-a76bc414e293.npz,1.12,15.96,17.09
4c88e226-ce02-3c57-b92a-c6e2ce39d19b,823336,4,4,191,191,1.0,9,False,C:\Users\noahl\OneDrive\fatigue_cv\skenes_2026_season\keypoints\4c88e226-ce02-3c57-b92a-c6e2ce39d19b.npz,1.05,15.44,16.49
a6b14520-a9fa-32c8-98bd-c3e1584cc731,823336,4,5,191,191,1.0,9,False,C:\Users\noahl\OneDrive\fatigue_cv\skenes_2026_season\keypoints\a6b14520-a9fa-32c8-98bd-c3e1584cc731.npz,1.69,15.79,17.48
eeaf48f2-69b1-3a4c-bac4-1c508a5143ac,823336,4,6,191,191,1.0,9,False,C:\Users\noahl\OneDrive\fatigue_cv\skenes_2026_season\keypoints\eeaf48f2-69b1-3a4c-bac4-1c508a5143ac.npz,2.09,15.3,17.39
96107fc1-8d8d-3e27-9b0e-1e97bf187816,823336,4,7,191,191,1.0,9,False,C:\Users\noahl\OneDrive\fatigue_cv\skenes_2026_season\keypoints\96107fc1-8d8d-3e27-9b0e-1e97bf187816.npz,1.13,15.38,16.52
e97c1a80-1831-35b4-b7a4-be94bbab2ef4,823336,4,1,191,151,0.791,2,True,C:\Users\noahl\OneDrive\fatigue_cv\skenes_2026_season\keypoints\e97c1a80-1831-35b4-b7a4-be94bbab2ef4.npz,1.02,15.75,16.77
9b4c145b-8203-3dfc-ba57-ed4195a8b23f,823336,4,2,191,191,1.0,9,False,C:\Users\noahl\OneDrive\fatigue_cv\skenes_2026_season\keypoints\9b4c145b-8203-3dfc-ba57-ed4195a8b23f.npz,1.23,15.56,16.79
ca4d8fc4-4584-355d-9e90-b859a5be92bf,823336,4,3,191,191,1.0,9,False,C:\Users\noahl\OneDrive\fatigue_cv\skenes_2026_season\keypoints\ca4d8fc4-4584-355d-9e90-b859a5be92bf.npz,1.36,15.49,16.85
4c8ebb21-bee2-32d3-9b71-00b1c9763c16,823336,4,4,191,191,1.0,9,False,C:\Users\noahl\OneDrive\fatigue_cv\skenes_2026_season\keypoints\4c8ebb21-bee2-32d3-9b71-00b1c9763c16.npz,0.98,15.68,16.67
aeaca82d-c79e-32b2-a9ed-652db2ef08a9,823336,4,1,191,191,1.0,9,False,C:\Users\noahl\OneDrive\fatigue_cv\skenes_2026_season\keypoints\aeaca82d-c79e-32b2-a9ed-652db2ef08a9.npz,1.4,15.29,16.69
2254f8ab-6fb8-38f4-8fc5-67ed7b45ab2e,823336,4,2,191,191,1.0,9,False,C:\Users\noahl\OneDrive\fatigue_cv\skenes_2026_season\keypoints\2254f8ab-6fb8-38f4-8fc5-67ed7b45ab2e.npz,0.85,15.51,16.36
7f3fc125-4cfe-32bf-bde5-74fbb386589d,823336,4,3,191,191,1.0,9,False,C:\Users\noahl\OneDrive\fatigue_cv\skenes_2026_season\keypoints\7f3fc125-4cfe-32bf-bde5-74fbb386589d.npz,1.35,14.77,16.12
133eefab-2721-3a43-a018-5c6dc6e95f69,823336,4,1,191,191,1.0,9,False,C:\Users\noahl\OneDrive\fatigue_cv\skenes_2026_season\keypoints\133eefab-2721-3a43-a018-5c6dc6e95f69.npz,1.33,14.71,16.05
e024eaed-9059-3db6-8ed3-10ac2ca263a4,823336,4,2,191,191,1.0,9,False,C:\Users\noahl\OneDrive\fatigue_cv\skenes_2026_season\keypoints\e024eaed-9059-3db6-8ed3-10ac2ca263a4.npz,1.23,15.35,16.58
896ac05b-6adf-3cfd-94d8-7db1ac846d51,823336,4,3,191,191,1.0,9,False,C:\Users\noahl\OneDrive\fatigue_cv\skenes_2026_season\keypoints\896ac05b-6adf-3cfd-94d8-7db1ac846d51.npz,1.65,15.66,17.3
d0ba16bc-6bd5-3c11-aee9-546647f23ab2,823336,4,4,191,191,1.0,9,False,C:\Users\noahl\OneDrive\fatigue_cv\skenes_2026_season\keypoints\d0ba16bc-6bd5-3c11-aee9-546647f23ab2.npz,1.06,15.68,16.74
2ae416e7-0930-3e63-ad77-c2c54bf6b98a,823336,4,5,191,191,1.0,9,False,C:\Users\noahl\OneDrive\fatigue_cv\skenes_2026_season\keypoints\2ae416e7-0930-3e63-ad77-c2c54bf6b98a.npz,1.18,15.52,16.7
adb17f9d-d9b0-3767-9ce1-fc2e35e2674c,823336,4,6,191,191,1.0,9,False,C:\Users\noahl\OneDrive\fatigue_cv\skenes_2026_season\keypoints\adb17f9d-d9b0-3767-9ce1-fc2e35e2674c.npz,1.16,15.51,16.67
1ee71363-10e4-3314-9f40-1c0b708818b5,823336,4,7,191,191,1.0,9,False,C:\Users\noahl\OneDrive\fatigue_cv\skenes_2026_season\keypoints\1ee71363-10e4-3314-9f40-1c0b708818b5.npz,0.8,16.1,16.9
57ccb17d-551e-383b-aa51-369dc86d55ba,823336,5,1,191,191,1.0,9,False,C:\Users\noahl\OneDrive\fatigue_cv\skenes_2026_season\keypoints\57ccb17d-551e-383b-aa51-369dc86d55ba.npz,1.87,15.41,17.28
f6a0feb5-b1c2-3475-9723-c5594bce628b,823336,5,2,191,191,1.0,9,False,C:\Users\noahl\OneDrive\fatigue_cv\skenes_2026_season\keypoints\f6a0feb5-b1c2-3475-9723-c5594bce628b.npz,1.24,15.33,16.57
c9462c87-c021-30fe-8c85-f325f257513a,823336,5,3,191,191,1.0,9,False,C:\Users\noahl\OneDrive\fatigue_cv\skenes_2026_season\keypoints\c9462c87-c021-30fe-8c85-f325f257513a.npz,0.9,14.75,15.65
178cc31b-9dec-3aad-b3c0-4cbe571a8888,823336,5,4,191,191,1.0,9,False,C:\Users\noahl\OneDrive\fatigue_cv\skenes_2026_season\keypoints\178cc31b-9dec-3aad-b3c0-4cbe571a8888.npz,1.25,14.69,15.94
770aece1-9b4a-33be-b8a3-e2c90a754c9d,823336,5,1,191,191,1.0,9,False,C:\Users\noahl\OneDrive\fatigue_cv\skenes_2026_season\keypoints\770aece1-9b4a-33be-b8a3-e2c90a754c9d.npz,1.03,15.36,16.39
dd1bf44b-bda3-31b5-8eef-7d6a90dc1877,823336,5,2,191,191,1.0,9,False,C:\Users\noahl\OneDrive\fatigue_cv\skenes_2026_season\keypoints\dd1bf44b-bda3-31b5-8eef-7d6a90dc1877.npz,1.2,15.55,16.75
4d707651-2a1d-3071-8ce9-2f67f6c759b5,823336,5,3,191,191,1.0,9,False,C:\Users\noahl\OneDrive\fatigue_cv\skenes_2026_season\keypoints\4d707651-2a1d-3071-8ce9-2f67f6c759b5.npz,0.85,15.37,16.23
12f60b14-0087-3786-a6b8-2b554a277275,823336,5,4,191,191,1.0,9,False,C:\Users\noahl\OneDrive\fatigue_cv\skenes_2026_season\keypoints\12f60b14-0087-3786-a6b8-2b554a277275.npz,1.13,15.19,16.32
b533b430-7278-31bd-8c5b-1d462d0fd500,823336,5,5,191,191,1.0,9,False,C:\Users\noahl\OneDrive\fatigue_cv\skenes_2026_season\keypoints\b533b430-7278-31bd-8c5b-1d462d0fd500.npz,0.91,15.0,15.91
7959912e-5b3a-3514-82a8-6d06c78777e7,823336,5,6,191,191,1.0,9,False,C:\Users\noahl\OneDrive\fatigue_cv\skenes_2026_season\keypoints\7959912e-5b3a-3514-82a8-6d06c78777e7.npz,1.45,15.43,16.89
b1206b48-92df-3b8b-a029-288b0e6f62d2,823336,5,1,191,191,1.0,9,False,C:\Users\noahl\OneDrive\fatigue_cv\skenes_2026_season\keypoints\b1206b48-92df-3b8b-a029-288b0e6f62d2.npz,0.8,15.85,16.65
0412101f-c747-3615-bf2a-c6348ca1137e,823336,5,1,191,191,1.0,9,False,C:\Users\noahl\OneDrive\fatigue_cv\skenes_2026_season\keypoints\0412101f-c747-3615-bf2a-c6348ca1137e.npz,1.28,15.83,17.11
c1db97ba-177f-3eff-923b-34944e43e4a1,823336,5,2,191,191,1.0,9,False,C:\Users\noahl\OneDrive\fatigue_cv\skenes_2026_season\keypoints\c1db97ba-177f-3eff-923b-34944e43e4a1.npz,0.85,15.65,16.5
ebfdf114-1f4a-3b32-b5ff-a1ebf89ac071,823336,5,3,191,191,1.0,9,False,C:\Users\noahl\OneDrive\fatigue_cv\skenes_2026_season\keypoints\ebfdf114-1f4a-3b32-b5ff-a1ebf89ac071.npz,1.4,15.68,17.08
42aa7bd3-aac0-3021-bff4-21113900a5fe,823336,5,4,191,191,1.0,9,False,C:\Users\noahl\OneDrive\fatigue_cv\skenes_2026_season\keypoints\42aa7bd3-aac0-3021-bff4-21113900a5fe.npz,0.82,15.55,16.37
983aa617-ea94-3506-b84a-879ce0e5bee8,823336,5,5,191,191,1.0,9,False,C:\Users\noahl\OneDrive\fatigue_cv\skenes_2026_season\keypoints\983aa617-ea94-3506-b84a-879ce0e5bee8.npz,1.19,15.71,16.9
eac0e444-139a-3d66-8e6f-2b7f28cc75d4,823336,6,1,191,191,1.0,9,False,C:\Users\noahl\OneDrive\fatigue_cv\skenes_2026_season\keypoints\eac0e444-139a-3d66-8e6f-2b7f28cc75d4.npz,1.23,15.56,16.79
fb104d22-3195-3690-8332-b3cbd03893b6,823336,6,2,191,191,1.0,9,False,C:\Users\noahl\OneDrive\fatigue_cv\skenes_2026_season\keypoints\fb104d22-3195-3690-8332-b3cbd03893b6.npz,0.96,14.99,15.96
9f9e6b83-a589-3672-abb9-6ed59948f2a8,824630,1,1,191,191,1.0,9,False,C:\Users\noahl\OneDrive\fatigue_cv\skenes_2026_season\keypoints\9f9e6b83-a589-3672-abb9-6ed59948f2a8.npz,0.8,14.35,15.16
3525788f-6fb6-3b4e-a881-f0ab301c5c43,824630,1,2,191,191,1.0,9,False,C:\Users\noahl\OneDrive\fatigue_cv\skenes_2026_season\keypoints\3525788f-6fb6-3b4e-a881-f0ab301c5c43.npz,1.94,15.21,17.15
6693f7e3-c2d8-34e9-9368-e83a4958d9e2,824630,1,3,191,191,1.0,9,False,C:\Users\noahl\OneDrive\fatigue_cv\skenes_2026_season\keypoints\6693f7e3-c2d8-34e9-9368-e83a4958d9e2.npz,1.1,14.73,15.83
297a5f54-ac72-3de5-8e3a-4743ec429add,824630,1,4,191,191,1.0,9,False,C:\Users\noahl\OneDrive\fatigue_cv\skenes_2026_season\keypoints\297a5f54-ac72-3de5-8e3a-4743ec429add.npz,0.87,14.98,15.85
edabc81e-e3d5-3ccd-a462-36ab0f34ee30,824630,1,1,191,191,1.0,9,False,C:\Users\noahl\OneDrive\fatigue_cv\skenes_2026_season\keypoints\edabc81e-e3d5-3ccd-a462-36ab0f34ee30.npz,1.52,14.81,16.33
5000e3ba-3067-3a92-901a-e3dc0af6f7f5,824630,1,2,191,191,1.0,9,False,C:\Users\noahl\OneDrive\fatigue_cv\skenes_2026_season\keypoints\5000e3ba-3067-3a92-901a-e3dc0af6f7f5.npz,0.91,16.3,17.21
a48ee5be-f979-3b1c-bc4c-3cd63fe7ca76,824630,1,1,191,191,1.0,9,False,C:\Users\noahl\OneDrive\fatigue_cv\skenes_2026_season\keypoints\a48ee5be-f979-3b1c-bc4c-3cd63fe7ca76.npz,1.23,15.21,16.43
3bc50899-c6db-39f4-8e1c-a7b50a4f43df,824630,1,2,191,191,1.0,9,False,C:\Users\noahl\OneDrive\fatigue_cv\skenes_2026_season\keypoints\3bc50899-c6db-39f4-8e1c-a7b50a4f43df.npz,1.4,15.83,17.23
a6357df7-07d4-3558-bd6c-c4f7475ff82c,824630,1,1,191,191,1.0,9,False,C:\Users\noahl\OneDrive\fatigue_cv\skenes_2026_season\keypoints\a6357df7-07d4-3558-bd6c-c4f7475ff82c.npz,1.62,15.49,17.11
a171e009-6ac4-319d-8fb3-9fa3e4cffe65,824630,1,2,191,191,1.0,9,False,C:\Users\noahl\OneDrive\fatigue_cv\skenes_2026_season\keypoints\a171e009-6ac4-319d-8fb3-9fa3e4cffe65.npz,1.02,15.69,16.71
3f6a5775-8a85-369a-a418-137f660199a0,824630,2,1,191,191,1.0,9,False,C:\Users\noahl\OneDrive\fatigue_cv\skenes_2026_season\keypoints\3f6a5775-8a85-369a-a418-137f660199a0.npz,0.85,15.58,16.43
4b4a6fba-82eb-3816-8d87-03bc8257226a,824630,2,2,191,191,1.0,9,False,C:\Users\noahl\OneDrive\fatigue_cv\skenes_2026_season\keypoints\4b4a6fba-82eb-3816-8d87-03bc8257226a.npz,1.1,16.13,17.23
8e089d7b-62ed-3f30-af61-526006a8545c,824630,2,3,191,191,1.0,9,False,C:\Users\noahl\OneDrive\fatigue_cv\skenes_2026_season\keypoints\8e089d7b-62ed-3f30-af61-526006a8545c.npz,1.1,15.56,16.66
1d4a1fc7-577f-3de9-bc01-0fe2d350da15,824630,2,4,191,191,1.0,9,False,C:\Users\noahl\OneDrive\fatigue_cv\skenes_2026_season\keypoints\1d4a1fc7-577f-3de9-bc01-0fe2d350da15.npz,1.49,15.76,17.26
c33eca99-e9f8-38f4-8c77-13fcd752c6ea,824630,2,1,191,191,1.0,9,False,C:\Users\noahl\OneDrive\fatigue_cv\skenes_2026_season\keypoints\c33eca99-e9f8-38f4-8c77-13fcd752c6ea.npz,1.19,15.11,16.3
5b7bca5e-847d-3fae-bde3-e7a5a8d59443,824630,2,2,191,191,1.0,9,False,C:\Users\noahl\OneDrive\fatigue_cv\skenes_2026_season\keypoints\5b7bca5e-847d-3fae-bde3-e7a5a8d59443.npz,0.79,15.03,15.83
8a6c6059-3bdc-3ee2-8ddb-aec22a81118e,824630,2,3,191,191,1.0,9,False,C:\Users\noahl\OneDrive\fatigue_cv\skenes_2026_season\keypoints\8a6c6059-3bdc-3ee2-8ddb-aec22a81118e.npz,1.14,15.14,16.28
dc748b5c-56d6-33a4-88a3-ea8014bd8da4,824630,2,4,191,191,1.0,9,False,C:\Users\noahl\OneDrive\fatigue_cv\skenes_2026_season\keypoints\dc748b5c-56d6-33a4-88a3-ea8014bd8da4.npz,1.07,15.34,16.41
3a99d75b-52a3-367b-addd-dcb71c7beae6,824630,2,5,191,191,1.0,9,False,C:\Users\noahl\OneDrive\fatigue_cv\skenes_2026_season\keypoints\3a99d75b-52a3-367b-addd-dcb71c7beae6.npz,1.69,15.31,17.0
c708e779-ee02-37c2-a23d-6a3ad5bb52d0,824630,2,6,191,191,1.0,9,False,C:\Users\noahl\OneDrive\fatigue_cv\skenes_2026_season\keypoints\c708e779-ee02-37c2-a23d-6a3ad5bb52d0.npz,1.5,15.45,16.95
d0d471a8-a911-30ca-80d0-6b716de91d21,824630,2,1,191,191,1.0,9,False,C:\Users\noahl\OneDrive\fatigue_cv\skenes_2026_season\keypoints\d0d471a8-a911-30ca-80d0-6b716de91d21.npz,1.21,16.15,17.37
f23130e4-ec02-3a11-bc9e-620ca0b85195,824630,2,2,191,191,1.0,9,False,C:\Users\noahl\OneDrive\fatigue_cv\skenes_2026_season\keypoints\f23130e4-ec02-3a11-bc9e-620ca0b85195.npz,0.97,15.77,16.73
18853546-df93-35cf-96c9-a2a38469c94a,824630,3,1,191,191,1.0,9,False,C:\Users\noahl\OneDrive\fatigue_cv\skenes_2026_season\keypoints\18853546-df93-35cf-96c9-a2a38469c94a.npz,1.36,16.22,17.59
2ec6d2ce-a869-340d-8f75-320b2e30aeaa,824630,3,2,191,191,1.0,9,False,C:\Users\noahl\OneDrive\fatigue_cv\skenes_2026_season\keypoints\2ec6d2ce-a869-340d-8f75-320b2e30aeaa.npz,1.3,15.26,16.57
d33c5713-0f58-39ae-a97a-b32db7e9f3a1,824630,3,1,191,191,1.0,9,False,C:\Users\noahl\OneDrive\fatigue_cv\skenes_2026_season\keypoints\d33c5713-0f58-39ae-a97a-b32db7e9f3a1.npz,1.23,15.64,16.87
a6aa0ffd-ea81-3cb5-9a62-739ed40e208a,824630,3,2,191,191,1.0,9,False,C:\Users\noahl\OneDrive\fatigue_cv\skenes_2026_season\keypoints\a6aa0ffd-ea81-3cb5-9a62-739ed40e208a.npz,1.76,15.68,17.44
632ffe6d-36f8-388e-a6f0-9bb255489ea7,824630,3,1,191,191,1.0,9,False,C:\Users\noahl\OneDrive\fatigue_cv\skenes_2026_season\keypoints\632ffe6d-36f8-388e-a6f0-9bb255489ea7.npz,0.92,15.53,16.45
29d7de76-6777-35b9-addf-914709e8dfea,824630,3,2,191,191,1.0,9,False,C:\Users\noahl\OneDrive\fatigue_cv\skenes_2026_season\keypoints\29d7de76-6777-35b9-addf-914709e8dfea.npz,1.49,15.45,16.94
e4b50006-3d00-3b50-abef-ae6645e8c6aa,824630,3,3,191,187,0.979,9,False,C:\Users\noahl\OneDrive\fatigue_cv\skenes_2026_season\keypoints\e4b50006-3d00-3b50-abef-ae6645e8c6aa.npz,1.16,15.05,16.22
0118fb28-5ba0-3661-a7ea-d462b5831daa,824630,3,1,191,191,1.0,9,False,C:\Users\noahl\OneDrive\fatigue_cv\skenes_2026_season\keypoints\0118fb28-5ba0-3661-a7ea-d462b5831daa.npz,1.51,15.36,16.87
90b15c40-4366-345a-9fa1-4907ef4bbb8e,824630,3,2,191,191,1.0,9,False,C:\Users\noahl\OneDrive\fatigue_cv\skenes_2026_season\keypoints\90b15c40-4366-345a-9fa1-4907ef4bbb8e.npz,0.74,14.51,15.25
e6297655-2d59-3890-ae7a-c89ad2dd73b4,824630,3,1,191,191,1.0,9,False,C:\Users\noahl\OneDrive\fatigue_cv\skenes_2026_season\keypoints\e6297655-2d59-3890-ae7a-c89ad2dd73b4.npz,1.14,14.8,15.94
2febda96-5373-3839-ae9a-2b4eac075878,824630,3,2,191,191,1.0,9,False,C:\Users\noahl\OneDrive\fatigue_cv\skenes_2026_season\keypoints\2febda96-5373-3839-ae9a-2b4eac075878.npz,0.79,14.9,15.69
b0d1a1e9-e0e6-31da-9bca-fe3fa007353a,824630,3,3,191,191,1.0,9,False,C:\Users\noahl\OneDrive\fatigue_cv\skenes_2026_season\keypoints\b0d1a1e9-e0e6-31da-9bca-fe3fa007353a.npz,0.96,14.2,15.16
16f402b9-076e-344d-99c4-cf0fbeabddbf,824630,3,4,191,191,1.0,9,False,C:\Users\noahl\OneDrive\fatigue_cv\skenes_2026_season\keypoints\16f402b9-076e-344d-99c4-cf0fbeabddbf.npz,1.04,15.61,16.65
2911e3cc-3a5f-3bdb-a825-04d844c0a16f,824630,3,5,191,191,1.0,9,False,C:\Users\noahl\OneDrive\fatigue_cv\skenes_2026_season\keypoints\2911e3cc-3a5f-3bdb-a825-04d844c0a16f.npz,1.25,16.53,17.78
93587a37-fd49-3727-901e-275223907661,824630,3,6,191,191,1.0,9,False,C:\Users\noahl\OneDrive\fatigue_cv\skenes_2026_season\keypoints\93587a37-fd49-3727-901e-275223907661.npz,0.85,15.43,16.29
7ce11399-8ed7-30cb-a15b-a1d35741759c,824630,3,7,191,191,1.0,9,False,C:\Users\noahl\OneDrive\fatigue_cv\skenes_2026_season\keypoints\7ce11399-8ed7-30cb-a15b-a1d35741759c.npz,1.67,15.77,17.44
b2e9c7f6-605f-35a3-920f-42b88f00fe08,824630,3,8,191,191,1.0,9,False,C:\Users\noahl\OneDrive\fatigue_cv\skenes_2026_season\keypoints\b2e9c7f6-605f-35a3-920f-42b88f00fe08.npz,0.79,15.66,16.45
abcfbb54-1c03-366c-b0c6-f52eebcdab07,824630,4,1,191,191,1.0,9,False,C:\Users\noahl\OneDrive\fatigue_cv\skenes_2026_season\keypoints\abcfbb54-1c03-366c-b0c6-f52eebcdab07.npz,0.82,15.63,16.45
1781ea0a-f193-3d7c-be59-a063b10c402c,824630,4,2,191,191,1.0,9,False,C:\Users\noahl\OneDrive\fatigue_cv\skenes_2026_season\keypoints\1781ea0a-f193-3d7c-be59-a063b10c402c.npz,0.9,15.92,16.83
1f99db9c-2d9c-34a6-8077-2e838254578e,824630,4,3,191,191,1.0,9,False,C:\Users\noahl\OneDrive\fatigue_cv\skenes_2026_season\keypoints\1f99db9c-2d9c-34a6-8077-2e838254578e.npz,0.93,15.56,16.49
25c3af6a-350a-3a17-ab80-f297182c6ee3,824630,4,4,191,191,1.0,9,False,C:\Users\noahl\OneDrive\fatigue_cv\skenes_2026_season\keypoints\25c3af6a-350a-3a17-ab80-f297182c6ee3.npz,0.9,15.35,16.26
ae3aca41-b604-32ec-99b8-0ecf07ec6df4,824630,4,1,191,187,0.979,9,False,C:\Users\noahl\OneDrive\fatigue_cv\skenes_2026_season\keypoints\ae3aca41-b604-32ec-99b8-0ecf07ec6df4.npz,1.35,14.4,15.75
71385272-602a-3883-8520-808b9419ad89,824630,4,2,191,191,1.0,9,False,C:\Users\noahl\OneDrive\fatigue_cv\skenes_2026_season\keypoints\71385272-602a-3883-8520-808b9419ad89.npz,1.06,15.33,16.39
de65dff5-4fc2-30a1-8c8d-5fd505279499,824630,4,1,191,191,1.0,9,False,C:\Users\noahl\OneDrive\fatigue_cv\skenes_2026_season\keypoints\de65dff5-4fc2-30a1-8c8d-5fd505279499.npz,0.89,14.61,15.5
a290f611-0a01-386b-852b-38d83e949c83,824630,4,2,191,191,1.0,9,False,C:\Users\noahl\OneDrive\fatigue_cv\skenes_2026_season\keypoints\a290f611-0a01-386b-852b-38d83e949c83.npz,1.48,15.26,16.74
bcb0d156-a8cc-32da-b3af-94b34c23ba4f,824630,4,1,191,191,1.0,9,False,C:\Users\noahl\OneDrive\fatigue_cv\skenes_2026_season\keypoints\bcb0d156-a8cc-32da-b3af-94b34c23ba4f.npz,1.82,14.9,16.72
a840e0f5-3a2a-3da9-a998-81b9da9b50e9,824630,4,2,191,191,1.0,9,False,C:\Users\noahl\OneDrive\fatigue_cv\skenes_2026_season\keypoints\a840e0f5-3a2a-3da9-a998-81b9da9b50e9.npz,1.41,15.48,16.89
7a362313-acdf-305d-bf47-f630ae5437bf,824630,4,3,191,191,1.0,9,False,C:\Users\noahl\OneDrive\fatigue_cv\skenes_2026_season\keypoints\7a362313-acdf-305d-bf47-f630ae5437bf.npz,1.05,15.4,16.46
1fd6e7c9-566c-3d41-9cc2-4375ff72f4d4,824630,4,4,191,191,1.0,9,False,C:\Users\noahl\OneDrive\fatigue_cv\skenes_2026_season\keypoints\1fd6e7c9-566c-3d41-9cc2-4375ff72f4d4.npz,0.9,16.05,16.96
771ee297-a873-3a70-9f82-b3bce8fac2b9,824630,4,5,191,191,1.0,9,False,C:\Users\noahl\OneDrive\fatigue_cv\skenes_2026_season\keypoints\771ee297-a873-3a70-9f82-b3bce8fac2b9.npz,0.92,15.64,16.56
01baf2f1-decd-3e7a-b562-52704bb49657,824630,4,6,191,191,1.0,9,False,C:\Users\noahl\OneDrive\fatigue_cv\skenes_2026_season\keypoints\01baf2f1-decd-3e7a-b562-52704bb49657.npz,1.46,16.05,17.51
32ab5217-c89e-3b95-aca8-7da878d40413,824630,5,1,191,187,0.979,9,False,C:\Users\noahl\OneDrive\fatigue_cv\skenes_2026_season\keypoints\32ab5217-c89e-3b95-aca8-7da878d40413.npz,1.14,16.14,17.28
c63fb963-7f31-3e83-bf64-e0468c644641,824630,5,2,191,191,1.0,9,False,C:\Users\noahl\OneDrive\fatigue_cv\skenes_2026_season\keypoints\c63fb963-7f31-3e83-bf64-e0468c644641.npz,1.28,15.6,16.88
3fd27084-16b2-3f9d-8de3-3e789c052fc2,824630,5,1,191,191,1.0,9,False,C:\Users\noahl\OneDrive\fatigue_cv\skenes_2026_season\keypoints\3fd27084-16b2-3f9d-8de3-3e789c052fc2.npz,1.23,16.51,17.75
57ecc28e-aa56-33f7-a8b0-5543191979d4,824630,5,2,191,191,1.0,9,False,C:\Users\noahl\OneDrive\fatigue_cv\skenes_2026_season\keypoints\57ecc28e-aa56-33f7-a8b0-5543191979d4.npz,0.96,16.42,17.39
c60d3b5a-03eb-3db7-bbb5-e4fa972da857,824630,5,3,191,191,1.0,9,False,C:\Users\noahl\OneDrive\fatigue_cv\skenes_2026_season\keypoints\c60d3b5a-03eb-3db7-bbb5-e4fa972da857.npz,1.28,15.39,16.67
a1b3901d-7c06-3310-87a6-845d3fb6433e,824630,5,4,191,191,1.0,9,False,C:\Users\noahl\OneDrive\fatigue_cv\skenes_2026_season\keypoints\a1b3901d-7c06-3310-87a6-845d3fb6433e.npz,1.5,15.03,16.53
2bbbb59c-5497-3d9e-8226-7bc16d3e57e2,824630,5,1,191,191,1.0,9,False,C:\Users\noahl\OneDrive\fatigue_cv\skenes_2026_season\keypoints\2bbbb59c-5497-3d9e-8226-7bc16d3e57e2.npz,0.95,15.7,16.65
4e2be93e-96c9-3b21-8ca3-5ebdea7f9c4f,824630,5,2,191,191,1.0,9,False,C:\Users\noahl\OneDrive\fatigue_cv\skenes_2026_season\keypoints\4e2be93e-96c9-3b21-8ca3-5ebdea7f9c4f.npz,1.85,15.96,17.82
0d4acdcb-6e08-38ee-a06e-acda10e6ec42,824630,5,3,191,191,1.0,9,False,C:\Users\noahl\OneDrive\fatigue_cv\skenes_2026_season\keypoints\0d4acdcb-6e08-38ee-a06e-acda10e6ec42.npz,0.93,14.78,15.71
8f9a905c-7dd5-39da-80ff-47094a26c95c,824630,6,1,191,191,1.0,9,False,C:\Users\noahl\OneDrive\fatigue_cv\skenes_2026_season\keypoints\8f9a905c-7dd5-39da-80ff-47094a26c95c.npz,0.99,15.75,16.74
2cdf614d-ccc8-3607-b8af-faecf4f0dd1b,824630,6,1,191,191,1.0,9,False,C:\Users\noahl\OneDrive\fatigue_cv\skenes_2026_season\keypoints\2cdf614d-ccc8-3607-b8af-faecf4f0dd1b.npz,1.28,16.27,17.56
e4fbb487-0be2-32f3-a128-52822dbfb9c9,824630,6,1,191,191,1.0,9,False,C:\Users\noahl\OneDrive\fatigue_cv\skenes_2026_season\keypoints\e4fbb487-0be2-32f3-a128-52822dbfb9c9.npz,2.74,15.67,18.4
e0a8312c-7ea2-30dc-9150-af6f43eeccd4,824630,6,2,191,191,1.0,9,False,C:\Users\noahl\OneDrive\fatigue_cv\skenes_2026_season\keypoints\e0a8312c-7ea2-30dc-9150-af6f43eeccd4.npz,1.04,16.14,17.18
cf59e732-e6f1-3108-af62-cdf9b6091b4f,824630,6,3,0,0,0.0,0,True,,9.4,0.0,9.4
d523187d-bd48-3d49-b9d8-3f34a43144d3,824630,6,4,191,191,1.0,9,False,C:\Users\noahl\OneDrive\fatigue_cv\skenes_2026_season\keypoints\d523187d-bd48-3d49-b9d8-3f34a43144d3.npz,1.11,15.58,16.69
c867848f-214e-30f4-af5c-802ae41c83e8,824630,6,5,191,191,1.0,9,False,C:\Users\noahl\OneDrive\fatigue_cv\skenes_2026_season\keypoints\c867848f-214e-30f4-af5c-802ae41c83e8.npz,1.09,16.35,17.44
bb273e3c-cbc6-322f-a09f-f175f55716e0,824630,6,6,191,191,1.0,9,False,C:\Users\noahl\OneDrive\fatigue_cv\skenes_2026_season\keypoints\bb273e3c-cbc6-322f-a09f-f175f55716e0.npz,2.02,15.33,17.35
7de6606f-746b-3059-9b82-a8ddc458f8aa,824630,6,7,191,191,1.0,9,False,C:\Users\noahl\OneDrive\fatigue_cv\skenes_2026_season\keypoints\7de6606f-746b-3059-9b82-a8ddc458f8aa.npz,1.59,15.57,17.16
3ffecda1-7742-346f-acc2-fd4983c3e788,824630,7,1,191,191,1.0,9,False,C:\Users\noahl\OneDrive\fatigue_cv\skenes_2026_season\keypoints\3ffecda1-7742-346f-acc2-fd4983c3e788.npz,1.21,15.86,17.07
0da2c96c-29e5-3702-9714-d61eda5f9ef9,824630,7,2,191,191,1.0,9,False,C:\Users\noahl\OneDrive\fatigue_cv\skenes_2026_season\keypoints\0da2c96c-29e5-3702-9714-d61eda5f9ef9.npz,1.24,15.02,16.26
b67d5617-fa38-3f05-ac2b-17d875def2fb,824630,7,1,191,191,1.0,9,False,C:\Users\noahl\OneDrive\fatigue_cv\skenes_2026_season\keypoints\b67d5617-fa38-3f05-ac2b-17d875def2fb.npz,1.2,15.73,16.93
4da9e56f-f875-3d2a-a040-5ed778b147ef,824630,7,2,191,191,1.0,9,False,C:\Users\noahl\OneDrive\fatigue_cv\skenes_2026_season\keypoints\4da9e56f-f875-3d2a-a040-5ed778b147ef.npz,1.1,14.89,15.99
932f71de-cfb6-3e08-b1c4-83225d0e53ce,824630,7,3,191,191,1.0,9,False,C:\Users\noahl\OneDrive\fatigue_cv\skenes_2026_season\keypoints\932f71de-cfb6-3e08-b1c4-83225d0e53ce.npz,0.84,15.18,16.02
d43b59b1-13a1-3a49-be0f-64c8f4990010,824630,7,4,191,191,1.0,9,False,C:\Users\noahl\OneDrive\fatigue_cv\skenes_2026_season\keypoints\d43b59b1-13a1-3a49-be0f-64c8f4990010.npz,1.09,15.82,16.92
6e70a2c0-4330-3e7e-9ec4-a10b3070e46d,824630,7,5,191,191,1.0,9,False,C:\Users\noahl\OneDrive\fatigue_cv\skenes_2026_season\keypoints\6e70a2c0-4330-3e7e-9ec4-a10b3070e46d.npz,1.07,16.1,17.17
00adad4c-4a3b-3278-8df6-0d286f8d34a1,824630,7,1,191,191,1.0,9,False,C:\Users\noahl\OneDrive\fatigue_cv\skenes_2026_season\keypoints\00adad4c-4a3b-3278-8df6-0d286f8d34a1.npz,0.79,16.42,17.21
0a2a0fef-ddb3-3e38-833e-600e758aae9b,824630,7,2,191,191,1.0,9,False,C:\Users\noahl\OneDrive\fatigue_cv\skenes_2026_season\keypoints\0a2a0fef-ddb3-3e38-833e-600e758aae9b.npz,0.71,15.96,16.67
9dccebcc-aa8b-3554-9425-042964fa2699,824630,7,3,191,191,1.0,9,False,C:\Users\noahl\OneDrive\fatigue_cv\skenes_2026_season\keypoints\9dccebcc-aa8b-3554-9425-042964fa2699.npz,1.85,16.25,18.1
206e7a72-705e-33f3-8082-ba03044f9e87,824630,7,4,191,191,1.0,9,False,C:\Users\noahl\OneDrive\fatigue_cv\skenes_2026_season\keypoints\206e7a72-705e-33f3-8082-ba03044f9e87.npz,0.94,15.3,16.25
625685ec-6a9d-37db-ad6b-3816198b3b1d,823331,1,1,191,191,1.0,9,False,C:\Users\noahl\OneDrive\fatigue_cv\skenes_2026_season\keypoints\625685ec-6a9d-37db-ad6b-3816198b3b1d.npz,1.92,15.67,17.6
6f1b4b58-4f40-3f3f-bacd-81e5e0e02964,823331,1,2,191,191,1.0,9,False,C:\Users\noahl\OneDrive\fatigue_cv\skenes_2026_season\keypoints\6f1b4b58-4f40-3f3f-bacd-81e5e0e02964.npz,1.28,15.39,16.67
e3af56d2-62a5-313d-b474-fb22b3b2cc75,823331,1,3,191,191,1.0,9,False,C:\Users\noahl\OneDrive\fatigue_cv\skenes_2026_season\keypoints\e3af56d2-62a5-313d-b474-fb22b3b2cc75.npz,1.05,16.03,17.08
1fa7e0d1-c923-3280-9f47-635298e63de5,823331,1,4,191,191,1.0,9,False,C:\Users\noahl\OneDrive\fatigue_cv\skenes_2026_season\keypoints\1fa7e0d1-c923-3280-9f47-635298e63de5.npz,0.81,15.3,16.11
6d8ca584-bc93-35fc-806b-4b833ecfb15b,823331,1,1,191,191,1.0,9,False,C:\Users\noahl\OneDrive\fatigue_cv\skenes_2026_season\keypoints\6d8ca584-bc93-35fc-806b-4b833ecfb15b.npz,1.25,15.07,16.32
f96c696c-115e-3c54-9d81-081447e9d5c8,823331,1,2,191,191,1.0,9,False,C:\Users\noahl\OneDrive\fatigue_cv\skenes_2026_season\keypoints\f96c696c-115e-3c54-9d81-081447e9d5c8.npz,1.21,15.23,16.44
ff5910b9-5d79-395f-8164-0fc941e21126,823331,1,1,191,191,1.0,9,False,C:\Users\noahl\OneDrive\fatigue_cv\skenes_2026_season\keypoints\ff5910b9-5d79-395f-8164-0fc941e21126.npz,1.46,14.4,15.86
845988fb-fcd3-3f25-803f-52440ba2d3da,823331,1,1,191,191,1.0,9,False,C:\Users\noahl\OneDrive\fatigue_cv\skenes_2026_season\keypoints\845988fb-fcd3-3f25-803f-52440ba2d3da.npz,1.2,15.53,16.73
bfba4115-dd91-3fa6-bbba-d6ea48bcff40,823331,1,2,191,191,1.0,9,False,C:\Users\noahl\OneDrive\fatigue_cv\skenes_2026_season\keypoints\bfba4115-dd91-3fa6-bbba-d6ea48bcff40.npz,1.18,14.6,15.79
c65c1ff1-ab41-3eab-a74e-5fd8abb6a6e0,823331,1,3,191,191,1.0,9,False,C:\Users\noahl\OneDrive\fatigue_cv\skenes_2026_season\keypoints\c65c1ff1-ab41-3eab-a74e-5fd8abb6a6e0.npz,1.1,15.86,16.96
2471f0e7-e0c0-3a52-8f6c-ca2d6226aa63,823331,1,4,191,191,1.0,9,False,C:\Users\noahl\OneDrive\fatigue_cv\skenes_2026_season\keypoints\2471f0e7-e0c0-3a52-8f6c-ca2d6226aa63.npz,0.86,15.91,16.77
db3bff82-031e-3322-832a-6790b8e661c4,823331,1,5,191,191,1.0,9,False,C:\Users\noahl\OneDrive\fatigue_cv\skenes_2026_season\keypoints\db3bff82-031e-3322-832a-6790b8e661c4.npz,1.25,15.74,17.0
1c5c39a5-1aef-339f-abf1-f45bf7d94d6a,823331,2,1,191,191,1.0,9,False,C:\Users\noahl\OneDrive\fatigue_cv\skenes_2026_season\keypoints\1c5c39a5-1aef-339f-abf1-f45bf7d94d6a.npz,0.88,16.23,17.11
92011272-e4db-397f-93c8-6faa18915e91,823331,2,2,191,191,1.0,9,False,C:\Users\noahl\OneDrive\fatigue_cv\skenes_2026_season\keypoints\92011272-e4db-397f-93c8-6faa18915e91.npz,1.21,15.85,17.06
31939502-d212-380a-a94d-e49788e0ac91,823331,2,3,191,191,1.0,9,False,C:\Users\noahl\OneDrive\fatigue_cv\skenes_2026_season\keypoints\31939502-d212-380a-a94d-e49788e0ac91.npz,1.24,16.14,17.39
59ba944e-8785-3e56-8b54-44d54f35ec10,823331,2,4,191,164,0.859,9,False,C:\Users\noahl\OneDrive\fatigue_cv\skenes_2026_season\keypoints\59ba944e-8785-3e56-8b54-44d54f35ec10.npz,1.16,15.76,16.92
f4cde02b-5d7e-3d5e-8e9f-0ed6d1bcb110,823331,2,5,191,191,1.0,9,False,C:\Users\noahl\OneDrive\fatigue_cv\skenes_2026_season\keypoints\f4cde02b-5d7e-3d5e-8e9f-0ed6d1bcb110.npz,1.23,16.06,17.29
a9eea5be-f23d-30a5-8c4e-8862aafb73c4,823331,2,6,191,191,1.0,9,False,C:\Users\noahl\OneDrive\fatigue_cv\skenes_2026_season\keypoints\a9eea5be-f23d-30a5-8c4e-8862aafb73c4.npz,1.17,15.25,16.42
5baf969d-584e-3861-b469-0cb9747b5509,823331,2,7,191,191,1.0,9,False,C:\Users\noahl\OneDrive\fatigue_cv\skenes_2026_season\keypoints\5baf969d-584e-3861-b469-0cb9747b5509.npz,1.1,15.36,16.46
384ed9aa-e9cc-3139-8e1d-abd4ba237d4e,823331,2,8,191,191,1.0,9,False,C:\Users\noahl\OneDrive\fatigue_cv\skenes_2026_season\keypoints\384ed9aa-e9cc-3139-8e1d-abd4ba237d4e.npz,1.2,14.83,16.03
a5c982b8-badf-3793-aa4e-7d9c4703f424,823331,2,1,191,177,0.927,9,False,C:\Users\noahl\OneDrive\fatigue_cv\skenes_2026_season\keypoints\a5c982b8-badf-3793-aa4e-7d9c4703f424.npz,1.31,15.54,16.85
b5efafbb-3d7a-3b06-8088-4efd6db444ad,823331,2,2,191,191,1.0,9,False,C:\Users\noahl\OneDrive\fatigue_cv\skenes_2026_season\keypoints\b5efafbb-3d7a-3b06-8088-4efd6db444ad.npz,0.98,14.67,15.65
36cf042a-6800-3b8c-9601-45962191a61a,823331,2,1,191,191,1.0,9,False,C:\Users\noahl\OneDrive\fatigue_cv\skenes_2026_season\keypoints\36cf042a-6800-3b8c-9601-45962191a61a.npz,1.3,14.53,15.83
a53d28ff-2e2e-3bec-8aa0-1ccf93e70e3a,823331,2,2,191,191,1.0,9,False,C:\Users\noahl\OneDrive\fatigue_cv\skenes_2026_season\keypoints\a53d28ff-2e2e-3bec-8aa0-1ccf93e70e3a.npz,0.81,14.73,15.55
6011d398-24d5-3e3e-a249-9e5d100d8dac,823331,2,3,191,191,1.0,9,False,C:\Users\noahl\OneDrive\fatigue_cv\skenes_2026_season\keypoints\6011d398-24d5-3e3e-a249-9e5d100d8dac.npz,1.18,15.67,16.85
2134943f-a66c-3a75-b120-e6846fc1ddcb,823331,2,4,191,191,1.0,9,False,C:\Users\noahl\OneDrive\fatigue_cv\skenes_2026_season\keypoints\2134943f-a66c-3a75-b120-e6846fc1ddcb.npz,1.59,16.02,17.62
5960efc8-7f50-3f74-9d08-0b71559ade3a,823331,2,5,191,191,1.0,9,False,C:\Users\noahl\OneDrive\fatigue_cv\skenes_2026_season\keypoints\5960efc8-7f50-3f74-9d08-0b71559ade3a.npz,0.89,16.08,16.97
ad625edf-93a9-352f-9978-5998f0fe9630,823331,3,1,191,191,1.0,9,False,C:\Users\noahl\OneDrive\fatigue_cv\skenes_2026_season\keypoints\ad625edf-93a9-352f-9978-5998f0fe9630.npz,1.5,14.9,16.4
78535716-2c5f-3a66-94a5-04fb9c405dad,823331,3,2,191,191,1.0,9,False,C:\Users\noahl\OneDrive\fatigue_cv\skenes_2026_season\keypoints\78535716-2c5f-3a66-94a5-04fb9c405dad.npz,1.3,15.83,17.13
fb4e327d-72e5-3acf-9512-cb03b6cfd832,823331,3,3,191,191,1.0,9,False,C:\Users\noahl\OneDrive\fatigue_cv\skenes_2026_season\keypoints\fb4e327d-72e5-3acf-9512-cb03b6cfd832.npz,1.45,15.99,17.44
527345b4-22d6-3bda-9820-d833617c7fb8,823331,3,4,191,191,1.0,9,False,C:\Users\noahl\OneDrive\fatigue_cv\skenes_2026_season\keypoints\527345b4-22d6-3bda-9820-d833617c7fb8.npz,1.14,15.89,17.04
98ed5b72-6c6b-3283-8932-23dd5b92ea90,823331,3,5,191,191,1.0,9,False,C:\Users\noahl\OneDrive\fatigue_cv\skenes_2026_season\keypoints\98ed5b72-6c6b-3283-8932-23dd5b92ea90.npz,2.99,15.21,18.2
60aef754-996e-3129-8b89-4f16b191a10d,823331,3,6,191,191,1.0,9,False,C:\Users\noahl\OneDrive\fatigue_cv\skenes_2026_season\keypoints\60aef754-996e-3129-8b89-4f16b191a10d.npz,1.28,15.95,17.23
3bd0637c-ab7f-372d-8692-fbb08409da9b,823331,3,7,191,191,1.0,9,False,C:\Users\noahl\OneDrive\fatigue_cv\skenes_2026_season\keypoints\3bd0637c-ab7f-372d-8692-fbb08409da9b.npz,0.84,14.95,15.79
07a98462-a815-3127-a10f-7b67d33ea1e4,823331,3,1,191,191,1.0,9,False,C:\Users\noahl\OneDrive\fatigue_cv\skenes_2026_season\keypoints\07a98462-a815-3127-a10f-7b67d33ea1e4.npz,0.89,15.22,16.11
6895c1bd-96f6-3e43-a049-9371c4b7ce0e,823331,3,2,191,191,1.0,9,False,C:\Users\noahl\OneDrive\fatigue_cv\skenes_2026_season\keypoints\6895c1bd-96f6-3e43-a049-9371c4b7ce0e.npz,1.19,14.75,15.94
bb8d886d-ecaf-3476-a382-04671fa24fd1,823331,3,3,191,191,1.0,9,False,C:\Users\noahl\OneDrive\fatigue_cv\skenes_2026_season\keypoints\bb8d886d-ecaf-3476-a382-04671fa24fd1.npz,2.39,15.38,17.78
ff538b45-b084-37ad-8c6c-77497b77a0b2,823331,3,4,191,191,1.0,9,False,C:\Users\noahl\OneDrive\fatigue_cv\skenes_2026_season\keypoints\ff538b45-b084-37ad-8c6c-77497b77a0b2.npz,1.07,14.54,15.61
496fbedb-eaa8-3bb5-a8e7-263a0fc3d40e,823331,3,1,191,191,1.0,9,False,C:\Users\noahl\OneDrive\fatigue_cv\skenes_2026_season\keypoints\496fbedb-eaa8-3bb5-a8e7-263a0fc3d40e.npz,1.14,15.55,16.7
5bded3f9-9ca3-32ec-b495-dd9b2e5395cb,823331,3,2,191,191,1.0,9,False,C:\Users\noahl\OneDrive\fatigue_cv\skenes_2026_season\keypoints\5bded3f9-9ca3-32ec-b495-dd9b2e5395cb.npz,1.13,15.42,16.55
99a78729-6d84-3da7-8b5b-a01f60590e51,823331,3,3,191,191,1.0,9,False,C:\Users\noahl\OneDrive\fatigue_cv\skenes_2026_season\keypoints\99a78729-6d84-3da7-8b5b-a01f60590e51.npz,0.93,16.31,17.24
c9338e85-e1b2-37b6-be49-73258eaed9c9,823331,3,4,191,191,1.0,9,False,C:\Users\noahl\OneDrive\fatigue_cv\skenes_2026_season\keypoints\c9338e85-e1b2-37b6-be49-73258eaed9c9.npz,1.09,16.25,17.34
36543815-a17f-35d3-87ca-30940ebb3d79,823331,3,5,191,191,1.0,9,False,C:\Users\noahl\OneDrive\fatigue_cv\skenes_2026_season\keypoints\36543815-a17f-35d3-87ca-30940ebb3d79.npz,0.99,15.65,16.64
f4459ebb-4711-398a-b640-593764ebec7e,823331,3,6,191,191,1.0,9,False,C:\Users\noahl\OneDrive\fatigue_cv\skenes_2026_season\keypoints\f4459ebb-4711-398a-b640-593764ebec7e.npz,1.47,15.3,16.77
2d99d2d7-0e65-3b6c-a4aa-846317b7d4aa,823331,3,7,191,191,1.0,9,False,C:\Users\noahl\OneDrive\fatigue_cv\skenes_2026_season\keypoints\2d99d2d7-0e65-3b6c-a4aa-846317b7d4aa.npz,1.23,16.24,17.47
6156d824-b2d8-3f84-af22-2bebb3aa945d,823331,3,1,191,173,0.906,9,False,C:\Users\noahl\OneDrive\fatigue_cv\skenes_2026_season\keypoints\6156d824-b2d8-3f84-af22-2bebb3aa945d.npz,1.12,16.06,17.19
213799ac-68e4-3dd1-82c5-b89c4b0f86cb,823331,3,2,191,191,1.0,9,False,C:\Users\noahl\OneDrive\fatigue_cv\skenes_2026_season\keypoints\213799ac-68e4-3dd1-82c5-b89c4b0f86cb.npz,0.83,15.85,16.68
26edcd13-5e22-31a7-a11d-717a52696526,823331,3,3,191,191,1.0,9,False,C:\Users\noahl\OneDrive\fatigue_cv\skenes_2026_season\keypoints\26edcd13-5e22-31a7-a11d-717a52696526.npz,1.22,14.62,15.84
78f0f589-0b38-3aa2-a9f0-9654ec68e70b,823331,3,4,191,191,1.0,9,False,C:\Users\noahl\OneDrive\fatigue_cv\skenes_2026_season\keypoints\78f0f589-0b38-3aa2-a9f0-9654ec68e70b.npz,1.29,15.07,16.37
9e742e04-8e9c-38a2-ace6-60905e41ba0f,823331,3,5,191,191,1.0,9,False,C:\Users\noahl\OneDrive\fatigue_cv\skenes_2026_season\keypoints\9e742e04-8e9c-38a2-ace6-60905e41ba0f.npz,1.16,15.49,16.65
bfaf69ca-40bd-3aab-a7b2-0c8d2cefa215,823331,3,1,191,191,1.0,9,False,C:\Users\noahl\OneDrive\fatigue_cv\skenes_2026_season\keypoints\bfaf69ca-40bd-3aab-a7b2-0c8d2cefa215.npz,0.97,15.86,16.84
7824f9b2-b5b1-39a4-be37-bd82ac00c009,823331,3,2,191,191,1.0,9,False,C:\Users\noahl\OneDrive\fatigue_cv\skenes_2026_season\keypoints\7824f9b2-b5b1-39a4-be37-bd82ac00c009.npz,1.32,14.96,16.28
49b46a32-dbdb-3c1e-a4cd-b3a6782a837a,823331,3,1,191,191,1.0,9,False,C:\Users\noahl\OneDrive\fatigue_cv\skenes_2026_season\keypoints\49b46a32-dbdb-3c1e-a4cd-b3a6782a837a.npz,1.21,15.25,16.47
e4e306a2-cf04-3cd0-b48f-074c1feb7810,823331,4,1,191,191,1.0,9,False,C:\Users\noahl\OneDrive\fatigue_cv\skenes_2026_season\keypoints\e4e306a2-cf04-3cd0-b48f-074c1feb7810.npz,1.83,16.27,18.1
1f8c75cd-e8c8-3d63-bd82-7943786363f0,823331,4,2,191,191,1.0,9,False,C:\Users\noahl\OneDrive\fatigue_cv\skenes_2026_season\keypoints\1f8c75cd-e8c8-3d63-bd82-7943786363f0.npz,0.99,15.56,16.55
8b04ab2c-732e-3e97-a650-13e41a2fcdf9,823331,4,3,191,191,1.0,9,False,C:\Users\noahl\OneDrive\fatigue_cv\skenes_2026_season\keypoints\8b04ab2c-732e-3e97-a650-13e41a2fcdf9.npz,1.5,15.66,17.17
3bf380ff-16d9-350c-9ed5-4e4b4cb53a76,823331,4,1,191,144,0.754,9,False,C:\Users\noahl\OneDrive\fatigue_cv\skenes_2026_season\keypoints\3bf380ff-16d9-350c-9ed5-4e4b4cb53a76.npz,1.13,15.67,16.8
c883f371-0e5a-3aa3-b292-3ad53625b3d9,823331,4,2,191,191,1.0,9,False,C:\Users\noahl\OneDrive\fatigue_cv\skenes_2026_season\keypoints\c883f371-0e5a-3aa3-b292-3ad53625b3d9.npz,0.87,16.53,17.4
918b93bc-fbf2-3456-93fa-ea81b2abc6a6,823331,4,3,191,191,1.0,9,False,C:\Users\noahl\OneDrive\fatigue_cv\skenes_2026_season\keypoints\918b93bc-fbf2-3456-93fa-ea81b2abc6a6.npz,0.9,15.73,16.63
434d3658-86d6-3fe4-ba16-4a496f1024b5,823331,4,4,191,191,1.0,9,False,C:\Users\noahl\OneDrive\fatigue_cv\skenes_2026_season\keypoints\434d3658-86d6-3fe4-ba16-4a496f1024b5.npz,0.88,16.67,17.55
3fe1703e-6e1a-342d-9087-a05aa534eef6,823331,4,5,191,191,1.0,9,False,C:\Users\noahl\OneDrive\fatigue_cv\skenes_2026_season\keypoints\3fe1703e-6e1a-342d-9087-a05aa534eef6.npz,0.76,15.87,16.63
b378c87d-ca56-3c3e-a668-3f5a44b1296d,823331,4,1,191,191,1.0,9,False,C:\Users\noahl\OneDrive\fatigue_cv\skenes_2026_season\keypoints\b378c87d-ca56-3c3e-a668-3f5a44b1296d.npz,1.16,15.11,16.27
50ec664b-c06c-3f5c-90e0-094a2d610e48,823331,4,2,191,191,1.0,9,False,C:\Users\noahl\OneDrive\fatigue_cv\skenes_2026_season\keypoints\50ec664b-c06c-3f5c-90e0-094a2d610e48.npz,0.86,15.27,16.13
1295c714-6f3d-34a4-8816-95925ddf7f4d,823331,4,3,191,191,1.0,9,False,C:\Users\noahl\OneDrive\fatigue_cv\skenes_2026_season\keypoints\1295c714-6f3d-34a4-8816-95925ddf7f4d.npz,0.85,14.67,15.52
102fb030-fecc-3812-8078-b8c756e5562e,823331,4,4,191,191,1.0,9,False,C:\Users\noahl\OneDrive\fatigue_cv\skenes_2026_season\keypoints\102fb030-fecc-3812-8078-b8c756e5562e.npz,1.13,14.76,15.89
bc694f6d-7a94-32d6-968e-7c9167d195de,823331,4,5,191,191,1.0,9,False,C:\Users\noahl\OneDrive\fatigue_cv\skenes_2026_season\keypoints\bc694f6d-7a94-32d6-968e-7c9167d195de.npz,1.54,15.46,17.01
9591f13a-a232-3a4b-8c9b-08d38b04a320,823331,4,6,191,191,1.0,9,False,C:\Users\noahl\OneDrive\fatigue_cv\skenes_2026_season\keypoints\9591f13a-a232-3a4b-8c9b-08d38b04a320.npz,0.85,15.15,16.0
f1f701e7-e176-3719-80f5-408f4f74a344,823331,4,1,191,191,1.0,9,False,C:\Users\noahl\OneDrive\fatigue_cv\skenes_2026_season\keypoints\f1f701e7-e176-3719-80f5-408f4f74a344.npz,1.07,15.22,16.29
651814f8-2e49-333d-a652-062305690945,823331,4,2,191,191,1.0,9,False,C:\Users\noahl\OneDrive\fatigue_cv\skenes_2026_season\keypoints\651814f8-2e49-333d-a652-062305690945.npz,0.84,16.1,16.94
9efa5bc5-8457-3850-9964-43d7da663ae2,823331,4,1,191,191,1.0,9,False,C:\Users\noahl\OneDrive\fatigue_cv\skenes_2026_season\keypoints\9efa5bc5-8457-3850-9964-43d7da663ae2.npz,0.89,16.08,16.97
9e8b721e-bace-34e6-b4ee-7447449c5821,823331,4,2,191,191,1.0,9,False,C:\Users\noahl\OneDrive\fatigue_cv\skenes_2026_season\keypoints\9e8b721e-bace-34e6-b4ee-7447449c5821.npz,0.83,15.93,16.77
e2f5c045-8013-305c-bbf4-3d4e6363c25e,823331,4,3,191,175,0.916,9,False,C:\Users\noahl\OneDrive\fatigue_cv\skenes_2026_season\keypoints\e2f5c045-8013-305c-bbf4-3d4e6363c25e.npz,0.75,16.52,17.28
f88fb9e6-d62e-3b11-a340-6c9917f59ad3,823331,5,1,191,191,1.0,9,False,C:\Users\noahl\OneDrive\fatigue_cv\skenes_2026_season\keypoints\f88fb9e6-d62e-3b11-a340-6c9917f59ad3.npz,1.11,16.11,17.22
e0806f7d-ead7-39eb-9e5b-7dd56c03d3a2,823331,5,2,191,191,1.0,9,False,C:\Users\noahl\OneDrive\fatigue_cv\skenes_2026_season\keypoints\e0806f7d-ead7-39eb-9e5b-7dd56c03d3a2.npz,0.89,15.64,16.53
18f9dbf1-204d-3b2b-9677-8a8f50c8b45a,823331,5,3,191,191,1.0,9,False,C:\Users\noahl\OneDrive\fatigue_cv\skenes_2026_season\keypoints\18f9dbf1-204d-3b2b-9677-8a8f50c8b45a.npz,1.12,15.56,16.68
956e7bdf-342e-34e9-9cd8-9ac707ab3746,823331,5,4,191,191,1.0,9,False,C:\Users\noahl\OneDrive\fatigue_cv\skenes_2026_season\keypoints\956e7bdf-342e-34e9-9cd8-9ac707ab3746.npz,0.78,15.79,16.57
e306cf3b-7141-35ab-bbfd-5593f075dcdc,823331,5,1,191,191,1.0,9,False,C:\Users\noahl\OneDrive\fatigue_cv\skenes_2026_season\keypoints\e306cf3b-7141-35ab-bbfd-5593f075dcdc.npz,0.92,15.61,16.54
fe6b742f-2243-3bc0-afc8-6f1cd522b1c7,823331,5,2,191,191,1.0,9,False,C:\Users\noahl\OneDrive\fatigue_cv\skenes_2026_season\keypoints\fe6b742f-2243-3bc0-afc8-6f1cd522b1c7.npz,0.85,14.72,15.57
d756f932-aec3-3f97-b10b-2cf6db0287e8,823331,5,3,191,191,1.0,9,False,C:\Users\noahl\OneDrive\fatigue_cv\skenes_2026_season\keypoints\d756f932-aec3-3f97-b10b-2cf6db0287e8.npz,1.22,15.5,16.72
58997acc-6e37-3a65-bc18-f4c33c7e8a02,823331,5,4,191,191,1.0,9,False,C:\Users\noahl\OneDrive\fatigue_cv\skenes_2026_season\keypoints\58997acc-6e37-3a65-bc18-f4c33c7e8a02.npz,0.94,14.75,15.69
2c51a493-2744-319d-8baf-1a3f60c9080a,823331,5,1,191,191,1.0,9,False,C:\Users\noahl\OneDrive\fatigue_cv\skenes_2026_season\keypoints\2c51a493-2744-319d-8baf-1a3f60c9080a.npz,0.88,15.05,15.94
4c153447-a000-3f90-bcfc-1bfa9ed5f54e,823331,6,1,191,191,1.0,9,False,C:\Users\noahl\OneDrive\fatigue_cv\skenes_2026_season\keypoints\4c153447-a000-3f90-bcfc-1bfa9ed5f54e.npz,0.94,15.47,16.42
6ab4347f-25df-3974-adc4-32164ad2f4bb,823331,6,2,191,191,1.0,9,False,C:\Users\noahl\OneDrive\fatigue_cv\skenes_2026_season\keypoints\6ab4347f-25df-3974-adc4-32164ad2f4bb.npz,0.79,16.17,16.96
faa345d3-778c-3cca-ab2f-c51de7824e80,823331,6,3,191,191,1.0,9,False,C:\Users\noahl\OneDrive\fatigue_cv\skenes_2026_season\keypoints\faa345d3-778c-3cca-ab2f-c51de7824e80.npz,1.53,15.87,17.41
1da8b532-5751-36e8-bfea-dd2f0724f57b,823331,6,1,191,191,1.0,9,False,C:\Users\noahl\OneDrive\fatigue_cv\skenes_2026_season\keypoints\1da8b532-5751-36e8-bfea-dd2f0724f57b.npz,0.84,16.26,17.1
8521bad3-1233-319a-aa0c-cf434b80be33,823331,6,2,191,191,1.0,9,False,C:\Users\noahl\OneDrive\fatigue_cv\skenes_2026_season\keypoints\8521bad3-1233-319a-aa0c-cf434b80be33.npz,1.07,15.77,16.84
efd8c0e0-a9a4-3a97-90e2-ff64958ef7ef,823331,6,1,191,191,1.0,9,False,C:\Users\noahl\OneDrive\fatigue_cv\skenes_2026_season\keypoints\efd8c0e0-a9a4-3a97-90e2-ff64958ef7ef.npz,0.87,15.56,16.43
5a7fa605-c330-3153-92ee-eb5f0ea66ec4,823331,6,2,191,191,1.0,9,False,C:\Users\noahl\OneDrive\fatigue_cv\skenes_2026_season\keypoints\5a7fa605-c330-3153-92ee-eb5f0ea66ec4.npz,1.91,15.01,16.92
8f1b977b-f7ec-3328-9d3b-16cc6ed2b5a7,823331,6,3,191,191,1.0,9,False,C:\Users\noahl\OneDrive\fatigue_cv\skenes_2026_season\keypoints\8f1b977b-f7ec-3328-9d3b-16cc6ed2b5a7.npz,0.8,15.96,16.76
094ed6eb-81e4-310f-ace0-5cb44f4eaea4,823326,1,1,191,191,1.0,9,False,C:\Users\noahl\OneDrive\fatigue_cv\skenes_2026_season\keypoints\094ed6eb-81e4-310f-ace0-5cb44f4eaea4.npz,0.73,16.06,16.79
8f5e1c14-5eb8-3383-979e-0244a064c0d2,823326,1,2,191,191,1.0,9,False,C:\Users\noahl\OneDrive\fatigue_cv\skenes_2026_season\keypoints\8f5e1c14-5eb8-3383-979e-0244a064c0d2.npz,1.36,15.34,16.7
9a2c2e97-68de-326f-88c9-79d524a562e6,823326,1,1,191,191,1.0,9,False,C:\Users\noahl\OneDrive\fatigue_cv\skenes_2026_season\keypoints\9a2c2e97-68de-326f-88c9-79d524a562e6.npz,0.8,14.8,15.6
9949dd07-8dc1-307c-bd75-bf34ef0d7ce4,823326,1,2,191,191,1.0,9,False,C:\Users\noahl\OneDrive\fatigue_cv\skenes_2026_season\keypoints\9949dd07-8dc1-307c-bd75-bf34ef0d7ce4.npz,0.83,15.57,16.4
91a8c95c-cdbc-3eb9-bcce-36973298a1f3,823326,1,3,191,191,1.0,9,False,C:\Users\noahl\OneDrive\fatigue_cv\skenes_2026_season\keypoints\91a8c95c-cdbc-3eb9-bcce-36973298a1f3.npz,1.02,14.54,15.57
210e3c88-ef99-38f6-a7f8-dffadba5d46b,823326,1,4,191,191,1.0,9,False,C:\Users\noahl\OneDrive\fatigue_cv\skenes_2026_season\keypoints\210e3c88-ef99-38f6-a7f8-dffadba5d46b.npz,0.97,14.75,15.72
3e55ea4c-8902-3784-be7c-b059846c49f5,823326,1,1,191,191,1.0,9,False,C:\Users\noahl\OneDrive\fatigue_cv\skenes_2026_season\keypoints\3e55ea4c-8902-3784-be7c-b059846c49f5.npz,1.49,14.63,16.12
b71a670d-64b4-39ca-9636-2ef5d6707053,823326,1,1,191,191,1.0,9,False,C:\Users\noahl\OneDrive\fatigue_cv\skenes_2026_season\keypoints\b71a670d-64b4-39ca-9636-2ef5d6707053.npz,0.89,15.64,16.54
d349bacd-f342-35d4-b950-03dc66582d30,823326,1,2,191,191,1.0,9,False,C:\Users\noahl\OneDrive\fatigue_cv\skenes_2026_season\keypoints\d349bacd-f342-35d4-b950-03dc66582d30.npz,0.95,16.1,17.05
3ace8602-8f76-3f06-9afc-7c5a561a3fff,823326,1,3,191,191,1.0,9,False,C:\Users\noahl\OneDrive\fatigue_cv\skenes_2026_season\keypoints\3ace8602-8f76-3f06-9afc-7c5a561a3fff.npz,0.84,15.27,16.11
6d01a188-3deb-3ad8-8829-453647cbfa1a,823326,1,4,191,191,1.0,9,False,C:\Users\noahl\OneDrive\fatigue_cv\skenes_2026_season\keypoints\6d01a188-3deb-3ad8-8829-453647cbfa1a.npz,1.04,15.31,16.36
0876f0e2-0fc5-3bf1-b6d9-5583b2424395,823326,1,5,191,191,1.0,9,False,C:\Users\noahl\OneDrive\fatigue_cv\skenes_2026_season\keypoints\0876f0e2-0fc5-3bf1-b6d9-5583b2424395.npz,1.11,15.63,16.74
0ee1c59f-2560-34e7-a000-d8a3c9f854fe,823326,2,1,191,191,1.0,9,False,C:\Users\noahl\OneDrive\fatigue_cv\skenes_2026_season\keypoints\0ee1c59f-2560-34e7-a000-d8a3c9f854fe.npz,0.83,15.6,16.43
0366582b-ab1e-3d1b-a564-b72a9232d80d,823326,2,2,191,191,1.0,9,False,C:\Users\noahl\OneDrive\fatigue_cv\skenes_2026_season\keypoints\0366582b-ab1e-3d1b-a564-b72a9232d80d.npz,1.42,15.39,16.82
fe6063ed-adc8-3579-abae-c340f2e2a2af,823326,2,3,191,191,1.0,9,False,C:\Users\noahl\OneDrive\fatigue_cv\skenes_2026_season\keypoints\fe6063ed-adc8-3579-abae-c340f2e2a2af.npz,0.87,15.25,16.12
da740015-da07-38f1-b6b2-77be2ef218b2,823326,2,4,191,191,1.0,9,False,C:\Users\noahl\OneDrive\fatigue_cv\skenes_2026_season\keypoints\da740015-da07-38f1-b6b2-77be2ef218b2.npz,0.8,15.48,16.28
b9e057ec-4477-3a19-b09f-50f7a3935228,823326,2,5,191,191,1.0,9,False,C:\Users\noahl\OneDrive\fatigue_cv\skenes_2026_season\keypoints\b9e057ec-4477-3a19-b09f-50f7a3935228.npz,0.92,15.11,16.03
8302c70a-ee08-3e79-b5a6-e3f7b583abe4,823326,2,6,191,191,1.0,9,False,C:\Users\noahl\OneDrive\fatigue_cv\skenes_2026_season\keypoints\8302c70a-ee08-3e79-b5a6-e3f7b583abe4.npz,0.86,15.02,15.89
668dc305-1761-3f9e-99d5-f2c0fe759859,823326,2,1,191,191,1.0,9,False,C:\Users\noahl\OneDrive\fatigue_cv\skenes_2026_season\keypoints\668dc305-1761-3f9e-99d5-f2c0fe759859.npz,1.13,14.97,16.1
57451430-50b2-3d56-ae17-4fd9459ed908,823326,2,1,191,191,1.0,9,False,C:\Users\noahl\OneDrive\fatigue_cv\skenes_2026_season\keypoints\57451430-50b2-3d56-ae17-4fd9459ed908.npz,0.54,14.87,15.41
c4c4059a-0f7a-31aa-ada1-a37a4269ae2a,823326,2,2,191,191,1.0,9,False,C:\Users\noahl\OneDrive\fatigue_cv\skenes_2026_season\keypoints\c4c4059a-0f7a-31aa-ada1-a37a4269ae2a.npz,0.55,14.88,15.43
53ef20d4-7407-31a2-a4ce-4bb33678d163,823326,2,3,191,191,1.0,9,False,C:\Users\noahl\OneDrive\fatigue_cv\skenes_2026_season\keypoints\53ef20d4-7407-31a2-a4ce-4bb33678d163.npz,0.5,15.09,15.59
7b9c0ec4-b715-3c8e-b19e-50164ff73705,823326,2,4,191,191,1.0,9,False,C:\Users\noahl\OneDrive\fatigue_cv\skenes_2026_season\keypoints\7b9c0ec4-b715-3c8e-b19e-50164ff73705.npz,0.55,15.53,16.08
99baf903-0544-345b-a4c8-1341848bb2d3,823326,2,5,191,191,1.0,9,False,C:\Users\noahl\OneDrive\fatigue_cv\skenes_2026_season\keypoints\99baf903-0544-345b-a4c8-1341848bb2d3.npz,0.55,15.52,16.08
c5e32b6c-1a1b-3e71-8cea-a44b65a064f8,823326,2,6,191,191,1.0,9,False,C:\Users\noahl\OneDrive\fatigue_cv\skenes_2026_season\keypoints\c5e32b6c-1a1b-3e71-8cea-a44b65a064f8.npz,0.81,15.27,16.08
093e64a7-f95a-3b6b-b2a5-99bb881bd706,823326,3,1,191,191,1.0,9,False,C:\Users\noahl\OneDrive\fatigue_cv\skenes_2026_season\keypoints\093e64a7-f95a-3b6b-b2a5-99bb881bd706.npz,1.99,16.11,18.1
b2549e94-6be4-3683-a1a3-7d2d89f129d3,823326,3,2,191,191,1.0,9,False,C:\Users\noahl\OneDrive\fatigue_cv\skenes_2026_season\keypoints\b2549e94-6be4-3683-a1a3-7d2d89f129d3.npz,1.16,15.47,16.63
33c4cb33-8731-36df-a206-1a2547aa915e,823326,3,3,191,191,1.0,9,False,C:\Users\noahl\OneDrive\fatigue_cv\skenes_2026_season\keypoints\33c4cb33-8731-36df-a206-1a2547aa915e.npz,0.81,15.81,16.62
5cd0a22d-bd0b-3904-8aa7-4ae9c84dedb2,823326,3,4,191,191,1.0,9,False,C:\Users\noahl\OneDrive\fatigue_cv\skenes_2026_season\keypoints\5cd0a22d-bd0b-3904-8aa7-4ae9c84dedb2.npz,0.97,15.54,16.52
3828178e-4837-3ac9-8dbd-ab40e53e495e,823326,3,1,191,170,0.89,9,False,C:\Users\noahl\OneDrive\fatigue_cv\skenes_2026_season\keypoints\3828178e-4837-3ac9-8dbd-ab40e53e495e.npz,0.84,15.8,16.64
ded3fa0a-11ae-3053-8367-20a40b9020e2,823326,3,2,191,191,1.0,9,False,C:\Users\noahl\OneDrive\fatigue_cv\skenes_2026_season\keypoints\ded3fa0a-11ae-3053-8367-20a40b9020e2.npz,1.06,14.97,16.03
32e598c9-46c8-3310-af7f-1682fb821e20,823326,3,3,191,191,1.0,9,False,C:\Users\noahl\OneDrive\fatigue_cv\skenes_2026_season\keypoints\32e598c9-46c8-3310-af7f-1682fb821e20.npz,0.94,14.98,15.93
d591deac-3633-3f7b-a85f-4366b68c1c32,823326,3,4,191,191,1.0,9,False,C:\Users\noahl\OneDrive\fatigue_cv\skenes_2026_season\keypoints\d591deac-3633-3f7b-a85f-4366b68c1c32.npz,0.81,14.85,15.65
5550b21e-bfb9-3f48-907b-33bb98a9e204,823326,3,5,191,191,1.0,9,False,C:\Users\noahl\OneDrive\fatigue_cv\skenes_2026_season\keypoints\5550b21e-bfb9-3f48-907b-33bb98a9e204.npz,0.72,15.8,16.52
1699974c-7ef9-32bc-8cab-089c9d9963dc,823326,3,1,191,191,1.0,9,False,C:\Users\noahl\OneDrive\fatigue_cv\skenes_2026_season\keypoints\1699974c-7ef9-32bc-8cab-089c9d9963dc.npz,1.59,15.47,17.06
8b3296fd-0488-3690-971f-e2186ed5cc18,823326,3,1,191,191,1.0,9,False,C:\Users\noahl\OneDrive\fatigue_cv\skenes_2026_season\keypoints\8b3296fd-0488-3690-971f-e2186ed5cc18.npz,0.82,15.43,16.25
080cb81f-72cf-3211-a554-84adc44b2e42,823326,3,2,191,191,1.0,9,False,C:\Users\noahl\OneDrive\fatigue_cv\skenes_2026_season\keypoints\080cb81f-72cf-3211-a554-84adc44b2e42.npz,1.02,17.03,18.04
92ba64b6-f798-3e35-9282-2db49e85cba7,823326,3,3,191,191,1.0,9,False,C:\Users\noahl\OneDrive\fatigue_cv\skenes_2026_season\keypoints\92ba64b6-f798-3e35-9282-2db49e85cba7.npz,0.9,16.06,16.96
9e7f64fb-2937-34ce-9b94-f7c7a6a1b596,823326,3,4,191,191,1.0,9,False,C:\Users\noahl\OneDrive\fatigue_cv\skenes_2026_season\keypoints\9e7f64fb-2937-34ce-9b94-f7c7a6a1b596.npz,1.07,16.0,17.07
8dd8a6a0-11d1-3346-973f-7e9f89c25490,823326,4,1,191,119,0.623,9,False,C:\Users\noahl\OneDrive\fatigue_cv\skenes_2026_season\keypoints\8dd8a6a0-11d1-3346-973f-7e9f89c25490.npz,0.82,15.84,16.67
aaef9e0e-5712-3a8b-ba2b-e432fee0a698,823326,4,2,191,191,1.0,9,False,C:\Users\noahl\OneDrive\fatigue_cv\skenes_2026_season\keypoints\aaef9e0e-5712-3a8b-ba2b-e432fee0a698.npz,0.8,16.1,16.9
49c6ca4e-b993-3b02-ac9d-4e540a1748bd,823326,4,3,191,191,1.0,9,False,C:\Users\noahl\OneDrive\fatigue_cv\skenes_2026_season\keypoints\49c6ca4e-b993-3b02-ac9d-4e540a1748bd.npz,0.96,15.84,16.79
ef39e401-ed43-3b9f-bfb3-89c3388b6421,823326,4,4,191,191,1.0,9,False,C:\Users\noahl\OneDrive\fatigue_cv\skenes_2026_season\keypoints\ef39e401-ed43-3b9f-bfb3-89c3388b6421.npz,0.87,15.01,15.89
15030237-0c57-3b45-a630-5548e889ce69,823326,4,5,191,191,1.0,9,False,C:\Users\noahl\OneDrive\fatigue_cv\skenes_2026_season\keypoints\15030237-0c57-3b45-a630-5548e889ce69.npz,0.79,15.62,16.41
43a07cb4-6780-3409-b8fd-bf68a04fcbf0,823326,4,6,191,191,1.0,9,False,C:\Users\noahl\OneDrive\fatigue_cv\skenes_2026_season\keypoints\43a07cb4-6780-3409-b8fd-bf68a04fcbf0.npz,0.97,16.12,17.09
87621de7-25fd-302a-b403-2398e8ef1c73,823326,4,7,191,191,1.0,9,False,C:\Users\noahl\OneDrive\fatigue_cv\skenes_2026_season\keypoints\87621de7-25fd-302a-b403-2398e8ef1c73.npz,0.74,14.8,15.55
1ea937f4-2a2d-3a8c-a830-8e80786a0319,823326,4,8,191,191,1.0,9,False,C:\Users\noahl\OneDrive\fatigue_cv\skenes_2026_season\keypoints\1ea937f4-2a2d-3a8c-a830-8e80786a0319.npz,0.9,15.22,16.13
2e04802f-e81c-3169-b3aa-2861c181f274,823326,4,9,191,191,1.0,9,False,C:\Users\noahl\OneDrive\fatigue_cv\skenes_2026_season\keypoints\2e04802f-e81c-3169-b3aa-2861c181f274.npz,0.99,14.87,15.86
388770a8-6126-3f49-b21e-b5e07564bf20,823326,4,1,191,191,1.0,9,False,C:\Users\noahl\OneDrive\fatigue_cv\skenes_2026_season\keypoints\388770a8-6126-3f49-b21e-b5e07564bf20.npz,0.95,15.09,16.05
2634a794-6ac6-3e3d-97a9-724868519460,823326,4,2,191,191,1.0,9,False,C:\Users\noahl\OneDrive\fatigue_cv\skenes_2026_season\keypoints\2634a794-6ac6-3e3d-97a9-724868519460.npz,0.91,14.88,15.79
273dbb09-6568-36fc-b1b0-e3a94522fc59,823326,4,3,191,191,1.0,9,False,C:\Users\noahl\OneDrive\fatigue_cv\skenes_2026_season\keypoints\273dbb09-6568-36fc-b1b0-e3a94522fc59.npz,0.85,14.67,15.53
5209c2c3-6d63-3f4c-a1d0-0bf9f5445bb2,823326,4,4,191,191,1.0,9,False,C:\Users\noahl\OneDrive\fatigue_cv\skenes_2026_season\keypoints\5209c2c3-6d63-3f4c-a1d0-0bf9f5445bb2.npz,0.82,15.86,16.68
681ceabb-4bf9-3c90-aee8-b40ede8c041e,823326,4,5,191,191,1.0,9,False,C:\Users\noahl\OneDrive\fatigue_cv\skenes_2026_season\keypoints\681ceabb-4bf9-3c90-aee8-b40ede8c041e.npz,0.97,15.88,16.85
c4de2f7b-7be3-3510-b1dc-f93f6461d5cc,823326,4,6,191,191,1.0,9,False,C:\Users\noahl\OneDrive\fatigue_cv\skenes_2026_season\keypoints\c4de2f7b-7be3-3510-b1dc-f93f6461d5cc.npz,0.82,16.41,17.23
2c236da3-14d1-3a34-8c56-9c963c4944cc,823326,4,1,191,191,1.0,9,False,C:\Users\noahl\OneDrive\fatigue_cv\skenes_2026_season\keypoints\2c236da3-14d1-3a34-8c56-9c963c4944cc.npz,0.79,15.9,16.69
2ae6831f-9de6-325b-9a85-43bc513c150d,823326,4,2,191,191,1.0,9,False,C:\Users\noahl\OneDrive\fatigue_cv\skenes_2026_season\keypoints\2ae6831f-9de6-325b-9a85-43bc513c150d.npz,0.71,15.54,16.25
35e77e22-e399-3a5e-945c-1c1e9412e768,823326,4,3,191,191,1.0,9,False,C:\Users\noahl\OneDrive\fatigue_cv\skenes_2026_season\keypoints\35e77e22-e399-3a5e-945c-1c1e9412e768.npz,0.77,15.88,16.65
dcf27d9c-d650-3283-a055-46269bccd1fc,823326,4,4,191,191,1.0,9,False,C:\Users\noahl\OneDrive\fatigue_cv\skenes_2026_season\keypoints\dcf27d9c-d650-3283-a055-46269bccd1fc.npz,0.76,16.22,16.97
7eb726c4-f0ac-3111-aa4b-2c71e5eb0dc5,823326,4,5,191,191,1.0,9,False,C:\Users\noahl\OneDrive\fatigue_cv\skenes_2026_season\keypoints\7eb726c4-f0ac-3111-aa4b-2c71e5eb0dc5.npz,0.91,16.04,16.95
eae36479-0900-356e-83cc-ce8b56fd7ff7,823326,4,6,191,191,1.0,9,False,C:\Users\noahl\OneDrive\fatigue_cv\skenes_2026_season\keypoints\eae36479-0900-356e-83cc-ce8b56fd7ff7.npz,0.59,15.58,16.17
6a861a53-1475-3f11-8a28-d211188b8656,823326,4,7,191,191,1.0,9,False,C:\Users\noahl\OneDrive\fatigue_cv\skenes_2026_season\keypoints\6a861a53-1475-3f11-8a28-d211188b8656.npz,0.89,15.94,16.83
7a7ff3fe-8799-3058-8410-7bb59acd1d39,823326,4,8,191,191,1.0,9,False,C:\Users\noahl\OneDrive\fatigue_cv\skenes_2026_season\keypoints\7a7ff3fe-8799-3058-8410-7bb59acd1d39.npz,1.26,14.99,16.25
e9ea4b53-e8dd-3799-8d6b-38d069e06fa2,823326,4,1,191,191,1.0,9,False,C:\Users\noahl\OneDrive\fatigue_cv\skenes_2026_season\keypoints\e9ea4b53-e8dd-3799-8d6b-38d069e06fa2.npz,0.82,14.61,15.44
c48fbc6b-5e5c-34c6-a6c2-dcb11b5e0a35,823326,4,2,191,191,1.0,9,False,C:\Users\noahl\OneDrive\fatigue_cv\skenes_2026_season\keypoints\c48fbc6b-5e5c-34c6-a6c2-dcb11b5e0a35.npz,0.86,15.31,16.17
f0a2c074-4980-3cd5-bc39-df686e2e8168,823326,4,3,191,191,1.0,9,False,C:\Users\noahl\OneDrive\fatigue_cv\skenes_2026_season\keypoints\f0a2c074-4980-3cd5-bc39-df686e2e8168.npz,2.1,15.25,17.35
71902919-b2f8-33e8-94a3-16185cebff4a,823326,4,4,191,191,1.0,9,False,C:\Users\noahl\OneDrive\fatigue_cv\skenes_2026_season\keypoints\71902919-b2f8-33e8-94a3-16185cebff4a.npz,0.77,15.43,16.2
91b46802-f48b-30bf-bfda-fe557691d411,823326,4,1,191,191,1.0,9,False,C:\Users\noahl\OneDrive\fatigue_cv\skenes_2026_season\keypoints\91b46802-f48b-30bf-bfda-fe557691d411.npz,1.15,16.05,17.2
b760207a-7ba2-30a4-bff6-a20880dddf30,823326,4,2,191,191,1.0,9,False,C:\Users\noahl\OneDrive\fatigue_cv\skenes_2026_season\keypoints\b760207a-7ba2-30a4-bff6-a20880dddf30.npz,0.54,16.51,17.05
a4064407-4909-353e-9425-0ddffe98ee9a,823326,4,3,191,191,1.0,9,False,C:\Users\noahl\OneDrive\fatigue_cv\skenes_2026_season\keypoints\a4064407-4909-353e-9425-0ddffe98ee9a.npz,0.57,16.14,16.72
9de7a273-ac60-3a38-b5e5-50c59ddf8da7,823326,4,4,191,191,1.0,9,False,C:\Users\noahl\OneDrive\fatigue_cv\skenes_2026_season\keypoints\9de7a273-ac60-3a38-b5e5-50c59ddf8da7.npz,0.79,15.79,16.58
4a0194ac-b306-35a3-8ce6-3fd585ddf810,823326,5,1,191,191,1.0,9,False,C:\Users\noahl\OneDrive\fatigue_cv\skenes_2026_season\keypoints\4a0194ac-b306-35a3-8ce6-3fd585ddf810.npz,0.76,16.3,17.06
f39116ec-9cb2-3d8b-b2c4-d794ba428070,823326,5,2,191,191,1.0,9,False,C:\Users\noahl\OneDrive\fatigue_cv\skenes_2026_season\keypoints\f39116ec-9cb2-3d8b-b2c4-d794ba428070.npz,0.8,15.18,15.98
d1ab39d5-a984-30c7-90c0-aea5c1e6b3ca,823326,5,3,191,191,1.0,9,False,C:\Users\noahl\OneDrive\fatigue_cv\skenes_2026_season\keypoints\d1ab39d5-a984-30c7-90c0-aea5c1e6b3ca.npz,0.75,16.6,17.35
8957a5d5-8a78-3f27-80fe-f49213a593f2,823326,5,4,191,191,1.0,9,False,C:\Users\noahl\OneDrive\fatigue_cv\skenes_2026_season\keypoints\8957a5d5-8a78-3f27-80fe-f49213a593f2.npz,0.74,16.69,17.43
d7287bbe-a3a7-3557-9a77-c9d429bfbe6b,823326,5,5,191,191,1.0,9,False,C:\Users\noahl\OneDrive\fatigue_cv\skenes_2026_season\keypoints\d7287bbe-a3a7-3557-9a77-c9d429bfbe6b.npz,0.87,16.15,17.02
576d2e85-9de4-3ca2-9a65-56c5c32fae7f,823326,5,1,191,191,1.0,9,False,C:\Users\noahl\OneDrive\fatigue_cv\skenes_2026_season\keypoints\576d2e85-9de4-3ca2-9a65-56c5c32fae7f.npz,1.03,16.02,17.06
e890b883-e7f7-3b93-bae9-ce0c24ff4abc,823326,5,2,191,191,1.0,9,False,C:\Users\noahl\OneDrive\fatigue_cv\skenes_2026_season\keypoints\e890b883-e7f7-3b93-bae9-ce0c24ff4abc.npz,0.82,16.22,17.04
2758290f-8e12-32cb-ae0a-26a3dd9d2c99,823326,5,3,191,191,1.0,9,False,C:\Users\noahl\OneDrive\fatigue_cv\skenes_2026_season\keypoints\2758290f-8e12-32cb-ae0a-26a3dd9d2c99.npz,1.28,15.19,16.48
baed1901-bf68-3424-80cf-1e3b8ab0462a,823326,5,4,191,191,1.0,9,False,C:\Users\noahl\OneDrive\fatigue_cv\skenes_2026_season\keypoints\baed1901-bf68-3424-80cf-1e3b8ab0462a.npz,0.85,14.95,15.8
04b42e36-55ab-3cf4-8239-52b73e639d7a,823326,5,5,191,166,0.869,9,False,C:\Users\noahl\OneDrive\fatigue_cv\skenes_2026_season\keypoints\04b42e36-55ab-3cf4-8239-52b73e639d7a.npz,0.76,14.97,15.73
ccf09142-6290-303c-bb27-78c97bf121fc,823326,5,1,191,191,1.0,9,False,C:\Users\noahl\OneDrive\fatigue_cv\skenes_2026_season\keypoints\ccf09142-6290-303c-bb27-78c97bf121fc.npz,0.83,15.85,16.68
732fb5d2-a5ef-390f-9061-b4264772b54d,823326,5,2,191,191,1.0,9,False,C:\Users\noahl\OneDrive\fatigue_cv\skenes_2026_season\keypoints\732fb5d2-a5ef-390f-9061-b4264772b54d.npz,0.96,15.69,16.66
09fc2a9c-0496-3fb3-a03a-5f01da9d441a,823326,6,1,191,191,1.0,9,False,C:\Users\noahl\OneDrive\fatigue_cv\skenes_2026_season\keypoints\09fc2a9c-0496-3fb3-a03a-5f01da9d441a.npz,1.24,15.61,16.85
4d5a1275-b109-3f5b-a62a-e8fe9cbb5d07,823326,6,1,191,191,1.0,9,False,C:\Users\noahl\OneDrive\fatigue_cv\skenes_2026_season\keypoints\4d5a1275-b109-3f5b-a62a-e8fe9cbb5d07.npz,0.74,16.27,17.01
c7123900-370b-3f38-a845-ebb776d6433f,823326,6,2,191,191,1.0,9,False,C:\Users\noahl\OneDrive\fatigue_cv\skenes_2026_season\keypoints\c7123900-370b-3f38-a845-ebb776d6433f.npz,1.1,15.61,16.71
9c8ac197-86a3-32f5-bbb2-1686ee8aabdc,823326,6,3,191,191,1.0,9,False,C:\Users\noahl\OneDrive\fatigue_cv\skenes_2026_season\keypoints\9c8ac197-86a3-32f5-bbb2-1686ee8aabdc.npz,1.16,15.65,16.81
0e1288a0-e875-3d5a-a136-2bfa96226c11,823326,6,4,191,191,1.0,9,False,C:\Users\noahl\OneDrive\fatigue_cv\skenes_2026_season\keypoints\0e1288a0-e875-3d5a-a136-2bfa96226c11.npz,0.81,15.88,16.69
7e73f2f3-512a-3ea5-b0e9-756e1c451ae4,823326,6,1,191,191,1.0,9,False,C:\Users\noahl\OneDrive\fatigue_cv\skenes_2026_season\keypoints\7e73f2f3-512a-3ea5-b0e9-756e1c451ae4.npz,0.87,15.38,16.25
b4cf5b13-399b-3fe9-a20c-d0500868c719,823326,6,2,191,191,1.0,9,False,C:\Users\noahl\OneDrive\fatigue_cv\skenes_2026_season\keypoints\b4cf5b13-399b-3fe9-a20c-d0500868c719.npz,1.07,15.48,16.55
cbcb48a4-8776-321f-943c-4021cb345614,823326,6,3,191,191,1.0,9,False,C:\Users\noahl\OneDrive\fatigue_cv\skenes_2026_season\keypoints\cbcb48a4-8776-321f-943c-4021cb345614.npz,0.98,15.48,16.46
a86e2437-9f84-3b73-83a0-58e4a65e9f14,823326,7,1,191,191,1.0,9,False,C:\Users\noahl\OneDrive\fatigue_cv\skenes_2026_season\keypoints\a86e2437-9f84-3b73-83a0-58e4a65e9f14.npz,0.82,14.78,15.6
267a75b8-464c-3b5a-b2ec-a28a6b70bf65,823326,7,2,191,191,1.0,9,False,C:\Users\noahl\OneDrive\fatigue_cv\skenes_2026_season\keypoints\267a75b8-464c-3b5a-b2ec-a28a6b70bf65.npz,0.83,14.61,15.44
1e7145e7-3a63-315e-ae7c-09c067757c34,823326,7,3,191,191,1.0,9,False,C:\Users\noahl\OneDrive\fatigue_cv\skenes_2026_season\keypoints\1e7145e7-3a63-315e-ae7c-09c067757c34.npz,1.33,14.62,15.95
8bf3789c-46f5-3a1b-8590-c88bab75d35c,823326,7,4,191,191,1.0,9,False,C:\Users\noahl\OneDrive\fatigue_cv\skenes_2026_season\keypoints\8bf3789c-46f5-3a1b-8590-c88bab75d35c.npz,0.93,14.88,15.81
90e5f10c-68a1-3bab-b675-9deedafa1bf0,823326,7,5,191,191,1.0,9,False,C:\Users\noahl\OneDrive\fatigue_cv\skenes_2026_season\keypoints\90e5f10c-68a1-3bab-b675-9deedafa1bf0.npz,1.05,15.66,16.71
61950ee0-842f-3301-82c2-801315f25e90,823326,7,6,191,191,1.0,9,False,C:\Users\noahl\OneDrive\fatigue_cv\skenes_2026_season\keypoints\61950ee0-842f-3301-82c2-801315f25e90.npz,1.06,16.24,17.3
